WARNING: All log messages before absl::InitializeLog() is called are written to STDERR
I0000 00:00:1785676165.491741    2345 init.cc:112] Current time zone: UTC
tcpxo-wb-0:2345:2345 [0] NCCL INFO ENV/Plugin: Could not find: libnccl-env.so
tcpxo-wb-0:2345:2345 [0] NCCL INFO NCCL_SOCKET_IFNAME set to eth0
tcpxo-wb-0:2345:2345 [0] NCCL INFO cudaDriverVersion 13000
tcpxo-wb-0:2345:2345 [0] NCCL INFO NCCL version 2.28.7+cuda13.2
tcpxo-wb-0:2345:2345 [0] NCCL INFO NET/Plugin: Loaded net plugin config_checker_shim (v7)
tcpxo-wb-0:2345:2345 [0] NCCL INFO Successfully loaded external network plugin /usr/local/nvidia/lib64/libnccl-net.so
tcpxo-wb-0:2345:2345 [0] NCCL INFO NCCL/NET (shim) ver. 0.0.1.
tcpxo-wb-0:2345:2345 [0] NCCL INFO NCCL/NET (shim) activated shim layers, 'Guest Config Checker'

[2026-08-02 13:09:25] tcpxo-wb-0:2345:2345 [0] /build/nccl-shim/src/guest_config_checker.cc:101 NCCL WARN NCCL/NET (shim) mismatch recommended: NCCL_FASTRAK_LLCM_DEVICE_DIRECTORY=/dev/aperture_devices (expected unset)

[2026-08-02 13:09:25] tcpxo-wb-0:2345:2345 [0] /build/nccl-shim/src/guest_config_checker.cc:101 NCCL WARN NCCL/NET (shim) mismatch recommended: NCCL_LIB_DIR=/usr/local/nvidia/lib64 (expected unset)

[2026-08-02 13:09:25] tcpxo-wb-0:2345:2345 [0] /build/nccl-shim/src/guest_config_checker.cc:101 NCCL WARN NCCL/NET (shim) mismatch recommended: cpu affinity settings not subset, curr=0xffff,ffffffff,ffffffff,ffffffff,ffffffff,ffffffff,ffffffff (expected 0xffffffff,00000000)
tcpxo-wb-0:2345:2345 [0] NCCL INFO NCCL/NET (shim) loading net plugin at libnccl-net_internal.so
tcpxo-wb-0:2345:2345 [0] NCCL INFO NET/FasTrak 2026-08-02T13:09:25.491777998+00:00: Initializing network FasTrak, version: 1.0.17
tcpxo-wb-0:2345:2345 [0] NCCL INFO NET/FasTrak 2026-08-02T13:09:25.491789962+00:00: No environment variable NCCL_FASTRAK_RXDM_INIT_TIMEOUT set, using default 30.
tcpxo-wb-0:2345:2345 [0] NCCL INFO NET/FasTrak 2026-08-02T13:09:25.491793544+00:00: No environment variable NCCL_FASTRAK_DATA_TRANSFER_TIMEOUT_MS set, using default 7200000.
tcpxo-wb-0:2345:2345 [0] NCCL INFO NET/FasTrak 2026-08-02T13:09:25.491796102+00:00: No environment variable NCCL_FASTRAK_ENABLE set, using default 1.
tcpxo-wb-0:2345:2345 [0] NCCL INFO NET/FasTrak 2026-08-02T13:09:25.491798367+00:00: No environment variable NCCL_FASTRAK_DATA_TRANSFER_SLOWNESS_MS set, using default 300000.
tcpxo-wb-0:2345:2345 [0] NCCL INFO NET/FasTrak 2026-08-02T13:09:25.491800363+00:00: No environment variable NCCL_FASTRAK_ALLOW_NIC_SUBSET set, using default 0.
tcpxo-wb-0:2345:2345 [0] NCCL INFO NET/FasTrak 2026-08-02T13:09:25.491802425+00:00: NCCL_FASTRAK_ENABLE_HOTPATH_LOGGING set by environment to 0.
tcpxo-wb-0:2345:2345 [0] NCCL INFO NET/FasTrak 2026-08-02T13:09:25.491804819+00:00: NCCL_FASTRAK_NUM_FLOWS set by environment to 2.
tcpxo-wb-0:2345:2345 [0] NCCL INFO NET/FasTrak 2026-08-02T13:09:25.49180689+00:00: No environment variable NCCL_FASTRAK_ENABLE_SEND_STATS set, using default 0.
tcpxo-wb-0:2345:2345 [0] NCCL INFO NET/FasTrak 2026-08-02T13:09:25.491808908+00:00: No environment variable NCCL_FASTRAK_SEND_STATS_INTERVAL set, using default 1000000.
tcpxo-wb-0:2345:2345 [0] NCCL INFO NET/FasTrak 2026-08-02T13:09:25.491810902+00:00: No environment variable NCCL_NET_PLUGIN_TELEMETRY_MODE set, using default 0.
tcpxo-wb-0:2345:2345 [0] NCCL INFO NET/FasTrak 2026-08-02T13:09:25.491812615+00:00: No environment variable NCCL_FASTRAK_CACHE_MR set, using default 1.
tcpxo-wb-0:2345:2345 [0] NCCL INFO NET/FasTrak 2026-08-02T13:09:25.491814426+00:00: No environment variable NCCL_FASTRAK_PLUGIN_CONNECT_TIMEOUT_MS set, using default 300000.
tcpxo-wb-0:2345:2345 [0] NCCL INFO NET/FasTrak 2026-08-02T13:09:25.49181617+00:00: No environment variable NCCL_FASTRAK_LOG_CONNECTION_INFO set, using default 0.
tcpxo-wb-0:2345:2345 [0] NCCL INFO NET/FasTrak 2026-08-02T13:09:25.491817998+00:00: NCCL_FASTRAK_PLUGIN_ACCEPT_TIMEOUT_MS set by environment to 600000.
tcpxo-wb-0:2345:2345 [0] NCCL INFO NET/FasTrak 2026-08-02T13:09:25.491819862+00:00: NCCL_FASTRAK_USE_LLCM set by environment to 1.
tcpxo-wb-0:2345:2345 [0] NCCL INFO NET/FasTrak 2026-08-02T13:09:25.491821715+00:00: No environment variable NCCL_FASTRAK_DUMP_COMM_STATS set, using default 1.
tcpxo-wb-0:2345:2345 [0] NCCL INFO NET/FasTrak 2026-08-02T13:09:25.49182345+00:00: No environment variable NCCL_FASTRAK_CLOSE_SEND_ON_DONE set, using default 0.
tcpxo-wb-0:2345:2345 [0] NCCL INFO NET/FasTrak 2026-08-02T13:09:25.491830455+00:00: No environment variable NCCL_FASTRAK_RAIL_ALIGNED set, using default 1.
tcpxo-wb-0:2345:2345 [0] NCCL INFO NET/FasTrak 2026-08-02T13:09:25.491833131+00:00: Using abstract UDS address: rxdm_uds_nic_mapping
tcpxo-wb-0:2345:2345 [0] NCCL INFO NET/FasTrak 2026-08-02T13:09:25.491860417+00:00: RxDM ready
tcpxo-wb-0:2345:2345 [0] NCCL INFO NET/FasTrak 2026-08-02T13:09:25.492230848+00:00: Using interface eth0 as ctrl dev
tcpxo-wb-0:2345:2345 [0] NCCL INFO NET/FasTrak 2026-08-02T13:09:25.49235448+00:00: Using [0]eth1:192.169.0.3<0>[1]eth2:192.169.1.3<0>[2]eth3:192.169.2.3<0>[3]eth4:192.169.3.3<0>[4]eth5:192.169.4.3<0>[5]eth6:192.169.5.3<0>[6]eth7:192.169.6.3<0>[7]eth8:192.169.7.3<0>
tcpxo-wb-0:2345:2345 [0] NCCL INFO NET/FasTrak 2026-08-02T13:09:25.492359549+00:00: Initialize nccl shim on device:0 during Init.
tcpxo-wb-0:2345:2345 [0] NCCL INFO NET/FasTrak 2026-08-02T13:09:25.49318716+00:00: Match: PCI address 0000:04:00.0
tcpxo-wb-0:2345:2345 [0] NCCL INFO NET/FasTrak 2026-08-02T13:09:25.493255376+00:00: Match: PCI address 0000:0c:00.0
tcpxo-wb-0:2345:2345 [0] NCCL INFO NET/FasTrak 2026-08-02T13:09:25.493382662+00:00: Match: PCI address 0000:0c:00.0
tcpxo-wb-0:2345:2345 [0] NCCL INFO NET/FasTrak 2026-08-02T13:09:25.493633494+00:00: Match: PCI address 0000:0c:00.0
tcpxo-wb-0:2345:2345 [0] NCCL INFO NET/FasTrak 2026-08-02T13:09:25.493765894+00:00: Match: PCI address 0000:0b:00.0
tcpxo-wb-0:2345:2345 [0] NCCL INFO NET/FasTrak 2026-08-02T13:09:25.494321047+00:00: Match: PCI address 0000:84:00.0
tcpxo-wb-0:2345:2345 [0] NCCL INFO NET/FasTrak 2026-08-02T13:09:25.494811467+00:00: Match: PCI address 0000:04:00.0
tcpxo-wb-0:2345:2345 [0] NCCL INFO NET/FasTrak 2026-08-02T13:09:25.49529332+00:00: Match: PCI address 0000:05:00.0
tcpxo-wb-0:2345:2345 [0] NCCL INFO NET/FasTrak 2026-08-02T13:09:25.495484814+00:00: Match: PCI address 0000:0b:00.0
tcpxo-wb-0:2345:2345 [0] NCCL INFO NET/FasTrak 2026-08-02T13:09:25.495839375+00:00: Match: PCI address 0000:0c:00.0
tcpxo-wb-0:2345:2345 [0] NCCL INFO NET/FasTrak 2026-08-02T13:09:25.496018504+00:00: Match: PCI address 0000:0b:00.0
tcpxo-wb-0:2345:2345 [0] NCCL INFO NET/FasTrak 2026-08-02T13:09:25.496587085+00:00: Match: PCI address 0000:84:00.0
tcpxo-wb-0:2345:2345 [0] NCCL INFO NET/FasTrak 2026-08-02T13:09:25.496665533+00:00: Match: PCI address 0000:8c:00.0
tcpxo-wb-0:2345:2345 [0] NCCL INFO NET/FasTrak 2026-08-02T13:09:25.496801808+00:00: Match: PCI address 0000:8c:00.0
tcpxo-wb-0:2345:2345 [0] NCCL INFO NET/FasTrak 2026-08-02T13:09:25.497078792+00:00: Match: PCI address 0000:8c:00.0
tcpxo-wb-0:2345:2345 [0] NCCL INFO NET/FasTrak 2026-08-02T13:09:25.497239578+00:00: Match: PCI address 0000:8b:00.0
tcpxo-wb-0:2345:2345 [0] NCCL INFO NET/FasTrak 2026-08-02T13:09:25.498236708+00:00: Match: PCI address 0000:04:00.0
tcpxo-wb-0:2345:2345 [0] NCCL INFO NET/FasTrak 2026-08-02T13:09:25.498796514+00:00: Match: PCI address 0000:05:00.0
tcpxo-wb-0:2345:2345 [0] NCCL INFO NET/FasTrak 2026-08-02T13:09:25.498955001+00:00: Match: PCI address 0000:0b:00.0
tcpxo-wb-0:2345:2345 [0] NCCL INFO NET/FasTrak 2026-08-02T13:09:25.499443851+00:00: Match: PCI address 0000:84:00.0
tcpxo-wb-0:2345:2345 [0] NCCL INFO NET/FasTrak 2026-08-02T13:09:25.500026767+00:00: Match: PCI address 0000:85:00.0
tcpxo-wb-0:2345:2345 [0] NCCL INFO NET/FasTrak 2026-08-02T13:09:25.500160613+00:00: Match: PCI address 0000:8b:00.0
tcpxo-wb-0:2345:2345 [0] NCCL INFO NET/FasTrak 2026-08-02T13:09:25.50082321+00:00: Match: PCI address 0000:8c:00.0
tcpxo-wb-0:2345:2345 [0] NCCL INFO NET/FasTrak 2026-08-02T13:09:25.500972201+00:00: Match: PCI address 0000:8b:00.0
tcpxo-wb-0:2345:2345 [0] NCCL INFO NET/FasTrak 2026-08-02T13:09:25.501975194+00:00: Match: PCI address 0000:84:00.0
tcpxo-wb-0:2345:2345 [0] NCCL INFO NET/FasTrak 2026-08-02T13:09:25.502587248+00:00: Match: PCI address 0000:85:00.0
tcpxo-wb-0:2345:2345 [0] NCCL INFO NET/FasTrak 2026-08-02T13:09:25.502748147+00:00: Match: PCI address 0000:8b:00.0
tcpxo-wb-0:2345:2345 [0] NCCL INFO NET/FasTrak 2026-08-02T13:09:25.503582414+00:00: Match: PCI address 0000:05:00.0
tcpxo-wb-0:2345:2345 [0] NCCL INFO NET/FasTrak 2026-08-02T13:09:25.503763994+00:00: Match: PCI address 0000:05:00.0
tcpxo-wb-0:2345:2345 [0] NCCL INFO NET/FasTrak 2026-08-02T13:09:25.504354644+00:00: Match: PCI address 0000:04:00.0
tcpxo-wb-0:2345:2345 [0] NCCL INFO NET/FasTrak 2026-08-02T13:09:25.504551357+00:00: Match: PCI address 0000:85:00.0
tcpxo-wb-0:2345:2345 [0] NCCL INFO NET/FasTrak 2026-08-02T13:09:25.504675096+00:00: Match: PCI address 0000:85:00.0
tcpxo-wb-0:2345:2345 [0] NCCL INFO NET/FasTrak 2026-08-02T13:09:25.505049444+00:00: GetPciAddrToFastrakIdxMap: Found GPUs:
tcpxo-wb-0:2345:2345 [0] NCCL INFO NET/FasTrak 2026-08-02T13:09:25.50505211+00:00: 	FasTrak IDX: [0]. PCI addr: [0000:04:00.0]
tcpxo-wb-0:2345:2345 [0] NCCL INFO NET/FasTrak 2026-08-02T13:09:25.505055334+00:00: 	FasTrak IDX: [1]. PCI addr: [0000:05:00.0]
tcpxo-wb-0:2345:2345 [0] NCCL INFO NET/FasTrak 2026-08-02T13:09:25.505057934+00:00: 	FasTrak IDX: [2]. PCI addr: [0000:0b:00.0]
tcpxo-wb-0:2345:2345 [0] NCCL INFO NET/FasTrak 2026-08-02T13:09:25.505059717+00:00: 	FasTrak IDX: [3]. PCI addr: [0000:0c:00.0]
tcpxo-wb-0:2345:2345 [0] NCCL INFO NET/FasTrak 2026-08-02T13:09:25.505061576+00:00: 	FasTrak IDX: [4]. PCI addr: [0000:84:00.0]
tcpxo-wb-0:2345:2345 [0] NCCL INFO NET/FasTrak 2026-08-02T13:09:25.505063444+00:00: 	FasTrak IDX: [5]. PCI addr: [0000:85:00.0]
tcpxo-wb-0:2345:2345 [0] NCCL INFO NET/FasTrak 2026-08-02T13:09:25.505065019+00:00: 	FasTrak IDX: [6]. PCI addr: [0000:8b:00.0]
tcpxo-wb-0:2345:2345 [0] NCCL INFO NET/FasTrak 2026-08-02T13:09:25.50506662+00:00: 	FasTrak IDX: [7]. PCI addr: [0000:8c:00.0]
tcpxo-wb-0:2345:2345 [0] NCCL INFO NET/FasTrak 2026-08-02T13:09:25.505069326+00:00: NcclShim::Create: GPU PCI addr: 0000:04:00.0, FasTrak idx: 0
tcpxo-wb-0:2345:2345 [0] NCCL INFO NET/FasTrak 2026-08-02T13:09:25.505072354+00:00: Using abstract UDS address: rxdm_uds_nic_mapping
tcpxo-wb-0:2345:2345 [0] NCCL INFO NET/FasTrak 2026-08-02T13:09:25.505156423+00:00: Discovered GPU PCI 0000:84:00.0, closest NIC is eth5 (address 192.169.4.3, index 4)
tcpxo-wb-0:2345:2345 [0] NCCL INFO NET/FasTrak 2026-08-02T13:09:25.505162862+00:00: Discovered GPU PCI 0000:0c:00.0, closest NIC is eth4 (address 192.169.3.3, index 3)
tcpxo-wb-0:2345:2345 [0] NCCL INFO NET/FasTrak 2026-08-02T13:09:25.505165434+00:00: Discovered GPU PCI 0000:04:00.0, closest NIC is eth1 (address 192.169.0.3, index 0)
tcpxo-wb-0:2345:2345 [0] NCCL INFO NET/FasTrak 2026-08-02T13:09:25.505168192+00:00: Discovered GPU PCI 0000:05:00.0, closest NIC is eth2 (address 192.169.1.3, index 1)
tcpxo-wb-0:2345:2345 [0] NCCL INFO NET/FasTrak 2026-08-02T13:09:25.505170964+00:00: Discovered GPU PCI 0000:0b:00.0, closest NIC is eth3 (address 192.169.2.3, index 2)
tcpxo-wb-0:2345:2345 [0] NCCL INFO NET/FasTrak 2026-08-02T13:09:25.50517471+00:00: Discovered GPU PCI 0000:8c:00.0, closest NIC is eth8 (address 192.169.7.3, index 7)
tcpxo-wb-0:2345:2345 [0] NCCL INFO NET/FasTrak 2026-08-02T13:09:25.505178263+00:00: Discovered GPU PCI 0000:8b:00.0, closest NIC is eth7 (address 192.169.6.3, index 6)
tcpxo-wb-0:2345:2345 [0] NCCL INFO NET/FasTrak 2026-08-02T13:09:25.505181812+00:00: Discovered GPU PCI 0000:85:00.0, closest NIC is eth6 (address 192.169.5.3, index 5)
tcpxo-wb-0:2345:2345 [0] NCCL INFO NET/FasTrak 2026-08-02T13:09:25.505185357+00:00: Initialized shim for GPU with CUDA index 0, FasTrak index 0, and pci_path: 0000:04:00.0, the corresponding closest net device is: 0 (eth1)
tcpxo-wb-0:2345:2345 [0] NCCL INFO NET/FasTrak 2026-08-02T13:09:25.505190232+00:00: Creating Buf op uds client  on server: rxdm_uds_buf_op:192.169.0.3
tcpxo-wb-0:2345:2345 [0] NCCL INFO NET/FasTrak 2026-08-02T13:09:25.505192804+00:00: Using abstract UDS address: rxdm_uds_buf_op:192.169.0.3
tcpxo-wb-0:2345:2345 [0] NCCL INFO NET/FasTrak 2026-08-02T13:09:25.505393789+00:00: Initializing DxsClient (src_addr=192.169.0.3:0, dxs_addr=169.254.169.254:55555, llcm=true)
tcpxo-wb-0:2345:2345 [0] NCCL INFO NET/FasTrak 2026-08-02T13:09:25.506133292+00:00: Binding to interface: eth1
tcpxo-wb-0:2345:2345 [0] NCCL INFO NET/FasTrak 2026-08-02T13:09:25.506142376+00:00: DxsClient connected (src_addr=192.169.0.3:37127, socket_fd=130)
tcpxo-wb-0:2345:2903 [0] NCCL INFO NET/FasTrak 2026-08-02T13:09:25.508699673+00:00: SCTP Connected
tcpxo-wb-0:2345:2345 [0] NCCL INFO NET/FasTrak 2026-08-02T13:09:25.563260431+00:00: DxsClient initialized.
tcpxo-wb-0:2345:2345 [0] NCCL INFO NET/FasTrak 2026-08-02T13:09:25.563293498+00:00: DXS Client initialized on IP addr 192.169.0.3
tcpxo-wb-0:2345:2345 [0] NCCL INFO NET/FasTrak 2026-08-02T13:09:25.56329767+00:00: Buffer Manager Client initialized on IP addr 192.169.0.3
tcpxo-wb-0:2345:2345 [0] NCCL INFO NET/FasTrak 2026-08-02T13:09:25.563301687+00:00: GPUViz is disabled
tcpxo-wb-0:2345:2345 [0] NCCL INFO NET/FasTrak 2026-08-02T13:09:25.563304886+00:00: Plugin initialized for 0000:04:00.0.
tcpxo-wb-0:2345:2345 [0] NCCL INFO NET/FasTrak 2026-08-02T13:09:25.563307139+00:00: Using 2 total flows
tcpxo-wb-0:2345:2345 [0] NCCL INFO Initialized NET plugin FasTrak
tcpxo-wb-0:2345:2345 [0] NCCL INFO NET/FasTrak 2026-08-02T13:09:25.563340966+00:00: props: netDeviceType 0, netDeviceVersion 7
tcpxo-wb-0:2345:2345 [0] NCCL INFO Assigned NET plugin FasTrak to comm
tcpxo-wb-0:2345:2345 [0] NCCL INFO Using network FasTrak
tcpxo-wb-0:2345:2345 [0] NCCL INFO DMA-BUF is available on GPU device 0
tcpxo-wb-0:2345:2345 [0] NCCL INFO ncclCommInitRankConfig comm 0x5d23b359a450 rank 0 nranks 24 cudaDev 0 nvmlDev 0 busId 4000 commId 0xe381b5f3c991919e - Init START
tcpxo-wb-0:2345:2345 [0] NCCL INFO RAS client listening socket at 127.0.0.1<28028>
tcpxo-wb-0:2345:2345 [0] NCCL INFO MNNVL busId 0x4000 fabric UUID 0.0 cliqueId 0x0 state 3 healthMask 0x0
tcpxo-wb-0:2345:2345 [0] NCCL INFO NET/FasTrak 2026-08-02T13:09:26.512195227+00:00: props: netDeviceType 0, netDeviceVersion 7
tcpxo-wb-0:2345:2345 [0] NCCL INFO NET/FasTrak : GPU Direct RDMA Enabled for HCA 0 'eth1'
tcpxo-wb-0:2345:2345 [0] NCCL INFO NET/FasTrak 2026-08-02T13:09:26.512410005+00:00: props: netDeviceType 0, netDeviceVersion 7
tcpxo-wb-0:2345:2345 [0] NCCL INFO NET/FasTrak : GPU Direct RDMA Enabled for HCA 1 'eth2'
tcpxo-wb-0:2345:2345 [0] NCCL INFO NET/FasTrak 2026-08-02T13:09:26.512562694+00:00: props: netDeviceType 0, netDeviceVersion 7
tcpxo-wb-0:2345:2345 [0] NCCL INFO NET/FasTrak : GPU Direct RDMA Enabled for HCA 2 'eth3'
tcpxo-wb-0:2345:2345 [0] NCCL INFO NET/FasTrak 2026-08-02T13:09:26.512800179+00:00: props: netDeviceType 0, netDeviceVersion 7
tcpxo-wb-0:2345:2345 [0] NCCL INFO NET/FasTrak : GPU Direct RDMA Enabled for HCA 3 'eth4'
tcpxo-wb-0:2345:2345 [0] NCCL INFO NET/FasTrak 2026-08-02T13:09:26.512950017+00:00: props: netDeviceType 0, netDeviceVersion 7
tcpxo-wb-0:2345:2345 [0] NCCL INFO NET/FasTrak : GPU Direct RDMA Enabled for HCA 4 'eth5'
tcpxo-wb-0:2345:2345 [0] NCCL INFO NET/FasTrak 2026-08-02T13:09:26.513177784+00:00: props: netDeviceType 0, netDeviceVersion 7
tcpxo-wb-0:2345:2345 [0] NCCL INFO NET/FasTrak : GPU Direct RDMA Enabled for HCA 5 'eth6'
tcpxo-wb-0:2345:2345 [0] NCCL INFO NET/FasTrak 2026-08-02T13:09:26.513312907+00:00: props: netDeviceType 0, netDeviceVersion 7
tcpxo-wb-0:2345:2345 [0] NCCL INFO NET/FasTrak : GPU Direct RDMA Enabled for HCA 6 'eth7'
tcpxo-wb-0:2345:2345 [0] NCCL INFO NET/FasTrak 2026-08-02T13:09:26.513543129+00:00: props: netDeviceType 0, netDeviceVersion 7
tcpxo-wb-0:2345:2345 [0] NCCL INFO NET/FasTrak : GPU Direct RDMA Enabled for HCA 7 'eth8'
tcpxo-wb-0:2345:2345 [0] NCCL INFO NCCL_NET_GDR_LEVEL set by environment to PIX
tcpxo-wb-0:2345:2345 [0] NCCL INFO GPU Direct RDMA Enabled for GPU 0 / HCA 0 (distance 4 <= 4), read 0 mode Default
tcpxo-wb-0:2345:2345 [0] NCCL INFO GPU Direct RDMA Enabled for GPU 1 / HCA 0 (distance 4 <= 4), read 0 mode Default
tcpxo-wb-0:2345:2345 [0] NCCL INFO GPU Direct RDMA Enabled for GPU 2 / HCA 0 (distance 4 <= 4), read 0 mode Default
tcpxo-wb-0:2345:2345 [0] NCCL INFO GPU Direct RDMA Enabled for GPU 3 / HCA 0 (distance 4 <= 4), read 0 mode Default
tcpxo-wb-0:2345:2345 [0] NCCL INFO GPU Direct RDMA Enabled for GPU 4 / HCA 0 (distance 4 <= 4), read 0 mode Default
tcpxo-wb-0:2345:2345 [0] NCCL INFO GPU Direct RDMA Enabled for GPU 5 / HCA 0 (distance 4 <= 4), read 0 mode Default
tcpxo-wb-0:2345:2345 [0] NCCL INFO GPU Direct RDMA Enabled for GPU 6 / HCA 0 (distance 4 <= 4), read 0 mode Default
tcpxo-wb-0:2345:2345 [0] NCCL INFO GPU Direct RDMA Enabled for GPU 7 / HCA 0 (distance 4 <= 4), read 0 mode Default
tcpxo-wb-0:2345:2345 [0] NCCL INFO GPU Direct RDMA Enabled for GPU 0 / HCA 1 (distance 4 <= 4), read 0 mode Default
tcpxo-wb-0:2345:2345 [0] NCCL INFO GPU Direct RDMA Enabled for GPU 1 / HCA 1 (distance 4 <= 4), read 0 mode Default
tcpxo-wb-0:2345:2345 [0] NCCL INFO GPU Direct RDMA Enabled for GPU 2 / HCA 1 (distance 4 <= 4), read 0 mode Default
tcpxo-wb-0:2345:2345 [0] NCCL INFO GPU Direct RDMA Enabled for GPU 3 / HCA 1 (distance 4 <= 4), read 0 mode Default
tcpxo-wb-0:2345:2345 [0] NCCL INFO GPU Direct RDMA Enabled for GPU 4 / HCA 1 (distance 4 <= 4), read 0 mode Default
tcpxo-wb-0:2345:2345 [0] NCCL INFO GPU Direct RDMA Enabled for GPU 5 / HCA 1 (distance 4 <= 4), read 0 mode Default
tcpxo-wb-0:2345:2345 [0] NCCL INFO GPU Direct RDMA Enabled for GPU 6 / HCA 1 (distance 4 <= 4), read 0 mode Default
tcpxo-wb-0:2345:2345 [0] NCCL INFO GPU Direct RDMA Enabled for GPU 7 / HCA 1 (distance 4 <= 4), read 0 mode Default
tcpxo-wb-0:2345:2345 [0] NCCL INFO GPU Direct RDMA Enabled for GPU 0 / HCA 2 (distance 4 <= 4), read 0 mode Default
tcpxo-wb-0:2345:2345 [0] NCCL INFO GPU Direct RDMA Enabled for GPU 1 / HCA 2 (distance 4 <= 4), read 0 mode Default
tcpxo-wb-0:2345:2345 [0] NCCL INFO GPU Direct RDMA Enabled for GPU 2 / HCA 2 (distance 4 <= 4), read 0 mode Default
tcpxo-wb-0:2345:2345 [0] NCCL INFO GPU Direct RDMA Enabled for GPU 3 / HCA 2 (distance 4 <= 4), read 0 mode Default
tcpxo-wb-0:2345:2345 [0] NCCL INFO GPU Direct RDMA Enabled for GPU 4 / HCA 2 (distance 4 <= 4), read 0 mode Default
tcpxo-wb-0:2345:2345 [0] NCCL INFO GPU Direct RDMA Enabled for GPU 5 / HCA 2 (distance 4 <= 4), read 0 mode Default
tcpxo-wb-0:2345:2345 [0] NCCL INFO GPU Direct RDMA Enabled for GPU 6 / HCA 2 (distance 4 <= 4), read 0 mode Default
tcpxo-wb-0:2345:2345 [0] NCCL INFO GPU Direct RDMA Enabled for GPU 7 / HCA 2 (distance 4 <= 4), read 0 mode Default
tcpxo-wb-0:2345:2345 [0] NCCL INFO GPU Direct RDMA Enabled for GPU 0 / HCA 3 (distance 4 <= 4), read 0 mode Default
tcpxo-wb-0:2345:2345 [0] NCCL INFO GPU Direct RDMA Enabled for GPU 1 / HCA 3 (distance 4 <= 4), read 0 mode Default
tcpxo-wb-0:2345:2345 [0] NCCL INFO GPU Direct RDMA Enabled for GPU 2 / HCA 3 (distance 4 <= 4), read 0 mode Default
tcpxo-wb-0:2345:2345 [0] NCCL INFO GPU Direct RDMA Enabled for GPU 3 / HCA 3 (distance 4 <= 4), read 0 mode Default
tcpxo-wb-0:2345:2345 [0] NCCL INFO GPU Direct RDMA Enabled for GPU 4 / HCA 3 (distance 4 <= 4), read 0 mode Default
tcpxo-wb-0:2345:2345 [0] NCCL INFO GPU Direct RDMA Enabled for GPU 5 / HCA 3 (distance 4 <= 4), read 0 mode Default
tcpxo-wb-0:2345:2345 [0] NCCL INFO GPU Direct RDMA Enabled for GPU 6 / HCA 3 (distance 4 <= 4), read 0 mode Default
tcpxo-wb-0:2345:2345 [0] NCCL INFO GPU Direct RDMA Enabled for GPU 7 / HCA 3 (distance 4 <= 4), read 0 mode Default
tcpxo-wb-0:2345:2345 [0] NCCL INFO GPU Direct RDMA Enabled for GPU 0 / HCA 4 (distance 4 <= 4), read 0 mode Default
tcpxo-wb-0:2345:2345 [0] NCCL INFO GPU Direct RDMA Enabled for GPU 1 / HCA 4 (distance 4 <= 4), read 0 mode Default
tcpxo-wb-0:2345:2345 [0] NCCL INFO GPU Direct RDMA Enabled for GPU 2 / HCA 4 (distance 4 <= 4), read 0 mode Default
tcpxo-wb-0:2345:2345 [0] NCCL INFO GPU Direct RDMA Enabled for GPU 3 / HCA 4 (distance 4 <= 4), read 0 mode Default
tcpxo-wb-0:2345:2345 [0] NCCL INFO GPU Direct RDMA Enabled for GPU 4 / HCA 4 (distance 4 <= 4), read 0 mode Default
tcpxo-wb-0:2345:2345 [0] NCCL INFO GPU Direct RDMA Enabled for GPU 5 / HCA 4 (distance 4 <= 4), read 0 mode Default
tcpxo-wb-0:2345:2345 [0] NCCL INFO GPU Direct RDMA Enabled for GPU 6 / HCA 4 (distance 4 <= 4), read 0 mode Default
tcpxo-wb-0:2345:2345 [0] NCCL INFO GPU Direct RDMA Enabled for GPU 7 / HCA 4 (distance 4 <= 4), read 0 mode Default
tcpxo-wb-0:2345:2345 [0] NCCL INFO GPU Direct RDMA Enabled for GPU 0 / HCA 5 (distance 4 <= 4), read 0 mode Default
tcpxo-wb-0:2345:2345 [0] NCCL INFO GPU Direct RDMA Enabled for GPU 1 / HCA 5 (distance 4 <= 4), read 0 mode Default
tcpxo-wb-0:2345:2345 [0] NCCL INFO GPU Direct RDMA Enabled for GPU 2 / HCA 5 (distance 4 <= 4), read 0 mode Default
tcpxo-wb-0:2345:2345 [0] NCCL INFO GPU Direct RDMA Enabled for GPU 3 / HCA 5 (distance 4 <= 4), read 0 mode Default
tcpxo-wb-0:2345:2345 [0] NCCL INFO GPU Direct RDMA Enabled for GPU 4 / HCA 5 (distance 4 <= 4), read 0 mode Default
tcpxo-wb-0:2345:2345 [0] NCCL INFO GPU Direct RDMA Enabled for GPU 5 / HCA 5 (distance 4 <= 4), read 0 mode Default
tcpxo-wb-0:2345:2345 [0] NCCL INFO GPU Direct RDMA Enabled for GPU 6 / HCA 5 (distance 4 <= 4), read 0 mode Default
tcpxo-wb-0:2345:2345 [0] NCCL INFO GPU Direct RDMA Enabled for GPU 7 / HCA 5 (distance 4 <= 4), read 0 mode Default
tcpxo-wb-0:2345:2345 [0] NCCL INFO GPU Direct RDMA Enabled for GPU 0 / HCA 6 (distance 4 <= 4), read 0 mode Default
tcpxo-wb-0:2345:2345 [0] NCCL INFO GPU Direct RDMA Enabled for GPU 1 / HCA 6 (distance 4 <= 4), read 0 mode Default
tcpxo-wb-0:2345:2345 [0] NCCL INFO GPU Direct RDMA Enabled for GPU 2 / HCA 6 (distance 4 <= 4), read 0 mode Default
tcpxo-wb-0:2345:2345 [0] NCCL INFO GPU Direct RDMA Enabled for GPU 3 / HCA 6 (distance 4 <= 4), read 0 mode Default
tcpxo-wb-0:2345:2345 [0] NCCL INFO GPU Direct RDMA Enabled for GPU 4 / HCA 6 (distance 4 <= 4), read 0 mode Default
tcpxo-wb-0:2345:2345 [0] NCCL INFO GPU Direct RDMA Enabled for GPU 5 / HCA 6 (distance 4 <= 4), read 0 mode Default
tcpxo-wb-0:2345:2345 [0] NCCL INFO GPU Direct RDMA Enabled for GPU 6 / HCA 6 (distance 4 <= 4), read 0 mode Default
tcpxo-wb-0:2345:2345 [0] NCCL INFO GPU Direct RDMA Enabled for GPU 7 / HCA 6 (distance 4 <= 4), read 0 mode Default
tcpxo-wb-0:2345:2345 [0] NCCL INFO GPU Direct RDMA Enabled for GPU 0 / HCA 7 (distance 4 <= 4), read 0 mode Default
tcpxo-wb-0:2345:2345 [0] NCCL INFO GPU Direct RDMA Enabled for GPU 1 / HCA 7 (distance 4 <= 4), read 0 mode Default
tcpxo-wb-0:2345:2345 [0] NCCL INFO GPU Direct RDMA Enabled for GPU 2 / HCA 7 (distance 4 <= 4), read 0 mode Default
tcpxo-wb-0:2345:2345 [0] NCCL INFO GPU Direct RDMA Enabled for GPU 3 / HCA 7 (distance 4 <= 4), read 0 mode Default
tcpxo-wb-0:2345:2345 [0] NCCL INFO GPU Direct RDMA Enabled for GPU 4 / HCA 7 (distance 4 <= 4), read 0 mode Default
tcpxo-wb-0:2345:2345 [0] NCCL INFO GPU Direct RDMA Enabled for GPU 5 / HCA 7 (distance 4 <= 4), read 0 mode Default
tcpxo-wb-0:2345:2345 [0] NCCL INFO GPU Direct RDMA Enabled for GPU 6 / HCA 7 (distance 4 <= 4), read 0 mode Default
tcpxo-wb-0:2345:2345 [0] NCCL INFO GPU Direct RDMA Enabled for GPU 7 / HCA 7 (distance 4 <= 4), read 0 mode Default
tcpxo-wb-0:2345:2345 [0] NCCL INFO GPU Direct RDMA Enabled for GPU 0 / HCA 0 (distance 4 <= 4), read 0 mode Default
tcpxo-wb-0:2345:2345 [0] NCCL INFO GPU Direct RDMA Enabled for GPU 1 / HCA 0 (distance 4 <= 4), read 0 mode Default
tcpxo-wb-0:2345:2345 [0] NCCL INFO GPU Direct RDMA Enabled for GPU 2 / HCA 0 (distance 4 <= 4), read 0 mode Default
tcpxo-wb-0:2345:2345 [0] NCCL INFO GPU Direct RDMA Enabled for GPU 3 / HCA 0 (distance 4 <= 4), read 0 mode Default
tcpxo-wb-0:2345:2345 [0] NCCL INFO GPU Direct RDMA Enabled for GPU 4 / HCA 0 (distance 4 <= 4), read 0 mode Default
tcpxo-wb-0:2345:2345 [0] NCCL INFO GPU Direct RDMA Enabled for GPU 5 / HCA 0 (distance 4 <= 4), read 0 mode Default
tcpxo-wb-0:2345:2345 [0] NCCL INFO GPU Direct RDMA Enabled for GPU 6 / HCA 0 (distance 4 <= 4), read 0 mode Default
tcpxo-wb-0:2345:2345 [0] NCCL INFO GPU Direct RDMA Enabled for GPU 7 / HCA 0 (distance 4 <= 4), read 0 mode Default
tcpxo-wb-0:2345:2345 [0] NCCL INFO GPU Direct RDMA Enabled for GPU 0 / HCA 1 (distance 4 <= 4), read 0 mode Default
tcpxo-wb-0:2345:2345 [0] NCCL INFO GPU Direct RDMA Enabled for GPU 1 / HCA 1 (distance 4 <= 4), read 0 mode Default
tcpxo-wb-0:2345:2345 [0] NCCL INFO GPU Direct RDMA Enabled for GPU 2 / HCA 1 (distance 4 <= 4), read 0 mode Default
tcpxo-wb-0:2345:2345 [0] NCCL INFO GPU Direct RDMA Enabled for GPU 3 / HCA 1 (distance 4 <= 4), read 0 mode Default
tcpxo-wb-0:2345:2345 [0] NCCL INFO GPU Direct RDMA Enabled for GPU 4 / HCA 1 (distance 4 <= 4), read 0 mode Default
tcpxo-wb-0:2345:2345 [0] NCCL INFO GPU Direct RDMA Enabled for GPU 5 / HCA 1 (distance 4 <= 4), read 0 mode Default
tcpxo-wb-0:2345:2345 [0] NCCL INFO GPU Direct RDMA Enabled for GPU 6 / HCA 1 (distance 4 <= 4), read 0 mode Default
tcpxo-wb-0:2345:2345 [0] NCCL INFO GPU Direct RDMA Enabled for GPU 7 / HCA 1 (distance 4 <= 4), read 0 mode Default
tcpxo-wb-0:2345:2345 [0] NCCL INFO GPU Direct RDMA Enabled for GPU 0 / HCA 2 (distance 4 <= 4), read 0 mode Default
tcpxo-wb-0:2345:2345 [0] NCCL INFO GPU Direct RDMA Enabled for GPU 1 / HCA 2 (distance 4 <= 4), read 0 mode Default
tcpxo-wb-0:2345:2345 [0] NCCL INFO GPU Direct RDMA Enabled for GPU 2 / HCA 2 (distance 4 <= 4), read 0 mode Default
tcpxo-wb-0:2345:2345 [0] NCCL INFO GPU Direct RDMA Enabled for GPU 3 / HCA 2 (distance 4 <= 4), read 0 mode Default
tcpxo-wb-0:2345:2345 [0] NCCL INFO GPU Direct RDMA Enabled for GPU 4 / HCA 2 (distance 4 <= 4), read 0 mode Default
tcpxo-wb-0:2345:2345 [0] NCCL INFO GPU Direct RDMA Enabled for GPU 5 / HCA 2 (distance 4 <= 4), read 0 mode Default
tcpxo-wb-0:2345:2345 [0] NCCL INFO GPU Direct RDMA Enabled for GPU 6 / HCA 2 (distance 4 <= 4), read 0 mode Default
tcpxo-wb-0:2345:2345 [0] NCCL INFO GPU Direct RDMA Enabled for GPU 7 / HCA 2 (distance 4 <= 4), read 0 mode Default
tcpxo-wb-0:2345:2345 [0] NCCL INFO GPU Direct RDMA Enabled for GPU 0 / HCA 3 (distance 4 <= 4), read 0 mode Default
tcpxo-wb-0:2345:2345 [0] NCCL INFO GPU Direct RDMA Enabled for GPU 1 / HCA 3 (distance 4 <= 4), read 0 mode Default
tcpxo-wb-0:2345:2345 [0] NCCL INFO GPU Direct RDMA Enabled for GPU 2 / HCA 3 (distance 4 <= 4), read 0 mode Default
tcpxo-wb-0:2345:2345 [0] NCCL INFO GPU Direct RDMA Enabled for GPU 3 / HCA 3 (distance 4 <= 4), read 0 mode Default
tcpxo-wb-0:2345:2345 [0] NCCL INFO GPU Direct RDMA Enabled for GPU 4 / HCA 3 (distance 4 <= 4), read 0 mode Default
tcpxo-wb-0:2345:2345 [0] NCCL INFO GPU Direct RDMA Enabled for GPU 5 / HCA 3 (distance 4 <= 4), read 0 mode Default
tcpxo-wb-0:2345:2345 [0] NCCL INFO GPU Direct RDMA Enabled for GPU 6 / HCA 3 (distance 4 <= 4), read 0 mode Default
tcpxo-wb-0:2345:2345 [0] NCCL INFO GPU Direct RDMA Enabled for GPU 7 / HCA 3 (distance 4 <= 4), read 0 mode Default
tcpxo-wb-0:2345:2345 [0] NCCL INFO GPU Direct RDMA Enabled for GPU 0 / HCA 4 (distance 4 <= 4), read 0 mode Default
tcpxo-wb-0:2345:2345 [0] NCCL INFO GPU Direct RDMA Enabled for GPU 1 / HCA 4 (distance 4 <= 4), read 0 mode Default
tcpxo-wb-0:2345:2345 [0] NCCL INFO GPU Direct RDMA Enabled for GPU 2 / HCA 4 (distance 4 <= 4), read 0 mode Default
tcpxo-wb-0:2345:2345 [0] NCCL INFO GPU Direct RDMA Enabled for GPU 3 / HCA 4 (distance 4 <= 4), read 0 mode Default
tcpxo-wb-0:2345:2345 [0] NCCL INFO GPU Direct RDMA Enabled for GPU 4 / HCA 4 (distance 4 <= 4), read 0 mode Default
tcpxo-wb-0:2345:2345 [0] NCCL INFO GPU Direct RDMA Enabled for GPU 5 / HCA 4 (distance 4 <= 4), read 0 mode Default
tcpxo-wb-0:2345:2345 [0] NCCL INFO GPU Direct RDMA Enabled for GPU 6 / HCA 4 (distance 4 <= 4), read 0 mode Default
tcpxo-wb-0:2345:2345 [0] NCCL INFO GPU Direct RDMA Enabled for GPU 7 / HCA 4 (distance 4 <= 4), read 0 mode Default
tcpxo-wb-0:2345:2345 [0] NCCL INFO GPU Direct RDMA Enabled for GPU 0 / HCA 5 (distance 4 <= 4), read 0 mode Default
tcpxo-wb-0:2345:2345 [0] NCCL INFO GPU Direct RDMA Enabled for GPU 1 / HCA 5 (distance 4 <= 4), read 0 mode Default
tcpxo-wb-0:2345:2345 [0] NCCL INFO GPU Direct RDMA Enabled for GPU 2 / HCA 5 (distance 4 <= 4), read 0 mode Default
tcpxo-wb-0:2345:2345 [0] NCCL INFO GPU Direct RDMA Enabled for GPU 3 / HCA 5 (distance 4 <= 4), read 0 mode Default
tcpxo-wb-0:2345:2345 [0] NCCL INFO GPU Direct RDMA Enabled for GPU 4 / HCA 5 (distance 4 <= 4), read 0 mode Default
tcpxo-wb-0:2345:2345 [0] NCCL INFO GPU Direct RDMA Enabled for GPU 5 / HCA 5 (distance 4 <= 4), read 0 mode Default
tcpxo-wb-0:2345:2345 [0] NCCL INFO GPU Direct RDMA Enabled for GPU 6 / HCA 5 (distance 4 <= 4), read 0 mode Default
tcpxo-wb-0:2345:2345 [0] NCCL INFO GPU Direct RDMA Enabled for GPU 7 / HCA 5 (distance 4 <= 4), read 0 mode Default
tcpxo-wb-0:2345:2345 [0] NCCL INFO GPU Direct RDMA Enabled for GPU 0 / HCA 6 (distance 4 <= 4), read 0 mode Default
tcpxo-wb-0:2345:2345 [0] NCCL INFO GPU Direct RDMA Enabled for GPU 1 / HCA 6 (distance 4 <= 4), read 0 mode Default
tcpxo-wb-0:2345:2345 [0] NCCL INFO GPU Direct RDMA Enabled for GPU 2 / HCA 6 (distance 4 <= 4), read 0 mode Default
tcpxo-wb-0:2345:2345 [0] NCCL INFO GPU Direct RDMA Enabled for GPU 3 / HCA 6 (distance 4 <= 4), read 0 mode Default
tcpxo-wb-0:2345:2345 [0] NCCL INFO GPU Direct RDMA Enabled for GPU 4 / HCA 6 (distance 4 <= 4), read 0 mode Default
tcpxo-wb-0:2345:2345 [0] NCCL INFO GPU Direct RDMA Enabled for GPU 5 / HCA 6 (distance 4 <= 4), read 0 mode Default
tcpxo-wb-0:2345:2345 [0] NCCL INFO GPU Direct RDMA Enabled for GPU 6 / HCA 6 (distance 4 <= 4), read 0 mode Default
tcpxo-wb-0:2345:2345 [0] NCCL INFO GPU Direct RDMA Enabled for GPU 7 / HCA 6 (distance 4 <= 4), read 0 mode Default
tcpxo-wb-0:2345:2345 [0] NCCL INFO GPU Direct RDMA Enabled for GPU 0 / HCA 7 (distance 4 <= 4), read 0 mode Default
tcpxo-wb-0:2345:2345 [0] NCCL INFO GPU Direct RDMA Enabled for GPU 1 / HCA 7 (distance 4 <= 4), read 0 mode Default
tcpxo-wb-0:2345:2345 [0] NCCL INFO GPU Direct RDMA Enabled for GPU 2 / HCA 7 (distance 4 <= 4), read 0 mode Default
tcpxo-wb-0:2345:2345 [0] NCCL INFO GPU Direct RDMA Enabled for GPU 3 / HCA 7 (distance 4 <= 4), read 0 mode Default
tcpxo-wb-0:2345:2345 [0] NCCL INFO GPU Direct RDMA Enabled for GPU 4 / HCA 7 (distance 4 <= 4), read 0 mode Default
tcpxo-wb-0:2345:2345 [0] NCCL INFO GPU Direct RDMA Enabled for GPU 5 / HCA 7 (distance 4 <= 4), read 0 mode Default
tcpxo-wb-0:2345:2345 [0] NCCL INFO GPU Direct RDMA Enabled for GPU 6 / HCA 7 (distance 4 <= 4), read 0 mode Default
tcpxo-wb-0:2345:2345 [0] NCCL INFO GPU Direct RDMA Enabled for GPU 7 / HCA 7 (distance 4 <= 4), read 0 mode Default
tcpxo-wb-0:2345:2345 [0] NCCL INFO ncclTopoGetCpuAffinity: Affinity for GPU 0 is 0-51,104-155. (GPU affinity = 0-51,104-155 ; CPU affinity = 0-207).
tcpxo-wb-0:2345:2345 [0] NCCL INFO NVLS multicast support is available on dev 0 (NVLS_NCHANNELS 16)
tcpxo-wb-0:2345:2345 [0] NCCL INFO comm 0x5d23b359a450 rank 0 nRanks 24 nNodes 3 localRanks 8 localRank 0 MNNVL 0
tcpxo-wb-0:2345:2345 [0] NCCL INFO NVLS Head  0:  0  8 16
tcpxo-wb-0:2345:2345 [0] NCCL INFO NVLS Head  1:  1  9 17
tcpxo-wb-0:2345:2345 [0] NCCL INFO NVLS Head  2:  2 10 18
tcpxo-wb-0:2345:2345 [0] NCCL INFO NVLS Head  3:  3 11 19
tcpxo-wb-0:2345:2345 [0] NCCL INFO NVLS Head  4:  4 12 20
tcpxo-wb-0:2345:2345 [0] NCCL INFO NVLS Head  5:  5 13 21
tcpxo-wb-0:2345:2345 [0] NCCL INFO NVLS Head  6:  6 14 22
tcpxo-wb-0:2345:2345 [0] NCCL INFO NVLS Head  7:  7 15 23
tcpxo-wb-0:2345:2345 [0] NCCL INFO Channel 00/16 :  0  7  6  5  4  3  2  1  8 15 14 13 12 11 10  9 16 23 22 21 20 19 18 17
tcpxo-wb-0:2345:2345 [0] NCCL INFO Channel 01/16 :  0  9 10 11 12 13 14 15  8 17 18 19 20 21 22 23 16  1  2  3  4  5  6  7
tcpxo-wb-0:2345:2345 [0] NCCL INFO Channel 02/16 :  0  7  6  5  4  3 10  9  8 15 14 13 12 11 18 17 16 23 22 21 20 19  2  1
tcpxo-wb-0:2345:2345 [0] NCCL INFO Channel 03/16 :  0  1  2 11 12 13 14 15  8  9 10 19 20 21 22 23 16 17 18  3  4  5  6  7
tcpxo-wb-0:2345:2345 [0] NCCL INFO Channel 04/16 :  0  7  6  5 12 11 10  9  8 15 14 13 20 19 18 17 16 23 22 21  4  3  2  1
tcpxo-wb-0:2345:2345 [0] NCCL INFO Channel 05/16 :  0  1  2  3  4 13 14 15  8  9 10 11 12 21 22 23 16 17 18 19 20  5  6  7
tcpxo-wb-0:2345:2345 [0] NCCL INFO Channel 06/16 :  0  7 14 13 12 11 10  9  8 15 22 21 20 19 18 17 16 23  6  5  4  3  2  1
tcpxo-wb-0:2345:2345 [0] NCCL INFO Channel 07/16 :  0  1  2  3  4  5  6 15  8  9 10 11 12 13 14 23 16 17 18 19 20 21 22  7
tcpxo-wb-0:2345:2345 [0] NCCL INFO Channel 08/16 :  0  7  6  5  4  3  2  1  8 15 14 13 12 11 10  9 16 23 22 21 20 19 18 17
tcpxo-wb-0:2345:2345 [0] NCCL INFO Channel 09/16 :  0  9 10 11 12 13 14 15  8 17 18 19 20 21 22 23 16  1  2  3  4  5  6  7
tcpxo-wb-0:2345:2345 [0] NCCL INFO Channel 10/16 :  0  7  6  5  4  3 10  9  8 15 14 13 12 11 18 17 16 23 22 21 20 19  2  1
tcpxo-wb-0:2345:2345 [0] NCCL INFO Channel 11/16 :  0  1  2 11 12 13 14 15  8  9 10 19 20 21 22 23 16 17 18  3  4  5  6  7
tcpxo-wb-0:2345:2345 [0] NCCL INFO Channel 12/16 :  0  7  6  5 12 11 10  9  8 15 14 13 20 19 18 17 16 23 22 21  4  3  2  1
tcpxo-wb-0:2345:2345 [0] NCCL INFO Channel 13/16 :  0  1  2  3  4 13 14 15  8  9 10 11 12 21 22 23 16 17 18 19 20  5  6  7
tcpxo-wb-0:2345:2345 [0] NCCL INFO Channel 14/16 :  0  7 14 13 12 11 10  9  8 15 22 21 20 19 18 17 16 23  6  5  4  3  2  1
tcpxo-wb-0:2345:2345 [0] NCCL INFO Channel 15/16 :  0  1  2  3  4  5  6 15  8  9 10 11 12 13 14 23 16 17 18 19 20 21 22  7
tcpxo-wb-0:2345:2345 [0] NCCL INFO Trees [0] 1/16/-1->0->-1 [1] 7/-1/-1->0->1 [2] 1/-1/-1->0->7 [3] 7/-1/-1->0->1 [4] 1/-1/-1->0->7 [5] 7/-1/-1->0->1 [6] 1/-1/-1->0->7 [7] -1/-1/-1->0->1 [8] 1/-1/-1->0->8 [9] 7/17/-1->0->1 [10] 1/-1/-1->0->7 [11] 7/-1/-1->0->1 [12] 1/-1/-1->0->7 [13] 7/-1/-1->0->1 [14] 1/-1/-1->0->7 [15] -1/-1/-1->0->1
tcpxo-wb-0:2345:2345 [0] NCCL INFO P2P Chunksize set to 524288
tcpxo-wb-0:2345:2345 [0] NCCL INFO PROFILER/Plugin: Could not find: libnccl-profiler.so
tcpxo-wb-0:2345:2345 [0] NCCL INFO Check P2P Type isAllDirectP2p 1 directMode 0 isAllCudaP2p 1
tcpxo-wb-0:2345:2929 [0] NCCL INFO [Proxy Service] Device 0 CPU core 8
tcpxo-wb-0:2345:2930 [0] NCCL INFO [Proxy Service UDS] Device 0 CPU core 10
tcpxo-wb-0:2345:2929 [0] NCCL INFO New proxy send connection 0 from local rank 1, transport 0
tcpxo-wb-0:2345:2929 [0] NCCL INFO New proxy send connection 1 from local rank 2, transport 0
tcpxo-wb-0:2345:2929 [0] NCCL INFO New proxy send connection 2 from local rank 3, transport 0
tcpxo-wb-0:2345:2929 [0] NCCL INFO New proxy send connection 3 from local rank 4, transport 0
tcpxo-wb-0:2345:2929 [0] NCCL INFO New proxy send connection 4 from local rank 5, transport 0
tcpxo-wb-0:2345:2929 [0] NCCL INFO New proxy send connection 5 from local rank 6, transport 0
tcpxo-wb-0:2345:2929 [0] NCCL INFO New proxy send connection 6 from local rank 7, transport 0
tcpxo-wb-0:2345:2345 [0] NCCL INFO TUNER/Plugin: Using GcpTunerPlugin_v2 (v2)
tcpxo-wb-0:2345:2345 [0] NCCL INFO Successfully loaded external tuner plugin /usr/local/nvidia/lib64/libnccl-tuner.so
tcpxo-wb-0:2345:2345 [0] NCCL INFO Using tuner config: '/usr/local/nvidia/lib64/a3plus_tuner_config.textproto'
tcpxo-wb-0:2345:2345 [0] NCCL INFO tuner_v2 ver. ... initialized for nNodes:3 nRanks:24
tcpxo-wb-0:2345:2345 [0] NCCL INFO threadThresholds 8/8/64 | 192/8/64 | 512 | 512
tcpxo-wb-0:2345:2345 [0] NCCL INFO 16 coll channels, 16 collnet channels, 16 nvls channels, 16 p2p channels, 2 p2p channels per peer
tcpxo-wb-0:2345:2345 [0] NCCL INFO CC Off, workFifoBytes 1048576
tcpxo-wb-0:2345:2345 [0] NCCL INFO ncclCommInitRankConfig comm 0x5d23b359a450 rank 0 nranks 24 cudaDev 0 nvmlDev 0 busId 4000 commId 0xe381b5f3c991919e - Init COMPLETE
tcpxo-wb-0:2345:2345 [0] NCCL INFO Init timings - ncclCommInitRankConfig: rank 0 nranks 24 total 1.74 (kernels 0.28, alloc 0.99, bootstrap 0.01, allgathers 0.01, topo 0.05, graphs 0.15, connections 0.25, rest 0.01)
tcpxo-wb-0:2345:2345 [0] NCCL INFO Channel 00/0 : 0[0] -> 1[1] via P2P/CUMEM
tcpxo-wb-0:2345:2929 [0] NCCL INFO New proxy send connection 7 from local rank 0, transport 0
tcpxo-wb-0:2345:2345 [0] NCCL INFO Connected to proxy localRank 0 -> connection 0x791f640052b8
tcpxo-wb-0:2345:2345 [0] NCCL INFO Channel 01/0 : 0[0] -> 1[1] via P2P/CUMEM
tcpxo-wb-0:2345:2929 [0] NCCL INFO New proxy send connection 8 from local rank 0, transport 0
tcpxo-wb-0:2345:2345 [0] NCCL INFO Connected to proxy localRank 0 -> connection 0x791f64005330
tcpxo-wb-0:2345:2345 [0] NCCL INFO Channel 02/0 : 0[0] -> 1[1] via P2P/CUMEM
tcpxo-wb-0:2345:2929 [0] NCCL INFO New proxy send connection 9 from local rank 0, transport 0
tcpxo-wb-0:2345:2345 [0] NCCL INFO Connected to proxy localRank 0 -> connection 0x791f640053a8
tcpxo-wb-0:2345:2345 [0] NCCL INFO Channel 03/0 : 0[0] -> 1[1] via P2P/CUMEM
tcpxo-wb-0:2345:2929 [0] NCCL INFO New proxy send connection 10 from local rank 0, transport 0
tcpxo-wb-0:2345:2345 [0] NCCL INFO Connected to proxy localRank 0 -> connection 0x791f64005420
tcpxo-wb-0:2345:2345 [0] NCCL INFO Channel 04/0 : 0[0] -> 1[1] via P2P/CUMEM
tcpxo-wb-0:2345:2929 [0] NCCL INFO New proxy send connection 11 from local rank 0, transport 0
tcpxo-wb-0:2345:2345 [0] NCCL INFO Connected to proxy localRank 0 -> connection 0x791f64005498
tcpxo-wb-0:2345:2345 [0] NCCL INFO Channel 05/0 : 0[0] -> 1[1] via P2P/CUMEM
tcpxo-wb-0:2345:2929 [0] NCCL INFO New proxy send connection 12 from local rank 0, transport 0
tcpxo-wb-0:2345:2345 [0] NCCL INFO Connected to proxy localRank 0 -> connection 0x791f64005510
tcpxo-wb-0:2345:2345 [0] NCCL INFO Channel 06/0 : 0[0] -> 1[1] via P2P/CUMEM
tcpxo-wb-0:2345:2929 [0] NCCL INFO New proxy send connection 13 from local rank 0, transport 0
tcpxo-wb-0:2345:2345 [0] NCCL INFO Connected to proxy localRank 0 -> connection 0x791f64005588
tcpxo-wb-0:2345:2345 [0] NCCL INFO Channel 07/0 : 0[0] -> 1[1] via P2P/CUMEM
tcpxo-wb-0:2345:2929 [0] NCCL INFO New proxy send connection 14 from local rank 0, transport 0
tcpxo-wb-0:2345:2345 [0] NCCL INFO Connected to proxy localRank 0 -> connection 0x791f64005600
tcpxo-wb-0:2345:2345 [0] NCCL INFO Channel 08/0 : 0[0] -> 1[1] via P2P/CUMEM
tcpxo-wb-0:2345:2929 [0] NCCL INFO New proxy send connection 15 from local rank 0, transport 0
tcpxo-wb-0:2345:2345 [0] NCCL INFO Connected to proxy localRank 0 -> connection 0x791f64005678
tcpxo-wb-0:2345:2345 [0] NCCL INFO Channel 09/0 : 0[0] -> 1[1] via P2P/CUMEM
tcpxo-wb-0:2345:2929 [0] NCCL INFO New proxy send connection 16 from local rank 0, transport 0
tcpxo-wb-0:2345:2345 [0] NCCL INFO Connected to proxy localRank 0 -> connection 0x791f640056f0
tcpxo-wb-0:2345:2345 [0] NCCL INFO Channel 10/0 : 0[0] -> 1[1] via P2P/CUMEM
tcpxo-wb-0:2345:2929 [0] NCCL INFO New proxy send connection 17 from local rank 0, transport 0
tcpxo-wb-0:2345:2345 [0] NCCL INFO Connected to proxy localRank 0 -> connection 0x791f64005768
tcpxo-wb-0:2345:2345 [0] NCCL INFO Channel 11/0 : 0[0] -> 1[1] via P2P/CUMEM
tcpxo-wb-0:2345:2929 [0] NCCL INFO New proxy send connection 18 from local rank 0, transport 0
tcpxo-wb-0:2345:2345 [0] NCCL INFO Connected to proxy localRank 0 -> connection 0x791f640057e0
tcpxo-wb-0:2345:2345 [0] NCCL INFO Channel 12/0 : 0[0] -> 1[1] via P2P/CUMEM
tcpxo-wb-0:2345:2929 [0] NCCL INFO New proxy send connection 19 from local rank 0, transport 0
tcpxo-wb-0:2345:2345 [0] NCCL INFO Connected to proxy localRank 0 -> connection 0x791f64005858
tcpxo-wb-0:2345:2345 [0] NCCL INFO Channel 13/0 : 0[0] -> 1[1] via P2P/CUMEM
tcpxo-wb-0:2345:2929 [0] NCCL INFO New proxy send connection 20 from local rank 0, transport 0
tcpxo-wb-0:2345:2345 [0] NCCL INFO Connected to proxy localRank 0 -> connection 0x791f640058d0
tcpxo-wb-0:2345:2345 [0] NCCL INFO Channel 14/0 : 0[0] -> 1[1] via P2P/CUMEM
tcpxo-wb-0:2345:2929 [0] NCCL INFO New proxy send connection 21 from local rank 0, transport 0
tcpxo-wb-0:2345:2345 [0] NCCL INFO Connected to proxy localRank 0 -> connection 0x791f64005948
tcpxo-wb-0:2345:2345 [0] NCCL INFO Channel 15/0 : 0[0] -> 1[1] via P2P/CUMEM
tcpxo-wb-0:2345:2929 [0] NCCL INFO New proxy send connection 22 from local rank 0, transport 0
tcpxo-wb-0:2345:2345 [0] NCCL INFO Connected to proxy localRank 0 -> connection 0x791f640059c0
tcpxo-wb-0:2345:2345 [0] NCCL INFO GPU Direct RDMA Enabled for GPU 0 / HCA 1 (distance 4 <= 4), read 0 mode Default
tcpxo-wb-0:2345:2345 [0] NCCL INFO NET/FasTrak 2026-08-02T13:09:26.983974866+00:00: props: netDeviceType 0, netDeviceVersion 7
tcpxo-wb-0:2345:2929 [0] NCCL INFO New proxy recv connection 23 from local rank 0, transport 2
tcpxo-wb-0:2345:2345 [0] NCCL INFO Connected to proxy localRank 0 -> connection 0x791f64005a38
tcpxo-wb-0:2345:2929 [0] NCCL INFO NET/FasTrak 2026-08-02T13:09:26.999560699+00:00: props: netDeviceType 0, netDeviceVersion 7
tcpxo-wb-0:2345:2929 [0] NCCL INFO NET/FasTrak 2026-08-02T13:09:26.999591924+00:00: Netdev 1 is specified for connection to netdev 0.
tcpxo-wb-0:2345:2931 [0] NCCL INFO [Proxy Progress] Device 0 CPU core 11
tcpxo-wb-0:2345:2929 [0] NCCL INFO NET/FasTrak 2026-08-02T13:09:27.000220719+00:00: DXS listen socket ready for flow ID 0, port 4
tcpxo-wb-0:2345:2929 [0] NCCL INFO NET/FasTrak 2026-08-02T13:09:27.000230039+00:00: DXS listen socket ready for flow ID 1, port 3
tcpxo-wb-0:2345:2929 [0] NCCL INFO NET/FasTrak 2026-08-02T13:09:27.000232917+00:00: DXS listening on 192.169.0.3 (eth1) for GPU 0000:04:00.0, ctrl listening on 10.20.2.26<60805>
tcpxo-wb-0:2345:2345 [0] NCCL INFO Channel 09/0 : 17[1] -> 0[0] [receive] via NET/FasTrak/1/GDRDMA
tcpxo-wb-0:2345:2345 [0] NCCL INFO Channel 01/0 : 0[0] -> 7[7] via P2P/CUMEM
tcpxo-wb-0:2345:2929 [0] NCCL INFO New proxy send connection 24 from local rank 0, transport 0
tcpxo-wb-0:2345:2345 [0] NCCL INFO Connected to proxy localRank 0 -> connection 0x791f64005ab0
tcpxo-wb-0:2345:2345 [0] NCCL INFO Channel 02/0 : 0[0] -> 7[7] via P2P/CUMEM
tcpxo-wb-0:2345:2929 [0] NCCL INFO New proxy send connection 25 from local rank 0, transport 0
tcpxo-wb-0:2345:2345 [0] NCCL INFO Connected to proxy localRank 0 -> connection 0x791f64005b28
tcpxo-wb-0:2345:2345 [0] NCCL INFO Channel 03/0 : 0[0] -> 7[7] via P2P/CUMEM
tcpxo-wb-0:2345:2929 [0] NCCL INFO New proxy send connection 26 from local rank 0, transport 0
tcpxo-wb-0:2345:2345 [0] NCCL INFO Connected to proxy localRank 0 -> connection 0x791f64005ba0
tcpxo-wb-0:2345:2345 [0] NCCL INFO Channel 04/0 : 0[0] -> 7[7] via P2P/CUMEM
tcpxo-wb-0:2345:2929 [0] NCCL INFO New proxy send connection 27 from local rank 0, transport 0
tcpxo-wb-0:2345:2345 [0] NCCL INFO Connected to proxy localRank 0 -> connection 0x791f64005c18
tcpxo-wb-0:2345:2345 [0] NCCL INFO Channel 05/0 : 0[0] -> 7[7] via P2P/CUMEM
tcpxo-wb-0:2345:2929 [0] NCCL INFO New proxy send connection 28 from local rank 0, transport 0
tcpxo-wb-0:2345:2345 [0] NCCL INFO Connected to proxy localRank 0 -> connection 0x791f64005c90
tcpxo-wb-0:2345:2345 [0] NCCL INFO Channel 06/0 : 0[0] -> 7[7] via P2P/CUMEM
tcpxo-wb-0:2345:2929 [0] NCCL INFO New proxy send connection 29 from local rank 0, transport 0
tcpxo-wb-0:2345:2345 [0] NCCL INFO Connected to proxy localRank 0 -> connection 0x791f64005d08
tcpxo-wb-0:2345:2345 [0] NCCL INFO Channel 09/0 : 0[0] -> 7[7] via P2P/CUMEM
tcpxo-wb-0:2345:2929 [0] NCCL INFO New proxy send connection 30 from local rank 0, transport 0
tcpxo-wb-0:2345:2345 [0] NCCL INFO Connected to proxy localRank 0 -> connection 0x791f64005d80
tcpxo-wb-0:2345:2345 [0] NCCL INFO Channel 10/0 : 0[0] -> 7[7] via P2P/CUMEM
tcpxo-wb-0:2345:2929 [0] NCCL INFO New proxy send connection 31 from local rank 0, transport 0
tcpxo-wb-0:2345:2345 [0] NCCL INFO Connected to proxy localRank 0 -> connection 0x791f64005df8
tcpxo-wb-0:2345:2345 [0] NCCL INFO Channel 11/0 : 0[0] -> 7[7] via P2P/CUMEM
tcpxo-wb-0:2345:2929 [0] NCCL INFO New proxy send connection 32 from local rank 0, transport 0
tcpxo-wb-0:2345:2345 [0] NCCL INFO Connected to proxy localRank 0 -> connection 0x791f64005e70
tcpxo-wb-0:2345:2345 [0] NCCL INFO Channel 12/0 : 0[0] -> 7[7] via P2P/CUMEM
tcpxo-wb-0:2345:2929 [0] NCCL INFO New proxy send connection 33 from local rank 0, transport 0
tcpxo-wb-0:2345:2345 [0] NCCL INFO Connected to proxy localRank 0 -> connection 0x791f64005ee8
tcpxo-wb-0:2345:2345 [0] NCCL INFO Channel 13/0 : 0[0] -> 7[7] via P2P/CUMEM
tcpxo-wb-0:2345:2929 [0] NCCL INFO New proxy send connection 34 from local rank 0, transport 0
tcpxo-wb-0:2345:2345 [0] NCCL INFO Connected to proxy localRank 0 -> connection 0x791f64005f60
tcpxo-wb-0:2345:2345 [0] NCCL INFO Channel 14/0 : 0[0] -> 7[7] via P2P/CUMEM
tcpxo-wb-0:2345:2929 [0] NCCL INFO New proxy send connection 35 from local rank 0, transport 0
tcpxo-wb-0:2345:2345 [0] NCCL INFO Connected to proxy localRank 0 -> connection 0x791f64005fd8
tcpxo-wb-0:2345:2345 [0] NCCL INFO GPU Direct RDMA Enabled for GPU 0 / HCA 0 (distance 4 <= 4), read 0 mode Default
tcpxo-wb-0:2345:2345 [0] NCCL INFO NET/FasTrak 2026-08-02T13:09:27.009980109+00:00: props: netDeviceType 0, netDeviceVersion 7
tcpxo-wb-0:2345:2929 [0] NCCL INFO New proxy recv connection 36 from local rank 0, transport 2
tcpxo-wb-0:2345:2345 [0] NCCL INFO Connected to proxy localRank 0 -> connection 0x791f64006050
tcpxo-wb-0:2345:2929 [0] NCCL INFO NET/FasTrak 2026-08-02T13:09:27.010133012+00:00: props: netDeviceType 0, netDeviceVersion 7
tcpxo-wb-0:2345:2929 [0] NCCL INFO NET/FasTrak 2026-08-02T13:09:27.010867199+00:00: DXS listen socket ready for flow ID 0, port 10
tcpxo-wb-0:2345:2929 [0] NCCL INFO NET/FasTrak 2026-08-02T13:09:27.010877448+00:00: DXS listen socket ready for flow ID 1, port 9
tcpxo-wb-0:2345:2929 [0] NCCL INFO NET/FasTrak 2026-08-02T13:09:27.01088001+00:00: DXS listening on 192.169.0.3 (eth1) for GPU 0000:04:00.0, ctrl listening on 10.20.2.26<47107>
tcpxo-wb-0:2345:2345 [0] NCCL INFO Channel 00/0 : 16[0] -> 0[0] [receive] via NET/FasTrak/0/GDRDMA
tcpxo-wb-0:2345:2345 [0] NCCL INFO GPU Direct RDMA Enabled for GPU 0 / HCA 0 (distance 4 <= 4), read 1 mode Default
tcpxo-wb-0:2345:2929 [0] NCCL INFO New proxy send connection 37 from local rank 0, transport 2
tcpxo-wb-0:2345:2345 [0] NCCL INFO Connected to proxy localRank 0 -> connection 0x791f640060c8
tcpxo-wb-0:2345:2929 [0] NCCL INFO NET/FasTrak 2026-08-02T13:09:27.010966004+00:00: props: netDeviceType 0, netDeviceVersion 7
tcpxo-wb-0:2345:2345 [0] NCCL INFO Channel 08/0 : 0[0] -> 8[0] [send] via NET/FasTrak/0/GDRDMA
tcpxo-wb-0:2345:2345 [0] NCCL INFO GPU Direct RDMA Enabled for GPU 0 / HCA 0 (distance 4 <= 4), read 0 mode Default
tcpxo-wb-0:2345:2345 [0] NCCL INFO NET/FasTrak 2026-08-02T13:09:27.023262761+00:00: props: netDeviceType 0, netDeviceVersion 7
tcpxo-wb-0:2345:2929 [0] NCCL INFO New proxy recv connection 38 from local rank 0, transport 2
tcpxo-wb-0:2345:2345 [0] NCCL INFO Connected to proxy localRank 0 -> connection 0x791f64006140
tcpxo-wb-0:2345:2929 [0] NCCL INFO NET/FasTrak 2026-08-02T13:09:27.023359134+00:00: props: netDeviceType 0, netDeviceVersion 7
tcpxo-wb-0:2345:2929 [0] NCCL INFO NET/FasTrak 2026-08-02T13:09:27.023643126+00:00: DXS listen socket ready for flow ID 0, port 24
tcpxo-wb-0:2345:2929 [0] NCCL INFO NET/FasTrak 2026-08-02T13:09:27.023647142+00:00: DXS listen socket ready for flow ID 1, port 23
tcpxo-wb-0:2345:2929 [0] NCCL INFO NET/FasTrak 2026-08-02T13:09:27.023649234+00:00: DXS listening on 192.169.0.3 (eth1) for GPU 0000:04:00.0, ctrl listening on 10.20.2.26<55115>
tcpxo-wb-0:2345:2345 [0] NCCL INFO Channel 08/0 : 8[0] -> 0[0] [receive] via NET/FasTrak/0/GDRDMA
tcpxo-wb-0:2345:2345 [0] NCCL INFO GPU Direct RDMA Enabled for GPU 0 / HCA 0 (distance 4 <= 4), read 1 mode Default
tcpxo-wb-0:2345:2929 [0] NCCL INFO New proxy send connection 39 from local rank 0, transport 2
tcpxo-wb-0:2345:2345 [0] NCCL INFO Connected to proxy localRank 0 -> connection 0x791f640061b8
tcpxo-wb-0:2345:2929 [0] NCCL INFO NET/FasTrak 2026-08-02T13:09:27.023723567+00:00: props: netDeviceType 0, netDeviceVersion 7
tcpxo-wb-0:2345:2345 [0] NCCL INFO Channel 00/0 : 0[0] -> 16[0] [send] via NET/FasTrak/0/GDRDMA
tcpxo-wb-0:2345:2929 [0] NCCL INFO New proxy recv connection 40 from local rank 0, transport 0
tcpxo-wb-0:2345:2345 [0] NCCL INFO Connected to proxy localRank 0 -> connection 0x791f64006230
tcpxo-wb-0:2345:2929 [0] NCCL INFO New proxy recv connection 41 from local rank 0, transport 0
tcpxo-wb-0:2345:2345 [0] NCCL INFO Connected to proxy localRank 0 -> connection 0x791f640062a8
tcpxo-wb-0:2345:2929 [0] NCCL INFO New proxy recv connection 42 from local rank 0, transport 0
tcpxo-wb-0:2345:2345 [0] NCCL INFO Connected to proxy localRank 0 -> connection 0x791f64006320
tcpxo-wb-0:2345:2929 [0] NCCL INFO New proxy recv connection 43 from local rank 0, transport 0
tcpxo-wb-0:2345:2345 [0] NCCL INFO Connected to proxy localRank 0 -> connection 0x791f64006398
tcpxo-wb-0:2345:2929 [0] NCCL INFO New proxy recv connection 44 from local rank 0, transport 0
tcpxo-wb-0:2345:2345 [0] NCCL INFO Connected to proxy localRank 0 -> connection 0x791f64006410
tcpxo-wb-0:2345:2929 [0] NCCL INFO New proxy recv connection 45 from local rank 0, transport 0
tcpxo-wb-0:2345:2345 [0] NCCL INFO Connected to proxy localRank 0 -> connection 0x791f64006488
tcpxo-wb-0:2345:2929 [0] NCCL INFO New proxy recv connection 46 from local rank 0, transport 0
tcpxo-wb-0:2345:2345 [0] NCCL INFO Connected to proxy localRank 0 -> connection 0x791f64006500
tcpxo-wb-0:2345:2929 [0] NCCL INFO New proxy recv connection 47 from local rank 0, transport 0
tcpxo-wb-0:2345:2345 [0] NCCL INFO Connected to proxy localRank 0 -> connection 0x791f64006578
tcpxo-wb-0:2345:2929 [0] NCCL INFO New proxy recv connection 48 from local rank 0, transport 0
tcpxo-wb-0:2345:2345 [0] NCCL INFO Connected to proxy localRank 0 -> connection 0x791f640065f0
tcpxo-wb-0:2345:2929 [0] NCCL INFO New proxy recv connection 49 from local rank 0, transport 0
tcpxo-wb-0:2345:2345 [0] NCCL INFO Connected to proxy localRank 0 -> connection 0x791f64006668
tcpxo-wb-0:2345:2929 [0] NCCL INFO New proxy recv connection 50 from local rank 0, transport 0
tcpxo-wb-0:2345:2345 [0] NCCL INFO Connected to proxy localRank 0 -> connection 0x791f640066e0
tcpxo-wb-0:2345:2929 [0] NCCL INFO New proxy recv connection 51 from local rank 0, transport 0
tcpxo-wb-0:2345:2345 [0] NCCL INFO Connected to proxy localRank 0 -> connection 0x791f64006758
tcpxo-wb-0:2345:2345 [0] NCCL INFO GPU Direct RDMA Enabled for GPU 0 / HCA 1 (distance 4 <= 4), read 1 mode Default
tcpxo-wb-0:2345:2929 [0] NCCL INFO New proxy send connection 52 from local rank 0, transport 2
tcpxo-wb-0:2345:2345 [0] NCCL INFO Connected to proxy localRank 0 -> connection 0x791f640067d0
tcpxo-wb-0:2345:2929 [0] NCCL INFO NET/FasTrak 2026-08-02T13:09:27.043755687+00:00: props: netDeviceType 0, netDeviceVersion 7
tcpxo-wb-0:2345:2345 [0] NCCL INFO Channel 09/0 : 0[0] -> 17[1] [send] via NET/FasTrak/1/GDRDMA
tcpxo-wb-0:2345:2929 [0] NCCL INFO New proxy recv connection 53 from local rank 0, transport 0
tcpxo-wb-0:2345:2345 [0] NCCL INFO Connected to proxy localRank 0 -> connection 0x791f64006848
tcpxo-wb-0:2345:2929 [0] NCCL INFO New proxy recv connection 54 from local rank 0, transport 0
tcpxo-wb-0:2345:2345 [0] NCCL INFO Connected to proxy localRank 0 -> connection 0x791f640068c0
tcpxo-wb-0:2345:2929 [0] NCCL INFO New proxy recv connection 55 from local rank 0, transport 0
tcpxo-wb-0:2345:2345 [0] NCCL INFO Connected to proxy localRank 0 -> connection 0x791f64006938
tcpxo-wb-0:2345:2929 [0] NCCL INFO New proxy recv connection 56 from local rank 0, transport 0
tcpxo-wb-0:2345:2345 [0] NCCL INFO Connected to proxy localRank 0 -> connection 0x791f640069b0
tcpxo-wb-0:2345:2929 [0] NCCL INFO New proxy recv connection 57 from local rank 0, transport 0
tcpxo-wb-0:2345:2345 [0] NCCL INFO Connected to proxy localRank 0 -> connection 0x791f64006a28
tcpxo-wb-0:2345:2929 [0] NCCL INFO New proxy recv connection 58 from local rank 0, transport 0
tcpxo-wb-0:2345:2345 [0] NCCL INFO Connected to proxy localRank 0 -> connection 0x791f64006aa0
tcpxo-wb-0:2345:2929 [0] NCCL INFO New proxy recv connection 59 from local rank 0, transport 0
tcpxo-wb-0:2345:2345 [0] NCCL INFO Connected to proxy localRank 0 -> connection 0x791f64006b18
tcpxo-wb-0:2345:2929 [0] NCCL INFO New proxy recv connection 60 from local rank 0, transport 0
tcpxo-wb-0:2345:2345 [0] NCCL INFO Connected to proxy localRank 0 -> connection 0x791f64006b90
tcpxo-wb-0:2345:2929 [0] NCCL INFO New proxy recv connection 61 from local rank 0, transport 0
tcpxo-wb-0:2345:2345 [0] NCCL INFO Connected to proxy localRank 0 -> connection 0x791f64006c08
tcpxo-wb-0:2345:2929 [0] NCCL INFO New proxy recv connection 62 from local rank 0, transport 0
tcpxo-wb-0:2345:2345 [0] NCCL INFO Connected to proxy localRank 0 -> connection 0x791f64006c80
tcpxo-wb-0:2345:2929 [0] NCCL INFO New proxy recv connection 63 from local rank 0, transport 0
tcpxo-wb-0:2345:2345 [0] NCCL INFO Connected to proxy localRank 0 -> connection 0x791f64006cf8
tcpxo-wb-0:2345:2929 [0] NCCL INFO New proxy recv connection 64 from local rank 0, transport 0
tcpxo-wb-0:2345:2345 [0] NCCL INFO Connected to proxy localRank 0 -> connection 0x791f64006d70
tcpxo-wb-0:2345:2929 [0] NCCL INFO New proxy recv connection 65 from local rank 0, transport 0
tcpxo-wb-0:2345:2345 [0] NCCL INFO Connected to proxy localRank 0 -> connection 0x791f64006de8
tcpxo-wb-0:2345:2929 [0] NCCL INFO New proxy recv connection 66 from local rank 0, transport 0
tcpxo-wb-0:2345:2345 [0] NCCL INFO Connected to proxy localRank 0 -> connection 0x791f64006e60
tcpxo-wb-0:2345:2929 [0] NCCL INFO New proxy recv connection 67 from local rank 0, transport 0
tcpxo-wb-0:2345:2345 [0] NCCL INFO Connected to proxy localRank 0 -> connection 0x791f64006ed8
tcpxo-wb-0:2345:2929 [0] NCCL INFO New proxy recv connection 68 from local rank 0, transport 0
tcpxo-wb-0:2345:2345 [0] NCCL INFO Connected to proxy localRank 0 -> connection 0x791f64006f50
tcpxo-wb-0:2345:2345 [0] NCCL INFO Connected to proxy localRank 1 -> connection 0x7d0c8c006c80
tcpxo-wb-0:2345:2345 [0] NCCL INFO Connected to proxy localRank 7 -> connection 0x784b68006cf8
tcpxo-wb-0:2345:2929 [0] NCCL INFO NET/FasTrak 2026-08-02T13:09:27.301153593+00:00: Async accepting for comm:0x791f64065320 comm_idx:0x1.
tcpxo-wb-0:2345:2929 [0] NCCL INFO NET/FasTrak 2026-08-02T13:09:27.368520906+00:00: Async accepting for comm:0x791f64066a30 comm_idx:0x2.
tcpxo-wb-0:2345:2929 [0] NCCL INFO NET/FasTrak 2026-08-02T13:09:27.368556411+00:00: DXS flow ID 0 connecting to 192.169.0.4:2 comm_trace_id:0x84100003 comm_idx:0x3 on net_dev:0
tcpxo-wb-0:2345:2929 [0] NCCL INFO NET/FasTrak 2026-08-02T13:09:27.368580002+00:00: DXS flow ID 1 connecting to 192.169.0.4:1 comm_trace_id:0x84100003 comm_idx:0x3 on net_dev:0
tcpxo-wb-0:2345:2929 [0] NCCL INFO NET/FasTrak 2026-08-02T13:09:27.368601739+00:00: DXS flow ID 0 connecting to 192.169.0.2:23 comm_trace_id:0xa3000004 comm_idx:0x4 on net_dev:0
tcpxo-wb-0:2345:2929 [0] NCCL INFO NET/FasTrak 2026-08-02T13:09:27.368606373+00:00: DXS flow ID 1 connecting to 192.169.0.2:24 comm_trace_id:0xa3000004 comm_idx:0x4 on net_dev:0
tcpxo-wb-0:2345:2929 [0] NCCL INFO NET/FasTrak 2026-08-02T13:09:27.368633514+00:00: Async accepting for comm:0x791f6406bd60 comm_idx:0x5.
tcpxo-wb-0:2345:2929 [0] NCCL INFO NET/FasTrak 2026-08-02T13:09:27.374384729+00:00: All DXS flows connected to 192.169.0.4 comm:0x791f64068410 comm_trace_id:0x84100003 comm_idx:0x3 on net_dev:0 (Local IP: 192.169.0.3)
tcpxo-wb-0:2345:2929 [0] NCCL INFO NET/FasTrak 2026-08-02T13:09:27.374389352+00:00: Allocate send dev handle, comm 0x791f64068410
tcpxo-wb-0:2345:2929 [0] NCCL INFO NET/FasTrak 2026-08-02T13:09:27.374392143+00:00: Comm 0x791f64068410, createSendDevComm 0x791fc9ffc4d8
tcpxo-wb-0:2345:2929 [0] NCCL INFO NET/FasTrak 2026-08-02T13:09:27.379073229+00:00: Registering host memory for 0x791f64068410 data:0x791fa1b20200 size:524288
tcpxo-wb-0:2345:2929 [0] NCCL INFO NET/FasTrak 2026-08-02T13:09:27.384415034+00:00: RegMr[netdev=0] CUDA memory for comm 0x791f64068410 with handle:8653318625366216451 for data:0x31d4000000 size:4915200
tcpxo-wb-0:2345:2929 [0] NCCL INFO NET/FasTrak 2026-08-02T13:09:27.387629109+00:00: RegMr[netdev=0] CUDA memory for comm 0x791f64068410 with handle:8653318625366213186 for data:0x31d44b0000 size:8388608
tcpxo-wb-0:2345:2929 [0] NCCL INFO NET/FasTrak 2026-08-02T13:09:27.387657984+00:00: All DXS flows connected to 192.169.0.2 comm:0x791f6406a300 comm_trace_id:0xa3000004 comm_idx:0x4 on net_dev:0 (Local IP: 192.169.0.3)
tcpxo-wb-0:2345:2929 [0] NCCL INFO NET/FasTrak 2026-08-02T13:09:27.387661719+00:00: Allocate send dev handle, comm 0x791f6406a300
tcpxo-wb-0:2345:2929 [0] NCCL INFO NET/FasTrak 2026-08-02T13:09:27.387664281+00:00: Comm 0x791f6406a300, createSendDevComm 0x791fc9ffc4d8
tcpxo-wb-0:2345:2929 [0] NCCL INFO NET/FasTrak 2026-08-02T13:09:27.394473323+00:00: Registering host memory for 0x791f6406a300 data:0x31d5e00000 size:524288
tcpxo-wb-0:2345:2929 [0] NCCL INFO NET/FasTrak 2026-08-02T13:09:27.396158521+00:00: RegMr[netdev=0] CUDA memory for comm 0x791f6406a300 with handle:8653318625366214017 for data:0x31d5000000 size:4915200
tcpxo-wb-0:2345:2929 [0] NCCL INFO NET/FasTrak 2026-08-02T13:09:27.400435549+00:00: RegMr[netdev=0] CUDA memory for comm 0x791f6406a300 with handle:8653318625366214848 for data:0x31d54b0000 size:8388608
tcpxo-wb-0:2345:2929 [0] NCCL INFO NET/FasTrak 2026-08-02T13:09:27.42861478+00:00: All DXS flows accepted for comm:0x791f64066a30 comm_trace_id:0x0 on gpu_pci:0000:04:00.0 on comm_idx:2.
tcpxo-wb-0:2345:2929 [0] NCCL INFO NET/FasTrak 2026-08-02T13:09:27.428640422+00:00: Allocate recv dev handle for comm:0x791f64066a30 on gpu_pci:0000:04:00.0
tcpxo-wb-0:2345:2929 [0] NCCL INFO NET/FasTrak 2026-08-02T13:09:27.428643122+00:00: Linearized: comm 0x791f64066a30, createRecvDevComm 0x791fc9ffc480
tcpxo-wb-0:2345:2929 [0] NCCL INFO NET/FasTrak 2026-08-02T13:09:27.432442062+00:00: RegMr[netdev=0] CUDA memory for comm 0x791f64066a30 with handle:8653318625366213245 for data:0x31d6000000 size:524288
tcpxo-wb-0:2345:2929 [0] NCCL INFO NET/FasTrak 2026-08-02T13:09:27.434585513+00:00: RegMr[netdev=0] CUDA memory for comm 0x791f64066a30 with handle:8653318625366214076 for data:0x31d6080000 size:4915200
tcpxo-wb-0:2345:2929 [0] NCCL INFO NET/FasTrak 2026-08-02T13:09:27.439921153+00:00: RegMr[netdev=0] CUDA memory for comm 0x791f64066a30 with handle:8653318625366214907 for data:0x31d6530000 size:8388608
tcpxo-wb-0:2345:2929 [0] NCCL INFO NET/FasTrak 2026-08-02T13:09:27.439960532+00:00: Connecting to non-rail-aligned GPU (0 (local) -> 1 (remote)) using eth2
tcpxo-wb-0:2345:2929 [0] NCCL INFO NET/FasTrak 2026-08-02T13:09:27.439977196+00:00: Creating Buf op uds client  on server: rxdm_uds_buf_op:192.169.1.3
tcpxo-wb-0:2345:2929 [0] NCCL INFO NET/FasTrak 2026-08-02T13:09:27.439980899+00:00: Using abstract UDS address: rxdm_uds_buf_op:192.169.1.3
tcpxo-wb-0:2345:2929 [0] NCCL INFO NET/FasTrak 2026-08-02T13:09:27.440238675+00:00: Device doesn't match: 192.169.0.3
tcpxo-wb-0:2345:2929 [0] NCCL INFO NET/FasTrak 2026-08-02T13:09:27.440310395+00:00: Initializing DxsClient (src_addr=192.169.1.3:0, dxs_addr=169.254.169.254:55555, llcm=true)
tcpxo-wb-0:2345:2929 [0] NCCL INFO NET/FasTrak 2026-08-02T13:09:27.440598599+00:00: Binding to interface: eth2
tcpxo-wb-0:2345:2929 [0] NCCL INFO NET/FasTrak 2026-08-02T13:09:27.440614499+00:00: DxsClient connected (src_addr=192.169.1.3:43833, socket_fd=166)
tcpxo-wb-0:2345:2946 [0] NCCL INFO NET/FasTrak 2026-08-02T13:09:27.443133918+00:00: SCTP Connected
tcpxo-wb-0:2345:2929 [0] NCCL INFO NET/FasTrak 2026-08-02T13:09:27.494207059+00:00: DxsClient initialized.
tcpxo-wb-0:2345:2929 [0] NCCL INFO NET/FasTrak 2026-08-02T13:09:27.494219873+00:00: DXS flow ID 0 connecting to 192.169.1.2:7 comm_trace_id:0x3a600006 comm_idx:0x6 on net_dev:1
tcpxo-wb-0:2345:2929 [0] NCCL INFO NET/FasTrak 2026-08-02T13:09:27.494234019+00:00: DXS flow ID 1 connecting to 192.169.1.2:8 comm_trace_id:0x3a600006 comm_idx:0x6 on net_dev:1
tcpxo-wb-0:2345:2929 [0] NCCL INFO NET/FasTrak 2026-08-02T13:09:27.495569409+00:00: All DXS flows accepted for comm:0x791f64065320 comm_trace_id:0x0 on gpu_pci:0000:04:00.0 on comm_idx:1.
tcpxo-wb-0:2345:2929 [0] NCCL INFO NET/FasTrak 2026-08-02T13:09:27.495573373+00:00: Allocate recv dev handle for comm:0x791f64065320 on gpu_pci:0000:04:00.0
tcpxo-wb-0:2345:2929 [0] NCCL INFO NET/FasTrak 2026-08-02T13:09:27.495576177+00:00: Linearized: comm 0x791f64065320, createRecvDevComm 0x791fc9ffc480
tcpxo-wb-0:2345:2929 [0] NCCL INFO NET/FasTrak 2026-08-02T13:09:27.504826642+00:00: RegMr[netdev=0] CUDA memory for comm 0x791f64065320 with handle:8653318625366215738 for data:0x31d8000000 size:524288
tcpxo-wb-0:2345:2929 [0] NCCL INFO NET/FasTrak 2026-08-02T13:09:27.506965116+00:00: RegMr[netdev=0] CUDA memory for comm 0x791f64065320 with handle:8653318625366216569 for data:0x31d8080000 size:4915200
tcpxo-wb-0:2345:2929 [0] NCCL INFO NET/FasTrak 2026-08-02T13:09:27.512308575+00:00: RegMr[netdev=0] CUDA memory for comm 0x791f64065320 with handle:8653318625366213304 for data:0x31d8530000 size:8388608
tcpxo-wb-0:2345:2929 [0] NCCL INFO NET/FasTrak 2026-08-02T13:09:27.512340445+00:00: All DXS flows accepted for comm:0x791f6406bd60 comm_trace_id:0x0 on gpu_pci:0000:04:00.0 on comm_idx:5.
tcpxo-wb-0:2345:2929 [0] NCCL INFO NET/FasTrak 2026-08-02T13:09:27.512344077+00:00: Allocate recv dev handle for comm:0x791f6406bd60 on gpu_pci:0000:04:00.0
tcpxo-wb-0:2345:2929 [0] NCCL INFO NET/FasTrak 2026-08-02T13:09:27.51234639+00:00: Linearized: comm 0x791f6406bd60, createRecvDevComm 0x791fc9ffc480
tcpxo-wb-0:2345:2929 [0] NCCL INFO NET/FasTrak 2026-08-02T13:09:27.513384484+00:00: RegMr[netdev=0] CUDA memory for comm 0x791f6406bd60 with handle:8653318625366214135 for data:0x31d8e00000 size:524288
tcpxo-wb-0:2345:2929 [0] NCCL INFO NET/FasTrak 2026-08-02T13:09:27.515531942+00:00: RegMr[netdev=0] CUDA memory for comm 0x791f6406bd60 with handle:8653318625366214966 for data:0x31d8e80000 size:4915200
tcpxo-wb-0:2345:2929 [0] NCCL INFO NET/FasTrak 2026-08-02T13:09:27.516606805+00:00: RegMr[netdev=0] CUDA memory for comm 0x791f6406bd60 with handle:8653318625366215797 for data:0x31d9330000 size:8388608
tcpxo-wb-0:2345:2929 [0] NCCL INFO NET/FasTrak 2026-08-02T13:09:27.516625687+00:00: All DXS flows connected to 192.169.1.2 comm:0x791f64073a60 comm_trace_id:0x3a600006 comm_idx:0x6 on net_dev:1 (Local IP: 192.169.1.3)
tcpxo-wb-0:2345:2929 [0] NCCL INFO NET/FasTrak 2026-08-02T13:09:27.516629424+00:00: Allocate send dev handle, comm 0x791f64073a60
tcpxo-wb-0:2345:2929 [0] NCCL INFO NET/FasTrak 2026-08-02T13:09:27.51663177+00:00: Comm 0x791f64073a60, createSendDevComm 0x791fc9ffc4d8
tcpxo-wb-0:2345:2929 [0] NCCL INFO NET/FasTrak 2026-08-02T13:09:27.518088607+00:00: Registering host memory for 0x791f64073a60 data:0x31d5e82000 size:524288
tcpxo-wb-0:2345:2929 [0] NCCL INFO NET/FasTrak 2026-08-02T13:09:27.523770124+00:00: RegMr[netdev=1] CUDA memory for comm 0x791f64073a60 with handle:3985787139683392024 for data:0x31da000000 size:4915200
tcpxo-wb-0:2345:2929 [0] NCCL INFO NET/FasTrak 2026-08-02T13:09:27.526969205+00:00: RegMr[netdev=1] CUDA memory for comm 0x791f64073a60 with handle:3985787139683391851 for data:0x31da4b0000 size:8388608
tcpxo-wb-0:2345:2345 [0] NCCL INFO Connected all trees
tcpxo-wb-0:2345:2345 [0] NCCL INFO GPU Direct RDMA Enabled for GPU 0 / HCA 0 (distance 4 <= 4), read 0 mode Default
tcpxo-wb-0:2345:2345 [0] NCCL INFO NET/FasTrak 2026-08-02T13:09:27.853453242+00:00: props: netDeviceType 0, netDeviceVersion 7
tcpxo-wb-0:2345:2929 [0] NCCL INFO New proxy recv connection 69 from local rank 0, transport 2
tcpxo-wb-0:2345:2345 [0] NCCL INFO Connected to proxy localRank 0 -> connection 0x791f64006fc8
tcpxo-wb-0:2345:2929 [0] NCCL INFO NET/FasTrak 2026-08-02T13:09:27.85363991+00:00: props: netDeviceType 0, netDeviceVersion 7
tcpxo-wb-0:2345:2929 [0] NCCL INFO NET/FasTrak 2026-08-02T13:09:27.854728113+00:00: DXS listen socket ready for flow ID 0, port 6
tcpxo-wb-0:2345:2929 [0] NCCL INFO NET/FasTrak 2026-08-02T13:09:27.85473499+00:00: DXS listen socket ready for flow ID 1, port 5
tcpxo-wb-0:2345:2929 [0] NCCL INFO NET/FasTrak 2026-08-02T13:09:27.854738229+00:00: DXS listening on 192.169.0.3 (eth1) for GPU 0000:04:00.0, ctrl listening on 10.20.2.26<52241>
tcpxo-wb-0:2345:2345 [0] NCCL INFO Channel 00/0 : 17[1] -> 0[0] [receive] via NET/FasTrak/0/GDRDMA
tcpxo-wb-0:2345:2345 [0] NCCL INFO GPU Direct RDMA Enabled for GPU 0 / HCA 0 (distance 4 <= 4), read 0 mode Default
tcpxo-wb-0:2345:2345 [0] NCCL INFO NET/FasTrak 2026-08-02T13:09:27.854774011+00:00: props: netDeviceType 0, netDeviceVersion 7
tcpxo-wb-0:2345:2929 [0] NCCL INFO New proxy recv connection 70 from local rank 0, transport 2
tcpxo-wb-0:2345:2345 [0] NCCL INFO Connected to proxy localRank 0 -> connection 0x791f64007040
tcpxo-wb-0:2345:2929 [0] NCCL INFO NET/FasTrak 2026-08-02T13:09:27.854847739+00:00: props: netDeviceType 0, netDeviceVersion 7
tcpxo-wb-0:2345:2929 [0] NCCL INFO NET/FasTrak 2026-08-02T13:09:27.855800106+00:00: DXS listen socket ready for flow ID 0, port 12
tcpxo-wb-0:2345:2929 [0] NCCL INFO NET/FasTrak 2026-08-02T13:09:27.85580537+00:00: DXS listen socket ready for flow ID 1, port 11
tcpxo-wb-0:2345:2929 [0] NCCL INFO NET/FasTrak 2026-08-02T13:09:27.85580787+00:00: DXS listening on 192.169.0.3 (eth1) for GPU 0000:04:00.0, ctrl listening on 10.20.2.26<41375>
tcpxo-wb-0:2345:2345 [0] NCCL INFO Channel 08/0 : 17[1] -> 0[0] [receive] via NET/FasTrak/0/GDRDMA
tcpxo-wb-0:2345:2345 [0] NCCL INFO Channel 00/0 : 0[0] -> 7[7] via P2P/CUMEM
tcpxo-wb-0:2345:2929 [0] NCCL INFO New proxy send connection 71 from local rank 0, transport 0
tcpxo-wb-0:2345:2345 [0] NCCL INFO Connected to proxy localRank 0 -> connection 0x791f640070b8
tcpxo-wb-0:2345:2345 [0] NCCL INFO Channel 08/0 : 0[0] -> 7[7] via P2P/CUMEM
tcpxo-wb-0:2345:2929 [0] NCCL INFO New proxy send connection 72 from local rank 0, transport 0
tcpxo-wb-0:2345:2345 [0] NCCL INFO Connected to proxy localRank 0 -> connection 0x791f64007130
tcpxo-wb-0:2345:2345 [0] NCCL INFO GPU Direct RDMA Enabled for GPU 0 / HCA 1 (distance 4 <= 4), read 1 mode Default
tcpxo-wb-0:2345:2929 [0] NCCL INFO New proxy send connection 73 from local rank 0, transport 2
tcpxo-wb-0:2345:2345 [0] NCCL INFO Connected to proxy localRank 0 -> connection 0x791f640071a8
tcpxo-wb-0:2345:2929 [0] NCCL INFO NET/FasTrak 2026-08-02T13:09:27.856912136+00:00: props: netDeviceType 0, netDeviceVersion 7
tcpxo-wb-0:2345:2345 [0] NCCL INFO Channel 01/0 : 0[0] -> 9[1] [send] via NET/FasTrak/1/GDRDMA
tcpxo-wb-0:2345:2345 [0] NCCL INFO GPU Direct RDMA Enabled for GPU 0 / HCA 1 (distance 4 <= 4), read 1 mode Default
tcpxo-wb-0:2345:2929 [0] NCCL INFO New proxy send connection 74 from local rank 0, transport 2
tcpxo-wb-0:2345:2345 [0] NCCL INFO Connected to proxy localRank 0 -> connection 0x791f64007220
tcpxo-wb-0:2345:2929 [0] NCCL INFO NET/FasTrak 2026-08-02T13:09:27.856997085+00:00: props: netDeviceType 0, netDeviceVersion 7
tcpxo-wb-0:2345:2345 [0] NCCL INFO Channel 09/0 : 0[0] -> 9[1] [send] via NET/FasTrak/1/GDRDMA
tcpxo-wb-0:2345:2929 [0] NCCL INFO New proxy recv connection 75 from local rank 0, transport 0
tcpxo-wb-0:2345:2345 [0] NCCL INFO Connected to proxy localRank 0 -> connection 0x791f64007298
tcpxo-wb-0:2345:2929 [0] NCCL INFO New proxy recv connection 76 from local rank 0, transport 0
tcpxo-wb-0:2345:2345 [0] NCCL INFO Connected to proxy localRank 0 -> connection 0x791f64007310
tcpxo-wb-0:2345:2929 [0] NCCL INFO NET/FasTrak 2026-08-02T13:09:27.866267017+00:00: Async accepting for comm:0x791f64086b70 comm_idx:0x7.
tcpxo-wb-0:2345:2929 [0] NCCL INFO NET/FasTrak 2026-08-02T13:09:27.877477615+00:00: Async accepting for comm:0x791f64087f30 comm_idx:0x8.
tcpxo-wb-0:2345:2929 [0] NCCL INFO NET/FasTrak 2026-08-02T13:09:27.877498974+00:00: Connecting to non-rail-aligned GPU (0 (local) -> 1 (remote)) using eth2
tcpxo-wb-0:2345:2929 [0] NCCL INFO NET/FasTrak 2026-08-02T13:09:27.877511494+00:00: DXS flow ID 0 connecting to 192.169.1.4:23 comm_trace_id:0x99100009 comm_idx:0x9 on net_dev:1
tcpxo-wb-0:2345:2929 [0] NCCL INFO NET/FasTrak 2026-08-02T13:09:27.877535233+00:00: DXS flow ID 1 connecting to 192.169.1.4:24 comm_trace_id:0x99100009 comm_idx:0x9 on net_dev:1
tcpxo-wb-0:2345:2929 [0] NCCL INFO NET/FasTrak 2026-08-02T13:09:27.877554777+00:00: Connecting to non-rail-aligned GPU (0 (local) -> 1 (remote)) using eth2
tcpxo-wb-0:2345:2929 [0] NCCL INFO NET/FasTrak 2026-08-02T13:09:27.877561628+00:00: DXS flow ID 0 connecting to 192.169.1.4:25 comm_trace_id:0xb780000a comm_idx:0xa on net_dev:1
tcpxo-wb-0:2345:2929 [0] NCCL INFO NET/FasTrak 2026-08-02T13:09:27.877565504+00:00: DXS flow ID 1 connecting to 192.169.1.4:26 comm_trace_id:0xb780000a comm_idx:0xa on net_dev:1
tcpxo-wb-0:2345:2929 [0] NCCL INFO NET/FasTrak 2026-08-02T13:09:27.88252356+00:00: All DXS flows connected to 192.169.1.4 comm:0x791f64089910 comm_trace_id:0x99100009 comm_idx:0x9 on net_dev:1 (Local IP: 192.169.1.3)
tcpxo-wb-0:2345:2929 [0] NCCL INFO NET/FasTrak 2026-08-02T13:09:27.882528437+00:00: Allocate send dev handle, comm 0x791f64089910
tcpxo-wb-0:2345:2929 [0] NCCL INFO NET/FasTrak 2026-08-02T13:09:27.882530962+00:00: Comm 0x791f64089910, createSendDevComm 0x791fc9ffc4d8
tcpxo-wb-0:2345:2929 [0] NCCL INFO NET/FasTrak 2026-08-02T13:09:27.888059282+00:00: Registering host memory for 0x791f64089910 data:0x31d5f04000 size:524288
tcpxo-wb-0:2345:2929 [0] NCCL INFO NET/FasTrak 2026-08-02T13:09:27.889464401+00:00: RegMr[netdev=1] CUDA memory for comm 0x791f64089910 with handle:3985787139683389602 for data:0x791f89800000 size:4915200
tcpxo-wb-0:2345:2929 [0] NCCL INFO NET/FasTrak 2026-08-02T13:09:27.890528473+00:00: RegMr[netdev=1] CUDA memory for comm 0x791f64089910 with handle:3985787139683393525 for data:0x791f89cb0000 size:8388608
tcpxo-wb-0:2345:2929 [0] NCCL INFO NET/FasTrak 2026-08-02T13:09:27.890570948+00:00: All DXS flows connected to 192.169.1.4 comm:0x791f6408b780 comm_trace_id:0xb780000a comm_idx:0xa on net_dev:1 (Local IP: 192.169.1.3)
tcpxo-wb-0:2345:2929 [0] NCCL INFO NET/FasTrak 2026-08-02T13:09:27.890574758+00:00: Allocate send dev handle, comm 0x791f6408b780
tcpxo-wb-0:2345:2929 [0] NCCL INFO NET/FasTrak 2026-08-02T13:09:27.890577191+00:00: Comm 0x791f6408b780, createSendDevComm 0x791fc9ffc4d8
tcpxo-wb-0:2345:2929 [0] NCCL INFO NET/FasTrak 2026-08-02T13:09:27.898059764+00:00: Registering host memory for 0x791f6408b780 data:0x31cde00000 size:524288
tcpxo-wb-0:2345:2929 [0] NCCL INFO NET/FasTrak 2026-08-02T13:09:27.899070601+00:00: RegMr[netdev=1] CUDA memory for comm 0x791f6408b780 with handle:3985787139683393352 for data:0x791f8a600000 size:4915200
tcpxo-wb-0:2345:2929 [0] NCCL INFO NET/FasTrak 2026-08-02T13:09:27.900136987+00:00: RegMr[netdev=1] CUDA memory for comm 0x791f6408b780 with handle:3985787139683393179 for data:0x791f8aab0000 size:8388608
tcpxo-wb-0:2345:2929 [0] NCCL INFO NET/FasTrak 2026-08-02T13:09:27.900168212+00:00: All DXS flows accepted for comm:0x791f64086b70 comm_trace_id:0x0 on gpu_pci:0000:04:00.0 on comm_idx:7.
tcpxo-wb-0:2345:2929 [0] NCCL INFO NET/FasTrak 2026-08-02T13:09:27.900172144+00:00: Allocate recv dev handle for comm:0x791f64086b70 on gpu_pci:0000:04:00.0
tcpxo-wb-0:2345:2929 [0] NCCL INFO NET/FasTrak 2026-08-02T13:09:27.900174247+00:00: Linearized: comm 0x791f64086b70, createRecvDevComm 0x791fc9ffc480
tcpxo-wb-0:2345:2929 [0] NCCL INFO NET/FasTrak 2026-08-02T13:09:27.908433537+00:00: RegMr[netdev=0] CUDA memory for comm 0x791f64086b70 with handle:8653318625366215974 for data:0x791f8b400000 size:524288
tcpxo-wb-0:2345:2929 [0] NCCL INFO NET/FasTrak 2026-08-02T13:09:27.911704803+00:00: RegMr[netdev=0] CUDA memory for comm 0x791f64086b70 with handle:8653318625366213540 for data:0x791f8b480000 size:4915200
tcpxo-wb-0:2345:2929 [0] NCCL INFO NET/FasTrak 2026-08-02T13:09:27.913846098+00:00: RegMr[netdev=0] CUDA memory for comm 0x791f64086b70 with handle:8653318625366215202 for data:0x791f8b930000 size:8388608
tcpxo-wb-0:2345:2929 [0] NCCL INFO NET/FasTrak 2026-08-02T13:09:27.913892911+00:00: All DXS flows accepted for comm:0x791f64087f30 comm_trace_id:0x0 on gpu_pci:0000:04:00.0 on comm_idx:8.
tcpxo-wb-0:2345:2929 [0] NCCL INFO NET/FasTrak 2026-08-02T13:09:27.913899546+00:00: Allocate recv dev handle for comm:0x791f64087f30 on gpu_pci:0000:04:00.0
tcpxo-wb-0:2345:2929 [0] NCCL INFO NET/FasTrak 2026-08-02T13:09:27.913904081+00:00: Linearized: comm 0x791f64087f30, createRecvDevComm 0x791fc9ffc480
tcpxo-wb-0:2345:2929 [0] NCCL INFO NET/FasTrak 2026-08-02T13:09:27.918108158+00:00: RegMr[netdev=0] CUDA memory for comm 0x791f64087f30 with handle:8653318625366216033 for data:0x791f8c200000 size:524288
tcpxo-wb-0:2345:2929 [0] NCCL INFO NET/FasTrak 2026-08-02T13:09:27.919183484+00:00: RegMr[netdev=0] CUDA memory for comm 0x791f64087f30 with handle:8653318625366212768 for data:0x791f8c280000 size:4915200
tcpxo-wb-0:2345:2929 [0] NCCL INFO NET/FasTrak 2026-08-02T13:09:27.923433812+00:00: RegMr[netdev=0] CUDA memory for comm 0x791f64087f30 with handle:8653318625366213599 for data:0x791f8c730000 size:8388608
tcpxo-wb-0:2345:2345 [0] NCCL INFO Connected all rings, use ring PXN 0 GDR 1
tcpxo-wb-0:2345:2953 [0] NCCL INFO comm 0x5d23b359a450 rank 0 nRanks 24 cudaDev 0 busId 4000 - Abort START
tcpxo-wb-0:2345:2929 [0] NCCL INFO socketProgressOpt: abort called
tcpxo-wb-0:2345:2929 [0] NCCL INFO misc/socket.cc:943 -> 3
tcpxo-wb-0:2345:2929 [0] NCCL INFO socketProgressOpt: abort called
tcpxo-wb-0:2345:2929 [0] NCCL INFO misc/socket.cc:943 -> 3
tcpxo-wb-0:2345:2929 [0] NCCL INFO socketProgressOpt: abort called
tcpxo-wb-0:2345:2929 [0] NCCL INFO misc/socket.cc:943 -> 3
tcpxo-wb-0:2345:2953 [0] NCCL INFO socketProgressOpt: abort called
tcpxo-wb-0:2345:2953 [0] NCCL INFO misc/socket.cc:64 -> 3
tcpxo-wb-0:2345:2953 [0] NCCL INFO misc/socket.cc:81 -> 3
tcpxo-wb-0:2345:2953 [0] NCCL INFO misc/socket.cc:868 -> 3
tcpxo-wb-0:2345:2929 [0] NCCL INFO socketProgressOpt: abort called
tcpxo-wb-0:2345:2929 [0] NCCL INFO misc/socket.cc:943 -> 3
tcpxo-wb-0:2345:2953 [0] NCCL INFO socketProgressOpt: abort called
tcpxo-wb-0:2345:2953 [0] NCCL INFO misc/socket.cc:64 -> 3
tcpxo-wb-0:2345:2953 [0] NCCL INFO misc/socket.cc:81 -> 3
tcpxo-wb-0:2345:2953 [0] NCCL INFO misc/socket.cc:868 -> 3
tcpxo-wb-0:2345:2953 [0] NCCL INFO socketProgressOpt: abort called
tcpxo-wb-0:2345:2953 [0] NCCL INFO misc/socket.cc:64 -> 3
tcpxo-wb-0:2345:2953 [0] NCCL INFO misc/socket.cc:81 -> 3
tcpxo-wb-0:2345:2953 [0] NCCL INFO misc/socket.cc:868 -> 3
tcpxo-wb-0:2345:2953 [0] NCCL INFO TUNER/Plugin: Closing tuner: 'GcpTunerPlugin_v2'
tcpxo-wb-0:2345:2929 [0] NCCL INFO NET/FasTrak 2026-08-02T13:09:28.897519474+00:00: DeregMr[netdev=0] CUDA memory for comm 0x791f64065320 with handle:8653318625366215738 data:0x31d8000000 size:524288.
tcpxo-wb-0:2345:2929 [0] NCCL INFO NET/FasTrak 2026-08-02T13:09:28.898460097+00:00: DeregMr[netdev=0] CUDA memory for comm 0x791f64065320 with handle:8653318625366216569 data:0x31d8080000 size:4915200.
tcpxo-wb-0:2345:2929 [0] NCCL INFO NET/FasTrak 2026-08-02T13:09:28.899550296+00:00: DeregMr[netdev=0] CUDA memory for comm 0x791f64065320 with handle:8653318625366213304 data:0x31d8530000 size:8388608.
tcpxo-wb-0:2345:2929 [0] NCCL INFO NET/FasTrak 2026-08-02T13:09:28.901051485+00:00: Closing Recv comm 0x791f64065320
tcpxo-wb-0:2345:2929 [0] NCCL INFO NET/FasTrak 2026-08-02T13:09:28.90106027+00:00: COMM STATS:
tcpxo-wb-0:2345:2929 [0] NCCL INFO request/offload_scheduled: 1540
tcpxo-wb-0:2345:2929 [0] NCCL INFO request/offload_completed: 1540
tcpxo-wb-0:2345:2929 [0] NCCL INFO request/offload_backlog_curr: 0
tcpxo-wb-0:2345:2929 [0] NCCL INFO request/offload_backlog_peak: 7
tcpxo-wb-0:2345:2929 [0] NCCL INFO request/offload_size_distribution:
tcpxo-wb-0:2345:2929 [0] NCCL INFO Min: 10240
tcpxo-wb-0:2345:2929 [0] NCCL INFO Max: 75776
tcpxo-wb-0:2345:2929 [0] NCCL INFO Avg: 58168.5
tcpxo-wb-0:2345:2929 [0] NCCL INFO Bucket 0-10192.2 Count: 0
tcpxo-wb-0:2345:2929 [0] NCCL INFO Bucket 10192.2-12230.6 Count: 20
tcpxo-wb-0:2345:2929 [0] NCCL INFO Bucket 12230.6-14676.7 Count: 20
tcpxo-wb-0:2345:2929 [0] NCCL INFO Bucket 14676.7-17612.1 Count: 20
tcpxo-wb-0:2345:2929 [0] NCCL INFO Bucket 17612.1-21134.5 Count: 260
tcpxo-wb-0:2345:2929 [0] NCCL INFO Bucket 21134.5-25361.4 Count: 20
tcpxo-wb-0:2345:2929 [0] NCCL INFO Bucket 25361.4-30433.6 Count: 0
tcpxo-wb-0:2345:2929 [0] NCCL INFO Bucket 30433.6-36520.3 Count: 20
tcpxo-wb-0:2345:2929 [0] NCCL INFO Bucket 36520.3-43824.4 Count: 160
tcpxo-wb-0:2345:2929 [0] NCCL INFO Bucket 43824.4-52589.3 Count: 0
tcpxo-wb-0:2345:2929 [0] NCCL INFO Bucket 52589.3-63107.2 Count: 20
tcpxo-wb-0:2345:2929 [0] NCCL INFO Bucket 63107.2-75728.6 Count: 0
tcpxo-wb-0:2345:2929 [0] NCCL INFO Bucket 75728.6-90874.3 Count: 1000
tcpxo-wb-0:2345:2929 [0] NCCL INFO Bucket 90874.3-2.41938e+06 Count: 0
tcpxo-wb-0:2345:2929 [0] NCCL INFO request/offload_duration_distribution:
tcpxo-wb-0:2345:2929 [0] NCCL INFO Min: 24545
tcpxo-wb-0:2345:2929 [0] NCCL INFO Max: 1.33738e+06
tcpxo-wb-0:2345:2929 [0] NCCL INFO Avg: 178459
tcpxo-wb-0:2345:2929 [0] NCCL INFO Bucket 0-20736 Count: 0
tcpxo-wb-0:2345:2929 [0] NCCL INFO Bucket 20736-24883.2 Count: 1
tcpxo-wb-0:2345:2929 [0] NCCL INFO Bucket 24883.2-29859.8 Count: 1
tcpxo-wb-0:2345:2929 [0] NCCL INFO Bucket 29859.8-35831.8 Count: 2
tcpxo-wb-0:2345:2929 [0] NCCL INFO Bucket 35831.8-51597.8 Count: 0
tcpxo-wb-0:2345:2929 [0] NCCL INFO Bucket 51597.8-61917.4 Count: 13
tcpxo-wb-0:2345:2929 [0] NCCL INFO Bucket 61917.4-74300.8 Count: 61
tcpxo-wb-0:2345:2929 [0] NCCL INFO Bucket 74300.8-89161 Count: 218
tcpxo-wb-0:2345:2929 [0] NCCL INFO Bucket 89161-106993 Count: 283
tcpxo-wb-0:2345:2929 [0] NCCL INFO Bucket 106993-128392 Count: 71
tcpxo-wb-0:2345:2929 [0] NCCL INFO Bucket 128392-154070 Count: 38
tcpxo-wb-0:2345:2929 [0] NCCL INFO Bucket 154070-184884 Count: 250
tcpxo-wb-0:2345:2929 [0] NCCL INFO Bucket 184884-221861 Count: 164
tcpxo-wb-0:2345:2929 [0] NCCL INFO Bucket 221861-266233 Count: 250
tcpxo-wb-0:2345:2929 [0] NCCL INFO Bucket 266233-319480 Count: 138
tcpxo-wb-0:2345:2929 [0] NCCL INFO Bucket 319480-383376 Count: 13
tcpxo-wb-0:2345:2929 [0] NCCL INFO Bucket 383376-460051 Count: 13
tcpxo-wb-0:2345:2929 [0] NCCL INFO Bucket 460051-552061 Count: 0
tcpxo-wb-0:2345:2929 [0] NCCL INFO Bucket 552061-662474 Count: 8
tcpxo-wb-0:2345:2929 [0] NCCL INFO Bucket 662474-953962 Count: 0
tcpxo-wb-0:2345:2929 [0] NCCL INFO Bucket 953962-1.14475e+06 Count: 2
tcpxo-wb-0:2345:2929 [0] NCCL INFO Bucket 1.14475e+06-1.37371e+06 Count: 14
tcpxo-wb-0:2345:2929 [0] NCCL INFO Bucket 1.37371e+06-1.02067e+07 Count: 0
tcpxo-wb-0:2345:2929 [0] NCCL INFO request/unpack_duration_distribution:
tcpxo-wb-0:2345:2929 [0] NCCL INFO Bucket 0-1.09205e+07 Count: 0
tcpxo-wb-0:2345:2929 [0] NCCL INFO request/offload_complete_age_distribution:
tcpxo-wb-0:2345:2929 [0] NCCL INFO Min: 116
tcpxo-wb-0:2345:2929 [0] NCCL INFO Max: 49262
tcpxo-wb-0:2345:2929 [0] NCCL INFO Avg: 3116.65
tcpxo-wb-0:2345:2929 [0] NCCL INFO Bucket 0-100 Count: 0
tcpxo-wb-0:2345:2929 [0] NCCL INFO Bucket 100-120 Count: 2
tcpxo-wb-0:2345:2929 [0] NCCL INFO Bucket 120-144 Count: 113
tcpxo-wb-0:2345:2929 [0] NCCL INFO Bucket 144-172.8 Count: 66
tcpxo-wb-0:2345:2929 [0] NCCL INFO Bucket 172.8-207.36 Count: 6
tcpxo-wb-0:2345:2929 [0] NCCL INFO Bucket 207.36-248.832 Count: 0
tcpxo-wb-0:2345:2929 [0] NCCL INFO Bucket 248.832-298.598 Count: 8
tcpxo-wb-0:2345:2929 [0] NCCL INFO Bucket 298.598-358.318 Count: 157
tcpxo-wb-0:2345:2929 [0] NCCL INFO Bucket 358.318-429.982 Count: 99
tcpxo-wb-0:2345:2929 [0] NCCL INFO Bucket 429.982-515.978 Count: 103
tcpxo-wb-0:2345:2929 [0] NCCL INFO Bucket 515.978-619.174 Count: 55
tcpxo-wb-0:2345:2929 [0] NCCL INFO Bucket 619.174-743.008 Count: 115
tcpxo-wb-0:2345:2929 [0] NCCL INFO Bucket 743.008-891.61 Count: 105
tcpxo-wb-0:2345:2929 [0] NCCL INFO Bucket 891.61-1069.93 Count: 43
tcpxo-wb-0:2345:2929 [0] NCCL INFO Bucket 1069.93-1283.92 Count: 92
tcpxo-wb-0:2345:2929 [0] NCCL INFO Bucket 1283.92-1540.7 Count: 54
tcpxo-wb-0:2345:2929 [0] NCCL INFO Bucket 1540.7-1848.84 Count: 57
tcpxo-wb-0:2345:2929 [0] NCCL INFO Bucket 1848.84-2218.61 Count: 40
tcpxo-wb-0:2345:2929 [0] NCCL INFO Bucket 2218.61-2662.33 Count: 25
tcpxo-wb-0:2345:2929 [0] NCCL INFO Bucket 2662.33-3194.8 Count: 37
tcpxo-wb-0:2345:2929 [0] NCCL INFO Bucket 3194.8-3833.76 Count: 36
tcpxo-wb-0:2345:2929 [0] NCCL INFO Bucket 3833.76-4600.51 Count: 35
tcpxo-wb-0:2345:2929 [0] NCCL INFO Bucket 4600.51-5520.61 Count: 28
tcpxo-wb-0:2345:2929 [0] NCCL INFO Bucket 5520.61-6624.74 Count: 35
tcpxo-wb-0:2345:2929 [0] NCCL INFO Bucket 6624.74-7949.68 Count: 39
tcpxo-wb-0:2345:2929 [0] NCCL INFO Bucket 7949.68-9539.62 Count: 26
tcpxo-wb-0:2345:2929 [0] NCCL INFO Bucket 9539.62-11447.5 Count: 33
tcpxo-wb-0:2345:2929 [0] NCCL INFO Bucket 11447.5-13737.1 Count: 38
tcpxo-wb-0:2345:2929 [0] NCCL INFO Bucket 13737.1-16484.5 Count: 31
tcpxo-wb-0:2345:2929 [0] NCCL INFO Bucket 16484.5-19781.4 Count: 26
tcpxo-wb-0:2345:2929 [0] NCCL INFO Bucket 19781.4-23737.6 Count: 13
tcpxo-wb-0:2345:2929 [0] NCCL INFO Bucket 23737.6-28485.2 Count: 10
tcpxo-wb-0:2345:2929 [0] NCCL INFO Bucket 28485.2-34182.2 Count: 6
tcpxo-wb-0:2345:2929 [0] NCCL INFO Bucket 34182.2-41018.6 Count: 6
tcpxo-wb-0:2345:2929 [0] NCCL INFO Bucket 41018.6-49222.4 Count: 0
tcpxo-wb-0:2345:2929 [0] NCCL INFO Bucket 49222.4-59066.8 Count: 1
tcpxo-wb-0:2345:2929 [0] NCCL INFO request/unpack_num_iovs_distribution:
tcpxo-wb-0:2345:2929 [0] NCCL INFO Bucket 0-2116.47 Count: 0
tcpxo-wb-0:2345:2929 [0] NCCL INFO request/offload_interval_distribution:
tcpxo-wb-0:2345:2929 [0] NCCL INFO Min: 820
tcpxo-wb-0:2345:2929 [0] NCCL INFO Max: 4.83996e+08
tcpxo-wb-0:2345:2929 [0] NCCL INFO Avg: 356776
tcpxo-wb-0:2345:2929 [0] NCCL INFO Bucket 0-1000 Count: 11
tcpxo-wb-0:2345:2929 [0] NCCL INFO Bucket 1000-1200 Count: 270
tcpxo-wb-0:2345:2929 [0] NCCL INFO Bucket 1200-1440 Count: 121
tcpxo-wb-0:2345:2929 [0] NCCL INFO Bucket 1440-1728 Count: 175
tcpxo-wb-0:2345:2929 [0] NCCL INFO Bucket 1728-2073.6 Count: 156
tcpxo-wb-0:2345:2929 [0] NCCL INFO Bucket 2073.6-2488.32 Count: 127
tcpxo-wb-0:2345:2929 [0] NCCL INFO Bucket 2488.32-2985.98 Count: 91
tcpxo-wb-0:2345:2929 [0] NCCL INFO Bucket 2985.98-3583.18 Count: 40
tcpxo-wb-0:2345:2929 [0] NCCL INFO Bucket 3583.18-4299.82 Count: 18
tcpxo-wb-0:2345:2929 [0] NCCL INFO Bucket 4299.82-5159.78 Count: 14
tcpxo-wb-0:2345:2929 [0] NCCL INFO Bucket 5159.78-6191.74 Count: 14
tcpxo-wb-0:2345:2929 [0] NCCL INFO Bucket 6191.74-7430.08 Count: 25
tcpxo-wb-0:2345:2929 [0] NCCL INFO Bucket 7430.08-8916.1 Count: 28
tcpxo-wb-0:2345:2929 [0] NCCL INFO Bucket 8916.1-10699.3 Count: 28
tcpxo-wb-0:2345:2929 [0] NCCL INFO Bucket 10699.3-12839.2 Count: 31
tcpxo-wb-0:2345:2929 [0] NCCL INFO Bucket 12839.2-15407 Count: 31
tcpxo-wb-0:2345:2929 [0] NCCL INFO Bucket 15407-18488.4 Count: 32
tcpxo-wb-0:2345:2929 [0] NCCL INFO Bucket 18488.4-22186.1 Count: 22
tcpxo-wb-0:2345:2929 [0] NCCL INFO Bucket 22186.1-26623.3 Count: 24
tcpxo-wb-0:2345:2929 [0] NCCL INFO Bucket 26623.3-31948 Count: 24
tcpxo-wb-0:2345:2929 [0] NCCL INFO Bucket 31948-38337.6 Count: 12
tcpxo-wb-0:2345:2929 [0] NCCL INFO Bucket 38337.6-46005.1 Count: 12
tcpxo-wb-0:2345:2929 [0] NCCL INFO Bucket 46005.1-55206.1 Count: 7
tcpxo-wb-0:2345:2929 [0] NCCL INFO Bucket 55206.1-66247.4 Count: 7
tcpxo-wb-0:2345:2929 [0] NCCL INFO Bucket 66247.4-79496.8 Count: 4
tcpxo-wb-0:2345:2929 [0] NCCL INFO Bucket 79496.8-95396.2 Count: 24
tcpxo-wb-0:2345:2929 [0] NCCL INFO Bucket 95396.2-114475 Count: 16
tcpxo-wb-0:2345:2929 [0] NCCL INFO Bucket 114475-137371 Count: 6
tcpxo-wb-0:2345:2929 [0] NCCL INFO Bucket 137371-164845 Count: 37
tcpxo-wb-0:2345:2929 [0] NCCL INFO Bucket 164845-197814 Count: 41
tcpxo-wb-0:2345:2929 [0] NCCL INFO Bucket 197814-237376 Count: 41
tcpxo-wb-0:2345:2929 [0] NCCL INFO Bucket 237376-284852 Count: 25
tcpxo-wb-0:2345:2929 [0] NCCL INFO Bucket 284852-341822 Count: 4
tcpxo-wb-0:2345:2929 [0] NCCL INFO Bucket 341822-410186 Count: 2
tcpxo-wb-0:2345:2929 [0] NCCL INFO Bucket 410186-492224 Count: 2
tcpxo-wb-0:2345:2929 [0] NCCL INFO Bucket 492224-590668 Count: 6
tcpxo-wb-0:2345:2929 [0] NCCL INFO Bucket 590668-708802 Count: 3
tcpxo-wb-0:2345:2929 [0] NCCL INFO Bucket 708802-1.02067e+06 Count: 0
tcpxo-wb-0:2345:2929 [0] NCCL INFO Bucket 1.02067e+06-1.22481e+06 Count: 2
tcpxo-wb-0:2345:2929 [0] NCCL INFO Bucket 1.22481e+06-1.46977e+06 Count: 1
tcpxo-wb-0:2345:2929 [0] NCCL INFO Bucket 1.46977e+06-2.11647e+06 Count: 0
tcpxo-wb-0:2345:2929 [0] NCCL INFO Bucket 2.11647e+06-2.53977e+06 Count: 1
tcpxo-wb-0:2345:2929 [0] NCCL INFO Bucket 2.53977e+06-3.04772e+06 Count: 4
tcpxo-wb-0:2345:2929 [0] NCCL INFO Bucket 3.04772e+06-9.10044e+06 Count: 0
tcpxo-wb-0:2345:2929 [0] NCCL INFO Bucket 9.10044e+06-1.09205e+07 Count: 1
tcpxo-wb-0:2345:2929 [0] NCCL INFO NET/FasTrak 2026-08-02T13:09:28.908625525+00:00: DeregMr[netdev=0] CUDA memory for comm 0x791f64066a30 with handle:8653318625366213245 data:0x31d6000000 size:524288.
tcpxo-wb-0:2345:2929 [0] NCCL INFO NET/FasTrak 2026-08-02T13:09:28.909145071+00:00: DeregMr[netdev=0] CUDA memory for comm 0x791f64066a30 with handle:8653318625366214076 data:0x31d6080000 size:4915200.
tcpxo-wb-0:2345:2929 [0] NCCL INFO NET/FasTrak 2026-08-02T13:09:28.910886051+00:00: DeregMr[netdev=0] CUDA memory for comm 0x791f64066a30 with handle:8653318625366214907 data:0x31d6530000 size:8388608.
tcpxo-wb-0:2345:2929 [0] NCCL INFO NET/FasTrak 2026-08-02T13:09:28.912354398+00:00: Closing Recv comm 0x791f64066a30
tcpxo-wb-0:2345:2929 [0] NCCL INFO NET/FasTrak 2026-08-02T13:09:28.912362212+00:00: COMM STATS:
tcpxo-wb-0:2345:2929 [0] NCCL INFO request/offload_scheduled: 1850
tcpxo-wb-0:2345:2929 [0] NCCL INFO request/offload_completed: 1850
tcpxo-wb-0:2345:2929 [0] NCCL INFO request/offload_backlog_curr: 0
tcpxo-wb-0:2345:2929 [0] NCCL INFO request/offload_backlog_peak: 7
tcpxo-wb-0:2345:2929 [0] NCCL INFO request/offload_size_distribution:
tcpxo-wb-0:2345:2929 [0] NCCL INFO Min: 2048
tcpxo-wb-0:2345:2929 [0] NCCL INFO Max: 75776
tcpxo-wb-0:2345:2929 [0] NCCL INFO Avg: 49185.2
tcpxo-wb-0:2345:2929 [0] NCCL INFO Bucket 0-4096 Count: 190
tcpxo-wb-0:2345:2929 [0] NCCL INFO Bucket 4096-4915.2 Count: 20
tcpxo-wb-0:2345:2929 [0] NCCL INFO Bucket 4915.2-5898.24 Count: 0
tcpxo-wb-0:2345:2929 [0] NCCL INFO Bucket 5898.24-7077.89 Count: 20
tcpxo-wb-0:2345:2929 [0] NCCL INFO Bucket 7077.89-10192.2 Count: 0
tcpxo-wb-0:2345:2929 [0] NCCL INFO Bucket 10192.2-12230.6 Count: 100
tcpxo-wb-0:2345:2929 [0] NCCL INFO Bucket 12230.6-14676.7 Count: 20
tcpxo-wb-0:2345:2929 [0] NCCL INFO Bucket 14676.7-17612.1 Count: 20
tcpxo-wb-0:2345:2929 [0] NCCL INFO Bucket 17612.1-21134.5 Count: 260
tcpxo-wb-0:2345:2929 [0] NCCL INFO Bucket 21134.5-25361.4 Count: 20
tcpxo-wb-0:2345:2929 [0] NCCL INFO Bucket 25361.4-30433.6 Count: 0
tcpxo-wb-0:2345:2929 [0] NCCL INFO Bucket 30433.6-36520.3 Count: 20
tcpxo-wb-0:2345:2929 [0] NCCL INFO Bucket 36520.3-43824.4 Count: 160
tcpxo-wb-0:2345:2929 [0] NCCL INFO Bucket 43824.4-52589.3 Count: 0
tcpxo-wb-0:2345:2929 [0] NCCL INFO Bucket 52589.3-63107.2 Count: 20
tcpxo-wb-0:2345:2929 [0] NCCL INFO Bucket 63107.2-75728.6 Count: 0
tcpxo-wb-0:2345:2929 [0] NCCL INFO Bucket 75728.6-90874.3 Count: 1000
tcpxo-wb-0:2345:2929 [0] NCCL INFO Bucket 90874.3-2.41938e+06 Count: 0
tcpxo-wb-0:2345:2929 [0] NCCL INFO request/offload_duration_distribution:
tcpxo-wb-0:2345:2929 [0] NCCL INFO Min: 16176
tcpxo-wb-0:2345:2929 [0] NCCL INFO Max: 4.5157e+06
tcpxo-wb-0:2345:2929 [0] NCCL INFO Avg: 185196
tcpxo-wb-0:2345:2929 [0] NCCL INFO Bucket 0-14400 Count: 0
tcpxo-wb-0:2345:2929 [0] NCCL INFO Bucket 14400-17280 Count: 2
tcpxo-wb-0:2345:2929 [0] NCCL INFO Bucket 17280-20736 Count: 1
tcpxo-wb-0:2345:2929 [0] NCCL INFO Bucket 20736-24883.2 Count: 0
tcpxo-wb-0:2345:2929 [0] NCCL INFO Bucket 24883.2-29859.8 Count: 2
tcpxo-wb-0:2345:2929 [0] NCCL INFO Bucket 29859.8-42998.2 Count: 0
tcpxo-wb-0:2345:2929 [0] NCCL INFO Bucket 42998.2-51597.8 Count: 2
tcpxo-wb-0:2345:2929 [0] NCCL INFO Bucket 51597.8-61917.4 Count: 9
tcpxo-wb-0:2345:2929 [0] NCCL INFO Bucket 61917.4-74300.8 Count: 111
tcpxo-wb-0:2345:2929 [0] NCCL INFO Bucket 74300.8-89161 Count: 256
tcpxo-wb-0:2345:2929 [0] NCCL INFO Bucket 89161-106993 Count: 192
tcpxo-wb-0:2345:2929 [0] NCCL INFO Bucket 106993-128392 Count: 48
tcpxo-wb-0:2345:2929 [0] NCCL INFO Bucket 128392-154070 Count: 267
tcpxo-wb-0:2345:2929 [0] NCCL INFO Bucket 154070-184884 Count: 330
tcpxo-wb-0:2345:2929 [0] NCCL INFO Bucket 184884-221861 Count: 171
tcpxo-wb-0:2345:2929 [0] NCCL INFO Bucket 221861-266233 Count: 237
tcpxo-wb-0:2345:2929 [0] NCCL INFO Bucket 266233-319480 Count: 155
tcpxo-wb-0:2345:2929 [0] NCCL INFO Bucket 319480-383376 Count: 22
tcpxo-wb-0:2345:2929 [0] NCCL INFO Bucket 383376-460051 Count: 5
tcpxo-wb-0:2345:2929 [0] NCCL INFO Bucket 460051-552061 Count: 1
tcpxo-wb-0:2345:2929 [0] NCCL INFO Bucket 552061-662474 Count: 8
tcpxo-wb-0:2345:2929 [0] NCCL INFO Bucket 662474-794968 Count: 1
tcpxo-wb-0:2345:2929 [0] NCCL INFO Bucket 794968-953962 Count: 9
tcpxo-wb-0:2345:2929 [0] NCCL INFO Bucket 953962-1.14475e+06 Count: 1
tcpxo-wb-0:2345:2929 [0] NCCL INFO Bucket 1.14475e+06-1.37371e+06 Count: 15
tcpxo-wb-0:2345:2929 [0] NCCL INFO Bucket 1.37371e+06-1.64845e+06 Count: 1
tcpxo-wb-0:2345:2929 [0] NCCL INFO Bucket 1.64845e+06-2.84852e+06 Count: 0
tcpxo-wb-0:2345:2929 [0] NCCL INFO Bucket 2.84852e+06-3.41822e+06 Count: 1
tcpxo-wb-0:2345:2929 [0] NCCL INFO Bucket 3.41822e+06-4.10186e+06 Count: 2
tcpxo-wb-0:2345:2929 [0] NCCL INFO Bucket 4.10186e+06-4.92224e+06 Count: 1
tcpxo-wb-0:2345:2929 [0] NCCL INFO Bucket 4.92224e+06-1.02067e+07 Count: 0
tcpxo-wb-0:2345:2929 [0] NCCL INFO request/unpack_duration_distribution:
tcpxo-wb-0:2345:2929 [0] NCCL INFO Bucket 0-1.09205e+07 Count: 0
tcpxo-wb-0:2345:2929 [0] NCCL INFO request/offload_complete_age_distribution:
tcpxo-wb-0:2345:2929 [0] NCCL INFO Min: 113
tcpxo-wb-0:2345:2929 [0] NCCL INFO Max: 35581
tcpxo-wb-0:2345:2929 [0] NCCL INFO Avg: 1622.11
tcpxo-wb-0:2345:2929 [0] NCCL INFO Bucket 0-100 Count: 0
tcpxo-wb-0:2345:2929 [0] NCCL INFO Bucket 100-120 Count: 6
tcpxo-wb-0:2345:2929 [0] NCCL INFO Bucket 120-144 Count: 388
tcpxo-wb-0:2345:2929 [0] NCCL INFO Bucket 144-172.8 Count: 213
tcpxo-wb-0:2345:2929 [0] NCCL INFO Bucket 172.8-207.36 Count: 52
tcpxo-wb-0:2345:2929 [0] NCCL INFO Bucket 207.36-248.832 Count: 6
tcpxo-wb-0:2345:2929 [0] NCCL INFO Bucket 248.832-298.598 Count: 1
tcpxo-wb-0:2345:2929 [0] NCCL INFO Bucket 298.598-358.318 Count: 3
tcpxo-wb-0:2345:2929 [0] NCCL INFO Bucket 358.318-429.982 Count: 20
tcpxo-wb-0:2345:2929 [0] NCCL INFO Bucket 429.982-515.978 Count: 94
tcpxo-wb-0:2345:2929 [0] NCCL INFO Bucket 515.978-619.174 Count: 112
tcpxo-wb-0:2345:2929 [0] NCCL INFO Bucket 619.174-743.008 Count: 74
tcpxo-wb-0:2345:2929 [0] NCCL INFO Bucket 743.008-891.61 Count: 115
tcpxo-wb-0:2345:2929 [0] NCCL INFO Bucket 891.61-1069.93 Count: 100
tcpxo-wb-0:2345:2929 [0] NCCL INFO Bucket 1069.93-1283.92 Count: 109
tcpxo-wb-0:2345:2929 [0] NCCL INFO Bucket 1283.92-1540.7 Count: 98
tcpxo-wb-0:2345:2929 [0] NCCL INFO Bucket 1540.7-1848.84 Count: 78
tcpxo-wb-0:2345:2929 [0] NCCL INFO Bucket 1848.84-2218.61 Count: 58
tcpxo-wb-0:2345:2929 [0] NCCL INFO Bucket 2218.61-2662.33 Count: 39
tcpxo-wb-0:2345:2929 [0] NCCL INFO Bucket 2662.33-3194.8 Count: 27
tcpxo-wb-0:2345:2929 [0] NCCL INFO Bucket 3194.8-3833.76 Count: 36
tcpxo-wb-0:2345:2929 [0] NCCL INFO Bucket 3833.76-4600.51 Count: 41
tcpxo-wb-0:2345:2929 [0] NCCL INFO Bucket 4600.51-5520.61 Count: 46
tcpxo-wb-0:2345:2929 [0] NCCL INFO Bucket 5520.61-6624.74 Count: 28
tcpxo-wb-0:2345:2929 [0] NCCL INFO Bucket 6624.74-7949.68 Count: 32
tcpxo-wb-0:2345:2929 [0] NCCL INFO Bucket 7949.68-9539.62 Count: 24
tcpxo-wb-0:2345:2929 [0] NCCL INFO Bucket 9539.62-11447.5 Count: 17
tcpxo-wb-0:2345:2929 [0] NCCL INFO Bucket 11447.5-13737.1 Count: 13
tcpxo-wb-0:2345:2929 [0] NCCL INFO Bucket 13737.1-16484.5 Count: 8
tcpxo-wb-0:2345:2929 [0] NCCL INFO Bucket 16484.5-19781.4 Count: 7
tcpxo-wb-0:2345:2929 [0] NCCL INFO Bucket 19781.4-23737.6 Count: 2
tcpxo-wb-0:2345:2929 [0] NCCL INFO Bucket 23737.6-28485.2 Count: 1
tcpxo-wb-0:2345:2929 [0] NCCL INFO Bucket 28485.2-34182.2 Count: 1
tcpxo-wb-0:2345:2929 [0] NCCL INFO Bucket 34182.2-41018.6 Count: 1
tcpxo-wb-0:2345:2929 [0] NCCL INFO Bucket 41018.6-59066.8 Count: 0
tcpxo-wb-0:2345:2929 [0] NCCL INFO request/unpack_num_iovs_distribution:
tcpxo-wb-0:2345:2929 [0] NCCL INFO Bucket 0-2116.47 Count: 0
tcpxo-wb-0:2345:2929 [0] NCCL INFO request/offload_interval_distribution:
tcpxo-wb-0:2345:2929 [0] NCCL INFO Min: 906
tcpxo-wb-0:2345:2929 [0] NCCL INFO Max: 3.53999e+08
tcpxo-wb-0:2345:2929 [0] NCCL INFO Avg: 819256
tcpxo-wb-0:2345:2929 [0] NCCL INFO Bucket 0-1000 Count: 3
tcpxo-wb-0:2345:2929 [0] NCCL INFO Bucket 1000-1200 Count: 63
tcpxo-wb-0:2345:2929 [0] NCCL INFO Bucket 1200-1440 Count: 203
tcpxo-wb-0:2345:2929 [0] NCCL INFO Bucket 1440-1728 Count: 195
tcpxo-wb-0:2345:2929 [0] NCCL INFO Bucket 1728-2073.6 Count: 246
tcpxo-wb-0:2345:2929 [0] NCCL INFO Bucket 2073.6-2488.32 Count: 143
tcpxo-wb-0:2345:2929 [0] NCCL INFO Bucket 2488.32-2985.98 Count: 66
tcpxo-wb-0:2345:2929 [0] NCCL INFO Bucket 2985.98-3583.18 Count: 40
tcpxo-wb-0:2345:2929 [0] NCCL INFO Bucket 3583.18-4299.82 Count: 12
tcpxo-wb-0:2345:2929 [0] NCCL INFO Bucket 4299.82-5159.78 Count: 5
tcpxo-wb-0:2345:2929 [0] NCCL INFO Bucket 5159.78-6191.74 Count: 10
tcpxo-wb-0:2345:2929 [0] NCCL INFO Bucket 6191.74-7430.08 Count: 19
tcpxo-wb-0:2345:2929 [0] NCCL INFO Bucket 7430.08-8916.1 Count: 29
tcpxo-wb-0:2345:2929 [0] NCCL INFO Bucket 8916.1-10699.3 Count: 33
tcpxo-wb-0:2345:2929 [0] NCCL INFO Bucket 10699.3-12839.2 Count: 34
tcpxo-wb-0:2345:2929 [0] NCCL INFO Bucket 12839.2-15407 Count: 43
tcpxo-wb-0:2345:2929 [0] NCCL INFO Bucket 15407-18488.4 Count: 39
tcpxo-wb-0:2345:2929 [0] NCCL INFO Bucket 18488.4-22186.1 Count: 44
tcpxo-wb-0:2345:2929 [0] NCCL INFO Bucket 22186.1-26623.3 Count: 28
tcpxo-wb-0:2345:2929 [0] NCCL INFO Bucket 26623.3-31948 Count: 33
tcpxo-wb-0:2345:2929 [0] NCCL INFO Bucket 31948-38337.6 Count: 16
tcpxo-wb-0:2345:2929 [0] NCCL INFO Bucket 38337.6-46005.1 Count: 7
tcpxo-wb-0:2345:2929 [0] NCCL INFO Bucket 46005.1-55206.1 Count: 9
tcpxo-wb-0:2345:2929 [0] NCCL INFO Bucket 55206.1-66247.4 Count: 2
tcpxo-wb-0:2345:2929 [0] NCCL INFO Bucket 66247.4-79496.8 Count: 14
tcpxo-wb-0:2345:2929 [0] NCCL INFO Bucket 79496.8-95396.2 Count: 18
tcpxo-wb-0:2345:2929 [0] NCCL INFO Bucket 95396.2-114475 Count: 5
tcpxo-wb-0:2345:2929 [0] NCCL INFO Bucket 114475-137371 Count: 158
tcpxo-wb-0:2345:2929 [0] NCCL INFO Bucket 137371-164845 Count: 119
tcpxo-wb-0:2345:2929 [0] NCCL INFO Bucket 164845-197814 Count: 73
tcpxo-wb-0:2345:2929 [0] NCCL INFO Bucket 197814-237376 Count: 64
tcpxo-wb-0:2345:2929 [0] NCCL INFO Bucket 237376-284852 Count: 40
tcpxo-wb-0:2345:2929 [0] NCCL INFO Bucket 284852-341822 Count: 9
tcpxo-wb-0:2345:2929 [0] NCCL INFO Bucket 341822-410186 Count: 1
tcpxo-wb-0:2345:2929 [0] NCCL INFO Bucket 410186-492224 Count: 0
tcpxo-wb-0:2345:2929 [0] NCCL INFO Bucket 492224-590668 Count: 2
tcpxo-wb-0:2345:2929 [0] NCCL INFO Bucket 590668-708802 Count: 1
tcpxo-wb-0:2345:2929 [0] NCCL INFO Bucket 708802-850562 Count: 1
tcpxo-wb-0:2345:2929 [0] NCCL INFO Bucket 850562-1.02067e+06 Count: 1
tcpxo-wb-0:2345:2929 [0] NCCL INFO Bucket 1.02067e+06-1.22481e+06 Count: 3
tcpxo-wb-0:2345:2929 [0] NCCL INFO Bucket 1.22481e+06-1.46977e+06 Count: 1
tcpxo-wb-0:2345:2929 [0] NCCL INFO Bucket 1.46977e+06-1.76373e+06 Count: 1
tcpxo-wb-0:2345:2929 [0] NCCL INFO Bucket 1.76373e+06-2.11647e+06 Count: 0
tcpxo-wb-0:2345:2929 [0] NCCL INFO Bucket 2.11647e+06-2.53977e+06 Count: 3
tcpxo-wb-0:2345:2929 [0] NCCL INFO Bucket 2.53977e+06-3.04772e+06 Count: 2
tcpxo-wb-0:2345:2929 [0] NCCL INFO Bucket 3.04772e+06-3.65726e+06 Count: 2
tcpxo-wb-0:2345:2929 [0] NCCL INFO Bucket 3.65726e+06-4.38871e+06 Count: 1
tcpxo-wb-0:2345:2929 [0] NCCL INFO Bucket 4.38871e+06-5.26646e+06 Count: 1
tcpxo-wb-0:2345:2929 [0] NCCL INFO Bucket 5.26646e+06-9.10044e+06 Count: 0
tcpxo-wb-0:2345:2929 [0] NCCL INFO Bucket 9.10044e+06-1.09205e+07 Count: 8
tcpxo-wb-0:2345:2929 [0] NCCL INFO NET/FasTrak 2026-08-02T13:09:28.912513224+00:00: DeregMr host memory for 0x791f64068410 data:0x791fa1b20200 size:524288.
tcpxo-wb-0:2345:2929 [0] NCCL INFO NET/FasTrak 2026-08-02T13:09:28.912516652+00:00: DeregMr[netdev=0] CUDA memory for comm 0x791f64068410 with handle:8653318625366216451 data:0x31d4000000 size:4915200.
tcpxo-wb-0:2345:2929 [0] NCCL INFO NET/FasTrak 2026-08-02T13:09:28.913284564+00:00: DeregMr[netdev=0] CUDA memory for comm 0x791f64068410 with handle:8653318625366213186 data:0x31d44b0000 size:8388608.
tcpxo-wb-0:2345:2929 [0] NCCL INFO NET/FasTrak 2026-08-02T13:09:28.914539199+00:00: Closing Send comm 0x791f64068410
tcpxo-wb-0:2345:2929 [0] NCCL INFO NET/FasTrak 2026-08-02T13:09:28.914546983+00:00: COMM STATS:
tcpxo-wb-0:2345:2929 [0] NCCL INFO request/offload_scheduled: 1540
tcpxo-wb-0:2345:2929 [0] NCCL INFO request/offload_completed: 1540
tcpxo-wb-0:2345:2929 [0] NCCL INFO request/offload_backlog_curr: 0
tcpxo-wb-0:2345:2929 [0] NCCL INFO request/offload_backlog_peak: 7
tcpxo-wb-0:2345:2929 [0] NCCL INFO request/offload_size_distribution:
tcpxo-wb-0:2345:2929 [0] NCCL INFO Min: 10240
tcpxo-wb-0:2345:2929 [0] NCCL INFO Max: 75776
tcpxo-wb-0:2345:2929 [0] NCCL INFO Avg: 58168.5
tcpxo-wb-0:2345:2929 [0] NCCL INFO Bucket 0-10192.2 Count: 0
tcpxo-wb-0:2345:2929 [0] NCCL INFO Bucket 10192.2-12230.6 Count: 20
tcpxo-wb-0:2345:2929 [0] NCCL INFO Bucket 12230.6-14676.7 Count: 20
tcpxo-wb-0:2345:2929 [0] NCCL INFO Bucket 14676.7-17612.1 Count: 20
tcpxo-wb-0:2345:2929 [0] NCCL INFO Bucket 17612.1-21134.5 Count: 260
tcpxo-wb-0:2345:2929 [0] NCCL INFO Bucket 21134.5-25361.4 Count: 20
tcpxo-wb-0:2345:2929 [0] NCCL INFO Bucket 25361.4-30433.6 Count: 0
tcpxo-wb-0:2345:2929 [0] NCCL INFO Bucket 30433.6-36520.3 Count: 20
tcpxo-wb-0:2345:2929 [0] NCCL INFO Bucket 36520.3-43824.4 Count: 160
tcpxo-wb-0:2345:2929 [0] NCCL INFO Bucket 43824.4-52589.3 Count: 0
tcpxo-wb-0:2345:2929 [0] NCCL INFO Bucket 52589.3-63107.2 Count: 20
tcpxo-wb-0:2345:2929 [0] NCCL INFO Bucket 63107.2-75728.6 Count: 0
tcpxo-wb-0:2345:2929 [0] NCCL INFO Bucket 75728.6-90874.3 Count: 1000
tcpxo-wb-0:2345:2929 [0] NCCL INFO Bucket 90874.3-2.41938e+06 Count: 0
tcpxo-wb-0:2345:2929 [0] NCCL INFO request/offload_duration_distribution:
tcpxo-wb-0:2345:2929 [0] NCCL INFO Min: 25658
tcpxo-wb-0:2345:2929 [0] NCCL INFO Max: 603792
tcpxo-wb-0:2345:2929 [0] NCCL INFO Avg: 46538.8
tcpxo-wb-0:2345:2929 [0] NCCL INFO Bucket 0-24883.2 Count: 0
tcpxo-wb-0:2345:2929 [0] NCCL INFO Bucket 24883.2-29859.8 Count: 185
tcpxo-wb-0:2345:2929 [0] NCCL INFO Bucket 29859.8-35831.8 Count: 263
tcpxo-wb-0:2345:2929 [0] NCCL INFO Bucket 35831.8-42998.2 Count: 327
tcpxo-wb-0:2345:2929 [0] NCCL INFO Bucket 42998.2-51597.8 Count: 376
tcpxo-wb-0:2345:2929 [0] NCCL INFO Bucket 51597.8-61917.4 Count: 313
tcpxo-wb-0:2345:2929 [0] NCCL INFO Bucket 61917.4-74300.8 Count: 52
tcpxo-wb-0:2345:2929 [0] NCCL INFO Bucket 74300.8-89161 Count: 6
tcpxo-wb-0:2345:2929 [0] NCCL INFO Bucket 89161-106993 Count: 7
tcpxo-wb-0:2345:2929 [0] NCCL INFO Bucket 106993-128392 Count: 3
tcpxo-wb-0:2345:2929 [0] NCCL INFO Bucket 128392-552061 Count: 0
tcpxo-wb-0:2345:2929 [0] NCCL INFO Bucket 552061-662474 Count: 8
tcpxo-wb-0:2345:2929 [0] NCCL INFO Bucket 662474-1.02067e+07 Count: 0
tcpxo-wb-0:2345:2929 [0] NCCL INFO request/unpack_duration_distribution:
tcpxo-wb-0:2345:2929 [0] NCCL INFO Bucket 0-1.09205e+07 Count: 0
tcpxo-wb-0:2345:2929 [0] NCCL INFO request/offload_complete_age_distribution:
tcpxo-wb-0:2345:2929 [0] NCCL INFO Min: 75
tcpxo-wb-0:2345:2929 [0] NCCL INFO Max: 23712
tcpxo-wb-0:2345:2929 [0] NCCL INFO Avg: 1672.88
tcpxo-wb-0:2345:2929 [0] NCCL INFO Bucket 0-100 Count: 140
tcpxo-wb-0:2345:2929 [0] NCCL INFO Bucket 100-120 Count: 57
tcpxo-wb-0:2345:2929 [0] NCCL INFO Bucket 120-144 Count: 10
tcpxo-wb-0:2345:2929 [0] NCCL INFO Bucket 144-172.8 Count: 1
tcpxo-wb-0:2345:2929 [0] NCCL INFO Bucket 172.8-207.36 Count: 1
tcpxo-wb-0:2345:2929 [0] NCCL INFO Bucket 207.36-248.832 Count: 9
tcpxo-wb-0:2345:2929 [0] NCCL INFO Bucket 248.832-298.598 Count: 131
tcpxo-wb-0:2345:2929 [0] NCCL INFO Bucket 298.598-358.318 Count: 153
tcpxo-wb-0:2345:2929 [0] NCCL INFO Bucket 358.318-429.982 Count: 39
tcpxo-wb-0:2345:2929 [0] NCCL INFO Bucket 429.982-515.978 Count: 52
tcpxo-wb-0:2345:2929 [0] NCCL INFO Bucket 515.978-619.174 Count: 60
tcpxo-wb-0:2345:2929 [0] NCCL INFO Bucket 619.174-743.008 Count: 54
tcpxo-wb-0:2345:2929 [0] NCCL INFO Bucket 743.008-891.61 Count: 123
tcpxo-wb-0:2345:2929 [0] NCCL INFO Bucket 891.61-1069.93 Count: 119
tcpxo-wb-0:2345:2929 [0] NCCL INFO Bucket 1069.93-1283.92 Count: 81
tcpxo-wb-0:2345:2929 [0] NCCL INFO Bucket 1283.92-1540.7 Count: 60
tcpxo-wb-0:2345:2929 [0] NCCL INFO Bucket 1540.7-1848.84 Count: 71
tcpxo-wb-0:2345:2929 [0] NCCL INFO Bucket 1848.84-2218.61 Count: 57
tcpxo-wb-0:2345:2929 [0] NCCL INFO Bucket 2218.61-2662.33 Count: 61
tcpxo-wb-0:2345:2929 [0] NCCL INFO Bucket 2662.33-3194.8 Count: 47
tcpxo-wb-0:2345:2929 [0] NCCL INFO Bucket 3194.8-3833.76 Count: 43
tcpxo-wb-0:2345:2929 [0] NCCL INFO Bucket 3833.76-4600.51 Count: 33
tcpxo-wb-0:2345:2929 [0] NCCL INFO Bucket 4600.51-5520.61 Count: 30
tcpxo-wb-0:2345:2929 [0] NCCL INFO Bucket 5520.61-6624.74 Count: 26
tcpxo-wb-0:2345:2929 [0] NCCL INFO Bucket 6624.74-7949.68 Count: 29
tcpxo-wb-0:2345:2929 [0] NCCL INFO Bucket 7949.68-9539.62 Count: 13
tcpxo-wb-0:2345:2929 [0] NCCL INFO Bucket 9539.62-11447.5 Count: 15
tcpxo-wb-0:2345:2929 [0] NCCL INFO Bucket 11447.5-13737.1 Count: 15
tcpxo-wb-0:2345:2929 [0] NCCL INFO Bucket 13737.1-16484.5 Count: 5
tcpxo-wb-0:2345:2929 [0] NCCL INFO Bucket 16484.5-19781.4 Count: 2
tcpxo-wb-0:2345:2929 [0] NCCL INFO Bucket 19781.4-23737.6 Count: 3
tcpxo-wb-0:2345:2929 [0] NCCL INFO Bucket 23737.6-59066.8 Count: 0
tcpxo-wb-0:2345:2929 [0] NCCL INFO request/unpack_num_iovs_distribution:
tcpxo-wb-0:2345:2929 [0] NCCL INFO Bucket 0-2116.47 Count: 0
tcpxo-wb-0:2345:2929 [0] NCCL INFO request/offload_interval_distribution:
tcpxo-wb-0:2345:2929 [0] NCCL INFO Min: 1041
tcpxo-wb-0:2345:2929 [0] NCCL INFO Max: 4.16699e+08
tcpxo-wb-0:2345:2929 [0] NCCL INFO Avg: 313047
tcpxo-wb-0:2345:2929 [0] NCCL INFO Bucket 0-1000 Count: 0
tcpxo-wb-0:2345:2929 [0] NCCL INFO Bucket 1000-1200 Count: 3
tcpxo-wb-0:2345:2929 [0] NCCL INFO Bucket 1200-1440 Count: 4
tcpxo-wb-0:2345:2929 [0] NCCL INFO Bucket 1440-1728 Count: 3
tcpxo-wb-0:2345:2929 [0] NCCL INFO Bucket 1728-2073.6 Count: 1
tcpxo-wb-0:2345:2929 [0] NCCL INFO Bucket 2073.6-2488.32 Count: 12
tcpxo-wb-0:2345:2929 [0] NCCL INFO Bucket 2488.32-2985.98 Count: 29
tcpxo-wb-0:2345:2929 [0] NCCL INFO Bucket 2985.98-3583.18 Count: 116
tcpxo-wb-0:2345:2929 [0] NCCL INFO Bucket 3583.18-4299.82 Count: 98
tcpxo-wb-0:2345:2929 [0] NCCL INFO Bucket 4299.82-5159.78 Count: 93
tcpxo-wb-0:2345:2929 [0] NCCL INFO Bucket 5159.78-6191.74 Count: 82
tcpxo-wb-0:2345:2929 [0] NCCL INFO Bucket 6191.74-7430.08 Count: 285
tcpxo-wb-0:2345:2929 [0] NCCL INFO Bucket 7430.08-8916.1 Count: 272
tcpxo-wb-0:2345:2929 [0] NCCL INFO Bucket 8916.1-10699.3 Count: 147
tcpxo-wb-0:2345:2929 [0] NCCL INFO Bucket 10699.3-12839.2 Count: 68
tcpxo-wb-0:2345:2929 [0] NCCL INFO Bucket 12839.2-15407 Count: 50
tcpxo-wb-0:2345:2929 [0] NCCL INFO Bucket 15407-18488.4 Count: 37
tcpxo-wb-0:2345:2929 [0] NCCL INFO Bucket 18488.4-22186.1 Count: 23
tcpxo-wb-0:2345:2929 [0] NCCL INFO Bucket 22186.1-26623.3 Count: 14
tcpxo-wb-0:2345:2929 [0] NCCL INFO Bucket 26623.3-31948 Count: 16
tcpxo-wb-0:2345:2929 [0] NCCL INFO Bucket 31948-38337.6 Count: 5
tcpxo-wb-0:2345:2929 [0] NCCL INFO Bucket 38337.6-46005.1 Count: 1
tcpxo-wb-0:2345:2929 [0] NCCL INFO Bucket 46005.1-137371 Count: 0
tcpxo-wb-0:2345:2929 [0] NCCL INFO Bucket 137371-164845 Count: 55
tcpxo-wb-0:2345:2929 [0] NCCL INFO Bucket 164845-197814 Count: 46
tcpxo-wb-0:2345:2929 [0] NCCL INFO Bucket 197814-237376 Count: 17
tcpxo-wb-0:2345:2929 [0] NCCL INFO Bucket 237376-284852 Count: 31
tcpxo-wb-0:2345:2929 [0] NCCL INFO Bucket 284852-341822 Count: 10
tcpxo-wb-0:2345:2929 [0] NCCL INFO Bucket 341822-410186 Count: 4
tcpxo-wb-0:2345:2929 [0] NCCL INFO Bucket 410186-492224 Count: 4
tcpxo-wb-0:2345:2929 [0] NCCL INFO Bucket 492224-590668 Count: 4
tcpxo-wb-0:2345:2929 [0] NCCL INFO Bucket 590668-708802 Count: 1
tcpxo-wb-0:2345:2929 [0] NCCL INFO Bucket 708802-1.02067e+06 Count: 0
tcpxo-wb-0:2345:2929 [0] NCCL INFO Bucket 1.02067e+06-1.22481e+06 Count: 1
tcpxo-wb-0:2345:2929 [0] NCCL INFO Bucket 1.22481e+06-1.46977e+06 Count: 1
tcpxo-wb-0:2345:2929 [0] NCCL INFO Bucket 1.46977e+06-1.76373e+06 Count: 1
tcpxo-wb-0:2345:2929 [0] NCCL INFO Bucket 1.76373e+06-2.11647e+06 Count: 0
tcpxo-wb-0:2345:2929 [0] NCCL INFO Bucket 2.11647e+06-2.53977e+06 Count: 4
tcpxo-wb-0:2345:2929 [0] NCCL INFO Bucket 2.53977e+06-3.04772e+06 Count: 1
tcpxo-wb-0:2345:2929 [0] NCCL INFO Bucket 3.04772e+06-9.10044e+06 Count: 0
tcpxo-wb-0:2345:2929 [0] NCCL INFO Bucket 9.10044e+06-1.09205e+07 Count: 1
tcpxo-wb-0:2345:2929 [0] NCCL INFO NET/FasTrak 2026-08-02T13:09:28.914635247+00:00: DeregMr[netdev=0] CUDA memory for comm 0x791f6406bd60 with handle:8653318625366214135 data:0x31d8e00000 size:524288.
tcpxo-wb-0:2345:2929 [0] NCCL INFO NET/FasTrak 2026-08-02T13:09:28.9153946+00:00: DeregMr[netdev=0] CUDA memory for comm 0x791f6406bd60 with handle:8653318625366214966 data:0x31d8e80000 size:4915200.
tcpxo-wb-0:2345:2929 [0] NCCL INFO NET/FasTrak 2026-08-02T13:09:28.916508246+00:00: DeregMr[netdev=0] CUDA memory for comm 0x791f6406bd60 with handle:8653318625366215797 data:0x31d9330000 size:8388608.
tcpxo-wb-0:2345:2929 [0] NCCL INFO NET/FasTrak 2026-08-02T13:09:28.917704126+00:00: Closing Recv comm 0x791f6406bd60
tcpxo-wb-0:2345:2929 [0] NCCL INFO NET/FasTrak 2026-08-02T13:09:28.917711424+00:00: COMM STATS:
tcpxo-wb-0:2345:2929 [0] NCCL INFO request/offload_scheduled: 1540
tcpxo-wb-0:2345:2929 [0] NCCL INFO request/offload_completed: 1540
tcpxo-wb-0:2345:2929 [0] NCCL INFO request/offload_backlog_curr: 0
tcpxo-wb-0:2345:2929 [0] NCCL INFO request/offload_backlog_peak: 7
tcpxo-wb-0:2345:2929 [0] NCCL INFO request/offload_size_distribution:
tcpxo-wb-0:2345:2929 [0] NCCL INFO Min: 10240
tcpxo-wb-0:2345:2929 [0] NCCL INFO Max: 75776
tcpxo-wb-0:2345:2929 [0] NCCL INFO Avg: 58168.5
tcpxo-wb-0:2345:2929 [0] NCCL INFO Bucket 0-10192.2 Count: 0
tcpxo-wb-0:2345:2929 [0] NCCL INFO Bucket 10192.2-12230.6 Count: 20
tcpxo-wb-0:2345:2929 [0] NCCL INFO Bucket 12230.6-14676.7 Count: 20
tcpxo-wb-0:2345:2929 [0] NCCL INFO Bucket 14676.7-17612.1 Count: 20
tcpxo-wb-0:2345:2929 [0] NCCL INFO Bucket 17612.1-21134.5 Count: 260
tcpxo-wb-0:2345:2929 [0] NCCL INFO Bucket 21134.5-25361.4 Count: 20
tcpxo-wb-0:2345:2929 [0] NCCL INFO Bucket 25361.4-30433.6 Count: 0
tcpxo-wb-0:2345:2929 [0] NCCL INFO Bucket 30433.6-36520.3 Count: 20
tcpxo-wb-0:2345:2929 [0] NCCL INFO Bucket 36520.3-43824.4 Count: 160
tcpxo-wb-0:2345:2929 [0] NCCL INFO Bucket 43824.4-52589.3 Count: 0
tcpxo-wb-0:2345:2929 [0] NCCL INFO Bucket 52589.3-63107.2 Count: 20
tcpxo-wb-0:2345:2929 [0] NCCL INFO Bucket 63107.2-75728.6 Count: 0
tcpxo-wb-0:2345:2929 [0] NCCL INFO Bucket 75728.6-90874.3 Count: 1000
tcpxo-wb-0:2345:2929 [0] NCCL INFO Bucket 90874.3-2.41938e+06 Count: 0
tcpxo-wb-0:2345:2929 [0] NCCL INFO request/offload_duration_distribution:
tcpxo-wb-0:2345:2929 [0] NCCL INFO Min: 49674
tcpxo-wb-0:2345:2929 [0] NCCL INFO Max: 1.28671e+06
tcpxo-wb-0:2345:2929 [0] NCCL INFO Avg: 186482
tcpxo-wb-0:2345:2929 [0] NCCL INFO Bucket 0-42998.2 Count: 0
tcpxo-wb-0:2345:2929 [0] NCCL INFO Bucket 42998.2-51597.8 Count: 2
tcpxo-wb-0:2345:2929 [0] NCCL INFO Bucket 51597.8-61917.4 Count: 41
tcpxo-wb-0:2345:2929 [0] NCCL INFO Bucket 61917.4-74300.8 Count: 178
tcpxo-wb-0:2345:2929 [0] NCCL INFO Bucket 74300.8-89161 Count: 211
tcpxo-wb-0:2345:2929 [0] NCCL INFO Bucket 89161-106993 Count: 139
tcpxo-wb-0:2345:2929 [0] NCCL INFO Bucket 106993-128392 Count: 20
tcpxo-wb-0:2345:2929 [0] NCCL INFO Bucket 128392-154070 Count: 62
tcpxo-wb-0:2345:2929 [0] NCCL INFO Bucket 154070-184884 Count: 282
tcpxo-wb-0:2345:2929 [0] NCCL INFO Bucket 184884-221861 Count: 163
tcpxo-wb-0:2345:2929 [0] NCCL INFO Bucket 221861-266233 Count: 169
tcpxo-wb-0:2345:2929 [0] NCCL INFO Bucket 266233-319480 Count: 175
tcpxo-wb-0:2345:2929 [0] NCCL INFO Bucket 319480-383376 Count: 57
tcpxo-wb-0:2345:2929 [0] NCCL INFO Bucket 383376-460051 Count: 4
tcpxo-wb-0:2345:2929 [0] NCCL INFO Bucket 460051-552061 Count: 1
tcpxo-wb-0:2345:2929 [0] NCCL INFO Bucket 552061-662474 Count: 8
tcpxo-wb-0:2345:2929 [0] NCCL INFO Bucket 662474-794968 Count: 0
tcpxo-wb-0:2345:2929 [0] NCCL INFO Bucket 794968-953962 Count: 8
tcpxo-wb-0:2345:2929 [0] NCCL INFO Bucket 953962-1.14475e+06 Count: 0
tcpxo-wb-0:2345:2929 [0] NCCL INFO Bucket 1.14475e+06-1.37371e+06 Count: 20
tcpxo-wb-0:2345:2929 [0] NCCL INFO Bucket 1.37371e+06-1.02067e+07 Count: 0
tcpxo-wb-0:2345:2929 [0] NCCL INFO request/unpack_duration_distribution:
tcpxo-wb-0:2345:2929 [0] NCCL INFO Bucket 0-1.09205e+07 Count: 0
tcpxo-wb-0:2345:2929 [0] NCCL INFO request/offload_complete_age_distribution:
tcpxo-wb-0:2345:2929 [0] NCCL INFO Min: 113
tcpxo-wb-0:2345:2929 [0] NCCL INFO Max: 31283
tcpxo-wb-0:2345:2929 [0] NCCL INFO Avg: 1406.38
tcpxo-wb-0:2345:2929 [0] NCCL INFO Bucket 0-100 Count: 0
tcpxo-wb-0:2345:2929 [0] NCCL INFO Bucket 100-120 Count: 4
tcpxo-wb-0:2345:2929 [0] NCCL INFO Bucket 120-144 Count: 137
tcpxo-wb-0:2345:2929 [0] NCCL INFO Bucket 144-172.8 Count: 83
tcpxo-wb-0:2345:2929 [0] NCCL INFO Bucket 172.8-207.36 Count: 8
tcpxo-wb-0:2345:2929 [0] NCCL INFO Bucket 207.36-248.832 Count: 3
tcpxo-wb-0:2345:2929 [0] NCCL INFO Bucket 248.832-298.598 Count: 74
tcpxo-wb-0:2345:2929 [0] NCCL INFO Bucket 298.598-358.318 Count: 110
tcpxo-wb-0:2345:2929 [0] NCCL INFO Bucket 358.318-429.982 Count: 78
tcpxo-wb-0:2345:2929 [0] NCCL INFO Bucket 429.982-515.978 Count: 107
tcpxo-wb-0:2345:2929 [0] NCCL INFO Bucket 515.978-619.174 Count: 117
tcpxo-wb-0:2345:2929 [0] NCCL INFO Bucket 619.174-743.008 Count: 96
tcpxo-wb-0:2345:2929 [0] NCCL INFO Bucket 743.008-891.61 Count: 74
tcpxo-wb-0:2345:2929 [0] NCCL INFO Bucket 891.61-1069.93 Count: 123
tcpxo-wb-0:2345:2929 [0] NCCL INFO Bucket 1069.93-1283.92 Count: 98
tcpxo-wb-0:2345:2929 [0] NCCL INFO Bucket 1283.92-1540.7 Count: 93
tcpxo-wb-0:2345:2929 [0] NCCL INFO Bucket 1540.7-1848.84 Count: 58
tcpxo-wb-0:2345:2929 [0] NCCL INFO Bucket 1848.84-2218.61 Count: 34
tcpxo-wb-0:2345:2929 [0] NCCL INFO Bucket 2218.61-2662.33 Count: 24
tcpxo-wb-0:2345:2929 [0] NCCL INFO Bucket 2662.33-3194.8 Count: 40
tcpxo-wb-0:2345:2929 [0] NCCL INFO Bucket 3194.8-3833.76 Count: 32
tcpxo-wb-0:2345:2929 [0] NCCL INFO Bucket 3833.76-4600.51 Count: 38
tcpxo-wb-0:2345:2929 [0] NCCL INFO Bucket 4600.51-5520.61 Count: 32
tcpxo-wb-0:2345:2929 [0] NCCL INFO Bucket 5520.61-6624.74 Count: 28
tcpxo-wb-0:2345:2929 [0] NCCL INFO Bucket 6624.74-7949.68 Count: 15
tcpxo-wb-0:2345:2929 [0] NCCL INFO Bucket 7949.68-9539.62 Count: 18
tcpxo-wb-0:2345:2929 [0] NCCL INFO Bucket 9539.62-11447.5 Count: 9
tcpxo-wb-0:2345:2929 [0] NCCL INFO Bucket 11447.5-13737.1 Count: 0
tcpxo-wb-0:2345:2929 [0] NCCL INFO Bucket 13737.1-16484.5 Count: 5
tcpxo-wb-0:2345:2929 [0] NCCL INFO Bucket 16484.5-23737.6 Count: 0
tcpxo-wb-0:2345:2929 [0] NCCL INFO Bucket 23737.6-28485.2 Count: 1
tcpxo-wb-0:2345:2929 [0] NCCL INFO Bucket 28485.2-34182.2 Count: 1
tcpxo-wb-0:2345:2929 [0] NCCL INFO Bucket 34182.2-59066.8 Count: 0
tcpxo-wb-0:2345:2929 [0] NCCL INFO request/unpack_num_iovs_distribution:
tcpxo-wb-0:2345:2929 [0] NCCL INFO Bucket 0-2116.47 Count: 0
tcpxo-wb-0:2345:2929 [0] NCCL INFO request/offload_interval_distribution:
tcpxo-wb-0:2345:2929 [0] NCCL INFO Min: 934
tcpxo-wb-0:2345:2929 [0] NCCL INFO Max: 4.1651e+08
tcpxo-wb-0:2345:2929 [0] NCCL INFO Avg: 313017
tcpxo-wb-0:2345:2929 [0] NCCL INFO Bucket 0-1000 Count: 8
tcpxo-wb-0:2345:2929 [0] NCCL INFO Bucket 1000-1200 Count: 106
tcpxo-wb-0:2345:2929 [0] NCCL INFO Bucket 1200-1440 Count: 119
tcpxo-wb-0:2345:2929 [0] NCCL INFO Bucket 1440-1728 Count: 215
tcpxo-wb-0:2345:2929 [0] NCCL INFO Bucket 1728-2073.6 Count: 249
tcpxo-wb-0:2345:2929 [0] NCCL INFO Bucket 2073.6-2488.32 Count: 148
tcpxo-wb-0:2345:2929 [0] NCCL INFO Bucket 2488.32-2985.98 Count: 67
tcpxo-wb-0:2345:2929 [0] NCCL INFO Bucket 2985.98-3583.18 Count: 31
tcpxo-wb-0:2345:2929 [0] NCCL INFO Bucket 3583.18-4299.82 Count: 8
tcpxo-wb-0:2345:2929 [0] NCCL INFO Bucket 4299.82-5159.78 Count: 3
tcpxo-wb-0:2345:2929 [0] NCCL INFO Bucket 5159.78-6191.74 Count: 4
tcpxo-wb-0:2345:2929 [0] NCCL INFO Bucket 6191.74-7430.08 Count: 16
tcpxo-wb-0:2345:2929 [0] NCCL INFO Bucket 7430.08-8916.1 Count: 27
tcpxo-wb-0:2345:2929 [0] NCCL INFO Bucket 8916.1-10699.3 Count: 28
tcpxo-wb-0:2345:2929 [0] NCCL INFO Bucket 10699.3-12839.2 Count: 49
tcpxo-wb-0:2345:2929 [0] NCCL INFO Bucket 12839.2-15407 Count: 51
tcpxo-wb-0:2345:2929 [0] NCCL INFO Bucket 15407-18488.4 Count: 34
tcpxo-wb-0:2345:2929 [0] NCCL INFO Bucket 18488.4-22186.1 Count: 46
tcpxo-wb-0:2345:2929 [0] NCCL INFO Bucket 22186.1-26623.3 Count: 39
tcpxo-wb-0:2345:2929 [0] NCCL INFO Bucket 26623.3-31948 Count: 34
tcpxo-wb-0:2345:2929 [0] NCCL INFO Bucket 31948-38337.6 Count: 17
tcpxo-wb-0:2345:2929 [0] NCCL INFO Bucket 38337.6-46005.1 Count: 15
tcpxo-wb-0:2345:2929 [0] NCCL INFO Bucket 46005.1-55206.1 Count: 6
tcpxo-wb-0:2345:2929 [0] NCCL INFO Bucket 55206.1-66247.4 Count: 18
tcpxo-wb-0:2345:2929 [0] NCCL INFO Bucket 66247.4-79496.8 Count: 15
tcpxo-wb-0:2345:2929 [0] NCCL INFO Bucket 79496.8-95396.2 Count: 3
tcpxo-wb-0:2345:2929 [0] NCCL INFO Bucket 95396.2-114475 Count: 1
tcpxo-wb-0:2345:2929 [0] NCCL INFO Bucket 114475-137371 Count: 3
tcpxo-wb-0:2345:2929 [0] NCCL INFO Bucket 137371-164845 Count: 39
tcpxo-wb-0:2345:2929 [0] NCCL INFO Bucket 164845-197814 Count: 50
tcpxo-wb-0:2345:2929 [0] NCCL INFO Bucket 197814-237376 Count: 36
tcpxo-wb-0:2345:2929 [0] NCCL INFO Bucket 237376-284852 Count: 31
tcpxo-wb-0:2345:2929 [0] NCCL INFO Bucket 284852-341822 Count: 3
tcpxo-wb-0:2345:2929 [0] NCCL INFO Bucket 341822-410186 Count: 3
tcpxo-wb-0:2345:2929 [0] NCCL INFO Bucket 410186-492224 Count: 5
tcpxo-wb-0:2345:2929 [0] NCCL INFO Bucket 492224-590668 Count: 1
tcpxo-wb-0:2345:2929 [0] NCCL INFO Bucket 590668-708802 Count: 2
tcpxo-wb-0:2345:2929 [0] NCCL INFO Bucket 708802-850562 Count: 0
tcpxo-wb-0:2345:2929 [0] NCCL INFO Bucket 850562-1.02067e+06 Count: 1
tcpxo-wb-0:2345:2929 [0] NCCL INFO Bucket 1.02067e+06-1.22481e+06 Count: 1
tcpxo-wb-0:2345:2929 [0] NCCL INFO Bucket 1.22481e+06-1.46977e+06 Count: 2
tcpxo-wb-0:2345:2929 [0] NCCL INFO Bucket 1.46977e+06-2.11647e+06 Count: 0
tcpxo-wb-0:2345:2929 [0] NCCL INFO Bucket 2.11647e+06-2.53977e+06 Count: 3
tcpxo-wb-0:2345:2929 [0] NCCL INFO Bucket 2.53977e+06-3.04772e+06 Count: 2
tcpxo-wb-0:2345:2929 [0] NCCL INFO Bucket 3.04772e+06-9.10044e+06 Count: 0
tcpxo-wb-0:2345:2929 [0] NCCL INFO Bucket 9.10044e+06-1.09205e+07 Count: 1
tcpxo-wb-0:2345:2929 [0] NCCL INFO NET/FasTrak 2026-08-02T13:09:28.917816354+00:00: DeregMr host memory for 0x791f6406a300 data:0x31d5e00000 size:524288.
tcpxo-wb-0:2345:2929 [0] NCCL INFO NET/FasTrak 2026-08-02T13:09:28.917819524+00:00: DeregMr[netdev=0] CUDA memory for comm 0x791f6406a300 with handle:8653318625366214017 data:0x31d5000000 size:4915200.
tcpxo-wb-0:2345:2929 [0] NCCL INFO NET/FasTrak 2026-08-02T13:09:28.919762089+00:00: DeregMr[netdev=0] CUDA memory for comm 0x791f6406a300 with handle:8653318625366214848 data:0x31d54b0000 size:8388608.
tcpxo-wb-0:2345:2929 [0] NCCL INFO NET/FasTrak 2026-08-02T13:09:28.922166551+00:00: Closing Send comm 0x791f6406a300
tcpxo-wb-0:2345:2929 [0] NCCL INFO NET/FasTrak 2026-08-02T13:09:28.922175892+00:00: COMM STATS:
tcpxo-wb-0:2345:2929 [0] NCCL INFO request/offload_scheduled: 1850
tcpxo-wb-0:2345:2929 [0] NCCL INFO request/offload_completed: 1850
tcpxo-wb-0:2345:2929 [0] NCCL INFO request/offload_backlog_curr: 0
tcpxo-wb-0:2345:2929 [0] NCCL INFO request/offload_backlog_peak: 7
tcpxo-wb-0:2345:2929 [0] NCCL INFO request/offload_size_distribution:
tcpxo-wb-0:2345:2929 [0] NCCL INFO Min: 2048
tcpxo-wb-0:2345:2929 [0] NCCL INFO Max: 75776
tcpxo-wb-0:2345:2929 [0] NCCL INFO Avg: 49185.2
tcpxo-wb-0:2345:2929 [0] NCCL INFO Bucket 0-4096 Count: 190
tcpxo-wb-0:2345:2929 [0] NCCL INFO Bucket 4096-4915.2 Count: 20
tcpxo-wb-0:2345:2929 [0] NCCL INFO Bucket 4915.2-5898.24 Count: 0
tcpxo-wb-0:2345:2929 [0] NCCL INFO Bucket 5898.24-7077.89 Count: 20
tcpxo-wb-0:2345:2929 [0] NCCL INFO Bucket 7077.89-10192.2 Count: 0
tcpxo-wb-0:2345:2929 [0] NCCL INFO Bucket 10192.2-12230.6 Count: 100
tcpxo-wb-0:2345:2929 [0] NCCL INFO Bucket 12230.6-14676.7 Count: 20
tcpxo-wb-0:2345:2929 [0] NCCL INFO Bucket 14676.7-17612.1 Count: 20
tcpxo-wb-0:2345:2929 [0] NCCL INFO Bucket 17612.1-21134.5 Count: 260
tcpxo-wb-0:2345:2929 [0] NCCL INFO Bucket 21134.5-25361.4 Count: 20
tcpxo-wb-0:2345:2929 [0] NCCL INFO Bucket 25361.4-30433.6 Count: 0
tcpxo-wb-0:2345:2929 [0] NCCL INFO Bucket 30433.6-36520.3 Count: 20
tcpxo-wb-0:2345:2929 [0] NCCL INFO Bucket 36520.3-43824.4 Count: 160
tcpxo-wb-0:2345:2929 [0] NCCL INFO Bucket 43824.4-52589.3 Count: 0
tcpxo-wb-0:2345:2929 [0] NCCL INFO Bucket 52589.3-63107.2 Count: 20
tcpxo-wb-0:2345:2929 [0] NCCL INFO Bucket 63107.2-75728.6 Count: 0
tcpxo-wb-0:2345:2929 [0] NCCL INFO Bucket 75728.6-90874.3 Count: 1000
tcpxo-wb-0:2345:2929 [0] NCCL INFO Bucket 90874.3-2.41938e+06 Count: 0
tcpxo-wb-0:2345:2929 [0] NCCL INFO request/offload_duration_distribution:
tcpxo-wb-0:2345:2929 [0] NCCL INFO Min: 34073
tcpxo-wb-0:2345:2929 [0] NCCL INFO Max: 114627
tcpxo-wb-0:2345:2929 [0] NCCL INFO Avg: 50347.8
tcpxo-wb-0:2345:2929 [0] NCCL INFO Bucket 0-29859.8 Count: 0
tcpxo-wb-0:2345:2929 [0] NCCL INFO Bucket 29859.8-35831.8 Count: 187
tcpxo-wb-0:2345:2929 [0] NCCL INFO Bucket 35831.8-42998.2 Count: 407
tcpxo-wb-0:2345:2929 [0] NCCL INFO Bucket 42998.2-51597.8 Count: 523
tcpxo-wb-0:2345:2929 [0] NCCL INFO Bucket 51597.8-61917.4 Count: 422
tcpxo-wb-0:2345:2929 [0] NCCL INFO Bucket 61917.4-74300.8 Count: 245
tcpxo-wb-0:2345:2929 [0] NCCL INFO Bucket 74300.8-89161 Count: 58
tcpxo-wb-0:2345:2929 [0] NCCL INFO Bucket 89161-106993 Count: 6
tcpxo-wb-0:2345:2929 [0] NCCL INFO Bucket 106993-128392 Count: 2
tcpxo-wb-0:2345:2929 [0] NCCL INFO Bucket 128392-1.02067e+07 Count: 0
tcpxo-wb-0:2345:2929 [0] NCCL INFO request/unpack_duration_distribution:
tcpxo-wb-0:2345:2929 [0] NCCL INFO Bucket 0-1.09205e+07 Count: 0
tcpxo-wb-0:2345:2929 [0] NCCL INFO request/offload_complete_age_distribution:
tcpxo-wb-0:2345:2929 [0] NCCL INFO Min: 75
tcpxo-wb-0:2345:2929 [0] NCCL INFO Max: 18467
tcpxo-wb-0:2345:2929 [0] NCCL INFO Avg: 929.419
tcpxo-wb-0:2345:2929 [0] NCCL INFO Bucket 0-100 Count: 325
tcpxo-wb-0:2345:2929 [0] NCCL INFO Bucket 100-120 Count: 122
tcpxo-wb-0:2345:2929 [0] NCCL INFO Bucket 120-144 Count: 32
tcpxo-wb-0:2345:2929 [0] NCCL INFO Bucket 144-172.8 Count: 12
tcpxo-wb-0:2345:2929 [0] NCCL INFO Bucket 172.8-207.36 Count: 7
tcpxo-wb-0:2345:2929 [0] NCCL INFO Bucket 207.36-248.832 Count: 16
tcpxo-wb-0:2345:2929 [0] NCCL INFO Bucket 248.832-298.598 Count: 213
tcpxo-wb-0:2345:2929 [0] NCCL INFO Bucket 298.598-358.318 Count: 264
tcpxo-wb-0:2345:2929 [0] NCCL INFO Bucket 358.318-429.982 Count: 57
tcpxo-wb-0:2345:2929 [0] NCCL INFO Bucket 429.982-515.978 Count: 33
tcpxo-wb-0:2345:2929 [0] NCCL INFO Bucket 515.978-619.174 Count: 33
tcpxo-wb-0:2345:2929 [0] NCCL INFO Bucket 619.174-743.008 Count: 86
tcpxo-wb-0:2345:2929 [0] NCCL INFO Bucket 743.008-891.61 Count: 66
tcpxo-wb-0:2345:2929 [0] NCCL INFO Bucket 891.61-1069.93 Count: 106
tcpxo-wb-0:2345:2929 [0] NCCL INFO Bucket 1069.93-1283.92 Count: 105
tcpxo-wb-0:2345:2929 [0] NCCL INFO Bucket 1283.92-1540.7 Count: 85
tcpxo-wb-0:2345:2929 [0] NCCL INFO Bucket 1540.7-1848.84 Count: 56
tcpxo-wb-0:2345:2929 [0] NCCL INFO Bucket 1848.84-2218.61 Count: 51
tcpxo-wb-0:2345:2929 [0] NCCL INFO Bucket 2218.61-2662.33 Count: 35
tcpxo-wb-0:2345:2929 [0] NCCL INFO Bucket 2662.33-3194.8 Count: 39
tcpxo-wb-0:2345:2929 [0] NCCL INFO Bucket 3194.8-3833.76 Count: 32
tcpxo-wb-0:2345:2929 [0] NCCL INFO Bucket 3833.76-4600.51 Count: 27
tcpxo-wb-0:2345:2929 [0] NCCL INFO Bucket 4600.51-5520.61 Count: 15
tcpxo-wb-0:2345:2929 [0] NCCL INFO Bucket 5520.61-6624.74 Count: 8
tcpxo-wb-0:2345:2929 [0] NCCL INFO Bucket 6624.74-7949.68 Count: 5
tcpxo-wb-0:2345:2929 [0] NCCL INFO Bucket 7949.68-9539.62 Count: 7
tcpxo-wb-0:2345:2929 [0] NCCL INFO Bucket 9539.62-11447.5 Count: 6
tcpxo-wb-0:2345:2929 [0] NCCL INFO Bucket 11447.5-13737.1 Count: 2
tcpxo-wb-0:2345:2929 [0] NCCL INFO Bucket 13737.1-16484.5 Count: 3
tcpxo-wb-0:2345:2929 [0] NCCL INFO Bucket 16484.5-19781.4 Count: 2
tcpxo-wb-0:2345:2929 [0] NCCL INFO Bucket 19781.4-59066.8 Count: 0
tcpxo-wb-0:2345:2929 [0] NCCL INFO request/unpack_num_iovs_distribution:
tcpxo-wb-0:2345:2929 [0] NCCL INFO Bucket 0-2116.47 Count: 0
tcpxo-wb-0:2345:2929 [0] NCCL INFO request/offload_interval_distribution:
tcpxo-wb-0:2345:2929 [0] NCCL INFO Min: 2330
tcpxo-wb-0:2345:2929 [0] NCCL INFO Max: 3.58487e+08
tcpxo-wb-0:2345:2929 [0] NCCL INFO Avg: 819554
tcpxo-wb-0:2345:2929 [0] NCCL INFO Bucket 0-2073.6 Count: 0
tcpxo-wb-0:2345:2929 [0] NCCL INFO Bucket 2073.6-2488.32 Count: 2
tcpxo-wb-0:2345:2929 [0] NCCL INFO Bucket 2488.32-2985.98 Count: 2
tcpxo-wb-0:2345:2929 [0] NCCL INFO Bucket 2985.98-3583.18 Count: 5
tcpxo-wb-0:2345:2929 [0] NCCL INFO Bucket 3583.18-4299.82 Count: 42
tcpxo-wb-0:2345:2929 [0] NCCL INFO Bucket 4299.82-5159.78 Count: 92
tcpxo-wb-0:2345:2929 [0] NCCL INFO Bucket 5159.78-6191.74 Count: 134
tcpxo-wb-0:2345:2929 [0] NCCL INFO Bucket 6191.74-7430.08 Count: 110
tcpxo-wb-0:2345:2929 [0] NCCL INFO Bucket 7430.08-8916.1 Count: 57
tcpxo-wb-0:2345:2929 [0] NCCL INFO Bucket 8916.1-10699.3 Count: 371
tcpxo-wb-0:2345:2929 [0] NCCL INFO Bucket 10699.3-12839.2 Count: 353
tcpxo-wb-0:2345:2929 [0] NCCL INFO Bucket 12839.2-15407 Count: 78
tcpxo-wb-0:2345:2929 [0] NCCL INFO Bucket 15407-18488.4 Count: 45
tcpxo-wb-0:2345:2929 [0] NCCL INFO Bucket 18488.4-22186.1 Count: 29
tcpxo-wb-0:2345:2929 [0] NCCL INFO Bucket 22186.1-26623.3 Count: 22
tcpxo-wb-0:2345:2929 [0] NCCL INFO Bucket 26623.3-31948 Count: 7
tcpxo-wb-0:2345:2929 [0] NCCL INFO Bucket 31948-38337.6 Count: 7
tcpxo-wb-0:2345:2929 [0] NCCL INFO Bucket 38337.6-46005.1 Count: 3
tcpxo-wb-0:2345:2929 [0] NCCL INFO Bucket 46005.1-55206.1 Count: 1
tcpxo-wb-0:2345:2929 [0] NCCL INFO Bucket 55206.1-114475 Count: 0
tcpxo-wb-0:2345:2929 [0] NCCL INFO Bucket 114475-137371 Count: 161
tcpxo-wb-0:2345:2929 [0] NCCL INFO Bucket 137371-164845 Count: 148
tcpxo-wb-0:2345:2929 [0] NCCL INFO Bucket 164845-197814 Count: 60
tcpxo-wb-0:2345:2929 [0] NCCL INFO Bucket 197814-237376 Count: 67
tcpxo-wb-0:2345:2929 [0] NCCL INFO Bucket 237376-284852 Count: 21
tcpxo-wb-0:2345:2929 [0] NCCL INFO Bucket 284852-341822 Count: 6
tcpxo-wb-0:2345:2929 [0] NCCL INFO Bucket 341822-410186 Count: 1
tcpxo-wb-0:2345:2929 [0] NCCL INFO Bucket 410186-492224 Count: 1
tcpxo-wb-0:2345:2929 [0] NCCL INFO Bucket 492224-590668 Count: 2
tcpxo-wb-0:2345:2929 [0] NCCL INFO Bucket 590668-708802 Count: 0
tcpxo-wb-0:2345:2929 [0] NCCL INFO Bucket 708802-850562 Count: 1
tcpxo-wb-0:2345:2929 [0] NCCL INFO Bucket 850562-1.02067e+06 Count: 2
tcpxo-wb-0:2345:2929 [0] NCCL INFO Bucket 1.02067e+06-1.22481e+06 Count: 2
tcpxo-wb-0:2345:2929 [0] NCCL INFO Bucket 1.22481e+06-1.46977e+06 Count: 1
tcpxo-wb-0:2345:2929 [0] NCCL INFO Bucket 1.46977e+06-1.76373e+06 Count: 1
tcpxo-wb-0:2345:2929 [0] NCCL INFO Bucket 1.76373e+06-2.11647e+06 Count: 1
tcpxo-wb-0:2345:2929 [0] NCCL INFO Bucket 2.11647e+06-2.53977e+06 Count: 3
tcpxo-wb-0:2345:2929 [0] NCCL INFO Bucket 2.53977e+06-3.04772e+06 Count: 1
tcpxo-wb-0:2345:2929 [0] NCCL INFO Bucket 3.04772e+06-3.65726e+06 Count: 2
tcpxo-wb-0:2345:2929 [0] NCCL INFO Bucket 3.65726e+06-4.38871e+06 Count: 1
tcpxo-wb-0:2345:2929 [0] NCCL INFO Bucket 4.38871e+06-9.10044e+06 Count: 0
tcpxo-wb-0:2345:2929 [0] NCCL INFO Bucket 9.10044e+06-1.09205e+07 Count: 8
tcpxo-wb-0:2345:2929 [0] NCCL INFO NET/FasTrak 2026-08-02T13:09:28.924720634+00:00: DeregMr host memory for 0x791f64073a60 data:0x31d5e82000 size:524288.
tcpxo-wb-0:2345:2929 [0] NCCL INFO NET/FasTrak 2026-08-02T13:09:28.924732262+00:00: DeregMr[netdev=1] CUDA memory for comm 0x791f64073a60 with handle:3985787139683392024 data:0x31da000000 size:4915200.
tcpxo-wb-0:2345:2929 [0] NCCL INFO NET/FasTrak 2026-08-02T13:09:28.92567867+00:00: DeregMr[netdev=1] CUDA memory for comm 0x791f64073a60 with handle:3985787139683391851 data:0x31da4b0000 size:8388608.
tcpxo-wb-0:2345:2929 [0] NCCL INFO NET/FasTrak 2026-08-02T13:09:28.927341784+00:00: Closing Send comm 0x791f64073a60
tcpxo-wb-0:2345:2929 [0] NCCL INFO NET/FasTrak 2026-08-02T13:09:28.927348017+00:00: COMM STATS:
tcpxo-wb-0:2345:2929 [0] NCCL INFO request/offload_scheduled: 1540
tcpxo-wb-0:2345:2929 [0] NCCL INFO request/offload_completed: 1540
tcpxo-wb-0:2345:2929 [0] NCCL INFO request/offload_backlog_curr: 0
tcpxo-wb-0:2345:2929 [0] NCCL INFO request/offload_backlog_peak: 7
tcpxo-wb-0:2345:2929 [0] NCCL INFO request/offload_size_distribution:
tcpxo-wb-0:2345:2929 [0] NCCL INFO Min: 10240
tcpxo-wb-0:2345:2929 [0] NCCL INFO Max: 75776
tcpxo-wb-0:2345:2929 [0] NCCL INFO Avg: 58168.5
tcpxo-wb-0:2345:2929 [0] NCCL INFO Bucket 0-10192.2 Count: 0
tcpxo-wb-0:2345:2929 [0] NCCL INFO Bucket 10192.2-12230.6 Count: 20
tcpxo-wb-0:2345:2929 [0] NCCL INFO Bucket 12230.6-14676.7 Count: 20
tcpxo-wb-0:2345:2929 [0] NCCL INFO Bucket 14676.7-17612.1 Count: 20
tcpxo-wb-0:2345:2929 [0] NCCL INFO Bucket 17612.1-21134.5 Count: 260
tcpxo-wb-0:2345:2929 [0] NCCL INFO Bucket 21134.5-25361.4 Count: 20
tcpxo-wb-0:2345:2929 [0] NCCL INFO Bucket 25361.4-30433.6 Count: 0
tcpxo-wb-0:2345:2929 [0] NCCL INFO Bucket 30433.6-36520.3 Count: 20
tcpxo-wb-0:2345:2929 [0] NCCL INFO Bucket 36520.3-43824.4 Count: 160
tcpxo-wb-0:2345:2929 [0] NCCL INFO Bucket 43824.4-52589.3 Count: 0
tcpxo-wb-0:2345:2929 [0] NCCL INFO Bucket 52589.3-63107.2 Count: 20
tcpxo-wb-0:2345:2929 [0] NCCL INFO Bucket 63107.2-75728.6 Count: 0
tcpxo-wb-0:2345:2929 [0] NCCL INFO Bucket 75728.6-90874.3 Count: 1000
tcpxo-wb-0:2345:2929 [0] NCCL INFO Bucket 90874.3-2.41938e+06 Count: 0
tcpxo-wb-0:2345:2929 [0] NCCL INFO request/offload_duration_distribution:
tcpxo-wb-0:2345:2929 [0] NCCL INFO Min: 38088
tcpxo-wb-0:2345:2929 [0] NCCL INFO Max: 108360
tcpxo-wb-0:2345:2929 [0] NCCL INFO Avg: 55111.9
tcpxo-wb-0:2345:2929 [0] NCCL INFO Bucket 0-35831.8 Count: 0
tcpxo-wb-0:2345:2929 [0] NCCL INFO Bucket 35831.8-42998.2 Count: 246
tcpxo-wb-0:2345:2929 [0] NCCL INFO Bucket 42998.2-51597.8 Count: 430
tcpxo-wb-0:2345:2929 [0] NCCL INFO Bucket 51597.8-61917.4 Count: 423
tcpxo-wb-0:2345:2929 [0] NCCL INFO Bucket 61917.4-74300.8 Count: 373
tcpxo-wb-0:2345:2929 [0] NCCL INFO Bucket 74300.8-89161 Count: 59
tcpxo-wb-0:2345:2929 [0] NCCL INFO Bucket 89161-106993 Count: 8
tcpxo-wb-0:2345:2929 [0] NCCL INFO Bucket 106993-128392 Count: 1
tcpxo-wb-0:2345:2929 [0] NCCL INFO Bucket 128392-1.02067e+07 Count: 0
tcpxo-wb-0:2345:2929 [0] NCCL INFO request/unpack_duration_distribution:
tcpxo-wb-0:2345:2929 [0] NCCL INFO Bucket 0-1.09205e+07 Count: 0
tcpxo-wb-0:2345:2929 [0] NCCL INFO request/offload_complete_age_distribution:
tcpxo-wb-0:2345:2929 [0] NCCL INFO Min: 75
tcpxo-wb-0:2345:2929 [0] NCCL INFO Max: 44144
tcpxo-wb-0:2345:2929 [0] NCCL INFO Avg: 594.323
tcpxo-wb-0:2345:2929 [0] NCCL INFO Bucket 0-100 Count: 1026
tcpxo-wb-0:2345:2929 [0] NCCL INFO Bucket 100-120 Count: 284
tcpxo-wb-0:2345:2929 [0] NCCL INFO Bucket 120-144 Count: 36
tcpxo-wb-0:2345:2929 [0] NCCL INFO Bucket 144-172.8 Count: 7
tcpxo-wb-0:2345:2929 [0] NCCL INFO Bucket 172.8-207.36 Count: 2
tcpxo-wb-0:2345:2929 [0] NCCL INFO Bucket 207.36-248.832 Count: 3
tcpxo-wb-0:2345:2929 [0] NCCL INFO Bucket 248.832-298.598 Count: 0
tcpxo-wb-0:2345:2929 [0] NCCL INFO Bucket 298.598-358.318 Count: 3
tcpxo-wb-0:2345:2929 [0] NCCL INFO Bucket 358.318-429.982 Count: 29
tcpxo-wb-0:2345:2929 [0] NCCL INFO Bucket 429.982-515.978 Count: 11
tcpxo-wb-0:2345:2929 [0] NCCL INFO Bucket 515.978-619.174 Count: 4
tcpxo-wb-0:2345:2929 [0] NCCL INFO Bucket 619.174-743.008 Count: 3
tcpxo-wb-0:2345:2929 [0] NCCL INFO Bucket 743.008-891.61 Count: 0
tcpxo-wb-0:2345:2929 [0] NCCL INFO Bucket 891.61-1069.93 Count: 5
tcpxo-wb-0:2345:2929 [0] NCCL INFO Bucket 1069.93-1283.92 Count: 9
tcpxo-wb-0:2345:2929 [0] NCCL INFO Bucket 1283.92-1540.7 Count: 8
tcpxo-wb-0:2345:2929 [0] NCCL INFO Bucket 1540.7-1848.84 Count: 9
tcpxo-wb-0:2345:2929 [0] NCCL INFO Bucket 1848.84-2218.61 Count: 8
tcpxo-wb-0:2345:2929 [0] NCCL INFO Bucket 2218.61-2662.33 Count: 11
tcpxo-wb-0:2345:2929 [0] NCCL INFO Bucket 2662.33-3194.8 Count: 10
tcpxo-wb-0:2345:2929 [0] NCCL INFO Bucket 3194.8-3833.76 Count: 16
tcpxo-wb-0:2345:2929 [0] NCCL INFO Bucket 3833.76-4600.51 Count: 7
tcpxo-wb-0:2345:2929 [0] NCCL INFO Bucket 4600.51-5520.61 Count: 4
tcpxo-wb-0:2345:2929 [0] NCCL INFO Bucket 5520.61-6624.74 Count: 7
tcpxo-wb-0:2345:2929 [0] NCCL INFO Bucket 6624.74-7949.68 Count: 10
tcpxo-wb-0:2345:2929 [0] NCCL INFO Bucket 7949.68-9539.62 Count: 8
tcpxo-wb-0:2345:2929 [0] NCCL INFO Bucket 9539.62-11447.5 Count: 8
tcpxo-wb-0:2345:2929 [0] NCCL INFO Bucket 11447.5-13737.1 Count: 2
tcpxo-wb-0:2345:2929 [0] NCCL INFO Bucket 13737.1-16484.5 Count: 3
tcpxo-wb-0:2345:2929 [0] NCCL INFO Bucket 16484.5-19781.4 Count: 0
tcpxo-wb-0:2345:2929 [0] NCCL INFO Bucket 19781.4-23737.6 Count: 1
tcpxo-wb-0:2345:2929 [0] NCCL INFO Bucket 23737.6-28485.2 Count: 3
tcpxo-wb-0:2345:2929 [0] NCCL INFO Bucket 28485.2-34182.2 Count: 2
tcpxo-wb-0:2345:2929 [0] NCCL INFO Bucket 34182.2-41018.6 Count: 0
tcpxo-wb-0:2345:2929 [0] NCCL INFO Bucket 41018.6-49222.4 Count: 1
tcpxo-wb-0:2345:2929 [0] NCCL INFO Bucket 49222.4-59066.8 Count: 0
tcpxo-wb-0:2345:2929 [0] NCCL INFO request/unpack_num_iovs_distribution:
tcpxo-wb-0:2345:2929 [0] NCCL INFO Bucket 0-2116.47 Count: 0
tcpxo-wb-0:2345:2929 [0] NCCL INFO request/offload_interval_distribution:
tcpxo-wb-0:2345:2929 [0] NCCL INFO Min: 1687
tcpxo-wb-0:2345:2929 [0] NCCL INFO Max: 3.45366e+08
tcpxo-wb-0:2345:2929 [0] NCCL INFO Avg: 266750
tcpxo-wb-0:2345:2929 [0] NCCL INFO Bucket 0-1440 Count: 0
tcpxo-wb-0:2345:2929 [0] NCCL INFO Bucket 1440-1728 Count: 2
tcpxo-wb-0:2345:2929 [0] NCCL INFO Bucket 1728-2073.6 Count: 2
tcpxo-wb-0:2345:2929 [0] NCCL INFO Bucket 2073.6-2488.32 Count: 4
tcpxo-wb-0:2345:2929 [0] NCCL INFO Bucket 2488.32-2985.98 Count: 8
tcpxo-wb-0:2345:2929 [0] NCCL INFO Bucket 2985.98-3583.18 Count: 17
tcpxo-wb-0:2345:2929 [0] NCCL INFO Bucket 3583.18-4299.82 Count: 49
tcpxo-wb-0:2345:2929 [0] NCCL INFO Bucket 4299.82-5159.78 Count: 97
tcpxo-wb-0:2345:2929 [0] NCCL INFO Bucket 5159.78-6191.74 Count: 109
tcpxo-wb-0:2345:2929 [0] NCCL INFO Bucket 6191.74-7430.08 Count: 106
tcpxo-wb-0:2345:2929 [0] NCCL INFO Bucket 7430.08-8916.1 Count: 121
tcpxo-wb-0:2345:2929 [0] NCCL INFO Bucket 8916.1-10699.3 Count: 277
tcpxo-wb-0:2345:2929 [0] NCCL INFO Bucket 10699.3-12839.2 Count: 285
tcpxo-wb-0:2345:2929 [0] NCCL INFO Bucket 12839.2-15407 Count: 199
tcpxo-wb-0:2345:2929 [0] NCCL INFO Bucket 15407-18488.4 Count: 45
tcpxo-wb-0:2345:2929 [0] NCCL INFO Bucket 18488.4-22186.1 Count: 20
tcpxo-wb-0:2345:2929 [0] NCCL INFO Bucket 22186.1-26623.3 Count: 13
tcpxo-wb-0:2345:2929 [0] NCCL INFO Bucket 26623.3-31948 Count: 2
tcpxo-wb-0:2345:2929 [0] NCCL INFO Bucket 31948-38337.6 Count: 3
tcpxo-wb-0:2345:2929 [0] NCCL INFO Bucket 38337.6-46005.1 Count: 1
tcpxo-wb-0:2345:2929 [0] NCCL INFO Bucket 46005.1-137371 Count: 0
tcpxo-wb-0:2345:2929 [0] NCCL INFO Bucket 137371-164845 Count: 72
tcpxo-wb-0:2345:2929 [0] NCCL INFO Bucket 164845-197814 Count: 37
tcpxo-wb-0:2345:2929 [0] NCCL INFO Bucket 197814-237376 Count: 36
tcpxo-wb-0:2345:2929 [0] NCCL INFO Bucket 237376-284852 Count: 14
tcpxo-wb-0:2345:2929 [0] NCCL INFO Bucket 284852-341822 Count: 3
tcpxo-wb-0:2345:2929 [0] NCCL INFO Bucket 341822-410186 Count: 1
tcpxo-wb-0:2345:2929 [0] NCCL INFO Bucket 410186-492224 Count: 4
tcpxo-wb-0:2345:2929 [0] NCCL INFO Bucket 492224-590668 Count: 3
tcpxo-wb-0:2345:2929 [0] NCCL INFO Bucket 590668-708802 Count: 0
tcpxo-wb-0:2345:2929 [0] NCCL INFO Bucket 708802-850562 Count: 1
tcpxo-wb-0:2345:2929 [0] NCCL INFO Bucket 850562-1.02067e+06 Count: 0
tcpxo-wb-0:2345:2929 [0] NCCL INFO Bucket 1.02067e+06-1.22481e+06 Count: 1
tcpxo-wb-0:2345:2929 [0] NCCL INFO Bucket 1.22481e+06-1.46977e+06 Count: 0
tcpxo-wb-0:2345:2929 [0] NCCL INFO Bucket 1.46977e+06-1.76373e+06 Count: 2
tcpxo-wb-0:2345:2929 [0] NCCL INFO Bucket 1.76373e+06-2.11647e+06 Count: 0
tcpxo-wb-0:2345:2929 [0] NCCL INFO Bucket 2.11647e+06-2.53977e+06 Count: 1
tcpxo-wb-0:2345:2929 [0] NCCL INFO Bucket 2.53977e+06-3.04772e+06 Count: 4
tcpxo-wb-0:2345:2929 [0] NCCL INFO Bucket 3.04772e+06-9.10044e+06 Count: 0
tcpxo-wb-0:2345:2929 [0] NCCL INFO Bucket 9.10044e+06-1.09205e+07 Count: 1
tcpxo-wb-0:2345:2929 [0] NCCL INFO NET/FasTrak 2026-08-02T13:09:28.936550054+00:00: DeregMr[netdev=0] CUDA memory for comm 0x791f64086b70 with handle:8653318625366215974 data:0x791f8b400000 size:524288.
tcpxo-wb-0:2345:2929 [0] NCCL INFO NET/FasTrak 2026-08-02T13:09:28.936902837+00:00: DeregMr[netdev=0] CUDA memory for comm 0x791f64086b70 with handle:8653318625366213540 data:0x791f8b480000 size:4915200.
tcpxo-wb-0:2345:2929 [0] NCCL INFO NET/FasTrak 2026-08-02T13:09:28.938067078+00:00: DeregMr[netdev=0] CUDA memory for comm 0x791f64086b70 with handle:8653318625366215202 data:0x791f8b930000 size:8388608.
tcpxo-wb-0:2345:2929 [0] NCCL INFO NET/FasTrak 2026-08-02T13:09:28.939740444+00:00: Closing Recv comm 0x791f64086b70
tcpxo-wb-0:2345:2929 [0] NCCL INFO NET/FasTrak 2026-08-02T13:09:28.939746934+00:00: COMM STATS:
tcpxo-wb-0:2345:2929 [0] NCCL INFO request/offload_scheduled: 11960
tcpxo-wb-0:2345:2929 [0] NCCL INFO request/offload_completed: 11960
tcpxo-wb-0:2345:2929 [0] NCCL INFO request/offload_backlog_curr: 0
tcpxo-wb-0:2345:2929 [0] NCCL INFO request/offload_backlog_peak: 7
tcpxo-wb-0:2345:2929 [0] NCCL INFO request/offload_size_distribution:
tcpxo-wb-0:2345:2929 [0] NCCL INFO Min: 133120
tcpxo-wb-0:2345:2929 [0] NCCL INFO Max: 2.09715e+06
tcpxo-wb-0:2345:2929 [0] NCCL INFO Avg: 860941
tcpxo-wb-0:2345:2929 [0] NCCL INFO Bucket 0-130859 Count: 0
tcpxo-wb-0:2345:2929 [0] NCCL INFO Bucket 130859-157031 Count: 920
tcpxo-wb-0:2345:2929 [0] NCCL INFO Bucket 157031-188437 Count: 920
tcpxo-wb-0:2345:2929 [0] NCCL INFO Bucket 188437-226124 Count: 0
tcpxo-wb-0:2345:2929 [0] NCCL INFO Bucket 226124-271349 Count: 920
tcpxo-wb-0:2345:2929 [0] NCCL INFO Bucket 271349-325619 Count: 0
tcpxo-wb-0:2345:2929 [0] NCCL INFO Bucket 325619-390743 Count: 920
tcpxo-wb-0:2345:2929 [0] NCCL INFO Bucket 390743-562670 Count: 0
tcpxo-wb-0:2345:2929 [0] NCCL INFO Bucket 562670-675204 Count: 2760
tcpxo-wb-0:2345:2929 [0] NCCL INFO Bucket 675204-810244 Count: 1840
tcpxo-wb-0:2345:2929 [0] NCCL INFO Bucket 810244-1.16675e+06 Count: 0
tcpxo-wb-0:2345:2929 [0] NCCL INFO Bucket 1.16675e+06-1.4001e+06 Count: 1840
tcpxo-wb-0:2345:2929 [0] NCCL INFO Bucket 1.4001e+06-2.01615e+06 Count: 0
tcpxo-wb-0:2345:2929 [0] NCCL INFO Bucket 2.01615e+06-2.41938e+06 Count: 1840
tcpxo-wb-0:2345:2929 [0] NCCL INFO request/offload_duration_distribution:
tcpxo-wb-0:2345:2929 [0] NCCL INFO Min: 63418
tcpxo-wb-0:2345:2929 [0] NCCL INFO Max: 1.49229e+06
tcpxo-wb-0:2345:2929 [0] NCCL INFO Avg: 346955
tcpxo-wb-0:2345:2929 [0] NCCL INFO Bucket 0-61917.4 Count: 0
tcpxo-wb-0:2345:2929 [0] NCCL INFO Bucket 61917.4-74300.8 Count: 12
tcpxo-wb-0:2345:2929 [0] NCCL INFO Bucket 74300.8-89161 Count: 115
tcpxo-wb-0:2345:2929 [0] NCCL INFO Bucket 89161-106993 Count: 268
tcpxo-wb-0:2345:2929 [0] NCCL INFO Bucket 106993-128392 Count: 509
tcpxo-wb-0:2345:2929 [0] NCCL INFO Bucket 128392-154070 Count: 658
tcpxo-wb-0:2345:2929 [0] NCCL INFO Bucket 154070-184884 Count: 828
tcpxo-wb-0:2345:2929 [0] NCCL INFO Bucket 184884-221861 Count: 964
tcpxo-wb-0:2345:2929 [0] NCCL INFO Bucket 221861-266233 Count: 1528
tcpxo-wb-0:2345:2929 [0] NCCL INFO Bucket 266233-319480 Count: 581
tcpxo-wb-0:2345:2929 [0] NCCL INFO Bucket 319480-383376 Count: 748
tcpxo-wb-0:2345:2929 [0] NCCL INFO Bucket 383376-460051 Count: 3683
tcpxo-wb-0:2345:2929 [0] NCCL INFO Bucket 460051-552061 Count: 171
tcpxo-wb-0:2345:2929 [0] NCCL INFO Bucket 552061-662474 Count: 1718
tcpxo-wb-0:2345:2929 [0] NCCL INFO Bucket 662474-794968 Count: 108
tcpxo-wb-0:2345:2929 [0] NCCL INFO Bucket 794968-953962 Count: 30
tcpxo-wb-0:2345:2929 [0] NCCL INFO Bucket 953962-1.14475e+06 Count: 34
tcpxo-wb-0:2345:2929 [0] NCCL INFO Bucket 1.14475e+06-1.37371e+06 Count: 2
tcpxo-wb-0:2345:2929 [0] NCCL INFO Bucket 1.37371e+06-1.64845e+06 Count: 3
tcpxo-wb-0:2345:2929 [0] NCCL INFO Bucket 1.64845e+06-1.02067e+07 Count: 0
tcpxo-wb-0:2345:2929 [0] NCCL INFO request/unpack_duration_distribution:
tcpxo-wb-0:2345:2929 [0] NCCL INFO Bucket 0-1.09205e+07 Count: 0
tcpxo-wb-0:2345:2929 [0] NCCL INFO request/offload_complete_age_distribution:
tcpxo-wb-0:2345:2929 [0] NCCL INFO Min: 114
tcpxo-wb-0:2345:2929 [0] NCCL INFO Max: 182048
tcpxo-wb-0:2345:2929 [0] NCCL INFO Avg: 5377.82
tcpxo-wb-0:2345:2929 [0] NCCL INFO Bucket 0-100 Count: 0
tcpxo-wb-0:2345:2929 [0] NCCL INFO Bucket 100-120 Count: 13
tcpxo-wb-0:2345:2929 [0] NCCL INFO Bucket 120-144 Count: 4543
tcpxo-wb-0:2345:2929 [0] NCCL INFO Bucket 144-172.8 Count: 1062
tcpxo-wb-0:2345:2929 [0] NCCL INFO Bucket 172.8-207.36 Count: 202
tcpxo-wb-0:2345:2929 [0] NCCL INFO Bucket 207.36-248.832 Count: 38
tcpxo-wb-0:2345:2929 [0] NCCL INFO Bucket 248.832-298.598 Count: 8
tcpxo-wb-0:2345:2929 [0] NCCL INFO Bucket 298.598-358.318 Count: 22
tcpxo-wb-0:2345:2929 [0] NCCL INFO Bucket 358.318-429.982 Count: 65
tcpxo-wb-0:2345:2929 [0] NCCL INFO Bucket 429.982-515.978 Count: 270
tcpxo-wb-0:2345:2929 [0] NCCL INFO Bucket 515.978-619.174 Count: 331
tcpxo-wb-0:2345:2929 [0] NCCL INFO Bucket 619.174-743.008 Count: 1737
tcpxo-wb-0:2345:2929 [0] NCCL INFO Bucket 743.008-891.61 Count: 1104
tcpxo-wb-0:2345:2929 [0] NCCL INFO Bucket 891.61-1069.93 Count: 205
tcpxo-wb-0:2345:2929 [0] NCCL INFO Bucket 1069.93-1283.92 Count: 97
tcpxo-wb-0:2345:2929 [0] NCCL INFO Bucket 1283.92-1540.7 Count: 39
tcpxo-wb-0:2345:2929 [0] NCCL INFO Bucket 1540.7-1848.84 Count: 37
tcpxo-wb-0:2345:2929 [0] NCCL INFO Bucket 1848.84-2218.61 Count: 41
tcpxo-wb-0:2345:2929 [0] NCCL INFO Bucket 2218.61-2662.33 Count: 46
tcpxo-wb-0:2345:2929 [0] NCCL INFO Bucket 2662.33-3194.8 Count: 73
tcpxo-wb-0:2345:2929 [0] NCCL INFO Bucket 3194.8-3833.76 Count: 46
tcpxo-wb-0:2345:2929 [0] NCCL INFO Bucket 3833.76-4600.51 Count: 62
tcpxo-wb-0:2345:2929 [0] NCCL INFO Bucket 4600.51-5520.61 Count: 59
tcpxo-wb-0:2345:2929 [0] NCCL INFO Bucket 5520.61-6624.74 Count: 78
tcpxo-wb-0:2345:2929 [0] NCCL INFO Bucket 6624.74-7949.68 Count: 85
tcpxo-wb-0:2345:2929 [0] NCCL INFO Bucket 7949.68-9539.62 Count: 107
tcpxo-wb-0:2345:2929 [0] NCCL INFO Bucket 9539.62-11447.5 Count: 106
tcpxo-wb-0:2345:2929 [0] NCCL INFO Bucket 11447.5-13737.1 Count: 131
tcpxo-wb-0:2345:2929 [0] NCCL INFO Bucket 13737.1-16484.5 Count: 136
tcpxo-wb-0:2345:2929 [0] NCCL INFO Bucket 16484.5-19781.4 Count: 138
tcpxo-wb-0:2345:2929 [0] NCCL INFO Bucket 19781.4-23737.6 Count: 177
tcpxo-wb-0:2345:2929 [0] NCCL INFO Bucket 23737.6-28485.2 Count: 139
tcpxo-wb-0:2345:2929 [0] NCCL INFO Bucket 28485.2-34182.2 Count: 138
tcpxo-wb-0:2345:2929 [0] NCCL INFO Bucket 34182.2-41018.6 Count: 158
tcpxo-wb-0:2345:2929 [0] NCCL INFO Bucket 41018.6-49222.4 Count: 101
tcpxo-wb-0:2345:2929 [0] NCCL INFO Bucket 49222.4-59066.8 Count: 366
tcpxo-wb-0:2345:2929 [0] NCCL INFO request/unpack_num_iovs_distribution:
tcpxo-wb-0:2345:2929 [0] NCCL INFO Bucket 0-2116.47 Count: 0
tcpxo-wb-0:2345:2929 [0] NCCL INFO request/offload_interval_distribution:
tcpxo-wb-0:2345:2929 [0] NCCL INFO Min: 457
tcpxo-wb-0:2345:2929 [0] NCCL INFO Max: 7.10833e+07
tcpxo-wb-0:2345:2929 [0] NCCL INFO Avg: 84444.2
tcpxo-wb-0:2345:2929 [0] NCCL INFO Bucket 0-1000 Count: 587
tcpxo-wb-0:2345:2929 [0] NCCL INFO Bucket 1000-1200 Count: 590
tcpxo-wb-0:2345:2929 [0] NCCL INFO Bucket 1200-1440 Count: 276
tcpxo-wb-0:2345:2929 [0] NCCL INFO Bucket 1440-1728 Count: 250
tcpxo-wb-0:2345:2929 [0] NCCL INFO Bucket 1728-2073.6 Count: 113
tcpxo-wb-0:2345:2929 [0] NCCL INFO Bucket 2073.6-2488.32 Count: 40
tcpxo-wb-0:2345:2929 [0] NCCL INFO Bucket 2488.32-2985.98 Count: 13
tcpxo-wb-0:2345:2929 [0] NCCL INFO Bucket 2985.98-3583.18 Count: 10
tcpxo-wb-0:2345:2929 [0] NCCL INFO Bucket 3583.18-4299.82 Count: 35
tcpxo-wb-0:2345:2929 [0] NCCL INFO Bucket 4299.82-5159.78 Count: 42
tcpxo-wb-0:2345:2929 [0] NCCL INFO Bucket 5159.78-6191.74 Count: 47
tcpxo-wb-0:2345:2929 [0] NCCL INFO Bucket 6191.74-7430.08 Count: 77
tcpxo-wb-0:2345:2929 [0] NCCL INFO Bucket 7430.08-8916.1 Count: 82
tcpxo-wb-0:2345:2929 [0] NCCL INFO Bucket 8916.1-10699.3 Count: 94
tcpxo-wb-0:2345:2929 [0] NCCL INFO Bucket 10699.3-12839.2 Count: 95
tcpxo-wb-0:2345:2929 [0] NCCL INFO Bucket 12839.2-15407 Count: 132
tcpxo-wb-0:2345:2929 [0] NCCL INFO Bucket 15407-18488.4 Count: 167
tcpxo-wb-0:2345:2929 [0] NCCL INFO Bucket 18488.4-22186.1 Count: 217
tcpxo-wb-0:2345:2929 [0] NCCL INFO Bucket 22186.1-26623.3 Count: 556
tcpxo-wb-0:2345:2929 [0] NCCL INFO Bucket 26623.3-31948 Count: 525
tcpxo-wb-0:2345:2929 [0] NCCL INFO Bucket 31948-38337.6 Count: 792
tcpxo-wb-0:2345:2929 [0] NCCL INFO Bucket 38337.6-46005.1 Count: 559
tcpxo-wb-0:2345:2929 [0] NCCL INFO Bucket 46005.1-55206.1 Count: 716
tcpxo-wb-0:2345:2929 [0] NCCL INFO Bucket 55206.1-66247.4 Count: 1247
tcpxo-wb-0:2345:2929 [0] NCCL INFO Bucket 66247.4-79496.8 Count: 791
tcpxo-wb-0:2345:2929 [0] NCCL INFO Bucket 79496.8-95396.2 Count: 956
tcpxo-wb-0:2345:2929 [0] NCCL INFO Bucket 95396.2-114475 Count: 501
tcpxo-wb-0:2345:2929 [0] NCCL INFO Bucket 114475-137371 Count: 325
tcpxo-wb-0:2345:2929 [0] NCCL INFO Bucket 137371-164845 Count: 426
tcpxo-wb-0:2345:2929 [0] NCCL INFO Bucket 164845-197814 Count: 542
tcpxo-wb-0:2345:2929 [0] NCCL INFO Bucket 197814-237376 Count: 280
tcpxo-wb-0:2345:2929 [0] NCCL INFO Bucket 237376-284852 Count: 663
tcpxo-wb-0:2345:2929 [0] NCCL INFO Bucket 284852-341822 Count: 140
tcpxo-wb-0:2345:2929 [0] NCCL INFO Bucket 341822-410186 Count: 18
tcpxo-wb-0:2345:2929 [0] NCCL INFO Bucket 410186-492224 Count: 12
tcpxo-wb-0:2345:2929 [0] NCCL INFO Bucket 492224-590668 Count: 15
tcpxo-wb-0:2345:2929 [0] NCCL INFO Bucket 590668-708802 Count: 10
tcpxo-wb-0:2345:2929 [0] NCCL INFO Bucket 708802-850562 Count: 8
tcpxo-wb-0:2345:2929 [0] NCCL INFO Bucket 850562-1.02067e+06 Count: 2
tcpxo-wb-0:2345:2929 [0] NCCL INFO Bucket 1.02067e+06-1.22481e+06 Count: 3
tcpxo-wb-0:2345:2929 [0] NCCL INFO Bucket 1.22481e+06-1.76373e+06 Count: 0
tcpxo-wb-0:2345:2929 [0] NCCL INFO Bucket 1.76373e+06-2.11647e+06 Count: 1
tcpxo-wb-0:2345:2929 [0] NCCL INFO Bucket 2.11647e+06-3.04772e+06 Count: 0
tcpxo-wb-0:2345:2929 [0] NCCL INFO Bucket 3.04772e+06-3.65726e+06 Count: 1
tcpxo-wb-0:2345:2929 [0] NCCL INFO Bucket 3.65726e+06-4.38871e+06 Count: 1
tcpxo-wb-0:2345:2929 [0] NCCL INFO Bucket 4.38871e+06-5.26646e+06 Count: 0
tcpxo-wb-0:2345:2929 [0] NCCL INFO Bucket 5.26646e+06-6.31975e+06 Count: 1
tcpxo-wb-0:2345:2929 [0] NCCL INFO Bucket 6.31975e+06-7.5837e+06 Count: 1
tcpxo-wb-0:2345:2929 [0] NCCL INFO Bucket 7.5837e+06-9.10044e+06 Count: 0
tcpxo-wb-0:2345:2929 [0] NCCL INFO Bucket 9.10044e+06-1.09205e+07 Count: 1
tcpxo-wb-0:2345:2929 [0] NCCL INFO NET/FasTrak 2026-08-02T13:09:28.939870406+00:00: DeregMr[netdev=0] CUDA memory for comm 0x791f64087f30 with handle:8653318625366216033 data:0x791f8c200000 size:524288.
tcpxo-wb-0:2345:2929 [0] NCCL INFO NET/FasTrak 2026-08-02T13:09:28.94114706+00:00: DeregMr[netdev=0] CUDA memory for comm 0x791f64087f30 with handle:8653318625366212768 data:0x791f8c280000 size:4915200.
tcpxo-wb-0:2345:2929 [0] NCCL INFO NET/FasTrak 2026-08-02T13:09:28.942419404+00:00: DeregMr[netdev=0] CUDA memory for comm 0x791f64087f30 with handle:8653318625366213599 data:0x791f8c730000 size:8388608.
tcpxo-wb-0:2345:2929 [0] NCCL INFO NET/FasTrak 2026-08-02T13:09:28.943661866+00:00: Closing Recv comm 0x791f64087f30
tcpxo-wb-0:2345:2929 [0] NCCL INFO NET/FasTrak 2026-08-02T13:09:28.943667487+00:00: COMM STATS:
tcpxo-wb-0:2345:2929 [0] NCCL INFO request/offload_scheduled: 11960
tcpxo-wb-0:2345:2929 [0] NCCL INFO request/offload_completed: 11960
tcpxo-wb-0:2345:2929 [0] NCCL INFO request/offload_backlog_curr: 0
tcpxo-wb-0:2345:2929 [0] NCCL INFO request/offload_backlog_peak: 7
tcpxo-wb-0:2345:2929 [0] NCCL INFO request/offload_size_distribution:
tcpxo-wb-0:2345:2929 [0] NCCL INFO Min: 133120
tcpxo-wb-0:2345:2929 [0] NCCL INFO Max: 2.09715e+06
tcpxo-wb-0:2345:2929 [0] NCCL INFO Avg: 860941
tcpxo-wb-0:2345:2929 [0] NCCL INFO Bucket 0-130859 Count: 0
tcpxo-wb-0:2345:2929 [0] NCCL INFO Bucket 130859-157031 Count: 920
tcpxo-wb-0:2345:2929 [0] NCCL INFO Bucket 157031-188437 Count: 920
tcpxo-wb-0:2345:2929 [0] NCCL INFO Bucket 188437-226124 Count: 0
tcpxo-wb-0:2345:2929 [0] NCCL INFO Bucket 226124-271349 Count: 920
tcpxo-wb-0:2345:2929 [0] NCCL INFO Bucket 271349-325619 Count: 0
tcpxo-wb-0:2345:2929 [0] NCCL INFO Bucket 325619-390743 Count: 920
tcpxo-wb-0:2345:2929 [0] NCCL INFO Bucket 390743-562670 Count: 0
tcpxo-wb-0:2345:2929 [0] NCCL INFO Bucket 562670-675204 Count: 2760
tcpxo-wb-0:2345:2929 [0] NCCL INFO Bucket 675204-810244 Count: 1840
tcpxo-wb-0:2345:2929 [0] NCCL INFO Bucket 810244-1.16675e+06 Count: 0
tcpxo-wb-0:2345:2929 [0] NCCL INFO Bucket 1.16675e+06-1.4001e+06 Count: 1840
tcpxo-wb-0:2345:2929 [0] NCCL INFO Bucket 1.4001e+06-2.01615e+06 Count: 0
tcpxo-wb-0:2345:2929 [0] NCCL INFO Bucket 2.01615e+06-2.41938e+06 Count: 1840
tcpxo-wb-0:2345:2929 [0] NCCL INFO request/offload_duration_distribution:
tcpxo-wb-0:2345:2929 [0] NCCL INFO Min: 68518
tcpxo-wb-0:2345:2929 [0] NCCL INFO Max: 1.47798e+06
tcpxo-wb-0:2345:2929 [0] NCCL INFO Avg: 347293
tcpxo-wb-0:2345:2929 [0] NCCL INFO Bucket 0-61917.4 Count: 0
tcpxo-wb-0:2345:2929 [0] NCCL INFO Bucket 61917.4-74300.8 Count: 19
tcpxo-wb-0:2345:2929 [0] NCCL INFO Bucket 74300.8-89161 Count: 98
tcpxo-wb-0:2345:2929 [0] NCCL INFO Bucket 89161-106993 Count: 311
tcpxo-wb-0:2345:2929 [0] NCCL INFO Bucket 106993-128392 Count: 500
tcpxo-wb-0:2345:2929 [0] NCCL INFO Bucket 128392-154070 Count: 675
tcpxo-wb-0:2345:2929 [0] NCCL INFO Bucket 154070-184884 Count: 773
tcpxo-wb-0:2345:2929 [0] NCCL INFO Bucket 184884-221861 Count: 1039
tcpxo-wb-0:2345:2929 [0] NCCL INFO Bucket 221861-266233 Count: 1408
tcpxo-wb-0:2345:2929 [0] NCCL INFO Bucket 266233-319480 Count: 652
tcpxo-wb-0:2345:2929 [0] NCCL INFO Bucket 319480-383376 Count: 815
tcpxo-wb-0:2345:2929 [0] NCCL INFO Bucket 383376-460051 Count: 3605
tcpxo-wb-0:2345:2929 [0] NCCL INFO Bucket 460051-552061 Count: 145
tcpxo-wb-0:2345:2929 [0] NCCL INFO Bucket 552061-662474 Count: 1735
tcpxo-wb-0:2345:2929 [0] NCCL INFO Bucket 662474-794968 Count: 108
tcpxo-wb-0:2345:2929 [0] NCCL INFO Bucket 794968-953962 Count: 42
tcpxo-wb-0:2345:2929 [0] NCCL INFO Bucket 953962-1.14475e+06 Count: 26
tcpxo-wb-0:2345:2929 [0] NCCL INFO Bucket 1.14475e+06-1.37371e+06 Count: 7
tcpxo-wb-0:2345:2929 [0] NCCL INFO Bucket 1.37371e+06-1.64845e+06 Count: 2
tcpxo-wb-0:2345:2929 [0] NCCL INFO Bucket 1.64845e+06-1.02067e+07 Count: 0
tcpxo-wb-0:2345:2929 [0] NCCL INFO request/unpack_duration_distribution:
tcpxo-wb-0:2345:2929 [0] NCCL INFO Bucket 0-1.09205e+07 Count: 0
tcpxo-wb-0:2345:2929 [0] NCCL INFO request/offload_complete_age_distribution:
tcpxo-wb-0:2345:2929 [0] NCCL INFO Min: 111
tcpxo-wb-0:2345:2929 [0] NCCL INFO Max: 177520
tcpxo-wb-0:2345:2929 [0] NCCL INFO Avg: 5809.36
tcpxo-wb-0:2345:2929 [0] NCCL INFO Bucket 0-100 Count: 0
tcpxo-wb-0:2345:2929 [0] NCCL INFO Bucket 100-120 Count: 6
tcpxo-wb-0:2345:2929 [0] NCCL INFO Bucket 120-144 Count: 3227
tcpxo-wb-0:2345:2929 [0] NCCL INFO Bucket 144-172.8 Count: 637
tcpxo-wb-0:2345:2929 [0] NCCL INFO Bucket 172.8-207.36 Count: 115
tcpxo-wb-0:2345:2929 [0] NCCL INFO Bucket 207.36-248.832 Count: 16
tcpxo-wb-0:2345:2929 [0] NCCL INFO Bucket 248.832-298.598 Count: 5
tcpxo-wb-0:2345:2929 [0] NCCL INFO Bucket 298.598-358.318 Count: 61
tcpxo-wb-0:2345:2929 [0] NCCL INFO Bucket 358.318-429.982 Count: 170
tcpxo-wb-0:2345:2929 [0] NCCL INFO Bucket 429.982-515.978 Count: 3138
tcpxo-wb-0:2345:2929 [0] NCCL INFO Bucket 515.978-619.174 Count: 1562
tcpxo-wb-0:2345:2929 [0] NCCL INFO Bucket 619.174-743.008 Count: 112
tcpxo-wb-0:2345:2929 [0] NCCL INFO Bucket 743.008-891.61 Count: 194
tcpxo-wb-0:2345:2929 [0] NCCL INFO Bucket 891.61-1069.93 Count: 194
tcpxo-wb-0:2345:2929 [0] NCCL INFO Bucket 1069.93-1283.92 Count: 66
tcpxo-wb-0:2345:2929 [0] NCCL INFO Bucket 1283.92-1540.7 Count: 33
tcpxo-wb-0:2345:2929 [0] NCCL INFO Bucket 1540.7-1848.84 Count: 38
tcpxo-wb-0:2345:2929 [0] NCCL INFO Bucket 1848.84-2218.61 Count: 37
tcpxo-wb-0:2345:2929 [0] NCCL INFO Bucket 2218.61-2662.33 Count: 69
tcpxo-wb-0:2345:2929 [0] NCCL INFO Bucket 2662.33-3194.8 Count: 77
tcpxo-wb-0:2345:2929 [0] NCCL INFO Bucket 3194.8-3833.76 Count: 48
tcpxo-wb-0:2345:2929 [0] NCCL INFO Bucket 3833.76-4600.51 Count: 61
tcpxo-wb-0:2345:2929 [0] NCCL INFO Bucket 4600.51-5520.61 Count: 96
tcpxo-wb-0:2345:2929 [0] NCCL INFO Bucket 5520.61-6624.74 Count: 83
tcpxo-wb-0:2345:2929 [0] NCCL INFO Bucket 6624.74-7949.68 Count: 88
tcpxo-wb-0:2345:2929 [0] NCCL INFO Bucket 7949.68-9539.62 Count: 107
tcpxo-wb-0:2345:2929 [0] NCCL INFO Bucket 9539.62-11447.5 Count: 110
tcpxo-wb-0:2345:2929 [0] NCCL INFO Bucket 11447.5-13737.1 Count: 144
tcpxo-wb-0:2345:2929 [0] NCCL INFO Bucket 13737.1-16484.5 Count: 148
tcpxo-wb-0:2345:2929 [0] NCCL INFO Bucket 16484.5-19781.4 Count: 144
tcpxo-wb-0:2345:2929 [0] NCCL INFO Bucket 19781.4-23737.6 Count: 163
tcpxo-wb-0:2345:2929 [0] NCCL INFO Bucket 23737.6-28485.2 Count: 180
tcpxo-wb-0:2345:2929 [0] NCCL INFO Bucket 28485.2-34182.2 Count: 162
tcpxo-wb-0:2345:2929 [0] NCCL INFO Bucket 34182.2-41018.6 Count: 145
tcpxo-wb-0:2345:2929 [0] NCCL INFO Bucket 41018.6-49222.4 Count: 141
tcpxo-wb-0:2345:2929 [0] NCCL INFO Bucket 49222.4-59066.8 Count: 383
tcpxo-wb-0:2345:2929 [0] NCCL INFO request/unpack_num_iovs_distribution:
tcpxo-wb-0:2345:2929 [0] NCCL INFO Bucket 0-2116.47 Count: 0
tcpxo-wb-0:2345:2929 [0] NCCL INFO request/offload_interval_distribution:
tcpxo-wb-0:2345:2929 [0] NCCL INFO Min: 489
tcpxo-wb-0:2345:2929 [0] NCCL INFO Max: 5.98744e+07
tcpxo-wb-0:2345:2929 [0] NCCL INFO Avg: 83497.2
tcpxo-wb-0:2345:2929 [0] NCCL INFO Bucket 0-1000 Count: 549
tcpxo-wb-0:2345:2929 [0] NCCL INFO Bucket 1000-1200 Count: 637
tcpxo-wb-0:2345:2929 [0] NCCL INFO Bucket 1200-1440 Count: 260
tcpxo-wb-0:2345:2929 [0] NCCL INFO Bucket 1440-1728 Count: 289
tcpxo-wb-0:2345:2929 [0] NCCL INFO Bucket 1728-2073.6 Count: 118
tcpxo-wb-0:2345:2929 [0] NCCL INFO Bucket 2073.6-2488.32 Count: 42
tcpxo-wb-0:2345:2929 [0] NCCL INFO Bucket 2488.32-2985.98 Count: 24
tcpxo-wb-0:2345:2929 [0] NCCL INFO Bucket 2985.98-3583.18 Count: 17
tcpxo-wb-0:2345:2929 [0] NCCL INFO Bucket 3583.18-4299.82 Count: 32
tcpxo-wb-0:2345:2929 [0] NCCL INFO Bucket 4299.82-5159.78 Count: 44
tcpxo-wb-0:2345:2929 [0] NCCL INFO Bucket 5159.78-6191.74 Count: 47
tcpxo-wb-0:2345:2929 [0] NCCL INFO Bucket 6191.74-7430.08 Count: 78
tcpxo-wb-0:2345:2929 [0] NCCL INFO Bucket 7430.08-8916.1 Count: 77
tcpxo-wb-0:2345:2929 [0] NCCL INFO Bucket 8916.1-10699.3 Count: 95
tcpxo-wb-0:2345:2929 [0] NCCL INFO Bucket 10699.3-12839.2 Count: 111
tcpxo-wb-0:2345:2929 [0] NCCL INFO Bucket 12839.2-15407 Count: 129
tcpxo-wb-0:2345:2929 [0] NCCL INFO Bucket 15407-18488.4 Count: 189
tcpxo-wb-0:2345:2929 [0] NCCL INFO Bucket 18488.4-22186.1 Count: 203
tcpxo-wb-0:2345:2929 [0] NCCL INFO Bucket 22186.1-26623.3 Count: 610
tcpxo-wb-0:2345:2929 [0] NCCL INFO Bucket 26623.3-31948 Count: 644
tcpxo-wb-0:2345:2929 [0] NCCL INFO Bucket 31948-38337.6 Count: 680
tcpxo-wb-0:2345:2929 [0] NCCL INFO Bucket 38337.6-46005.1 Count: 526
tcpxo-wb-0:2345:2929 [0] NCCL INFO Bucket 46005.1-55206.1 Count: 896
tcpxo-wb-0:2345:2929 [0] NCCL INFO Bucket 55206.1-66247.4 Count: 1102
tcpxo-wb-0:2345:2929 [0] NCCL INFO Bucket 66247.4-79496.8 Count: 643
tcpxo-wb-0:2345:2929 [0] NCCL INFO Bucket 79496.8-95396.2 Count: 580
tcpxo-wb-0:2345:2929 [0] NCCL INFO Bucket 95396.2-114475 Count: 447
tcpxo-wb-0:2345:2929 [0] NCCL INFO Bucket 114475-137371 Count: 350
tcpxo-wb-0:2345:2929 [0] NCCL INFO Bucket 137371-164845 Count: 556
tcpxo-wb-0:2345:2929 [0] NCCL INFO Bucket 164845-197814 Count: 886
tcpxo-wb-0:2345:2929 [0] NCCL INFO Bucket 197814-237376 Count: 620
tcpxo-wb-0:2345:2929 [0] NCCL INFO Bucket 237376-284852 Count: 361
tcpxo-wb-0:2345:2929 [0] NCCL INFO Bucket 284852-341822 Count: 45
tcpxo-wb-0:2345:2929 [0] NCCL INFO Bucket 341822-410186 Count: 15
tcpxo-wb-0:2345:2929 [0] NCCL INFO Bucket 410186-492224 Count: 15
tcpxo-wb-0:2345:2929 [0] NCCL INFO Bucket 492224-590668 Count: 13
tcpxo-wb-0:2345:2929 [0] NCCL INFO Bucket 590668-708802 Count: 11
tcpxo-wb-0:2345:2929 [0] NCCL INFO Bucket 708802-850562 Count: 8
tcpxo-wb-0:2345:2929 [0] NCCL INFO Bucket 850562-1.02067e+06 Count: 4
tcpxo-wb-0:2345:2929 [0] NCCL INFO Bucket 1.02067e+06-1.22481e+06 Count: 1
tcpxo-wb-0:2345:2929 [0] NCCL INFO Bucket 1.22481e+06-1.76373e+06 Count: 0
tcpxo-wb-0:2345:2929 [0] NCCL INFO Bucket 1.76373e+06-2.11647e+06 Count: 1
tcpxo-wb-0:2345:2929 [0] NCCL INFO Bucket 2.11647e+06-3.04772e+06 Count: 0
tcpxo-wb-0:2345:2929 [0] NCCL INFO Bucket 3.04772e+06-3.65726e+06 Count: 1
tcpxo-wb-0:2345:2929 [0] NCCL INFO Bucket 3.65726e+06-4.38871e+06 Count: 1
tcpxo-wb-0:2345:2929 [0] NCCL INFO Bucket 4.38871e+06-5.26646e+06 Count: 0
tcpxo-wb-0:2345:2929 [0] NCCL INFO Bucket 5.26646e+06-6.31975e+06 Count: 1
tcpxo-wb-0:2345:2929 [0] NCCL INFO Bucket 6.31975e+06-7.5837e+06 Count: 1
tcpxo-wb-0:2345:2929 [0] NCCL INFO Bucket 7.5837e+06-9.10044e+06 Count: 0
tcpxo-wb-0:2345:2929 [0] NCCL INFO Bucket 9.10044e+06-1.09205e+07 Count: 1
tcpxo-wb-0:2345:2929 [0] NCCL INFO NET/FasTrak 2026-08-02T13:09:28.9448675+00:00: DeregMr host memory for 0x791f64089910 data:0x31d5f04000 size:524288.
tcpxo-wb-0:2345:2929 [0] NCCL INFO NET/FasTrak 2026-08-02T13:09:28.944874646+00:00: DeregMr[netdev=1] CUDA memory for comm 0x791f64089910 with handle:3985787139683389602 data:0x791f89800000 size:4915200.
tcpxo-wb-0:2345:2929 [0] NCCL INFO NET/FasTrak 2026-08-02T13:09:28.945916469+00:00: DeregMr[netdev=1] CUDA memory for comm 0x791f64089910 with handle:3985787139683393525 data:0x791f89cb0000 size:8388608.
tcpxo-wb-0:2345:2929 [0] NCCL INFO NET/FasTrak 2026-08-02T13:09:28.947494982+00:00: Closing Send comm 0x791f64089910
tcpxo-wb-0:2345:2929 [0] NCCL INFO NET/FasTrak 2026-08-02T13:09:28.94750365+00:00: COMM STATS:
tcpxo-wb-0:2345:2929 [0] NCCL INFO request/offload_scheduled: 11960
tcpxo-wb-0:2345:2929 [0] NCCL INFO request/offload_completed: 11960
tcpxo-wb-0:2345:2929 [0] NCCL INFO request/offload_backlog_curr: 0
tcpxo-wb-0:2345:2929 [0] NCCL INFO request/offload_backlog_peak: 7
tcpxo-wb-0:2345:2929 [0] NCCL INFO request/offload_size_distribution:
tcpxo-wb-0:2345:2929 [0] NCCL INFO Min: 133120
tcpxo-wb-0:2345:2929 [0] NCCL INFO Max: 2.09715e+06
tcpxo-wb-0:2345:2929 [0] NCCL INFO Avg: 860934
tcpxo-wb-0:2345:2929 [0] NCCL INFO Bucket 0-130859 Count: 0
tcpxo-wb-0:2345:2929 [0] NCCL INFO Bucket 130859-157031 Count: 920
tcpxo-wb-0:2345:2929 [0] NCCL INFO Bucket 157031-188437 Count: 920
tcpxo-wb-0:2345:2929 [0] NCCL INFO Bucket 188437-226124 Count: 0
tcpxo-wb-0:2345:2929 [0] NCCL INFO Bucket 226124-271349 Count: 920
tcpxo-wb-0:2345:2929 [0] NCCL INFO Bucket 271349-325619 Count: 0
tcpxo-wb-0:2345:2929 [0] NCCL INFO Bucket 325619-390743 Count: 920
tcpxo-wb-0:2345:2929 [0] NCCL INFO Bucket 390743-562670 Count: 0
tcpxo-wb-0:2345:2929 [0] NCCL INFO Bucket 562670-675204 Count: 2760
tcpxo-wb-0:2345:2929 [0] NCCL INFO Bucket 675204-810244 Count: 1840
tcpxo-wb-0:2345:2929 [0] NCCL INFO Bucket 810244-1.16675e+06 Count: 0
tcpxo-wb-0:2345:2929 [0] NCCL INFO Bucket 1.16675e+06-1.4001e+06 Count: 1840
tcpxo-wb-0:2345:2929 [0] NCCL INFO Bucket 1.4001e+06-2.01615e+06 Count: 0
tcpxo-wb-0:2345:2929 [0] NCCL INFO Bucket 2.01615e+06-2.41938e+06 Count: 1840
tcpxo-wb-0:2345:2929 [0] NCCL INFO request/offload_duration_distribution:
tcpxo-wb-0:2345:2929 [0] NCCL INFO Min: 40857
tcpxo-wb-0:2345:2929 [0] NCCL INFO Max: 899157
tcpxo-wb-0:2345:2929 [0] NCCL INFO Avg: 311200
tcpxo-wb-0:2345:2929 [0] NCCL INFO Bucket 0-35831.8 Count: 0
tcpxo-wb-0:2345:2929 [0] NCCL INFO Bucket 35831.8-42998.2 Count: 3
tcpxo-wb-0:2345:2929 [0] NCCL INFO Bucket 42998.2-51597.8 Count: 20
tcpxo-wb-0:2345:2929 [0] NCCL INFO Bucket 51597.8-61917.4 Count: 73
tcpxo-wb-0:2345:2929 [0] NCCL INFO Bucket 61917.4-74300.8 Count: 208
tcpxo-wb-0:2345:2929 [0] NCCL INFO Bucket 74300.8-89161 Count: 388
tcpxo-wb-0:2345:2929 [0] NCCL INFO Bucket 89161-106993 Count: 560
tcpxo-wb-0:2345:2929 [0] NCCL INFO Bucket 106993-128392 Count: 601
tcpxo-wb-0:2345:2929 [0] NCCL INFO Bucket 128392-154070 Count: 663
tcpxo-wb-0:2345:2929 [0] NCCL INFO Bucket 154070-184884 Count: 694
tcpxo-wb-0:2345:2929 [0] NCCL INFO Bucket 184884-221861 Count: 1108
tcpxo-wb-0:2345:2929 [0] NCCL INFO Bucket 221861-266233 Count: 1128
tcpxo-wb-0:2345:2929 [0] NCCL INFO Bucket 266233-319480 Count: 489
tcpxo-wb-0:2345:2929 [0] NCCL INFO Bucket 319480-383376 Count: 2445
tcpxo-wb-0:2345:2929 [0] NCCL INFO Bucket 383376-460051 Count: 1712
tcpxo-wb-0:2345:2929 [0] NCCL INFO Bucket 460051-552061 Count: 365
tcpxo-wb-0:2345:2929 [0] NCCL INFO Bucket 552061-662474 Count: 1425
tcpxo-wb-0:2345:2929 [0] NCCL INFO Bucket 662474-794968 Count: 75
tcpxo-wb-0:2345:2929 [0] NCCL INFO Bucket 794968-953962 Count: 3
tcpxo-wb-0:2345:2929 [0] NCCL INFO Bucket 953962-1.02067e+07 Count: 0
tcpxo-wb-0:2345:2929 [0] NCCL INFO request/unpack_duration_distribution:
tcpxo-wb-0:2345:2929 [0] NCCL INFO Bucket 0-1.09205e+07 Count: 0
tcpxo-wb-0:2345:2929 [0] NCCL INFO request/offload_complete_age_distribution:
tcpxo-wb-0:2345:2929 [0] NCCL INFO Min: 78
tcpxo-wb-0:2345:2929 [0] NCCL INFO Max: 246723
tcpxo-wb-0:2345:2929 [0] NCCL INFO Avg: 22548.6
tcpxo-wb-0:2345:2929 [0] NCCL INFO Bucket 0-100 Count: 1468
tcpxo-wb-0:2345:2929 [0] NCCL INFO Bucket 100-120 Count: 1895
tcpxo-wb-0:2345:2929 [0] NCCL INFO Bucket 120-144 Count: 444
tcpxo-wb-0:2345:2929 [0] NCCL INFO Bucket 144-172.8 Count: 106
tcpxo-wb-0:2345:2929 [0] NCCL INFO Bucket 172.8-207.36 Count: 3
tcpxo-wb-0:2345:2929 [0] NCCL INFO Bucket 207.36-248.832 Count: 5
tcpxo-wb-0:2345:2929 [0] NCCL INFO Bucket 248.832-298.598 Count: 4
tcpxo-wb-0:2345:2929 [0] NCCL INFO Bucket 298.598-358.318 Count: 6
tcpxo-wb-0:2345:2929 [0] NCCL INFO Bucket 358.318-429.982 Count: 22
tcpxo-wb-0:2345:2929 [0] NCCL INFO Bucket 429.982-515.978 Count: 321
tcpxo-wb-0:2345:2929 [0] NCCL INFO Bucket 515.978-619.174 Count: 137
tcpxo-wb-0:2345:2929 [0] NCCL INFO Bucket 619.174-743.008 Count: 1397
tcpxo-wb-0:2345:2929 [0] NCCL INFO Bucket 743.008-891.61 Count: 402
tcpxo-wb-0:2345:2929 [0] NCCL INFO Bucket 891.61-1069.93 Count: 116
tcpxo-wb-0:2345:2929 [0] NCCL INFO Bucket 1069.93-1283.92 Count: 70
tcpxo-wb-0:2345:2929 [0] NCCL INFO Bucket 1283.92-1540.7 Count: 20
tcpxo-wb-0:2345:2929 [0] NCCL INFO Bucket 1540.7-1848.84 Count: 23
tcpxo-wb-0:2345:2929 [0] NCCL INFO Bucket 1848.84-2218.61 Count: 23
tcpxo-wb-0:2345:2929 [0] NCCL INFO Bucket 2218.61-2662.33 Count: 31
tcpxo-wb-0:2345:2929 [0] NCCL INFO Bucket 2662.33-3194.8 Count: 33
tcpxo-wb-0:2345:2929 [0] NCCL INFO Bucket 3194.8-3833.76 Count: 27
tcpxo-wb-0:2345:2929 [0] NCCL INFO Bucket 3833.76-4600.51 Count: 35
tcpxo-wb-0:2345:2929 [0] NCCL INFO Bucket 4600.51-5520.61 Count: 46
tcpxo-wb-0:2345:2929 [0] NCCL INFO Bucket 5520.61-6624.74 Count: 53
tcpxo-wb-0:2345:2929 [0] NCCL INFO Bucket 6624.74-7949.68 Count: 75
tcpxo-wb-0:2345:2929 [0] NCCL INFO Bucket 7949.68-9539.62 Count: 84
tcpxo-wb-0:2345:2929 [0] NCCL INFO Bucket 9539.62-11447.5 Count: 85
tcpxo-wb-0:2345:2929 [0] NCCL INFO Bucket 11447.5-13737.1 Count: 137
tcpxo-wb-0:2345:2929 [0] NCCL INFO Bucket 13737.1-16484.5 Count: 122
tcpxo-wb-0:2345:2929 [0] NCCL INFO Bucket 16484.5-19781.4 Count: 172
tcpxo-wb-0:2345:2929 [0] NCCL INFO Bucket 19781.4-23737.6 Count: 233
tcpxo-wb-0:2345:2929 [0] NCCL INFO Bucket 23737.6-28485.2 Count: 308
tcpxo-wb-0:2345:2929 [0] NCCL INFO Bucket 28485.2-34182.2 Count: 407
tcpxo-wb-0:2345:2929 [0] NCCL INFO Bucket 34182.2-41018.6 Count: 525
tcpxo-wb-0:2345:2929 [0] NCCL INFO Bucket 41018.6-49222.4 Count: 624
tcpxo-wb-0:2345:2929 [0] NCCL INFO Bucket 49222.4-59066.8 Count: 2501
tcpxo-wb-0:2345:2929 [0] NCCL INFO request/unpack_num_iovs_distribution:
tcpxo-wb-0:2345:2929 [0] NCCL INFO Bucket 0-2116.47 Count: 0
tcpxo-wb-0:2345:2929 [0] NCCL INFO request/offload_interval_distribution:
tcpxo-wb-0:2345:2929 [0] NCCL INFO Min: 1600
tcpxo-wb-0:2345:2929 [0] NCCL INFO Max: 5.99001e+07
tcpxo-wb-0:2345:2929 [0] NCCL INFO Avg: 83497.1
tcpxo-wb-0:2345:2929 [0] NCCL INFO Bucket 0-1440 Count: 0
tcpxo-wb-0:2345:2929 [0] NCCL INFO Bucket 1440-1728 Count: 2
tcpxo-wb-0:2345:2929 [0] NCCL INFO Bucket 1728-2073.6 Count: 0
tcpxo-wb-0:2345:2929 [0] NCCL INFO Bucket 2073.6-2488.32 Count: 1
tcpxo-wb-0:2345:2929 [0] NCCL INFO Bucket 2488.32-2985.98 Count: 1
tcpxo-wb-0:2345:2929 [0] NCCL INFO Bucket 2985.98-3583.18 Count: 0
tcpxo-wb-0:2345:2929 [0] NCCL INFO Bucket 3583.18-4299.82 Count: 4
tcpxo-wb-0:2345:2929 [0] NCCL INFO Bucket 4299.82-5159.78 Count: 0
tcpxo-wb-0:2345:2929 [0] NCCL INFO Bucket 5159.78-6191.74 Count: 2
tcpxo-wb-0:2345:2929 [0] NCCL INFO Bucket 6191.74-7430.08 Count: 12
tcpxo-wb-0:2345:2929 [0] NCCL INFO Bucket 7430.08-8916.1 Count: 178
tcpxo-wb-0:2345:2929 [0] NCCL INFO Bucket 8916.1-10699.3 Count: 566
tcpxo-wb-0:2345:2929 [0] NCCL INFO Bucket 10699.3-12839.2 Count: 476
tcpxo-wb-0:2345:2929 [0] NCCL INFO Bucket 12839.2-15407 Count: 489
tcpxo-wb-0:2345:2929 [0] NCCL INFO Bucket 15407-18488.4 Count: 474
tcpxo-wb-0:2345:2929 [0] NCCL INFO Bucket 18488.4-22186.1 Count: 496
tcpxo-wb-0:2345:2929 [0] NCCL INFO Bucket 22186.1-26623.3 Count: 985
tcpxo-wb-0:2345:2929 [0] NCCL INFO Bucket 26623.3-31948 Count: 1499
tcpxo-wb-0:2345:2929 [0] NCCL INFO Bucket 31948-38337.6 Count: 379
tcpxo-wb-0:2345:2929 [0] NCCL INFO Bucket 38337.6-46005.1 Count: 654
tcpxo-wb-0:2345:2929 [0] NCCL INFO Bucket 46005.1-55206.1 Count: 331
tcpxo-wb-0:2345:2929 [0] NCCL INFO Bucket 55206.1-66247.4 Count: 1232
tcpxo-wb-0:2345:2929 [0] NCCL INFO Bucket 66247.4-79496.8 Count: 651
tcpxo-wb-0:2345:2929 [0] NCCL INFO Bucket 79496.8-95396.2 Count: 944
tcpxo-wb-0:2345:2929 [0] NCCL INFO Bucket 95396.2-114475 Count: 307
tcpxo-wb-0:2345:2929 [0] NCCL INFO Bucket 114475-137371 Count: 189
tcpxo-wb-0:2345:2929 [0] NCCL INFO Bucket 137371-164845 Count: 226
tcpxo-wb-0:2345:2929 [0] NCCL INFO Bucket 164845-197814 Count: 595
tcpxo-wb-0:2345:2929 [0] NCCL INFO Bucket 197814-237376 Count: 285
tcpxo-wb-0:2345:2929 [0] NCCL INFO Bucket 237376-284852 Count: 507
tcpxo-wb-0:2345:2929 [0] NCCL INFO Bucket 284852-341822 Count: 402
tcpxo-wb-0:2345:2929 [0] NCCL INFO Bucket 341822-410186 Count: 27
tcpxo-wb-0:2345:2929 [0] NCCL INFO Bucket 410186-492224 Count: 9
tcpxo-wb-0:2345:2929 [0] NCCL INFO Bucket 492224-590668 Count: 13
tcpxo-wb-0:2345:2929 [0] NCCL INFO Bucket 590668-708802 Count: 7
tcpxo-wb-0:2345:2929 [0] NCCL INFO Bucket 708802-850562 Count: 6
tcpxo-wb-0:2345:2929 [0] NCCL INFO Bucket 850562-1.02067e+06 Count: 3
tcpxo-wb-0:2345:2929 [0] NCCL INFO Bucket 1.02067e+06-1.22481e+06 Count: 1
tcpxo-wb-0:2345:2929 [0] NCCL INFO Bucket 1.22481e+06-1.46977e+06 Count: 1
tcpxo-wb-0:2345:2929 [0] NCCL INFO Bucket 1.46977e+06-1.76373e+06 Count: 0
tcpxo-wb-0:2345:2929 [0] NCCL INFO Bucket 1.76373e+06-2.11647e+06 Count: 1
tcpxo-wb-0:2345:2929 [0] NCCL INFO Bucket 2.11647e+06-3.04772e+06 Count: 0
tcpxo-wb-0:2345:2929 [0] NCCL INFO Bucket 3.04772e+06-3.65726e+06 Count: 1
tcpxo-wb-0:2345:2929 [0] NCCL INFO Bucket 3.65726e+06-4.38871e+06 Count: 1
tcpxo-wb-0:2345:2929 [0] NCCL INFO Bucket 4.38871e+06-5.26646e+06 Count: 0
tcpxo-wb-0:2345:2929 [0] NCCL INFO Bucket 5.26646e+06-6.31975e+06 Count: 1
tcpxo-wb-0:2345:2929 [0] NCCL INFO Bucket 6.31975e+06-7.5837e+06 Count: 0
tcpxo-wb-0:2345:2929 [0] NCCL INFO Bucket 7.5837e+06-9.10044e+06 Count: 1
tcpxo-wb-0:2345:2929 [0] NCCL INFO Bucket 9.10044e+06-1.09205e+07 Count: 1
tcpxo-wb-0:2345:2929 [0] NCCL INFO NET/FasTrak 2026-08-02T13:09:28.947599919+00:00: DeregMr host memory for 0x791f6408b780 data:0x31cde00000 size:524288.
tcpxo-wb-0:2345:2929 [0] NCCL INFO NET/FasTrak 2026-08-02T13:09:28.947604158+00:00: DeregMr[netdev=1] CUDA memory for comm 0x791f6408b780 with handle:3985787139683393352 data:0x791f8a600000 size:4915200.
tcpxo-wb-0:2345:2929 [0] NCCL INFO NET/FasTrak 2026-08-02T13:09:28.948124899+00:00: DeregMr[netdev=1] CUDA memory for comm 0x791f6408b780 with handle:3985787139683393179 data:0x791f8aab0000 size:8388608.
tcpxo-wb-0:2345:2929 [0] NCCL INFO NET/FasTrak 2026-08-02T13:09:28.95004115+00:00: Closing Send comm 0x791f6408b780
tcpxo-wb-0:2345:2929 [0] NCCL INFO NET/FasTrak 2026-08-02T13:09:28.95004938+00:00: COMM STATS:
tcpxo-wb-0:2345:2929 [0] NCCL INFO request/offload_scheduled: 11960
tcpxo-wb-0:2345:2929 [0] NCCL INFO request/offload_completed: 11960
tcpxo-wb-0:2345:2929 [0] NCCL INFO request/offload_backlog_curr: 0
tcpxo-wb-0:2345:2929 [0] NCCL INFO request/offload_backlog_peak: 7
tcpxo-wb-0:2345:2929 [0] NCCL INFO request/offload_size_distribution:
tcpxo-wb-0:2345:2929 [0] NCCL INFO Min: 133120
tcpxo-wb-0:2345:2929 [0] NCCL INFO Max: 2.09715e+06
tcpxo-wb-0:2345:2929 [0] NCCL INFO Avg: 860934
tcpxo-wb-0:2345:2929 [0] NCCL INFO Bucket 0-130859 Count: 0
tcpxo-wb-0:2345:2929 [0] NCCL INFO Bucket 130859-157031 Count: 920
tcpxo-wb-0:2345:2929 [0] NCCL INFO Bucket 157031-188437 Count: 920
tcpxo-wb-0:2345:2929 [0] NCCL INFO Bucket 188437-226124 Count: 0
tcpxo-wb-0:2345:2929 [0] NCCL INFO Bucket 226124-271349 Count: 920
tcpxo-wb-0:2345:2929 [0] NCCL INFO Bucket 271349-325619 Count: 0
tcpxo-wb-0:2345:2929 [0] NCCL INFO Bucket 325619-390743 Count: 920
tcpxo-wb-0:2345:2929 [0] NCCL INFO Bucket 390743-562670 Count: 0
tcpxo-wb-0:2345:2929 [0] NCCL INFO Bucket 562670-675204 Count: 2760
tcpxo-wb-0:2345:2929 [0] NCCL INFO Bucket 675204-810244 Count: 1840
tcpxo-wb-0:2345:2929 [0] NCCL INFO Bucket 810244-1.16675e+06 Count: 0
tcpxo-wb-0:2345:2929 [0] NCCL INFO Bucket 1.16675e+06-1.4001e+06 Count: 1840
tcpxo-wb-0:2345:2929 [0] NCCL INFO Bucket 1.4001e+06-2.01615e+06 Count: 0
tcpxo-wb-0:2345:2929 [0] NCCL INFO Bucket 2.01615e+06-2.41938e+06 Count: 1840
tcpxo-wb-0:2345:2929 [0] NCCL INFO request/offload_duration_distribution:
tcpxo-wb-0:2345:2929 [0] NCCL INFO Min: 37557
tcpxo-wb-0:2345:2929 [0] NCCL INFO Max: 845083
tcpxo-wb-0:2345:2929 [0] NCCL INFO Avg: 312395
tcpxo-wb-0:2345:2929 [0] NCCL INFO Bucket 0-35831.8 Count: 0
tcpxo-wb-0:2345:2929 [0] NCCL INFO Bucket 35831.8-42998.2 Count: 42
tcpxo-wb-0:2345:2929 [0] NCCL INFO Bucket 42998.2-51597.8 Count: 133
tcpxo-wb-0:2345:2929 [0] NCCL INFO Bucket 51597.8-61917.4 Count: 240
tcpxo-wb-0:2345:2929 [0] NCCL INFO Bucket 61917.4-74300.8 Count: 300
tcpxo-wb-0:2345:2929 [0] NCCL INFO Bucket 74300.8-89161 Count: 455
tcpxo-wb-0:2345:2929 [0] NCCL INFO Bucket 89161-106993 Count: 473
tcpxo-wb-0:2345:2929 [0] NCCL INFO Bucket 106993-128392 Count: 538
tcpxo-wb-0:2345:2929 [0] NCCL INFO Bucket 128392-154070 Count: 491
tcpxo-wb-0:2345:2929 [0] NCCL INFO Bucket 154070-184884 Count: 591
tcpxo-wb-0:2345:2929 [0] NCCL INFO Bucket 184884-221861 Count: 1116
tcpxo-wb-0:2345:2929 [0] NCCL INFO Bucket 221861-266233 Count: 1136
tcpxo-wb-0:2345:2929 [0] NCCL INFO Bucket 266233-319480 Count: 496
tcpxo-wb-0:2345:2929 [0] NCCL INFO Bucket 319480-383376 Count: 2274
tcpxo-wb-0:2345:2929 [0] NCCL INFO Bucket 383376-460051 Count: 1775
tcpxo-wb-0:2345:2929 [0] NCCL INFO Bucket 460051-552061 Count: 95
tcpxo-wb-0:2345:2929 [0] NCCL INFO Bucket 552061-662474 Count: 1723
tcpxo-wb-0:2345:2929 [0] NCCL INFO Bucket 662474-794968 Count: 79
tcpxo-wb-0:2345:2929 [0] NCCL INFO Bucket 794968-953962 Count: 3
tcpxo-wb-0:2345:2929 [0] NCCL INFO Bucket 953962-1.02067e+07 Count: 0
tcpxo-wb-0:2345:2929 [0] NCCL INFO request/unpack_duration_distribution:
tcpxo-wb-0:2345:2929 [0] NCCL INFO Bucket 0-1.09205e+07 Count: 0
tcpxo-wb-0:2345:2929 [0] NCCL INFO request/offload_complete_age_distribution:
tcpxo-wb-0:2345:2929 [0] NCCL INFO Min: 79
tcpxo-wb-0:2345:2929 [0] NCCL INFO Max: 195792
tcpxo-wb-0:2345:2929 [0] NCCL INFO Avg: 17357.8
tcpxo-wb-0:2345:2929 [0] NCCL INFO Bucket 0-100 Count: 1574
tcpxo-wb-0:2345:2929 [0] NCCL INFO Bucket 100-120 Count: 1362
tcpxo-wb-0:2345:2929 [0] NCCL INFO Bucket 120-144 Count: 314
tcpxo-wb-0:2345:2929 [0] NCCL INFO Bucket 144-172.8 Count: 60
tcpxo-wb-0:2345:2929 [0] NCCL INFO Bucket 172.8-207.36 Count: 9
tcpxo-wb-0:2345:2929 [0] NCCL INFO Bucket 207.36-248.832 Count: 11
tcpxo-wb-0:2345:2929 [0] NCCL INFO Bucket 248.832-298.598 Count: 6
tcpxo-wb-0:2345:2929 [0] NCCL INFO Bucket 298.598-358.318 Count: 9
tcpxo-wb-0:2345:2929 [0] NCCL INFO Bucket 358.318-429.982 Count: 846
tcpxo-wb-0:2345:2929 [0] NCCL INFO Bucket 429.982-515.978 Count: 3026
tcpxo-wb-0:2345:2929 [0] NCCL INFO Bucket 515.978-619.174 Count: 307
tcpxo-wb-0:2345:2929 [0] NCCL INFO Bucket 619.174-743.008 Count: 52
tcpxo-wb-0:2345:2929 [0] NCCL INFO Bucket 743.008-891.61 Count: 159
tcpxo-wb-0:2345:2929 [0] NCCL INFO Bucket 891.61-1069.93 Count: 93
tcpxo-wb-0:2345:2929 [0] NCCL INFO Bucket 1069.93-1283.92 Count: 27
tcpxo-wb-0:2345:2929 [0] NCCL INFO Bucket 1283.92-1540.7 Count: 12
tcpxo-wb-0:2345:2929 [0] NCCL INFO Bucket 1540.7-1848.84 Count: 48
tcpxo-wb-0:2345:2929 [0] NCCL INFO Bucket 1848.84-2218.61 Count: 33
tcpxo-wb-0:2345:2929 [0] NCCL INFO Bucket 2218.61-2662.33 Count: 22
tcpxo-wb-0:2345:2929 [0] NCCL INFO Bucket 2662.33-3194.8 Count: 36
tcpxo-wb-0:2345:2929 [0] NCCL INFO Bucket 3194.8-3833.76 Count: 30
tcpxo-wb-0:2345:2929 [0] NCCL INFO Bucket 3833.76-4600.51 Count: 34
tcpxo-wb-0:2345:2929 [0] NCCL INFO Bucket 4600.51-5520.61 Count: 37
tcpxo-wb-0:2345:2929 [0] NCCL INFO Bucket 5520.61-6624.74 Count: 44
tcpxo-wb-0:2345:2929 [0] NCCL INFO Bucket 6624.74-7949.68 Count: 38
tcpxo-wb-0:2345:2929 [0] NCCL INFO Bucket 7949.68-9539.62 Count: 56
tcpxo-wb-0:2345:2929 [0] NCCL INFO Bucket 9539.62-11447.5 Count: 87
tcpxo-wb-0:2345:2929 [0] NCCL INFO Bucket 11447.5-13737.1 Count: 91
tcpxo-wb-0:2345:2929 [0] NCCL INFO Bucket 13737.1-16484.5 Count: 109
tcpxo-wb-0:2345:2929 [0] NCCL INFO Bucket 16484.5-19781.4 Count: 118
tcpxo-wb-0:2345:2929 [0] NCCL INFO Bucket 19781.4-23737.6 Count: 135
tcpxo-wb-0:2345:2929 [0] NCCL INFO Bucket 23737.6-28485.2 Count: 210
tcpxo-wb-0:2345:2929 [0] NCCL INFO Bucket 28485.2-34182.2 Count: 245
tcpxo-wb-0:2345:2929 [0] NCCL INFO Bucket 34182.2-41018.6 Count: 293
tcpxo-wb-0:2345:2929 [0] NCCL INFO Bucket 41018.6-49222.4 Count: 431
tcpxo-wb-0:2345:2929 [0] NCCL INFO Bucket 49222.4-59066.8 Count: 1996
tcpxo-wb-0:2345:2929 [0] NCCL INFO request/unpack_num_iovs_distribution:
tcpxo-wb-0:2345:2929 [0] NCCL INFO Bucket 0-2116.47 Count: 0
tcpxo-wb-0:2345:2929 [0] NCCL INFO request/offload_interval_distribution:
tcpxo-wb-0:2345:2929 [0] NCCL INFO Min: 1086
tcpxo-wb-0:2345:2929 [0] NCCL INFO Max: 5.98516e+07
tcpxo-wb-0:2345:2929 [0] NCCL INFO Avg: 83496
tcpxo-wb-0:2345:2929 [0] NCCL INFO Bucket 0-1000 Count: 0
tcpxo-wb-0:2345:2929 [0] NCCL INFO Bucket 1000-1200 Count: 1
tcpxo-wb-0:2345:2929 [0] NCCL INFO Bucket 1200-1440 Count: 0
tcpxo-wb-0:2345:2929 [0] NCCL INFO Bucket 1440-1728 Count: 4
tcpxo-wb-0:2345:2929 [0] NCCL INFO Bucket 1728-2073.6 Count: 0
tcpxo-wb-0:2345:2929 [0] NCCL INFO Bucket 2073.6-2488.32 Count: 1
tcpxo-wb-0:2345:2929 [0] NCCL INFO Bucket 2488.32-3583.18 Count: 0
tcpxo-wb-0:2345:2929 [0] NCCL INFO Bucket 3583.18-4299.82 Count: 2
tcpxo-wb-0:2345:2929 [0] NCCL INFO Bucket 4299.82-5159.78 Count: 4
tcpxo-wb-0:2345:2929 [0] NCCL INFO Bucket 5159.78-6191.74 Count: 1
tcpxo-wb-0:2345:2929 [0] NCCL INFO Bucket 6191.74-7430.08 Count: 13
tcpxo-wb-0:2345:2929 [0] NCCL INFO Bucket 7430.08-8916.1 Count: 134
tcpxo-wb-0:2345:2929 [0] NCCL INFO Bucket 8916.1-10699.3 Count: 454
tcpxo-wb-0:2345:2929 [0] NCCL INFO Bucket 10699.3-12839.2 Count: 436
tcpxo-wb-0:2345:2929 [0] NCCL INFO Bucket 12839.2-15407 Count: 483
tcpxo-wb-0:2345:2929 [0] NCCL INFO Bucket 15407-18488.4 Count: 491
tcpxo-wb-0:2345:2929 [0] NCCL INFO Bucket 18488.4-22186.1 Count: 487
tcpxo-wb-0:2345:2929 [0] NCCL INFO Bucket 22186.1-26623.3 Count: 916
tcpxo-wb-0:2345:2929 [0] NCCL INFO Bucket 26623.3-31948 Count: 1447
tcpxo-wb-0:2345:2929 [0] NCCL INFO Bucket 31948-38337.6 Count: 584
tcpxo-wb-0:2345:2929 [0] NCCL INFO Bucket 38337.6-46005.1 Count: 495
tcpxo-wb-0:2345:2929 [0] NCCL INFO Bucket 46005.1-55206.1 Count: 346
tcpxo-wb-0:2345:2929 [0] NCCL INFO Bucket 55206.1-66247.4 Count: 906
tcpxo-wb-0:2345:2929 [0] NCCL INFO Bucket 66247.4-79496.8 Count: 695
tcpxo-wb-0:2345:2929 [0] NCCL INFO Bucket 79496.8-95396.2 Count: 715
tcpxo-wb-0:2345:2929 [0] NCCL INFO Bucket 95396.2-114475 Count: 534
tcpxo-wb-0:2345:2929 [0] NCCL INFO Bucket 114475-137371 Count: 446
tcpxo-wb-0:2345:2929 [0] NCCL INFO Bucket 137371-164845 Count: 487
tcpxo-wb-0:2345:2929 [0] NCCL INFO Bucket 164845-197814 Count: 949
tcpxo-wb-0:2345:2929 [0] NCCL INFO Bucket 197814-237376 Count: 484
tcpxo-wb-0:2345:2929 [0] NCCL INFO Bucket 237376-284852 Count: 380
tcpxo-wb-0:2345:2929 [0] NCCL INFO Bucket 284852-341822 Count: 16
tcpxo-wb-0:2345:2929 [0] NCCL INFO Bucket 341822-410186 Count: 7
tcpxo-wb-0:2345:2929 [0] NCCL INFO Bucket 410186-492224 Count: 12
tcpxo-wb-0:2345:2929 [0] NCCL INFO Bucket 492224-590668 Count: 9
tcpxo-wb-0:2345:2929 [0] NCCL INFO Bucket 590668-708802 Count: 7
tcpxo-wb-0:2345:2929 [0] NCCL INFO Bucket 708802-850562 Count: 2
tcpxo-wb-0:2345:2929 [0] NCCL INFO Bucket 850562-1.02067e+06 Count: 3
tcpxo-wb-0:2345:2929 [0] NCCL INFO Bucket 1.02067e+06-1.22481e+06 Count: 2
tcpxo-wb-0:2345:2929 [0] NCCL INFO Bucket 1.22481e+06-1.46977e+06 Count: 1
tcpxo-wb-0:2345:2929 [0] NCCL INFO Bucket 1.46977e+06-1.76373e+06 Count: 0
tcpxo-wb-0:2345:2929 [0] NCCL INFO Bucket 1.76373e+06-2.11647e+06 Count: 1
tcpxo-wb-0:2345:2929 [0] NCCL INFO Bucket 2.11647e+06-3.04772e+06 Count: 0
tcpxo-wb-0:2345:2929 [0] NCCL INFO Bucket 3.04772e+06-3.65726e+06 Count: 1
tcpxo-wb-0:2345:2929 [0] NCCL INFO Bucket 3.65726e+06-4.38871e+06 Count: 1
tcpxo-wb-0:2345:2929 [0] NCCL INFO Bucket 4.38871e+06-5.26646e+06 Count: 0
tcpxo-wb-0:2345:2929 [0] NCCL INFO Bucket 5.26646e+06-6.31975e+06 Count: 1
tcpxo-wb-0:2345:2929 [0] NCCL INFO Bucket 6.31975e+06-7.5837e+06 Count: 0
tcpxo-wb-0:2345:2929 [0] NCCL INFO Bucket 7.5837e+06-9.10044e+06 Count: 1
tcpxo-wb-0:2345:2929 [0] NCCL INFO Bucket 9.10044e+06-1.09205e+07 Count: 1
tcpxo-wb-0:2345:2953 [0] NCCL INFO comm 0x5d23b359a450 rank 0 nranks 24 cudaDev 0 busId 4000 - Abort COMPLETE
tcpxo-wb-0:2345:2953 [0] NCCL INFO Unloading plugin libnccl-net.so
# world_size=24  backend=nccl  warmup=5 iters=15
#       size        count    time_ms   algbw_GBps   busbw_GBps
          8B            2      0.138         0.00         0.00
         16B            4      0.136         0.00         0.00
         32B            8      0.141         0.00         0.00
         64B           16      0.136         0.00         0.00
        128B           32      0.135         0.00         0.00
        256B           64      0.136         0.00         0.00
        512B          128      0.134         0.00         0.01
         1KB          256      0.134         0.01         0.01
         2KB          512      0.137         0.01         0.03
         4KB         1024      0.153         0.03         0.05
         8KB         2048      0.201         0.04         0.08
        16KB         4096      0.160         0.10         0.20
        32KB         8192      0.158         0.21         0.40
        64KB        16384      0.158         0.42         0.80
       128KB        32768      0.159         0.83         1.58
       256KB        65536      0.164         1.60         3.06
       512KB       131072      0.170         3.09         5.91
         1MB       262144      0.179         5.84        11.20
         2MB       524288      0.201        10.42        19.96
         4MB      1048576      0.303        13.86        26.56
         8MB      2097152      0.349        24.07        46.13
        16MB      4194304      0.395        42.52        81.50
        32MB      8388608      0.604        55.53       106.44
        64MB     16777216      0.952        70.52       135.15
       128MB     33554432      1.575        85.24       163.37
       256MB     67108864      3.209        83.66       160.34
       512MB    134217728      5.982        89.75       172.03
         1GB    268435456     11.183        96.01       184.03
         2GB    536870912     22.751        94.39       180.91
# done
tcpxo-wb-0:2345:2345 [0] NCCL INFO ENV/Plugin: Closing env plugin ncclEnvDefault
tcpxo-wb-0:2345:2903 [0] NCCL INFO NET/FasTrak 2026-08-02T13:09:29.273468082+00:00: SCTP handler shutdown signal received
tcpxo-wb-0:2345:2903 [0] NCCL INFO NET/FasTrak 2026-08-02T13:09:29.27458825+00:00: SCTP Closed
tcpxo-wb-0:2345:2903 [0] NCCL INFO NET/FasTrak 2026-08-02T13:09:29.274595295+00:00: Socket closed, handler exiting.
tcpxo-wb-0:2345:2946 [0] NCCL INFO NET/FasTrak 2026-08-02T13:09:29.275468851+00:00: SCTP handler shutdown signal received
tcpxo-wb-0:2345:2946 [0] NCCL INFO NET/FasTrak 2026-08-02T13:09:29.276574581+00:00: SCTP Closed
tcpxo-wb-0:2345:2946 [0] NCCL INFO NET/FasTrak 2026-08-02T13:09:29.276581105+00:00: Socket closed, handler exiting.
