WARNING: All log messages before absl::InitializeLog() is called are written to STDERR
I0000 00:00:1785677479.100083     157 init.cc:112] Current time zone: UTC
tcpxo-wb-0:157:157 [0] NCCL INFO ENV/Plugin: Could not find: libnccl-env.so
tcpxo-wb-0:157:157 [0] NCCL INFO NCCL_SOCKET_IFNAME set to eth0
tcpxo-wb-0:157:157 [0] NCCL INFO cudaDriverVersion 13000
tcpxo-wb-0:157:157 [0] NCCL INFO NCCL version 2.28.7+cuda13.2
tcpxo-wb-0:157:157 [0] NCCL INFO NET/Plugin: Loaded net plugin config_checker_shim (v7)
tcpxo-wb-0:157:157 [0] NCCL INFO Successfully loaded external network plugin /usr/local/nvidia/lib64/libnccl-net.so
tcpxo-wb-0:157:157 [0] NCCL INFO NCCL/NET (shim) ver. 0.0.1.
tcpxo-wb-0:157:157 [0] NCCL INFO NCCL/NET (shim) activated shim layers, 'Guest Config Checker'

[2026-08-02 13:31:19] tcpxo-wb-0:157:157 [0] /build/nccl-shim/src/guest_config_checker.cc:101 NCCL WARN NCCL/NET (shim) mismatch recommended: NCCL_FASTRAK_LLCM_DEVICE_DIRECTORY=/dev/aperture_devices (expected unset)

[2026-08-02 13:31:19] tcpxo-wb-0:157:157 [0] /build/nccl-shim/src/guest_config_checker.cc:101 NCCL WARN NCCL/NET (shim) mismatch recommended: NCCL_LIB_DIR=/usr/local/nvidia/lib64 (expected unset)

[2026-08-02 13:31:19] tcpxo-wb-0:157:157 [0] /build/nccl-shim/src/guest_config_checker.cc:101 NCCL WARN NCCL/NET (shim) mismatch recommended: cpu affinity settings not subset, curr=0xffff,ffffffff,ffffffff,ffffffff,ffffffff,ffffffff,ffffffff (expected 0xffffffff,00000000)
tcpxo-wb-0:157:157 [0] NCCL INFO NCCL/NET (shim) loading net plugin at libnccl-net_internal.so
tcpxo-wb-0:157:157 [0] NCCL INFO NET/FasTrak 2026-08-02T13:31:19.10012107+00:00: Initializing network FasTrak, version: 1.0.17
tcpxo-wb-0:157:157 [0] NCCL INFO NET/FasTrak 2026-08-02T13:31:19.100133335+00:00: No environment variable NCCL_FASTRAK_RAIL_ALIGNED set, using default 1.
tcpxo-wb-0:157:157 [0] NCCL INFO NET/FasTrak 2026-08-02T13:31:19.100137166+00:00: No environment variable NCCL_FASTRAK_PLUGIN_CONNECT_TIMEOUT_MS set, using default 300000.
tcpxo-wb-0:157:157 [0] NCCL INFO NET/FasTrak 2026-08-02T13:31:19.100139514+00:00: No environment variable NCCL_FASTRAK_ALLOW_NIC_SUBSET set, using default 0.
tcpxo-wb-0:157:157 [0] NCCL INFO NET/FasTrak 2026-08-02T13:31:19.100141727+00:00: No environment variable NCCL_FASTRAK_ENABLE set, using default 1.
tcpxo-wb-0:157:157 [0] NCCL INFO NET/FasTrak 2026-08-02T13:31:19.100143674+00:00: No environment variable NCCL_NET_PLUGIN_TELEMETRY_MODE set, using default 0.
tcpxo-wb-0:157:157 [0] NCCL INFO NET/FasTrak 2026-08-02T13:31:19.100145499+00:00: No environment variable NCCL_FASTRAK_CACHE_MR set, using default 1.
tcpxo-wb-0:157:157 [0] NCCL INFO NET/FasTrak 2026-08-02T13:31:19.100147601+00:00: NCCL_FASTRAK_USE_LLCM set by environment to 1.
tcpxo-wb-0:157:157 [0] NCCL INFO NET/FasTrak 2026-08-02T13:31:19.100149803+00:00: No environment variable NCCL_FASTRAK_RXDM_INIT_TIMEOUT set, using default 30.
tcpxo-wb-0:157:157 [0] NCCL INFO NET/FasTrak 2026-08-02T13:31:19.100151718+00:00: No environment variable NCCL_FASTRAK_ENABLE_SEND_STATS set, using default 0.
tcpxo-wb-0:157:157 [0] NCCL INFO NET/FasTrak 2026-08-02T13:31:19.100153571+00:00: No environment variable NCCL_FASTRAK_LOG_CONNECTION_INFO set, using default 0.
tcpxo-wb-0:157:157 [0] NCCL INFO NET/FasTrak 2026-08-02T13:31:19.100155487+00:00: No environment variable NCCL_FASTRAK_DATA_TRANSFER_SLOWNESS_MS set, using default 300000.
tcpxo-wb-0:157:157 [0] NCCL INFO NET/FasTrak 2026-08-02T13:31:19.100157577+00:00: No environment variable NCCL_FASTRAK_DATA_TRANSFER_TIMEOUT_MS set, using default 7200000.
tcpxo-wb-0:157:157 [0] NCCL INFO NET/FasTrak 2026-08-02T13:31:19.100159603+00:00: NCCL_FASTRAK_ENABLE_HOTPATH_LOGGING set by environment to 0.
tcpxo-wb-0:157:157 [0] NCCL INFO NET/FasTrak 2026-08-02T13:31:19.100161627+00:00: NCCL_FASTRAK_PLUGIN_ACCEPT_TIMEOUT_MS set by environment to 600000.
tcpxo-wb-0:157:157 [0] NCCL INFO NET/FasTrak 2026-08-02T13:31:19.100163582+00:00: NCCL_FASTRAK_NUM_FLOWS set by environment to 2.
tcpxo-wb-0:157:157 [0] NCCL INFO NET/FasTrak 2026-08-02T13:31:19.100165479+00:00: No environment variable NCCL_FASTRAK_CLOSE_SEND_ON_DONE set, using default 0.
tcpxo-wb-0:157:157 [0] NCCL INFO NET/FasTrak 2026-08-02T13:31:19.100167287+00:00: No environment variable NCCL_FASTRAK_DUMP_COMM_STATS set, using default 1.
tcpxo-wb-0:157:157 [0] NCCL INFO NET/FasTrak 2026-08-02T13:31:19.100174661+00:00: No environment variable NCCL_FASTRAK_SEND_STATS_INTERVAL set, using default 1000000.
tcpxo-wb-0:157:157 [0] NCCL INFO NET/FasTrak 2026-08-02T13:31:19.100177507+00:00: Using abstract UDS address: rxdm_uds_nic_mapping
tcpxo-wb-0:157:157 [0] NCCL INFO NET/FasTrak 2026-08-02T13:31:19.100207557+00:00: RxDM ready
tcpxo-wb-0:157:157 [0] NCCL INFO NET/FasTrak 2026-08-02T13:31:19.101019227+00:00: Using interface eth0 as ctrl dev
tcpxo-wb-0:157:157 [0] NCCL INFO NET/FasTrak 2026-08-02T13:31:19.101248334+00:00: Using [0]eth1:192.169.0.3<0>[1]eth2:192.169.1.3<0>[2]eth3:192.169.2.3<0>[3]eth4:192.169.3.3<0>[4]eth5:192.169.4.3<0>[5]eth6:192.169.5.3<0>[6]eth7:192.169.6.3<0>[7]eth8:192.169.7.3<0>
tcpxo-wb-0:157:157 [0] NCCL INFO NET/FasTrak 2026-08-02T13:31:19.101253647+00:00: Initialize nccl shim on device:0 during Init.
tcpxo-wb-0:157:157 [0] NCCL INFO NET/FasTrak 2026-08-02T13:31:19.102232964+00:00: Match: PCI address 0000:04:00.0
tcpxo-wb-0:157:157 [0] NCCL INFO NET/FasTrak 2026-08-02T13:31:19.102325519+00:00: Match: PCI address 0000:0c:00.0
tcpxo-wb-0:157:157 [0] NCCL INFO NET/FasTrak 2026-08-02T13:31:19.102482477+00:00: Match: PCI address 0000:0c:00.0
tcpxo-wb-0:157:157 [0] NCCL INFO NET/FasTrak 2026-08-02T13:31:19.102837855+00:00: Match: PCI address 0000:0c:00.0
tcpxo-wb-0:157:157 [0] NCCL INFO NET/FasTrak 2026-08-02T13:31:19.102972124+00:00: Match: PCI address 0000:0b:00.0
tcpxo-wb-0:157:157 [0] NCCL INFO NET/FasTrak 2026-08-02T13:31:19.103484035+00:00: Match: PCI address 0000:84:00.0
tcpxo-wb-0:157:157 [0] NCCL INFO NET/FasTrak 2026-08-02T13:31:19.104100501+00:00: Match: PCI address 0000:04:00.0
tcpxo-wb-0:157:157 [0] NCCL INFO NET/FasTrak 2026-08-02T13:31:19.104695912+00:00: Match: PCI address 0000:05:00.0
tcpxo-wb-0:157:157 [0] NCCL INFO NET/FasTrak 2026-08-02T13:31:19.104878611+00:00: Match: PCI address 0000:0b:00.0
tcpxo-wb-0:157:157 [0] NCCL INFO NET/FasTrak 2026-08-02T13:31:19.105227492+00:00: Match: PCI address 0000:0c:00.0
tcpxo-wb-0:157:157 [0] NCCL INFO NET/FasTrak 2026-08-02T13:31:19.105386528+00:00: Match: PCI address 0000:0b:00.0
tcpxo-wb-0:157:157 [0] NCCL INFO NET/FasTrak 2026-08-02T13:31:19.105938919+00:00: Match: PCI address 0000:84:00.0
tcpxo-wb-0:157:157 [0] NCCL INFO NET/FasTrak 2026-08-02T13:31:19.106009505+00:00: Match: PCI address 0000:8c:00.0
tcpxo-wb-0:157:157 [0] NCCL INFO NET/FasTrak 2026-08-02T13:31:19.106157331+00:00: Match: PCI address 0000:8c:00.0
tcpxo-wb-0:157:157 [0] NCCL INFO NET/FasTrak 2026-08-02T13:31:19.106462497+00:00: Match: PCI address 0000:8c:00.0
tcpxo-wb-0:157:157 [0] NCCL INFO NET/FasTrak 2026-08-02T13:31:19.106604362+00:00: Match: PCI address 0000:8b:00.0
tcpxo-wb-0:157:157 [0] NCCL INFO NET/FasTrak 2026-08-02T13:31:19.107613884+00:00: Match: PCI address 0000:04:00.0
tcpxo-wb-0:157:157 [0] NCCL INFO NET/FasTrak 2026-08-02T13:31:19.108198194+00:00: Match: PCI address 0000:05:00.0
tcpxo-wb-0:157:157 [0] NCCL INFO NET/FasTrak 2026-08-02T13:31:19.108343314+00:00: Match: PCI address 0000:0b:00.0
tcpxo-wb-0:157:157 [0] NCCL INFO NET/FasTrak 2026-08-02T13:31:19.108820304+00:00: Match: PCI address 0000:84:00.0
tcpxo-wb-0:157:157 [0] NCCL INFO NET/FasTrak 2026-08-02T13:31:19.109405844+00:00: Match: PCI address 0000:85:00.0
tcpxo-wb-0:157:157 [0] NCCL INFO NET/FasTrak 2026-08-02T13:31:19.109542757+00:00: Match: PCI address 0000:8b:00.0
tcpxo-wb-0:157:157 [0] NCCL INFO NET/FasTrak 2026-08-02T13:31:19.110239767+00:00: Match: PCI address 0000:8c:00.0
tcpxo-wb-0:157:157 [0] NCCL INFO NET/FasTrak 2026-08-02T13:31:19.110406731+00:00: Match: PCI address 0000:8b:00.0
tcpxo-wb-0:157:157 [0] NCCL INFO NET/FasTrak 2026-08-02T13:31:19.111465974+00:00: Match: PCI address 0000:84:00.0
tcpxo-wb-0:157:157 [0] NCCL INFO NET/FasTrak 2026-08-02T13:31:19.112013128+00:00: Match: PCI address 0000:85:00.0
tcpxo-wb-0:157:157 [0] NCCL INFO NET/FasTrak 2026-08-02T13:31:19.112176064+00:00: Match: PCI address 0000:8b:00.0
tcpxo-wb-0:157:157 [0] NCCL INFO NET/FasTrak 2026-08-02T13:31:19.112976641+00:00: Match: PCI address 0000:05:00.0
tcpxo-wb-0:157:157 [0] NCCL INFO NET/FasTrak 2026-08-02T13:31:19.113200831+00:00: Match: PCI address 0000:05:00.0
tcpxo-wb-0:157:157 [0] NCCL INFO NET/FasTrak 2026-08-02T13:31:19.113840131+00:00: Match: PCI address 0000:04:00.0
tcpxo-wb-0:157:157 [0] NCCL INFO NET/FasTrak 2026-08-02T13:31:19.114025763+00:00: Match: PCI address 0000:85:00.0
tcpxo-wb-0:157:157 [0] NCCL INFO NET/FasTrak 2026-08-02T13:31:19.114117531+00:00: Match: PCI address 0000:85:00.0
tcpxo-wb-0:157:157 [0] NCCL INFO NET/FasTrak 2026-08-02T13:31:19.114380068+00:00: GetPciAddrToFastrakIdxMap: Found GPUs:
tcpxo-wb-0:157:157 [0] NCCL INFO NET/FasTrak 2026-08-02T13:31:19.114383487+00:00: 	FasTrak IDX: [0]. PCI addr: [0000:04:00.0]
tcpxo-wb-0:157:157 [0] NCCL INFO NET/FasTrak 2026-08-02T13:31:19.11438658+00:00: 	FasTrak IDX: [1]. PCI addr: [0000:05:00.0]
tcpxo-wb-0:157:157 [0] NCCL INFO NET/FasTrak 2026-08-02T13:31:19.1143892+00:00: 	FasTrak IDX: [2]. PCI addr: [0000:0b:00.0]
tcpxo-wb-0:157:157 [0] NCCL INFO NET/FasTrak 2026-08-02T13:31:19.114391067+00:00: 	FasTrak IDX: [3]. PCI addr: [0000:0c:00.0]
tcpxo-wb-0:157:157 [0] NCCL INFO NET/FasTrak 2026-08-02T13:31:19.114392983+00:00: 	FasTrak IDX: [4]. PCI addr: [0000:84:00.0]
tcpxo-wb-0:157:157 [0] NCCL INFO NET/FasTrak 2026-08-02T13:31:19.114394588+00:00: 	FasTrak IDX: [5]. PCI addr: [0000:85:00.0]
tcpxo-wb-0:157:157 [0] NCCL INFO NET/FasTrak 2026-08-02T13:31:19.114396157+00:00: 	FasTrak IDX: [6]. PCI addr: [0000:8b:00.0]
tcpxo-wb-0:157:157 [0] NCCL INFO NET/FasTrak 2026-08-02T13:31:19.114397694+00:00: 	FasTrak IDX: [7]. PCI addr: [0000:8c:00.0]
tcpxo-wb-0:157:157 [0] NCCL INFO NET/FasTrak 2026-08-02T13:31:19.114400065+00:00: NcclShim::Create: GPU PCI addr: 0000:04:00.0, FasTrak idx: 0
tcpxo-wb-0:157:157 [0] NCCL INFO NET/FasTrak 2026-08-02T13:31:19.114403081+00:00: Using abstract UDS address: rxdm_uds_nic_mapping
tcpxo-wb-0:157:157 [0] NCCL INFO NET/FasTrak 2026-08-02T13:31:19.114464805+00:00: Discovered GPU PCI 0000:84:00.0, closest NIC is eth5 (address 192.169.4.3, index 4)
tcpxo-wb-0:157:157 [0] NCCL INFO NET/FasTrak 2026-08-02T13:31:19.114472187+00:00: Discovered GPU PCI 0000:8c:00.0, closest NIC is eth8 (address 192.169.7.3, index 7)
tcpxo-wb-0:157:157 [0] NCCL INFO NET/FasTrak 2026-08-02T13:31:19.114475443+00:00: Discovered GPU PCI 0000:0c:00.0, closest NIC is eth4 (address 192.169.3.3, index 3)
tcpxo-wb-0:157:157 [0] NCCL INFO NET/FasTrak 2026-08-02T13:31:19.114479241+00:00: Discovered GPU PCI 0000:8b:00.0, closest NIC is eth7 (address 192.169.6.3, index 6)
tcpxo-wb-0:157:157 [0] NCCL INFO NET/FasTrak 2026-08-02T13:31:19.114481658+00:00: Discovered GPU PCI 0000:05:00.0, closest NIC is eth2 (address 192.169.1.3, index 1)
tcpxo-wb-0:157:157 [0] NCCL INFO NET/FasTrak 2026-08-02T13:31:19.114484924+00:00: Discovered GPU PCI 0000:85:00.0, closest NIC is eth6 (address 192.169.5.3, index 5)
tcpxo-wb-0:157:157 [0] NCCL INFO NET/FasTrak 2026-08-02T13:31:19.114487065+00:00: Discovered GPU PCI 0000:04:00.0, closest NIC is eth1 (address 192.169.0.3, index 0)
tcpxo-wb-0:157:157 [0] NCCL INFO NET/FasTrak 2026-08-02T13:31:19.114490007+00:00: Discovered GPU PCI 0000:0b:00.0, closest NIC is eth3 (address 192.169.2.3, index 2)
tcpxo-wb-0:157:157 [0] NCCL INFO NET/FasTrak 2026-08-02T13:31:19.114493575+00:00: Initialized shim for GPU with CUDA index 0, FasTrak index 0, and pci_path: 0000:04:00.0, the corresponding closest net device is: 0 (eth1)
tcpxo-wb-0:157:157 [0] NCCL INFO NET/FasTrak 2026-08-02T13:31:19.114498227+00:00: Creating Buf op uds client  on server: rxdm_uds_buf_op:192.169.0.3
tcpxo-wb-0:157:157 [0] NCCL INFO NET/FasTrak 2026-08-02T13:31:19.114500953+00:00: Using abstract UDS address: rxdm_uds_buf_op:192.169.0.3
tcpxo-wb-0:157:157 [0] NCCL INFO NET/FasTrak 2026-08-02T13:31:19.114694951+00:00: Initializing DxsClient (src_addr=192.169.0.3:0, dxs_addr=169.254.169.254:55555, llcm=true)
tcpxo-wb-0:157:157 [0] NCCL INFO NET/FasTrak 2026-08-02T13:31:19.116094317+00:00: Binding to interface: eth1
tcpxo-wb-0:157:157 [0] NCCL INFO NET/FasTrak 2026-08-02T13:31:19.116105391+00:00: DxsClient connected (src_addr=192.169.0.3:37286, socket_fd=122)
tcpxo-wb-0:157:717 [0] NCCL INFO NET/FasTrak 2026-08-02T13:31:19.118669832+00:00: SCTP Connected
tcpxo-wb-0:157:157 [0] NCCL INFO NET/FasTrak 2026-08-02T13:31:19.172334164+00:00: DxsClient initialized.
tcpxo-wb-0:157:157 [0] NCCL INFO NET/FasTrak 2026-08-02T13:31:19.172371938+00:00: DXS Client initialized on IP addr 192.169.0.3
tcpxo-wb-0:157:157 [0] NCCL INFO NET/FasTrak 2026-08-02T13:31:19.172377326+00:00: Buffer Manager Client initialized on IP addr 192.169.0.3
tcpxo-wb-0:157:157 [0] NCCL INFO NET/FasTrak 2026-08-02T13:31:19.172381027+00:00: GPUViz is disabled
tcpxo-wb-0:157:157 [0] NCCL INFO NET/FasTrak 2026-08-02T13:31:19.172383985+00:00: Plugin initialized for 0000:04:00.0.
tcpxo-wb-0:157:157 [0] NCCL INFO NET/FasTrak 2026-08-02T13:31:19.172385987+00:00: Using 2 total flows
tcpxo-wb-0:157:157 [0] NCCL INFO Initialized NET plugin FasTrak
tcpxo-wb-0:157:157 [0] NCCL INFO NET/FasTrak 2026-08-02T13:31:19.172418616+00:00: props: netDeviceType 0, netDeviceVersion 7
tcpxo-wb-0:157:157 [0] NCCL INFO Assigned NET plugin FasTrak to comm
tcpxo-wb-0:157:157 [0] NCCL INFO Using network FasTrak
tcpxo-wb-0:157:157 [0] NCCL INFO DMA-BUF is available on GPU device 0
tcpxo-wb-0:157:157 [0] NCCL INFO ncclCommInitRankConfig comm 0x56d6c569a190 rank 0 nranks 16 cudaDev 0 nvmlDev 0 busId 4000 commId 0x4b032fd5ae640f89 - Init START
tcpxo-wb-0:157:157 [0] NCCL INFO RAS client listening socket at 127.0.0.1<28028>
tcpxo-wb-0:157:157 [0] NCCL INFO MNNVL busId 0x4000 fabric UUID 0.0 cliqueId 0x0 state 3 healthMask 0x0
tcpxo-wb-0:157:157 [0] NCCL INFO NET/FasTrak 2026-08-02T13:31:20.139690785+00:00: props: netDeviceType 0, netDeviceVersion 7
tcpxo-wb-0:157:157 [0] NCCL INFO NET/FasTrak : GPU Direct RDMA Enabled for HCA 0 'eth1'
tcpxo-wb-0:157:157 [0] NCCL INFO NET/FasTrak 2026-08-02T13:31:20.139892539+00:00: props: netDeviceType 0, netDeviceVersion 7
tcpxo-wb-0:157:157 [0] NCCL INFO NET/FasTrak : GPU Direct RDMA Enabled for HCA 1 'eth2'
tcpxo-wb-0:157:157 [0] NCCL INFO NET/FasTrak 2026-08-02T13:31:20.140047707+00:00: props: netDeviceType 0, netDeviceVersion 7
tcpxo-wb-0:157:157 [0] NCCL INFO NET/FasTrak : GPU Direct RDMA Enabled for HCA 2 'eth3'
tcpxo-wb-0:157:157 [0] NCCL INFO NET/FasTrak 2026-08-02T13:31:20.14029546+00:00: props: netDeviceType 0, netDeviceVersion 7
tcpxo-wb-0:157:157 [0] NCCL INFO NET/FasTrak : GPU Direct RDMA Enabled for HCA 3 'eth4'
tcpxo-wb-0:157:157 [0] NCCL INFO NET/FasTrak 2026-08-02T13:31:20.140426474+00:00: props: netDeviceType 0, netDeviceVersion 7
tcpxo-wb-0:157:157 [0] NCCL INFO NET/FasTrak : GPU Direct RDMA Enabled for HCA 4 'eth5'
tcpxo-wb-0:157:157 [0] NCCL INFO NET/FasTrak 2026-08-02T13:31:20.140615474+00:00: props: netDeviceType 0, netDeviceVersion 7
tcpxo-wb-0:157:157 [0] NCCL INFO NET/FasTrak : GPU Direct RDMA Enabled for HCA 5 'eth6'
tcpxo-wb-0:157:157 [0] NCCL INFO NET/FasTrak 2026-08-02T13:31:20.140724821+00:00: props: netDeviceType 0, netDeviceVersion 7
tcpxo-wb-0:157:157 [0] NCCL INFO NET/FasTrak : GPU Direct RDMA Enabled for HCA 6 'eth7'
tcpxo-wb-0:157:157 [0] NCCL INFO NET/FasTrak 2026-08-02T13:31:20.140891252+00:00: props: netDeviceType 0, netDeviceVersion 7
tcpxo-wb-0:157:157 [0] NCCL INFO NET/FasTrak : GPU Direct RDMA Enabled for HCA 7 'eth8'
tcpxo-wb-0:157:157 [0] NCCL INFO NCCL_NET_GDR_LEVEL set by environment to PIX
tcpxo-wb-0:157:157 [0] NCCL INFO GPU Direct RDMA Enabled for GPU 0 / HCA 0 (distance 4 <= 4), read 0 mode Default
tcpxo-wb-0:157:157 [0] NCCL INFO GPU Direct RDMA Enabled for GPU 1 / HCA 0 (distance 4 <= 4), read 0 mode Default
tcpxo-wb-0:157:157 [0] NCCL INFO GPU Direct RDMA Enabled for GPU 2 / HCA 0 (distance 4 <= 4), read 0 mode Default
tcpxo-wb-0:157:157 [0] NCCL INFO GPU Direct RDMA Enabled for GPU 3 / HCA 0 (distance 4 <= 4), read 0 mode Default
tcpxo-wb-0:157:157 [0] NCCL INFO GPU Direct RDMA Enabled for GPU 4 / HCA 0 (distance 4 <= 4), read 0 mode Default
tcpxo-wb-0:157:157 [0] NCCL INFO GPU Direct RDMA Enabled for GPU 5 / HCA 0 (distance 4 <= 4), read 0 mode Default
tcpxo-wb-0:157:157 [0] NCCL INFO GPU Direct RDMA Enabled for GPU 6 / HCA 0 (distance 4 <= 4), read 0 mode Default
tcpxo-wb-0:157:157 [0] NCCL INFO GPU Direct RDMA Enabled for GPU 7 / HCA 0 (distance 4 <= 4), read 0 mode Default
tcpxo-wb-0:157:157 [0] NCCL INFO GPU Direct RDMA Enabled for GPU 0 / HCA 1 (distance 4 <= 4), read 0 mode Default
tcpxo-wb-0:157:157 [0] NCCL INFO GPU Direct RDMA Enabled for GPU 1 / HCA 1 (distance 4 <= 4), read 0 mode Default
tcpxo-wb-0:157:157 [0] NCCL INFO GPU Direct RDMA Enabled for GPU 2 / HCA 1 (distance 4 <= 4), read 0 mode Default
tcpxo-wb-0:157:157 [0] NCCL INFO GPU Direct RDMA Enabled for GPU 3 / HCA 1 (distance 4 <= 4), read 0 mode Default
tcpxo-wb-0:157:157 [0] NCCL INFO GPU Direct RDMA Enabled for GPU 4 / HCA 1 (distance 4 <= 4), read 0 mode Default
tcpxo-wb-0:157:157 [0] NCCL INFO GPU Direct RDMA Enabled for GPU 5 / HCA 1 (distance 4 <= 4), read 0 mode Default
tcpxo-wb-0:157:157 [0] NCCL INFO GPU Direct RDMA Enabled for GPU 6 / HCA 1 (distance 4 <= 4), read 0 mode Default
tcpxo-wb-0:157:157 [0] NCCL INFO GPU Direct RDMA Enabled for GPU 7 / HCA 1 (distance 4 <= 4), read 0 mode Default
tcpxo-wb-0:157:157 [0] NCCL INFO GPU Direct RDMA Enabled for GPU 0 / HCA 2 (distance 4 <= 4), read 0 mode Default
tcpxo-wb-0:157:157 [0] NCCL INFO GPU Direct RDMA Enabled for GPU 1 / HCA 2 (distance 4 <= 4), read 0 mode Default
tcpxo-wb-0:157:157 [0] NCCL INFO GPU Direct RDMA Enabled for GPU 2 / HCA 2 (distance 4 <= 4), read 0 mode Default
tcpxo-wb-0:157:157 [0] NCCL INFO GPU Direct RDMA Enabled for GPU 3 / HCA 2 (distance 4 <= 4), read 0 mode Default
tcpxo-wb-0:157:157 [0] NCCL INFO GPU Direct RDMA Enabled for GPU 4 / HCA 2 (distance 4 <= 4), read 0 mode Default
tcpxo-wb-0:157:157 [0] NCCL INFO GPU Direct RDMA Enabled for GPU 5 / HCA 2 (distance 4 <= 4), read 0 mode Default
tcpxo-wb-0:157:157 [0] NCCL INFO GPU Direct RDMA Enabled for GPU 6 / HCA 2 (distance 4 <= 4), read 0 mode Default
tcpxo-wb-0:157:157 [0] NCCL INFO GPU Direct RDMA Enabled for GPU 7 / HCA 2 (distance 4 <= 4), read 0 mode Default
tcpxo-wb-0:157:157 [0] NCCL INFO GPU Direct RDMA Enabled for GPU 0 / HCA 3 (distance 4 <= 4), read 0 mode Default
tcpxo-wb-0:157:157 [0] NCCL INFO GPU Direct RDMA Enabled for GPU 1 / HCA 3 (distance 4 <= 4), read 0 mode Default
tcpxo-wb-0:157:157 [0] NCCL INFO GPU Direct RDMA Enabled for GPU 2 / HCA 3 (distance 4 <= 4), read 0 mode Default
tcpxo-wb-0:157:157 [0] NCCL INFO GPU Direct RDMA Enabled for GPU 3 / HCA 3 (distance 4 <= 4), read 0 mode Default
tcpxo-wb-0:157:157 [0] NCCL INFO GPU Direct RDMA Enabled for GPU 4 / HCA 3 (distance 4 <= 4), read 0 mode Default
tcpxo-wb-0:157:157 [0] NCCL INFO GPU Direct RDMA Enabled for GPU 5 / HCA 3 (distance 4 <= 4), read 0 mode Default
tcpxo-wb-0:157:157 [0] NCCL INFO GPU Direct RDMA Enabled for GPU 6 / HCA 3 (distance 4 <= 4), read 0 mode Default
tcpxo-wb-0:157:157 [0] NCCL INFO GPU Direct RDMA Enabled for GPU 7 / HCA 3 (distance 4 <= 4), read 0 mode Default
tcpxo-wb-0:157:157 [0] NCCL INFO GPU Direct RDMA Enabled for GPU 0 / HCA 4 (distance 4 <= 4), read 0 mode Default
tcpxo-wb-0:157:157 [0] NCCL INFO GPU Direct RDMA Enabled for GPU 1 / HCA 4 (distance 4 <= 4), read 0 mode Default
tcpxo-wb-0:157:157 [0] NCCL INFO GPU Direct RDMA Enabled for GPU 2 / HCA 4 (distance 4 <= 4), read 0 mode Default
tcpxo-wb-0:157:157 [0] NCCL INFO GPU Direct RDMA Enabled for GPU 3 / HCA 4 (distance 4 <= 4), read 0 mode Default
tcpxo-wb-0:157:157 [0] NCCL INFO GPU Direct RDMA Enabled for GPU 4 / HCA 4 (distance 4 <= 4), read 0 mode Default
tcpxo-wb-0:157:157 [0] NCCL INFO GPU Direct RDMA Enabled for GPU 5 / HCA 4 (distance 4 <= 4), read 0 mode Default
tcpxo-wb-0:157:157 [0] NCCL INFO GPU Direct RDMA Enabled for GPU 6 / HCA 4 (distance 4 <= 4), read 0 mode Default
tcpxo-wb-0:157:157 [0] NCCL INFO GPU Direct RDMA Enabled for GPU 7 / HCA 4 (distance 4 <= 4), read 0 mode Default
tcpxo-wb-0:157:157 [0] NCCL INFO GPU Direct RDMA Enabled for GPU 0 / HCA 5 (distance 4 <= 4), read 0 mode Default
tcpxo-wb-0:157:157 [0] NCCL INFO GPU Direct RDMA Enabled for GPU 1 / HCA 5 (distance 4 <= 4), read 0 mode Default
tcpxo-wb-0:157:157 [0] NCCL INFO GPU Direct RDMA Enabled for GPU 2 / HCA 5 (distance 4 <= 4), read 0 mode Default
tcpxo-wb-0:157:157 [0] NCCL INFO GPU Direct RDMA Enabled for GPU 3 / HCA 5 (distance 4 <= 4), read 0 mode Default
tcpxo-wb-0:157:157 [0] NCCL INFO GPU Direct RDMA Enabled for GPU 4 / HCA 5 (distance 4 <= 4), read 0 mode Default
tcpxo-wb-0:157:157 [0] NCCL INFO GPU Direct RDMA Enabled for GPU 5 / HCA 5 (distance 4 <= 4), read 0 mode Default
tcpxo-wb-0:157:157 [0] NCCL INFO GPU Direct RDMA Enabled for GPU 6 / HCA 5 (distance 4 <= 4), read 0 mode Default
tcpxo-wb-0:157:157 [0] NCCL INFO GPU Direct RDMA Enabled for GPU 7 / HCA 5 (distance 4 <= 4), read 0 mode Default
tcpxo-wb-0:157:157 [0] NCCL INFO GPU Direct RDMA Enabled for GPU 0 / HCA 6 (distance 4 <= 4), read 0 mode Default
tcpxo-wb-0:157:157 [0] NCCL INFO GPU Direct RDMA Enabled for GPU 1 / HCA 6 (distance 4 <= 4), read 0 mode Default
tcpxo-wb-0:157:157 [0] NCCL INFO GPU Direct RDMA Enabled for GPU 2 / HCA 6 (distance 4 <= 4), read 0 mode Default
tcpxo-wb-0:157:157 [0] NCCL INFO GPU Direct RDMA Enabled for GPU 3 / HCA 6 (distance 4 <= 4), read 0 mode Default
tcpxo-wb-0:157:157 [0] NCCL INFO GPU Direct RDMA Enabled for GPU 4 / HCA 6 (distance 4 <= 4), read 0 mode Default
tcpxo-wb-0:157:157 [0] NCCL INFO GPU Direct RDMA Enabled for GPU 5 / HCA 6 (distance 4 <= 4), read 0 mode Default
tcpxo-wb-0:157:157 [0] NCCL INFO GPU Direct RDMA Enabled for GPU 6 / HCA 6 (distance 4 <= 4), read 0 mode Default
tcpxo-wb-0:157:157 [0] NCCL INFO GPU Direct RDMA Enabled for GPU 7 / HCA 6 (distance 4 <= 4), read 0 mode Default
tcpxo-wb-0:157:157 [0] NCCL INFO GPU Direct RDMA Enabled for GPU 0 / HCA 7 (distance 4 <= 4), read 0 mode Default
tcpxo-wb-0:157:157 [0] NCCL INFO GPU Direct RDMA Enabled for GPU 1 / HCA 7 (distance 4 <= 4), read 0 mode Default
tcpxo-wb-0:157:157 [0] NCCL INFO GPU Direct RDMA Enabled for GPU 2 / HCA 7 (distance 4 <= 4), read 0 mode Default
tcpxo-wb-0:157:157 [0] NCCL INFO GPU Direct RDMA Enabled for GPU 3 / HCA 7 (distance 4 <= 4), read 0 mode Default
tcpxo-wb-0:157:157 [0] NCCL INFO GPU Direct RDMA Enabled for GPU 4 / HCA 7 (distance 4 <= 4), read 0 mode Default
tcpxo-wb-0:157:157 [0] NCCL INFO GPU Direct RDMA Enabled for GPU 5 / HCA 7 (distance 4 <= 4), read 0 mode Default
tcpxo-wb-0:157:157 [0] NCCL INFO GPU Direct RDMA Enabled for GPU 6 / HCA 7 (distance 4 <= 4), read 0 mode Default
tcpxo-wb-0:157:157 [0] NCCL INFO GPU Direct RDMA Enabled for GPU 7 / HCA 7 (distance 4 <= 4), read 0 mode Default
tcpxo-wb-0:157:157 [0] NCCL INFO GPU Direct RDMA Enabled for GPU 0 / HCA 0 (distance 4 <= 4), read 0 mode Default
tcpxo-wb-0:157:157 [0] NCCL INFO GPU Direct RDMA Enabled for GPU 1 / HCA 0 (distance 4 <= 4), read 0 mode Default
tcpxo-wb-0:157:157 [0] NCCL INFO GPU Direct RDMA Enabled for GPU 2 / HCA 0 (distance 4 <= 4), read 0 mode Default
tcpxo-wb-0:157:157 [0] NCCL INFO GPU Direct RDMA Enabled for GPU 3 / HCA 0 (distance 4 <= 4), read 0 mode Default
tcpxo-wb-0:157:157 [0] NCCL INFO GPU Direct RDMA Enabled for GPU 4 / HCA 0 (distance 4 <= 4), read 0 mode Default
tcpxo-wb-0:157:157 [0] NCCL INFO GPU Direct RDMA Enabled for GPU 5 / HCA 0 (distance 4 <= 4), read 0 mode Default
tcpxo-wb-0:157:157 [0] NCCL INFO GPU Direct RDMA Enabled for GPU 6 / HCA 0 (distance 4 <= 4), read 0 mode Default
tcpxo-wb-0:157:157 [0] NCCL INFO GPU Direct RDMA Enabled for GPU 7 / HCA 0 (distance 4 <= 4), read 0 mode Default
tcpxo-wb-0:157:157 [0] NCCL INFO GPU Direct RDMA Enabled for GPU 0 / HCA 1 (distance 4 <= 4), read 0 mode Default
tcpxo-wb-0:157:157 [0] NCCL INFO GPU Direct RDMA Enabled for GPU 1 / HCA 1 (distance 4 <= 4), read 0 mode Default
tcpxo-wb-0:157:157 [0] NCCL INFO GPU Direct RDMA Enabled for GPU 2 / HCA 1 (distance 4 <= 4), read 0 mode Default
tcpxo-wb-0:157:157 [0] NCCL INFO GPU Direct RDMA Enabled for GPU 3 / HCA 1 (distance 4 <= 4), read 0 mode Default
tcpxo-wb-0:157:157 [0] NCCL INFO GPU Direct RDMA Enabled for GPU 4 / HCA 1 (distance 4 <= 4), read 0 mode Default
tcpxo-wb-0:157:157 [0] NCCL INFO GPU Direct RDMA Enabled for GPU 5 / HCA 1 (distance 4 <= 4), read 0 mode Default
tcpxo-wb-0:157:157 [0] NCCL INFO GPU Direct RDMA Enabled for GPU 6 / HCA 1 (distance 4 <= 4), read 0 mode Default
tcpxo-wb-0:157:157 [0] NCCL INFO GPU Direct RDMA Enabled for GPU 7 / HCA 1 (distance 4 <= 4), read 0 mode Default
tcpxo-wb-0:157:157 [0] NCCL INFO GPU Direct RDMA Enabled for GPU 0 / HCA 2 (distance 4 <= 4), read 0 mode Default
tcpxo-wb-0:157:157 [0] NCCL INFO GPU Direct RDMA Enabled for GPU 1 / HCA 2 (distance 4 <= 4), read 0 mode Default
tcpxo-wb-0:157:157 [0] NCCL INFO GPU Direct RDMA Enabled for GPU 2 / HCA 2 (distance 4 <= 4), read 0 mode Default
tcpxo-wb-0:157:157 [0] NCCL INFO GPU Direct RDMA Enabled for GPU 3 / HCA 2 (distance 4 <= 4), read 0 mode Default
tcpxo-wb-0:157:157 [0] NCCL INFO GPU Direct RDMA Enabled for GPU 4 / HCA 2 (distance 4 <= 4), read 0 mode Default
tcpxo-wb-0:157:157 [0] NCCL INFO GPU Direct RDMA Enabled for GPU 5 / HCA 2 (distance 4 <= 4), read 0 mode Default
tcpxo-wb-0:157:157 [0] NCCL INFO GPU Direct RDMA Enabled for GPU 6 / HCA 2 (distance 4 <= 4), read 0 mode Default
tcpxo-wb-0:157:157 [0] NCCL INFO GPU Direct RDMA Enabled for GPU 7 / HCA 2 (distance 4 <= 4), read 0 mode Default
tcpxo-wb-0:157:157 [0] NCCL INFO GPU Direct RDMA Enabled for GPU 0 / HCA 3 (distance 4 <= 4), read 0 mode Default
tcpxo-wb-0:157:157 [0] NCCL INFO GPU Direct RDMA Enabled for GPU 1 / HCA 3 (distance 4 <= 4), read 0 mode Default
tcpxo-wb-0:157:157 [0] NCCL INFO GPU Direct RDMA Enabled for GPU 2 / HCA 3 (distance 4 <= 4), read 0 mode Default
tcpxo-wb-0:157:157 [0] NCCL INFO GPU Direct RDMA Enabled for GPU 3 / HCA 3 (distance 4 <= 4), read 0 mode Default
tcpxo-wb-0:157:157 [0] NCCL INFO GPU Direct RDMA Enabled for GPU 4 / HCA 3 (distance 4 <= 4), read 0 mode Default
tcpxo-wb-0:157:157 [0] NCCL INFO GPU Direct RDMA Enabled for GPU 5 / HCA 3 (distance 4 <= 4), read 0 mode Default
tcpxo-wb-0:157:157 [0] NCCL INFO GPU Direct RDMA Enabled for GPU 6 / HCA 3 (distance 4 <= 4), read 0 mode Default
tcpxo-wb-0:157:157 [0] NCCL INFO GPU Direct RDMA Enabled for GPU 7 / HCA 3 (distance 4 <= 4), read 0 mode Default
tcpxo-wb-0:157:157 [0] NCCL INFO GPU Direct RDMA Enabled for GPU 0 / HCA 4 (distance 4 <= 4), read 0 mode Default
tcpxo-wb-0:157:157 [0] NCCL INFO GPU Direct RDMA Enabled for GPU 1 / HCA 4 (distance 4 <= 4), read 0 mode Default
tcpxo-wb-0:157:157 [0] NCCL INFO GPU Direct RDMA Enabled for GPU 2 / HCA 4 (distance 4 <= 4), read 0 mode Default
tcpxo-wb-0:157:157 [0] NCCL INFO GPU Direct RDMA Enabled for GPU 3 / HCA 4 (distance 4 <= 4), read 0 mode Default
tcpxo-wb-0:157:157 [0] NCCL INFO GPU Direct RDMA Enabled for GPU 4 / HCA 4 (distance 4 <= 4), read 0 mode Default
tcpxo-wb-0:157:157 [0] NCCL INFO GPU Direct RDMA Enabled for GPU 5 / HCA 4 (distance 4 <= 4), read 0 mode Default
tcpxo-wb-0:157:157 [0] NCCL INFO GPU Direct RDMA Enabled for GPU 6 / HCA 4 (distance 4 <= 4), read 0 mode Default
tcpxo-wb-0:157:157 [0] NCCL INFO GPU Direct RDMA Enabled for GPU 7 / HCA 4 (distance 4 <= 4), read 0 mode Default
tcpxo-wb-0:157:157 [0] NCCL INFO GPU Direct RDMA Enabled for GPU 0 / HCA 5 (distance 4 <= 4), read 0 mode Default
tcpxo-wb-0:157:157 [0] NCCL INFO GPU Direct RDMA Enabled for GPU 1 / HCA 5 (distance 4 <= 4), read 0 mode Default
tcpxo-wb-0:157:157 [0] NCCL INFO GPU Direct RDMA Enabled for GPU 2 / HCA 5 (distance 4 <= 4), read 0 mode Default
tcpxo-wb-0:157:157 [0] NCCL INFO GPU Direct RDMA Enabled for GPU 3 / HCA 5 (distance 4 <= 4), read 0 mode Default
tcpxo-wb-0:157:157 [0] NCCL INFO GPU Direct RDMA Enabled for GPU 4 / HCA 5 (distance 4 <= 4), read 0 mode Default
tcpxo-wb-0:157:157 [0] NCCL INFO GPU Direct RDMA Enabled for GPU 5 / HCA 5 (distance 4 <= 4), read 0 mode Default
tcpxo-wb-0:157:157 [0] NCCL INFO GPU Direct RDMA Enabled for GPU 6 / HCA 5 (distance 4 <= 4), read 0 mode Default
tcpxo-wb-0:157:157 [0] NCCL INFO GPU Direct RDMA Enabled for GPU 7 / HCA 5 (distance 4 <= 4), read 0 mode Default
tcpxo-wb-0:157:157 [0] NCCL INFO GPU Direct RDMA Enabled for GPU 0 / HCA 6 (distance 4 <= 4), read 0 mode Default
tcpxo-wb-0:157:157 [0] NCCL INFO GPU Direct RDMA Enabled for GPU 1 / HCA 6 (distance 4 <= 4), read 0 mode Default
tcpxo-wb-0:157:157 [0] NCCL INFO GPU Direct RDMA Enabled for GPU 2 / HCA 6 (distance 4 <= 4), read 0 mode Default
tcpxo-wb-0:157:157 [0] NCCL INFO GPU Direct RDMA Enabled for GPU 3 / HCA 6 (distance 4 <= 4), read 0 mode Default
tcpxo-wb-0:157:157 [0] NCCL INFO GPU Direct RDMA Enabled for GPU 4 / HCA 6 (distance 4 <= 4), read 0 mode Default
tcpxo-wb-0:157:157 [0] NCCL INFO GPU Direct RDMA Enabled for GPU 5 / HCA 6 (distance 4 <= 4), read 0 mode Default
tcpxo-wb-0:157:157 [0] NCCL INFO GPU Direct RDMA Enabled for GPU 6 / HCA 6 (distance 4 <= 4), read 0 mode Default
tcpxo-wb-0:157:157 [0] NCCL INFO GPU Direct RDMA Enabled for GPU 7 / HCA 6 (distance 4 <= 4), read 0 mode Default
tcpxo-wb-0:157:157 [0] NCCL INFO GPU Direct RDMA Enabled for GPU 0 / HCA 7 (distance 4 <= 4), read 0 mode Default
tcpxo-wb-0:157:157 [0] NCCL INFO GPU Direct RDMA Enabled for GPU 1 / HCA 7 (distance 4 <= 4), read 0 mode Default
tcpxo-wb-0:157:157 [0] NCCL INFO GPU Direct RDMA Enabled for GPU 2 / HCA 7 (distance 4 <= 4), read 0 mode Default
tcpxo-wb-0:157:157 [0] NCCL INFO GPU Direct RDMA Enabled for GPU 3 / HCA 7 (distance 4 <= 4), read 0 mode Default
tcpxo-wb-0:157:157 [0] NCCL INFO GPU Direct RDMA Enabled for GPU 4 / HCA 7 (distance 4 <= 4), read 0 mode Default
tcpxo-wb-0:157:157 [0] NCCL INFO GPU Direct RDMA Enabled for GPU 5 / HCA 7 (distance 4 <= 4), read 0 mode Default
tcpxo-wb-0:157:157 [0] NCCL INFO GPU Direct RDMA Enabled for GPU 6 / HCA 7 (distance 4 <= 4), read 0 mode Default
tcpxo-wb-0:157:157 [0] NCCL INFO GPU Direct RDMA Enabled for GPU 7 / HCA 7 (distance 4 <= 4), read 0 mode Default
tcpxo-wb-0:157:157 [0] NCCL INFO ncclTopoGetCpuAffinity: Affinity for GPU 0 is 0-51,104-155. (GPU affinity = 0-51,104-155 ; CPU affinity = 0-207).
tcpxo-wb-0:157:157 [0] NCCL INFO NVLS multicast support is available on dev 0 (NVLS_NCHANNELS 16)
tcpxo-wb-0:157:157 [0] NCCL INFO comm 0x56d6c569a190 rank 0 nRanks 16 nNodes 2 localRanks 8 localRank 0 MNNVL 0
tcpxo-wb-0:157:157 [0] NCCL INFO NVLS Head  0:  0  8
tcpxo-wb-0:157:157 [0] NCCL INFO NVLS Head  1:  1  9
tcpxo-wb-0:157:157 [0] NCCL INFO NVLS Head  2:  2 10
tcpxo-wb-0:157:157 [0] NCCL INFO NVLS Head  3:  3 11
tcpxo-wb-0:157:157 [0] NCCL INFO NVLS Head  4:  4 12
tcpxo-wb-0:157:157 [0] NCCL INFO NVLS Head  5:  5 13
tcpxo-wb-0:157:157 [0] NCCL INFO NVLS Head  6:  6 14
tcpxo-wb-0:157:157 [0] NCCL INFO NVLS Head  7:  7 15
tcpxo-wb-0:157:157 [0] NCCL INFO Channel 00/16 :  0  7  6  5  4  3  2  1  8 15 14 13 12 11 10  9
tcpxo-wb-0:157:157 [0] NCCL INFO Channel 01/16 :  0  9 10 11 12 13 14 15  8  1  2  3  4  5  6  7
tcpxo-wb-0:157:157 [0] NCCL INFO Channel 02/16 :  0  7  6  5  4  3 10  9  8 15 14 13 12 11  2  1
tcpxo-wb-0:157:157 [0] NCCL INFO Channel 03/16 :  0  1  2 11 12 13 14 15  8  9 10  3  4  5  6  7
tcpxo-wb-0:157:157 [0] NCCL INFO Channel 04/16 :  0  7  6  5 12 11 10  9  8 15 14 13  4  3  2  1
tcpxo-wb-0:157:157 [0] NCCL INFO Channel 05/16 :  0  1  2  3  4 13 14 15  8  9 10 11 12  5  6  7
tcpxo-wb-0:157:157 [0] NCCL INFO Channel 06/16 :  0  7 14 13 12 11 10  9  8 15  6  5  4  3  2  1
tcpxo-wb-0:157:157 [0] NCCL INFO Channel 07/16 :  0  1  2  3  4  5  6 15  8  9 10 11 12 13 14  7
tcpxo-wb-0:157:157 [0] NCCL INFO Channel 08/16 :  0  7  6  5  4  3  2  1  8 15 14 13 12 11 10  9
tcpxo-wb-0:157:157 [0] NCCL INFO Channel 09/16 :  0  9 10 11 12 13 14 15  8  1  2  3  4  5  6  7
tcpxo-wb-0:157:157 [0] NCCL INFO Channel 10/16 :  0  7  6  5  4  3 10  9  8 15 14 13 12 11  2  1
tcpxo-wb-0:157:157 [0] NCCL INFO Channel 11/16 :  0  1  2 11 12 13 14 15  8  9 10  3  4  5  6  7
tcpxo-wb-0:157:157 [0] NCCL INFO Channel 12/16 :  0  7  6  5 12 11 10  9  8 15 14 13  4  3  2  1
tcpxo-wb-0:157:157 [0] NCCL INFO Channel 13/16 :  0  1  2  3  4 13 14 15  8  9 10 11 12  5  6  7
tcpxo-wb-0:157:157 [0] NCCL INFO Channel 14/16 :  0  7 14 13 12 11 10  9  8 15  6  5  4  3  2  1
tcpxo-wb-0:157:157 [0] NCCL INFO Channel 15/16 :  0  1  2  3  4  5  6 15  8  9 10 11 12 13 14  7
tcpxo-wb-0:157:157 [0] NCCL INFO Trees [0] 1/8/-1->0->-1 [1] 7/-1/-1->0->1 [2] 1/-1/-1->0->7 [3] 7/-1/-1->0->1 [4] 1/-1/-1->0->7 [5] 7/-1/-1->0->1 [6] 1/-1/-1->0->7 [7] -1/-1/-1->0->1 [8] 1/-1/-1->0->8 [9] 7/-1/-1->0->1 [10] 1/-1/-1->0->7 [11] 7/-1/-1->0->1 [12] 1/-1/-1->0->7 [13] 7/-1/-1->0->1 [14] 1/-1/-1->0->7 [15] -1/-1/-1->0->1
tcpxo-wb-0:157:157 [0] NCCL INFO P2P Chunksize set to 524288
tcpxo-wb-0:157:157 [0] NCCL INFO PROFILER/Plugin: Could not find: libnccl-profiler.so
tcpxo-wb-0:157:157 [0] NCCL INFO Check P2P Type isAllDirectP2p 1 directMode 0 isAllCudaP2p 1
tcpxo-wb-0:157:741 [0] NCCL INFO [Proxy Service] Device 0 CPU core 120
tcpxo-wb-0:157:742 [0] NCCL INFO [Proxy Service UDS] Device 0 CPU core 17
tcpxo-wb-0:157:741 [0] NCCL INFO New proxy send connection 0 from local rank 1, transport 0
tcpxo-wb-0:157:741 [0] NCCL INFO New proxy send connection 1 from local rank 2, transport 0
tcpxo-wb-0:157:741 [0] NCCL INFO New proxy send connection 2 from local rank 3, transport 0
tcpxo-wb-0:157:741 [0] NCCL INFO New proxy send connection 3 from local rank 4, transport 0
tcpxo-wb-0:157:741 [0] NCCL INFO New proxy send connection 4 from local rank 5, transport 0
tcpxo-wb-0:157:741 [0] NCCL INFO New proxy send connection 5 from local rank 6, transport 0
tcpxo-wb-0:157:741 [0] NCCL INFO New proxy send connection 6 from local rank 7, transport 0
tcpxo-wb-0:157:157 [0] NCCL INFO TUNER/Plugin: Using GcpTunerPlugin_v2 (v2)
tcpxo-wb-0:157:157 [0] NCCL INFO Successfully loaded external tuner plugin /usr/local/nvidia/lib64/libnccl-tuner.so
tcpxo-wb-0:157:157 [0] NCCL INFO Using tuner config: '/usr/local/nvidia/lib64/a3plus_tuner_config.textproto'
tcpxo-wb-0:157:157 [0] NCCL INFO tuner_v2 ver. ... initialized for nNodes:2 nRanks:16
tcpxo-wb-0:157:157 [0] NCCL INFO threadThresholds 8/8/64 | 128/8/64 | 512 | 512
tcpxo-wb-0:157:157 [0] NCCL INFO 16 coll channels, 16 collnet channels, 16 nvls channels, 16 p2p channels, 2 p2p channels per peer
tcpxo-wb-0:157:157 [0] NCCL INFO CC Off, workFifoBytes 1048576
tcpxo-wb-0:157:157 [0] NCCL INFO ncclCommInitRankConfig comm 0x56d6c569a190 rank 0 nranks 16 cudaDev 0 nvmlDev 0 busId 4000 commId 0x4b032fd5ae640f89 - Init COMPLETE
tcpxo-wb-0:157:157 [0] NCCL INFO Init timings - ncclCommInitRankConfig: rank 0 nranks 16 total 1.75 (kernels 0.27, alloc 1.01, bootstrap 0.01, allgathers 0.00, topo 0.05, graphs 0.15, connections 0.24, rest 0.01)
tcpxo-wb-0:157:157 [0] NCCL INFO Channel 00/0 : 0[0] -> 1[1] via P2P/CUMEM
tcpxo-wb-0:157:741 [0] NCCL INFO New proxy send connection 7 from local rank 0, transport 0
tcpxo-wb-0:157:157 [0] NCCL INFO Connected to proxy localRank 0 -> connection 0x78af6c0052b8
tcpxo-wb-0:157:157 [0] NCCL INFO Channel 01/0 : 0[0] -> 1[1] via P2P/CUMEM
tcpxo-wb-0:157:741 [0] NCCL INFO New proxy send connection 8 from local rank 0, transport 0
tcpxo-wb-0:157:157 [0] NCCL INFO Connected to proxy localRank 0 -> connection 0x78af6c005330
tcpxo-wb-0:157:157 [0] NCCL INFO Channel 02/0 : 0[0] -> 1[1] via P2P/CUMEM
tcpxo-wb-0:157:741 [0] NCCL INFO New proxy send connection 9 from local rank 0, transport 0
tcpxo-wb-0:157:157 [0] NCCL INFO Connected to proxy localRank 0 -> connection 0x78af6c0053a8
tcpxo-wb-0:157:157 [0] NCCL INFO Channel 03/0 : 0[0] -> 1[1] via P2P/CUMEM
tcpxo-wb-0:157:741 [0] NCCL INFO New proxy send connection 10 from local rank 0, transport 0
tcpxo-wb-0:157:157 [0] NCCL INFO Connected to proxy localRank 0 -> connection 0x78af6c005420
tcpxo-wb-0:157:157 [0] NCCL INFO Channel 04/0 : 0[0] -> 1[1] via P2P/CUMEM
tcpxo-wb-0:157:741 [0] NCCL INFO New proxy send connection 11 from local rank 0, transport 0
tcpxo-wb-0:157:157 [0] NCCL INFO Connected to proxy localRank 0 -> connection 0x78af6c005498
tcpxo-wb-0:157:157 [0] NCCL INFO Channel 05/0 : 0[0] -> 1[1] via P2P/CUMEM
tcpxo-wb-0:157:741 [0] NCCL INFO New proxy send connection 12 from local rank 0, transport 0
tcpxo-wb-0:157:157 [0] NCCL INFO Connected to proxy localRank 0 -> connection 0x78af6c005510
tcpxo-wb-0:157:157 [0] NCCL INFO Channel 06/0 : 0[0] -> 1[1] via P2P/CUMEM
tcpxo-wb-0:157:741 [0] NCCL INFO New proxy send connection 13 from local rank 0, transport 0
tcpxo-wb-0:157:157 [0] NCCL INFO Connected to proxy localRank 0 -> connection 0x78af6c005588
tcpxo-wb-0:157:157 [0] NCCL INFO Channel 07/0 : 0[0] -> 1[1] via P2P/CUMEM
tcpxo-wb-0:157:741 [0] NCCL INFO New proxy send connection 14 from local rank 0, transport 0
tcpxo-wb-0:157:157 [0] NCCL INFO Connected to proxy localRank 0 -> connection 0x78af6c005600
tcpxo-wb-0:157:157 [0] NCCL INFO Channel 08/0 : 0[0] -> 1[1] via P2P/CUMEM
tcpxo-wb-0:157:741 [0] NCCL INFO New proxy send connection 15 from local rank 0, transport 0
tcpxo-wb-0:157:157 [0] NCCL INFO Connected to proxy localRank 0 -> connection 0x78af6c005678
tcpxo-wb-0:157:157 [0] NCCL INFO Channel 09/0 : 0[0] -> 1[1] via P2P/CUMEM
tcpxo-wb-0:157:741 [0] NCCL INFO New proxy send connection 16 from local rank 0, transport 0
tcpxo-wb-0:157:157 [0] NCCL INFO Connected to proxy localRank 0 -> connection 0x78af6c0056f0
tcpxo-wb-0:157:157 [0] NCCL INFO Channel 10/0 : 0[0] -> 1[1] via P2P/CUMEM
tcpxo-wb-0:157:741 [0] NCCL INFO New proxy send connection 17 from local rank 0, transport 0
tcpxo-wb-0:157:157 [0] NCCL INFO Connected to proxy localRank 0 -> connection 0x78af6c005768
tcpxo-wb-0:157:157 [0] NCCL INFO Channel 11/0 : 0[0] -> 1[1] via P2P/CUMEM
tcpxo-wb-0:157:741 [0] NCCL INFO New proxy send connection 18 from local rank 0, transport 0
tcpxo-wb-0:157:157 [0] NCCL INFO Connected to proxy localRank 0 -> connection 0x78af6c0057e0
tcpxo-wb-0:157:157 [0] NCCL INFO Channel 12/0 : 0[0] -> 1[1] via P2P/CUMEM
tcpxo-wb-0:157:741 [0] NCCL INFO New proxy send connection 19 from local rank 0, transport 0
tcpxo-wb-0:157:157 [0] NCCL INFO Connected to proxy localRank 0 -> connection 0x78af6c005858
tcpxo-wb-0:157:157 [0] NCCL INFO Channel 13/0 : 0[0] -> 1[1] via P2P/CUMEM
tcpxo-wb-0:157:741 [0] NCCL INFO New proxy send connection 20 from local rank 0, transport 0
tcpxo-wb-0:157:157 [0] NCCL INFO Connected to proxy localRank 0 -> connection 0x78af6c0058d0
tcpxo-wb-0:157:157 [0] NCCL INFO Channel 14/0 : 0[0] -> 1[1] via P2P/CUMEM
tcpxo-wb-0:157:741 [0] NCCL INFO New proxy send connection 21 from local rank 0, transport 0
tcpxo-wb-0:157:157 [0] NCCL INFO Connected to proxy localRank 0 -> connection 0x78af6c005948
tcpxo-wb-0:157:157 [0] NCCL INFO Channel 15/0 : 0[0] -> 1[1] via P2P/CUMEM
tcpxo-wb-0:157:741 [0] NCCL INFO New proxy send connection 22 from local rank 0, transport 0
tcpxo-wb-0:157:157 [0] NCCL INFO Connected to proxy localRank 0 -> connection 0x78af6c0059c0
tcpxo-wb-0:157:157 [0] NCCL INFO Channel 01/0 : 0[0] -> 7[7] via P2P/CUMEM
tcpxo-wb-0:157:741 [0] NCCL INFO New proxy send connection 23 from local rank 0, transport 0
tcpxo-wb-0:157:157 [0] NCCL INFO Connected to proxy localRank 0 -> connection 0x78af6c005a38
tcpxo-wb-0:157:157 [0] NCCL INFO Channel 02/0 : 0[0] -> 7[7] via P2P/CUMEM
tcpxo-wb-0:157:741 [0] NCCL INFO New proxy send connection 24 from local rank 0, transport 0
tcpxo-wb-0:157:157 [0] NCCL INFO Connected to proxy localRank 0 -> connection 0x78af6c005ab0
tcpxo-wb-0:157:157 [0] NCCL INFO Channel 03/0 : 0[0] -> 7[7] via P2P/CUMEM
tcpxo-wb-0:157:741 [0] NCCL INFO New proxy send connection 25 from local rank 0, transport 0
tcpxo-wb-0:157:157 [0] NCCL INFO Connected to proxy localRank 0 -> connection 0x78af6c005b28
tcpxo-wb-0:157:157 [0] NCCL INFO Channel 04/0 : 0[0] -> 7[7] via P2P/CUMEM
tcpxo-wb-0:157:741 [0] NCCL INFO New proxy send connection 26 from local rank 0, transport 0
tcpxo-wb-0:157:157 [0] NCCL INFO Connected to proxy localRank 0 -> connection 0x78af6c005ba0
tcpxo-wb-0:157:157 [0] NCCL INFO Channel 05/0 : 0[0] -> 7[7] via P2P/CUMEM
tcpxo-wb-0:157:741 [0] NCCL INFO New proxy send connection 27 from local rank 0, transport 0
tcpxo-wb-0:157:157 [0] NCCL INFO Connected to proxy localRank 0 -> connection 0x78af6c005c18
tcpxo-wb-0:157:157 [0] NCCL INFO Channel 06/0 : 0[0] -> 7[7] via P2P/CUMEM
tcpxo-wb-0:157:741 [0] NCCL INFO New proxy send connection 28 from local rank 0, transport 0
tcpxo-wb-0:157:157 [0] NCCL INFO Connected to proxy localRank 0 -> connection 0x78af6c005c90
tcpxo-wb-0:157:157 [0] NCCL INFO Channel 09/0 : 0[0] -> 7[7] via P2P/CUMEM
tcpxo-wb-0:157:741 [0] NCCL INFO New proxy send connection 29 from local rank 0, transport 0
tcpxo-wb-0:157:157 [0] NCCL INFO Connected to proxy localRank 0 -> connection 0x78af6c005d08
tcpxo-wb-0:157:157 [0] NCCL INFO Channel 10/0 : 0[0] -> 7[7] via P2P/CUMEM
tcpxo-wb-0:157:741 [0] NCCL INFO New proxy send connection 30 from local rank 0, transport 0
tcpxo-wb-0:157:157 [0] NCCL INFO Connected to proxy localRank 0 -> connection 0x78af6c005d80
tcpxo-wb-0:157:157 [0] NCCL INFO Channel 11/0 : 0[0] -> 7[7] via P2P/CUMEM
tcpxo-wb-0:157:741 [0] NCCL INFO New proxy send connection 31 from local rank 0, transport 0
tcpxo-wb-0:157:157 [0] NCCL INFO Connected to proxy localRank 0 -> connection 0x78af6c005df8
tcpxo-wb-0:157:157 [0] NCCL INFO Channel 12/0 : 0[0] -> 7[7] via P2P/CUMEM
tcpxo-wb-0:157:741 [0] NCCL INFO New proxy send connection 32 from local rank 0, transport 0
tcpxo-wb-0:157:157 [0] NCCL INFO Connected to proxy localRank 0 -> connection 0x78af6c005e70
tcpxo-wb-0:157:157 [0] NCCL INFO Channel 13/0 : 0[0] -> 7[7] via P2P/CUMEM
tcpxo-wb-0:157:741 [0] NCCL INFO New proxy send connection 33 from local rank 0, transport 0
tcpxo-wb-0:157:157 [0] NCCL INFO Connected to proxy localRank 0 -> connection 0x78af6c005ee8
tcpxo-wb-0:157:157 [0] NCCL INFO Channel 14/0 : 0[0] -> 7[7] via P2P/CUMEM
tcpxo-wb-0:157:741 [0] NCCL INFO New proxy send connection 34 from local rank 0, transport 0
tcpxo-wb-0:157:157 [0] NCCL INFO Connected to proxy localRank 0 -> connection 0x78af6c005f60
tcpxo-wb-0:157:157 [0] NCCL INFO GPU Direct RDMA Enabled for GPU 0 / HCA 0 (distance 4 <= 4), read 0 mode Default
tcpxo-wb-0:157:157 [0] NCCL INFO NET/FasTrak 2026-08-02T13:31:20.618504429+00:00: props: netDeviceType 0, netDeviceVersion 7
tcpxo-wb-0:157:741 [0] NCCL INFO New proxy recv connection 35 from local rank 0, transport 2
tcpxo-wb-0:157:157 [0] NCCL INFO Connected to proxy localRank 0 -> connection 0x78af6c005fd8
tcpxo-wb-0:157:741 [0] NCCL INFO NET/FasTrak 2026-08-02T13:31:20.634708668+00:00: props: netDeviceType 0, netDeviceVersion 7
tcpxo-wb-0:157:748 [0] NCCL INFO [Proxy Progress] Device 0 CPU core 17
tcpxo-wb-0:157:741 [0] NCCL INFO NET/FasTrak 2026-08-02T13:31:20.635688546+00:00: DXS listen socket ready for flow ID 0, port 17
tcpxo-wb-0:157:741 [0] NCCL INFO NET/FasTrak 2026-08-02T13:31:20.635701094+00:00: DXS listen socket ready for flow ID 1, port 18
tcpxo-wb-0:157:741 [0] NCCL INFO NET/FasTrak 2026-08-02T13:31:20.635705059+00:00: DXS listening on 192.169.0.3 (eth1) for GPU 0000:04:00.0, ctrl listening on 10.20.2.32<48475>
tcpxo-wb-0:157:157 [0] NCCL INFO Channel 00/0 : 8[0] -> 0[0] [receive] via NET/FasTrak/0/GDRDMA
tcpxo-wb-0:157:157 [0] NCCL INFO GPU Direct RDMA Enabled for GPU 0 / HCA 0 (distance 4 <= 4), read 0 mode Default
tcpxo-wb-0:157:157 [0] NCCL INFO NET/FasTrak 2026-08-02T13:31:20.635733071+00:00: props: netDeviceType 0, netDeviceVersion 7
tcpxo-wb-0:157:741 [0] NCCL INFO New proxy recv connection 36 from local rank 0, transport 2
tcpxo-wb-0:157:157 [0] NCCL INFO Connected to proxy localRank 0 -> connection 0x78af6c006050
tcpxo-wb-0:157:741 [0] NCCL INFO NET/FasTrak 2026-08-02T13:31:20.635803138+00:00: props: netDeviceType 0, netDeviceVersion 7
tcpxo-wb-0:157:741 [0] NCCL INFO NET/FasTrak 2026-08-02T13:31:20.636767685+00:00: DXS listen socket ready for flow ID 0, port 8
tcpxo-wb-0:157:741 [0] NCCL INFO NET/FasTrak 2026-08-02T13:31:20.636771658+00:00: DXS listen socket ready for flow ID 1, port 7
tcpxo-wb-0:157:741 [0] NCCL INFO NET/FasTrak 2026-08-02T13:31:20.636773928+00:00: DXS listening on 192.169.0.3 (eth1) for GPU 0000:04:00.0, ctrl listening on 10.20.2.32<50525>
tcpxo-wb-0:157:157 [0] NCCL INFO Channel 08/0 : 8[0] -> 0[0] [receive] via NET/FasTrak/0/GDRDMA
tcpxo-wb-0:157:157 [0] NCCL INFO GPU Direct RDMA Enabled for GPU 0 / HCA 0 (distance 4 <= 4), read 1 mode Default
tcpxo-wb-0:157:741 [0] NCCL INFO New proxy send connection 37 from local rank 0, transport 2
tcpxo-wb-0:157:157 [0] NCCL INFO Connected to proxy localRank 0 -> connection 0x78af6c0060c8
tcpxo-wb-0:157:741 [0] NCCL INFO NET/FasTrak 2026-08-02T13:31:20.636849785+00:00: props: netDeviceType 0, netDeviceVersion 7
tcpxo-wb-0:157:157 [0] NCCL INFO Channel 00/0 : 0[0] -> 8[0] [send] via NET/FasTrak/0/GDRDMA
tcpxo-wb-0:157:157 [0] NCCL INFO GPU Direct RDMA Enabled for GPU 0 / HCA 0 (distance 4 <= 4), read 1 mode Default
tcpxo-wb-0:157:741 [0] NCCL INFO New proxy send connection 38 from local rank 0, transport 2
tcpxo-wb-0:157:157 [0] NCCL INFO Connected to proxy localRank 0 -> connection 0x78af6c006140
tcpxo-wb-0:157:741 [0] NCCL INFO NET/FasTrak 2026-08-02T13:31:20.636933192+00:00: props: netDeviceType 0, netDeviceVersion 7
tcpxo-wb-0:157:157 [0] NCCL INFO Channel 08/0 : 0[0] -> 8[0] [send] via NET/FasTrak/0/GDRDMA
tcpxo-wb-0:157:741 [0] NCCL INFO New proxy recv connection 39 from local rank 0, transport 0
tcpxo-wb-0:157:157 [0] NCCL INFO Connected to proxy localRank 0 -> connection 0x78af6c0061b8
tcpxo-wb-0:157:741 [0] NCCL INFO New proxy recv connection 40 from local rank 0, transport 0
tcpxo-wb-0:157:157 [0] NCCL INFO Connected to proxy localRank 0 -> connection 0x78af6c006230
tcpxo-wb-0:157:741 [0] NCCL INFO New proxy recv connection 41 from local rank 0, transport 0
tcpxo-wb-0:157:157 [0] NCCL INFO Connected to proxy localRank 0 -> connection 0x78af6c0062a8
tcpxo-wb-0:157:741 [0] NCCL INFO New proxy recv connection 42 from local rank 0, transport 0
tcpxo-wb-0:157:157 [0] NCCL INFO Connected to proxy localRank 0 -> connection 0x78af6c006320
tcpxo-wb-0:157:741 [0] NCCL INFO New proxy recv connection 43 from local rank 0, transport 0
tcpxo-wb-0:157:157 [0] NCCL INFO Connected to proxy localRank 0 -> connection 0x78af6c006398
tcpxo-wb-0:157:741 [0] NCCL INFO New proxy recv connection 44 from local rank 0, transport 0
tcpxo-wb-0:157:157 [0] NCCL INFO Connected to proxy localRank 0 -> connection 0x78af6c006410
tcpxo-wb-0:157:741 [0] NCCL INFO New proxy recv connection 45 from local rank 0, transport 0
tcpxo-wb-0:157:157 [0] NCCL INFO Connected to proxy localRank 0 -> connection 0x78af6c006488
tcpxo-wb-0:157:741 [0] NCCL INFO New proxy recv connection 46 from local rank 0, transport 0
tcpxo-wb-0:157:157 [0] NCCL INFO Connected to proxy localRank 0 -> connection 0x78af6c006500
tcpxo-wb-0:157:741 [0] NCCL INFO New proxy recv connection 47 from local rank 0, transport 0
tcpxo-wb-0:157:157 [0] NCCL INFO Connected to proxy localRank 0 -> connection 0x78af6c006578
tcpxo-wb-0:157:741 [0] NCCL INFO New proxy recv connection 48 from local rank 0, transport 0
tcpxo-wb-0:157:157 [0] NCCL INFO Connected to proxy localRank 0 -> connection 0x78af6c0065f0
tcpxo-wb-0:157:741 [0] NCCL INFO New proxy recv connection 49 from local rank 0, transport 0
tcpxo-wb-0:157:157 [0] NCCL INFO Connected to proxy localRank 0 -> connection 0x78af6c006668
tcpxo-wb-0:157:741 [0] NCCL INFO New proxy recv connection 50 from local rank 0, transport 0
tcpxo-wb-0:157:157 [0] NCCL INFO Connected to proxy localRank 0 -> connection 0x78af6c0066e0
tcpxo-wb-0:157:741 [0] NCCL INFO New proxy recv connection 51 from local rank 0, transport 0
tcpxo-wb-0:157:157 [0] NCCL INFO Connected to proxy localRank 0 -> connection 0x78af6c006758
tcpxo-wb-0:157:741 [0] NCCL INFO New proxy recv connection 52 from local rank 0, transport 0
tcpxo-wb-0:157:157 [0] NCCL INFO Connected to proxy localRank 0 -> connection 0x78af6c0067d0
tcpxo-wb-0:157:741 [0] NCCL INFO New proxy recv connection 53 from local rank 0, transport 0
tcpxo-wb-0:157:157 [0] NCCL INFO Connected to proxy localRank 0 -> connection 0x78af6c006848
tcpxo-wb-0:157:741 [0] NCCL INFO New proxy recv connection 54 from local rank 0, transport 0
tcpxo-wb-0:157:157 [0] NCCL INFO Connected to proxy localRank 0 -> connection 0x78af6c0068c0
tcpxo-wb-0:157:741 [0] NCCL INFO New proxy recv connection 55 from local rank 0, transport 0
tcpxo-wb-0:157:157 [0] NCCL INFO Connected to proxy localRank 0 -> connection 0x78af6c006938
tcpxo-wb-0:157:741 [0] NCCL INFO New proxy recv connection 56 from local rank 0, transport 0
tcpxo-wb-0:157:157 [0] NCCL INFO Connected to proxy localRank 0 -> connection 0x78af6c0069b0
tcpxo-wb-0:157:741 [0] NCCL INFO New proxy recv connection 57 from local rank 0, transport 0
tcpxo-wb-0:157:157 [0] NCCL INFO Connected to proxy localRank 0 -> connection 0x78af6c006a28
tcpxo-wb-0:157:741 [0] NCCL INFO New proxy recv connection 58 from local rank 0, transport 0
tcpxo-wb-0:157:157 [0] NCCL INFO Connected to proxy localRank 0 -> connection 0x78af6c006aa0
tcpxo-wb-0:157:741 [0] NCCL INFO New proxy recv connection 59 from local rank 0, transport 0
tcpxo-wb-0:157:157 [0] NCCL INFO Connected to proxy localRank 0 -> connection 0x78af6c006b18
tcpxo-wb-0:157:741 [0] NCCL INFO New proxy recv connection 60 from local rank 0, transport 0
tcpxo-wb-0:157:157 [0] NCCL INFO Connected to proxy localRank 0 -> connection 0x78af6c006b90
tcpxo-wb-0:157:741 [0] NCCL INFO New proxy recv connection 61 from local rank 0, transport 0
tcpxo-wb-0:157:157 [0] NCCL INFO Connected to proxy localRank 0 -> connection 0x78af6c006c08
tcpxo-wb-0:157:741 [0] NCCL INFO New proxy recv connection 62 from local rank 0, transport 0
tcpxo-wb-0:157:157 [0] NCCL INFO Connected to proxy localRank 0 -> connection 0x78af6c006c80
tcpxo-wb-0:157:741 [0] NCCL INFO New proxy recv connection 63 from local rank 0, transport 0
tcpxo-wb-0:157:157 [0] NCCL INFO Connected to proxy localRank 0 -> connection 0x78af6c006cf8
tcpxo-wb-0:157:741 [0] NCCL INFO New proxy recv connection 64 from local rank 0, transport 0
tcpxo-wb-0:157:157 [0] NCCL INFO Connected to proxy localRank 0 -> connection 0x78af6c006d70
tcpxo-wb-0:157:741 [0] NCCL INFO New proxy recv connection 65 from local rank 0, transport 0
tcpxo-wb-0:157:157 [0] NCCL INFO Connected to proxy localRank 0 -> connection 0x78af6c006de8
tcpxo-wb-0:157:741 [0] NCCL INFO New proxy recv connection 66 from local rank 0, transport 0
tcpxo-wb-0:157:157 [0] NCCL INFO Connected to proxy localRank 0 -> connection 0x78af6c006e60
tcpxo-wb-0:157:157 [0] NCCL INFO Connected to proxy localRank 1 -> connection 0x7d12ec006b60
tcpxo-wb-0:157:157 [0] NCCL INFO Connected to proxy localRank 7 -> connection 0x7cf60c006c08
tcpxo-wb-0:157:741 [0] NCCL INFO NET/FasTrak 2026-08-02T13:31:21.002969117+00:00: DXS flow ID 0 connecting to 192.169.0.4:17 comm_trace_id:0x3f700001 comm_idx:0x1 on net_dev:0
tcpxo-wb-0:157:741 [0] NCCL INFO NET/FasTrak 2026-08-02T13:31:21.003027399+00:00: DXS flow ID 1 connecting to 192.169.0.4:18 comm_trace_id:0x3f700001 comm_idx:0x1 on net_dev:0
tcpxo-wb-0:157:741 [0] NCCL INFO NET/FasTrak 2026-08-02T13:31:21.003058337+00:00: Async accepting for comm:0x78af6c0658d0 comm_idx:0x2.
tcpxo-wb-0:157:741 [0] NCCL INFO NET/FasTrak 2026-08-02T13:31:21.00309759+00:00: DXS flow ID 0 connecting to 192.169.0.4:23 comm_trace_id:0x73900003 comm_idx:0x3 on net_dev:0
tcpxo-wb-0:157:741 [0] NCCL INFO NET/FasTrak 2026-08-02T13:31:21.003106157+00:00: DXS flow ID 1 connecting to 192.169.0.4:24 comm_trace_id:0x73900003 comm_idx:0x3 on net_dev:0
tcpxo-wb-0:157:741 [0] NCCL INFO NET/FasTrak 2026-08-02T13:31:21.003122447+00:00: Async accepting for comm:0x78af6c069010 comm_idx:0x4.
tcpxo-wb-0:157:741 [0] NCCL INFO NET/FasTrak 2026-08-02T13:31:21.004845732+00:00: All DXS flows accepted for comm:0x78af6c069010 comm_trace_id:0x0 on gpu_pci:0000:04:00.0 on comm_idx:4.
tcpxo-wb-0:157:741 [0] NCCL INFO NET/FasTrak 2026-08-02T13:31:21.004852301+00:00: Allocate recv dev handle for comm:0x78af6c069010 on gpu_pci:0000:04:00.0
tcpxo-wb-0:157:741 [0] NCCL INFO NET/FasTrak 2026-08-02T13:31:21.004854343+00:00: Linearized: comm 0x78af6c069010, createRecvDevComm 0x78af77ffb480
tcpxo-wb-0:157:741 [0] NCCL INFO NET/FasTrak 2026-08-02T13:31:21.006218318+00:00: RegMr[netdev=0] CUDA memory for comm 0x78af6c069010 with handle:8653318625366213810 for data:0x31d4000000 size:524288
tcpxo-wb-0:157:741 [0] NCCL INFO NET/FasTrak 2026-08-02T13:31:21.011573843+00:00: RegMr[netdev=0] CUDA memory for comm 0x78af6c069010 with handle:8653318625366214641 for data:0x31d4080000 size:4915200
tcpxo-wb-0:157:741 [0] NCCL INFO NET/FasTrak 2026-08-02T13:31:21.015851068+00:00: RegMr[netdev=0] CUDA memory for comm 0x78af6c069010 with handle:8653318625366215472 for data:0x31d4530000 size:8388608
tcpxo-wb-0:157:741 [0] NCCL INFO NET/FasTrak 2026-08-02T13:31:21.015878143+00:00: All DXS flows connected to 192.169.0.4 comm:0x78af6c063f70 comm_trace_id:0x3f700001 comm_idx:0x1 on net_dev:0 (Local IP: 192.169.0.3)
tcpxo-wb-0:157:741 [0] NCCL INFO NET/FasTrak 2026-08-02T13:31:21.01590118+00:00: Allocate send dev handle, comm 0x78af6c063f70
tcpxo-wb-0:157:741 [0] NCCL INFO NET/FasTrak 2026-08-02T13:31:21.015903854+00:00: Comm 0x78af6c063f70, createSendDevComm 0x78af77ffb4d8
tcpxo-wb-0:157:741 [0] NCCL INFO NET/FasTrak 2026-08-02T13:31:21.018148774+00:00: Registering host memory for 0x78af6c063f70 data:0x78afa7b22200 size:524288
tcpxo-wb-0:157:741 [0] NCCL INFO NET/FasTrak 2026-08-02T13:31:21.020121455+00:00: RegMr[netdev=0] CUDA memory for comm 0x78af6c063f70 with handle:8653318625366216303 for data:0x31d4e00000 size:4915200
tcpxo-wb-0:157:741 [0] NCCL INFO NET/FasTrak 2026-08-02T13:31:21.021204694+00:00: RegMr[netdev=0] CUDA memory for comm 0x78af6c063f70 with handle:8653318625366213038 for data:0x31d52b0000 size:8388608
tcpxo-wb-0:157:741 [0] NCCL INFO NET/FasTrak 2026-08-02T13:31:21.021229414+00:00: All DXS flows accepted for comm:0x78af6c0658d0 comm_trace_id:0x0 on gpu_pci:0000:04:00.0 on comm_idx:2.
tcpxo-wb-0:157:741 [0] NCCL INFO NET/FasTrak 2026-08-02T13:31:21.021232327+00:00: Allocate recv dev handle for comm:0x78af6c0658d0 on gpu_pci:0000:04:00.0
tcpxo-wb-0:157:741 [0] NCCL INFO NET/FasTrak 2026-08-02T13:31:21.021234455+00:00: Linearized: comm 0x78af6c0658d0, createRecvDevComm 0x78af77ffb480
tcpxo-wb-0:157:741 [0] NCCL INFO NET/FasTrak 2026-08-02T13:31:21.027561539+00:00: RegMr[netdev=0] CUDA memory for comm 0x78af6c0658d0 with handle:8653318625366213869 for data:0x31d6000000 size:524288
tcpxo-wb-0:157:741 [0] NCCL INFO NET/FasTrak 2026-08-02T13:31:21.029702072+00:00: RegMr[netdev=0] CUDA memory for comm 0x78af6c0658d0 with handle:8653318625366214700 for data:0x31d6080000 size:4915200
tcpxo-wb-0:157:741 [0] NCCL INFO NET/FasTrak 2026-08-02T13:31:21.032917885+00:00: RegMr[netdev=0] CUDA memory for comm 0x78af6c0658d0 with handle:8653318625366215531 for data:0x31d6530000 size:8388608
tcpxo-wb-0:157:741 [0] NCCL INFO NET/FasTrak 2026-08-02T13:31:21.032936721+00:00: All DXS flows connected to 192.169.0.4 comm:0x78af6c067390 comm_trace_id:0x73900003 comm_idx:0x3 on net_dev:0 (Local IP: 192.169.0.3)
tcpxo-wb-0:157:741 [0] NCCL INFO NET/FasTrak 2026-08-02T13:31:21.032940535+00:00: Allocate send dev handle, comm 0x78af6c067390
tcpxo-wb-0:157:741 [0] NCCL INFO NET/FasTrak 2026-08-02T13:31:21.032942719+00:00: Comm 0x78af6c067390, createSendDevComm 0x78af77ffb4d8
tcpxo-wb-0:157:741 [0] NCCL INFO NET/FasTrak 2026-08-02T13:31:21.042564051+00:00: Registering host memory for 0x78af6c067390 data:0x31d7e00000 size:524288
tcpxo-wb-0:157:741 [0] NCCL INFO NET/FasTrak 2026-08-02T13:31:21.044642737+00:00: RegMr[netdev=0] CUDA memory for comm 0x78af6c067390 with handle:8653318625366216362 for data:0x31d7000000 size:4915200
tcpxo-wb-0:157:741 [0] NCCL INFO NET/FasTrak 2026-08-02T13:31:21.047847237+00:00: RegMr[netdev=0] CUDA memory for comm 0x78af6c067390 with handle:8653318625366213097 for data:0x31d74b0000 size:8388608
tcpxo-wb-0:157:157 [0] NCCL INFO Connected all trees
tcpxo-wb-0:157:157 [0] NCCL INFO NVLS comm 0x56d6c569a190 headRank 0 nHeads 8 nvlsRanks 8 buffSize 1048576 nvlsPerRankSize 33554432 nvlsTotalSize 268435456
tcpxo-wb-0:157:157 [0] NCCL INFO GPU Direct RDMA Enabled for GPU 0 / HCA 0 (distance 4 <= 4), read 0 mode Default
tcpxo-wb-0:157:157 [0] NCCL INFO NET/FasTrak 2026-08-02T13:31:21.535241186+00:00: props: netDeviceType 0, netDeviceVersion 7
tcpxo-wb-0:157:741 [0] NCCL INFO New proxy recv connection 67 from local rank 0, transport 2
tcpxo-wb-0:157:157 [0] NCCL INFO Connected to proxy localRank 0 -> connection 0x78af6c006ed8
tcpxo-wb-0:157:741 [0] NCCL INFO NET/FasTrak 2026-08-02T13:31:21.535563829+00:00: props: netDeviceType 0, netDeviceVersion 7
tcpxo-wb-0:157:741 [0] NCCL INFO NET/FasTrak 2026-08-02T13:31:21.535960064+00:00: DXS listen socket ready for flow ID 0, port 20
tcpxo-wb-0:157:741 [0] NCCL INFO NET/FasTrak 2026-08-02T13:31:21.535967632+00:00: DXS listen socket ready for flow ID 1, port 19
tcpxo-wb-0:157:741 [0] NCCL INFO NET/FasTrak 2026-08-02T13:31:21.535970688+00:00: DXS listening on 192.169.0.3 (eth1) for GPU 0000:04:00.0, ctrl listening on 10.20.2.32<50631>
tcpxo-wb-0:157:157 [0] NCCL INFO Channel 01/0 : 8[0] -> 0[0] [receive] via NET/FasTrak/0/GDRDMA
tcpxo-wb-0:157:157 [0] NCCL INFO GPU Direct RDMA Enabled for GPU 0 / HCA 0 (distance 4 <= 4), read 0 mode Default
tcpxo-wb-0:157:157 [0] NCCL INFO NET/FasTrak 2026-08-02T13:31:21.536035629+00:00: props: netDeviceType 0, netDeviceVersion 7
tcpxo-wb-0:157:741 [0] NCCL INFO New proxy recv connection 68 from local rank 0, transport 2
tcpxo-wb-0:157:157 [0] NCCL INFO Connected to proxy localRank 0 -> connection 0x78af6c006f50
tcpxo-wb-0:157:741 [0] NCCL INFO NET/FasTrak 2026-08-02T13:31:21.536122532+00:00: props: netDeviceType 0, netDeviceVersion 7
tcpxo-wb-0:157:741 [0] NCCL INFO NET/FasTrak 2026-08-02T13:31:21.53703654+00:00: DXS listen socket ready for flow ID 0, port 2
tcpxo-wb-0:157:741 [0] NCCL INFO NET/FasTrak 2026-08-02T13:31:21.537041405+00:00: DXS listen socket ready for flow ID 1, port 1
tcpxo-wb-0:157:741 [0] NCCL INFO NET/FasTrak 2026-08-02T13:31:21.537043485+00:00: DXS listening on 192.169.0.3 (eth1) for GPU 0000:04:00.0, ctrl listening on 10.20.2.32<34527>
tcpxo-wb-0:157:157 [0] NCCL INFO Channel 02/0 : 8[0] -> 0[0] [receive] via NET/FasTrak/0/GDRDMA
tcpxo-wb-0:157:157 [0] NCCL INFO GPU Direct RDMA Enabled for GPU 0 / HCA 0 (distance 4 <= 4), read 0 mode Default
tcpxo-wb-0:157:157 [0] NCCL INFO NET/FasTrak 2026-08-02T13:31:21.537067992+00:00: props: netDeviceType 0, netDeviceVersion 7
tcpxo-wb-0:157:741 [0] NCCL INFO New proxy recv connection 69 from local rank 0, transport 2
tcpxo-wb-0:157:157 [0] NCCL INFO Connected to proxy localRank 0 -> connection 0x78af6c006fc8
tcpxo-wb-0:157:741 [0] NCCL INFO NET/FasTrak 2026-08-02T13:31:21.537130771+00:00: props: netDeviceType 0, netDeviceVersion 7
tcpxo-wb-0:157:741 [0] NCCL INFO NET/FasTrak 2026-08-02T13:31:21.538113273+00:00: DXS listen socket ready for flow ID 0, port 29
tcpxo-wb-0:157:741 [0] NCCL INFO NET/FasTrak 2026-08-02T13:31:21.53811879+00:00: DXS listen socket ready for flow ID 1, port 30
tcpxo-wb-0:157:741 [0] NCCL INFO NET/FasTrak 2026-08-02T13:31:21.538121617+00:00: DXS listening on 192.169.0.3 (eth1) for GPU 0000:04:00.0, ctrl listening on 10.20.2.32<55397>
tcpxo-wb-0:157:157 [0] NCCL INFO Channel 03/0 : 8[0] -> 0[0] [receive] via NET/FasTrak/0/GDRDMA
tcpxo-wb-0:157:157 [0] NCCL INFO GPU Direct RDMA Enabled for GPU 0 / HCA 0 (distance 4 <= 4), read 0 mode Default
tcpxo-wb-0:157:157 [0] NCCL INFO NET/FasTrak 2026-08-02T13:31:21.53814828+00:00: props: netDeviceType 0, netDeviceVersion 7
tcpxo-wb-0:157:741 [0] NCCL INFO New proxy recv connection 70 from local rank 0, transport 2
tcpxo-wb-0:157:157 [0] NCCL INFO Connected to proxy localRank 0 -> connection 0x78af6c007040
tcpxo-wb-0:157:741 [0] NCCL INFO NET/FasTrak 2026-08-02T13:31:21.538206622+00:00: props: netDeviceType 0, netDeviceVersion 7
tcpxo-wb-0:157:741 [0] NCCL INFO NET/FasTrak 2026-08-02T13:31:21.539190544+00:00: DXS listen socket ready for flow ID 0, port 31
tcpxo-wb-0:157:741 [0] NCCL INFO NET/FasTrak 2026-08-02T13:31:21.539196952+00:00: DXS listen socket ready for flow ID 1, port 32
tcpxo-wb-0:157:741 [0] NCCL INFO NET/FasTrak 2026-08-02T13:31:21.539198905+00:00: DXS listening on 192.169.0.3 (eth1) for GPU 0000:04:00.0, ctrl listening on 10.20.2.32<58961>
tcpxo-wb-0:157:157 [0] NCCL INFO Channel 04/0 : 8[0] -> 0[0] [receive] via NET/FasTrak/0/GDRDMA
tcpxo-wb-0:157:157 [0] NCCL INFO GPU Direct RDMA Enabled for GPU 0 / HCA 0 (distance 4 <= 4), read 0 mode Default
tcpxo-wb-0:157:157 [0] NCCL INFO NET/FasTrak 2026-08-02T13:31:21.539223638+00:00: props: netDeviceType 0, netDeviceVersion 7
tcpxo-wb-0:157:741 [0] NCCL INFO New proxy recv connection 71 from local rank 0, transport 2
tcpxo-wb-0:157:157 [0] NCCL INFO Connected to proxy localRank 0 -> connection 0x78af6c0070b8
tcpxo-wb-0:157:741 [0] NCCL INFO NET/FasTrak 2026-08-02T13:31:21.539276046+00:00: props: netDeviceType 0, netDeviceVersion 7
tcpxo-wb-0:157:741 [0] NCCL INFO NET/FasTrak 2026-08-02T13:31:21.540269145+00:00: DXS listen socket ready for flow ID 0, port 21
tcpxo-wb-0:157:741 [0] NCCL INFO NET/FasTrak 2026-08-02T13:31:21.540276956+00:00: DXS listen socket ready for flow ID 1, port 22
tcpxo-wb-0:157:741 [0] NCCL INFO NET/FasTrak 2026-08-02T13:31:21.540294966+00:00: DXS listening on 192.169.0.3 (eth1) for GPU 0000:04:00.0, ctrl listening on 10.20.2.32<55553>
tcpxo-wb-0:157:157 [0] NCCL INFO Channel 05/0 : 8[0] -> 0[0] [receive] via NET/FasTrak/0/GDRDMA
tcpxo-wb-0:157:157 [0] NCCL INFO GPU Direct RDMA Enabled for GPU 0 / HCA 0 (distance 4 <= 4), read 0 mode Default
tcpxo-wb-0:157:157 [0] NCCL INFO NET/FasTrak 2026-08-02T13:31:21.540324044+00:00: props: netDeviceType 0, netDeviceVersion 7
tcpxo-wb-0:157:741 [0] NCCL INFO New proxy recv connection 72 from local rank 0, transport 2
tcpxo-wb-0:157:157 [0] NCCL INFO Connected to proxy localRank 0 -> connection 0x78af6c007130
tcpxo-wb-0:157:741 [0] NCCL INFO NET/FasTrak 2026-08-02T13:31:21.540401321+00:00: props: netDeviceType 0, netDeviceVersion 7
tcpxo-wb-0:157:741 [0] NCCL INFO NET/FasTrak 2026-08-02T13:31:21.541346233+00:00: DXS listen socket ready for flow ID 0, port 27
tcpxo-wb-0:157:741 [0] NCCL INFO NET/FasTrak 2026-08-02T13:31:21.541358275+00:00: DXS listen socket ready for flow ID 1, port 28
tcpxo-wb-0:157:741 [0] NCCL INFO NET/FasTrak 2026-08-02T13:31:21.541360297+00:00: DXS listening on 192.169.0.3 (eth1) for GPU 0000:04:00.0, ctrl listening on 10.20.2.32<33253>
tcpxo-wb-0:157:157 [0] NCCL INFO Channel 06/0 : 8[0] -> 0[0] [receive] via NET/FasTrak/0/GDRDMA
tcpxo-wb-0:157:157 [0] NCCL INFO GPU Direct RDMA Enabled for GPU 0 / HCA 0 (distance 4 <= 4), read 0 mode Default
tcpxo-wb-0:157:157 [0] NCCL INFO NET/FasTrak 2026-08-02T13:31:21.541394563+00:00: props: netDeviceType 0, netDeviceVersion 7
tcpxo-wb-0:157:741 [0] NCCL INFO New proxy recv connection 73 from local rank 0, transport 2
tcpxo-wb-0:157:157 [0] NCCL INFO Connected to proxy localRank 0 -> connection 0x78af6c0071a8
tcpxo-wb-0:157:741 [0] NCCL INFO NET/FasTrak 2026-08-02T13:31:21.541449583+00:00: props: netDeviceType 0, netDeviceVersion 7
tcpxo-wb-0:157:741 [0] NCCL INFO NET/FasTrak 2026-08-02T13:31:21.542424352+00:00: DXS listen socket ready for flow ID 0, port 13
tcpxo-wb-0:157:741 [0] NCCL INFO NET/FasTrak 2026-08-02T13:31:21.542428738+00:00: DXS listen socket ready for flow ID 1, port 14
tcpxo-wb-0:157:741 [0] NCCL INFO NET/FasTrak 2026-08-02T13:31:21.542430565+00:00: DXS listening on 192.169.0.3 (eth1) for GPU 0000:04:00.0, ctrl listening on 10.20.2.32<49245>
tcpxo-wb-0:157:157 [0] NCCL INFO Channel 07/0 : 8[0] -> 0[0] [receive] via NET/FasTrak/0/GDRDMA
tcpxo-wb-0:157:157 [0] NCCL INFO GPU Direct RDMA Enabled for GPU 0 / HCA 0 (distance 4 <= 4), read 0 mode Default
tcpxo-wb-0:157:157 [0] NCCL INFO NET/FasTrak 2026-08-02T13:31:21.542453597+00:00: props: netDeviceType 0, netDeviceVersion 7
tcpxo-wb-0:157:741 [0] NCCL INFO New proxy recv connection 74 from local rank 0, transport 2
tcpxo-wb-0:157:157 [0] NCCL INFO Connected to proxy localRank 0 -> connection 0x78af6c007220
tcpxo-wb-0:157:741 [0] NCCL INFO NET/FasTrak 2026-08-02T13:31:21.542512976+00:00: props: netDeviceType 0, netDeviceVersion 7
tcpxo-wb-0:157:741 [0] NCCL INFO NET/FasTrak 2026-08-02T13:31:21.543498552+00:00: DXS listen socket ready for flow ID 0, port 9
tcpxo-wb-0:157:741 [0] NCCL INFO NET/FasTrak 2026-08-02T13:31:21.543506764+00:00: DXS listen socket ready for flow ID 1, port 10
tcpxo-wb-0:157:741 [0] NCCL INFO NET/FasTrak 2026-08-02T13:31:21.543508772+00:00: DXS listening on 192.169.0.3 (eth1) for GPU 0000:04:00.0, ctrl listening on 10.20.2.32<45561>
tcpxo-wb-0:157:157 [0] NCCL INFO Channel 09/0 : 8[0] -> 0[0] [receive] via NET/FasTrak/0/GDRDMA
tcpxo-wb-0:157:157 [0] NCCL INFO GPU Direct RDMA Enabled for GPU 0 / HCA 0 (distance 4 <= 4), read 0 mode Default
tcpxo-wb-0:157:157 [0] NCCL INFO NET/FasTrak 2026-08-02T13:31:21.543535214+00:00: props: netDeviceType 0, netDeviceVersion 7
tcpxo-wb-0:157:741 [0] NCCL INFO New proxy recv connection 75 from local rank 0, transport 2
tcpxo-wb-0:157:157 [0] NCCL INFO Connected to proxy localRank 0 -> connection 0x78af6c007298
tcpxo-wb-0:157:741 [0] NCCL INFO NET/FasTrak 2026-08-02T13:31:21.543591421+00:00: props: netDeviceType 0, netDeviceVersion 7
tcpxo-wb-0:157:741 [0] NCCL INFO NET/FasTrak 2026-08-02T13:31:21.544574781+00:00: DXS listen socket ready for flow ID 0, port 3
tcpxo-wb-0:157:741 [0] NCCL INFO NET/FasTrak 2026-08-02T13:31:21.544580182+00:00: DXS listen socket ready for flow ID 1, port 4
tcpxo-wb-0:157:741 [0] NCCL INFO NET/FasTrak 2026-08-02T13:31:21.544582056+00:00: DXS listening on 192.169.0.3 (eth1) for GPU 0000:04:00.0, ctrl listening on 10.20.2.32<37627>
tcpxo-wb-0:157:157 [0] NCCL INFO Channel 10/0 : 8[0] -> 0[0] [receive] via NET/FasTrak/0/GDRDMA
tcpxo-wb-0:157:157 [0] NCCL INFO GPU Direct RDMA Enabled for GPU 0 / HCA 0 (distance 4 <= 4), read 0 mode Default
tcpxo-wb-0:157:157 [0] NCCL INFO NET/FasTrak 2026-08-02T13:31:21.544603335+00:00: props: netDeviceType 0, netDeviceVersion 7
tcpxo-wb-0:157:741 [0] NCCL INFO New proxy recv connection 76 from local rank 0, transport 2
tcpxo-wb-0:157:157 [0] NCCL INFO Connected to proxy localRank 0 -> connection 0x78af6c007310
tcpxo-wb-0:157:741 [0] NCCL INFO NET/FasTrak 2026-08-02T13:31:21.544660584+00:00: props: netDeviceType 0, netDeviceVersion 7
tcpxo-wb-0:157:741 [0] NCCL INFO NET/FasTrak 2026-08-02T13:31:21.545651948+00:00: DXS listen socket ready for flow ID 0, port 23
tcpxo-wb-0:157:741 [0] NCCL INFO NET/FasTrak 2026-08-02T13:31:21.545657335+00:00: DXS listen socket ready for flow ID 1, port 24
tcpxo-wb-0:157:741 [0] NCCL INFO NET/FasTrak 2026-08-02T13:31:21.545659084+00:00: DXS listening on 192.169.0.3 (eth1) for GPU 0000:04:00.0, ctrl listening on 10.20.2.32<56075>
tcpxo-wb-0:157:157 [0] NCCL INFO Channel 11/0 : 8[0] -> 0[0] [receive] via NET/FasTrak/0/GDRDMA
tcpxo-wb-0:157:157 [0] NCCL INFO GPU Direct RDMA Enabled for GPU 0 / HCA 0 (distance 4 <= 4), read 0 mode Default
tcpxo-wb-0:157:157 [0] NCCL INFO NET/FasTrak 2026-08-02T13:31:21.545683545+00:00: props: netDeviceType 0, netDeviceVersion 7
tcpxo-wb-0:157:741 [0] NCCL INFO New proxy recv connection 77 from local rank 0, transport 2
tcpxo-wb-0:157:157 [0] NCCL INFO Connected to proxy localRank 0 -> connection 0x78af6c007388
tcpxo-wb-0:157:741 [0] NCCL INFO NET/FasTrak 2026-08-02T13:31:21.545745578+00:00: props: netDeviceType 0, netDeviceVersion 7
tcpxo-wb-0:157:741 [0] NCCL INFO NET/FasTrak 2026-08-02T13:31:21.546729351+00:00: DXS listen socket ready for flow ID 0, port 5
tcpxo-wb-0:157:741 [0] NCCL INFO NET/FasTrak 2026-08-02T13:31:21.546735596+00:00: DXS listen socket ready for flow ID 1, port 6
tcpxo-wb-0:157:741 [0] NCCL INFO NET/FasTrak 2026-08-02T13:31:21.546737414+00:00: DXS listening on 192.169.0.3 (eth1) for GPU 0000:04:00.0, ctrl listening on 10.20.2.32<35101>
tcpxo-wb-0:157:157 [0] NCCL INFO Channel 12/0 : 8[0] -> 0[0] [receive] via NET/FasTrak/0/GDRDMA
tcpxo-wb-0:157:157 [0] NCCL INFO GPU Direct RDMA Enabled for GPU 0 / HCA 0 (distance 4 <= 4), read 0 mode Default
tcpxo-wb-0:157:157 [0] NCCL INFO NET/FasTrak 2026-08-02T13:31:21.546761151+00:00: props: netDeviceType 0, netDeviceVersion 7
tcpxo-wb-0:157:741 [0] NCCL INFO New proxy recv connection 78 from local rank 0, transport 2
tcpxo-wb-0:157:157 [0] NCCL INFO Connected to proxy localRank 0 -> connection 0x78af6c007400
tcpxo-wb-0:157:741 [0] NCCL INFO NET/FasTrak 2026-08-02T13:31:21.546816976+00:00: props: netDeviceType 0, netDeviceVersion 7
tcpxo-wb-0:157:741 [0] NCCL INFO NET/FasTrak 2026-08-02T13:31:21.547804555+00:00: DXS listen socket ready for flow ID 0, port 11
tcpxo-wb-0:157:741 [0] NCCL INFO NET/FasTrak 2026-08-02T13:31:21.547809825+00:00: DXS listen socket ready for flow ID 1, port 12
tcpxo-wb-0:157:741 [0] NCCL INFO NET/FasTrak 2026-08-02T13:31:21.547811674+00:00: DXS listening on 192.169.0.3 (eth1) for GPU 0000:04:00.0, ctrl listening on 10.20.2.32<37615>
tcpxo-wb-0:157:157 [0] NCCL INFO Channel 13/0 : 8[0] -> 0[0] [receive] via NET/FasTrak/0/GDRDMA
tcpxo-wb-0:157:157 [0] NCCL INFO GPU Direct RDMA Enabled for GPU 0 / HCA 0 (distance 4 <= 4), read 0 mode Default
tcpxo-wb-0:157:157 [0] NCCL INFO NET/FasTrak 2026-08-02T13:31:21.547833744+00:00: props: netDeviceType 0, netDeviceVersion 7
tcpxo-wb-0:157:741 [0] NCCL INFO New proxy recv connection 79 from local rank 0, transport 2
tcpxo-wb-0:157:157 [0] NCCL INFO Connected to proxy localRank 0 -> connection 0x78af6c007478
tcpxo-wb-0:157:741 [0] NCCL INFO NET/FasTrak 2026-08-02T13:31:21.547897341+00:00: props: netDeviceType 0, netDeviceVersion 7
tcpxo-wb-0:157:741 [0] NCCL INFO NET/FasTrak 2026-08-02T13:31:21.54887994+00:00: DXS listen socket ready for flow ID 0, port 15
tcpxo-wb-0:157:741 [0] NCCL INFO NET/FasTrak 2026-08-02T13:31:21.548887947+00:00: DXS listen socket ready for flow ID 1, port 16
tcpxo-wb-0:157:741 [0] NCCL INFO NET/FasTrak 2026-08-02T13:31:21.548890085+00:00: DXS listening on 192.169.0.3 (eth1) for GPU 0000:04:00.0, ctrl listening on 10.20.2.32<55825>
tcpxo-wb-0:157:157 [0] NCCL INFO Channel 14/0 : 8[0] -> 0[0] [receive] via NET/FasTrak/0/GDRDMA
tcpxo-wb-0:157:157 [0] NCCL INFO GPU Direct RDMA Enabled for GPU 0 / HCA 0 (distance 4 <= 4), read 0 mode Default
tcpxo-wb-0:157:157 [0] NCCL INFO NET/FasTrak 2026-08-02T13:31:21.548913915+00:00: props: netDeviceType 0, netDeviceVersion 7
tcpxo-wb-0:157:741 [0] NCCL INFO New proxy recv connection 80 from local rank 0, transport 2
tcpxo-wb-0:157:157 [0] NCCL INFO Connected to proxy localRank 0 -> connection 0x78af6c0074f0
tcpxo-wb-0:157:741 [0] NCCL INFO NET/FasTrak 2026-08-02T13:31:21.54897326+00:00: props: netDeviceType 0, netDeviceVersion 7
tcpxo-wb-0:157:741 [0] NCCL INFO NET/FasTrak 2026-08-02T13:31:21.549958057+00:00: DXS listen socket ready for flow ID 0, port 25
tcpxo-wb-0:157:741 [0] NCCL INFO NET/FasTrak 2026-08-02T13:31:21.549963257+00:00: DXS listen socket ready for flow ID 1, port 26
tcpxo-wb-0:157:741 [0] NCCL INFO NET/FasTrak 2026-08-02T13:31:21.549965117+00:00: DXS listening on 192.169.0.3 (eth1) for GPU 0000:04:00.0, ctrl listening on 10.20.2.32<51237>
tcpxo-wb-0:157:157 [0] NCCL INFO Channel 15/0 : 8[0] -> 0[0] [receive] via NET/FasTrak/0/GDRDMA
tcpxo-wb-0:157:157 [0] NCCL INFO GPU Direct RDMA Enabled for GPU 0 / HCA 0 (distance 4 <= 4), read 1 mode Default
tcpxo-wb-0:157:741 [0] NCCL INFO New proxy send connection 81 from local rank 0, transport 2
tcpxo-wb-0:157:157 [0] NCCL INFO Connected to proxy localRank 0 -> connection 0x78af6c007568
tcpxo-wb-0:157:741 [0] NCCL INFO NET/FasTrak 2026-08-02T13:31:21.550029694+00:00: props: netDeviceType 0, netDeviceVersion 7
tcpxo-wb-0:157:157 [0] NCCL INFO Channel 01/0 : 0[0] -> 8[0] [send] via NET/FasTrak/0/GDRDMA
tcpxo-wb-0:157:157 [0] NCCL INFO GPU Direct RDMA Enabled for GPU 0 / HCA 0 (distance 4 <= 4), read 1 mode Default
tcpxo-wb-0:157:741 [0] NCCL INFO New proxy send connection 82 from local rank 0, transport 2
tcpxo-wb-0:157:157 [0] NCCL INFO Connected to proxy localRank 0 -> connection 0x78af6c0075e0
tcpxo-wb-0:157:741 [0] NCCL INFO NET/FasTrak 2026-08-02T13:31:21.550089398+00:00: props: netDeviceType 0, netDeviceVersion 7
tcpxo-wb-0:157:157 [0] NCCL INFO Channel 02/0 : 0[0] -> 8[0] [send] via NET/FasTrak/0/GDRDMA
tcpxo-wb-0:157:157 [0] NCCL INFO GPU Direct RDMA Enabled for GPU 0 / HCA 0 (distance 4 <= 4), read 1 mode Default
tcpxo-wb-0:157:741 [0] NCCL INFO New proxy send connection 83 from local rank 0, transport 2
tcpxo-wb-0:157:157 [0] NCCL INFO Connected to proxy localRank 0 -> connection 0x78af6c007658
tcpxo-wb-0:157:741 [0] NCCL INFO NET/FasTrak 2026-08-02T13:31:21.55015977+00:00: props: netDeviceType 0, netDeviceVersion 7
tcpxo-wb-0:157:157 [0] NCCL INFO Channel 03/0 : 0[0] -> 8[0] [send] via NET/FasTrak/0/GDRDMA
tcpxo-wb-0:157:157 [0] NCCL INFO GPU Direct RDMA Enabled for GPU 0 / HCA 0 (distance 4 <= 4), read 1 mode Default
tcpxo-wb-0:157:741 [0] NCCL INFO New proxy send connection 84 from local rank 0, transport 2
tcpxo-wb-0:157:157 [0] NCCL INFO Connected to proxy localRank 0 -> connection 0x78af6c0076d0
tcpxo-wb-0:157:741 [0] NCCL INFO NET/FasTrak 2026-08-02T13:31:21.550218807+00:00: props: netDeviceType 0, netDeviceVersion 7
tcpxo-wb-0:157:157 [0] NCCL INFO Channel 04/0 : 0[0] -> 8[0] [send] via NET/FasTrak/0/GDRDMA
tcpxo-wb-0:157:157 [0] NCCL INFO GPU Direct RDMA Enabled for GPU 0 / HCA 0 (distance 4 <= 4), read 1 mode Default
tcpxo-wb-0:157:741 [0] NCCL INFO New proxy send connection 85 from local rank 0, transport 2
tcpxo-wb-0:157:157 [0] NCCL INFO Connected to proxy localRank 0 -> connection 0x78af6c007748
tcpxo-wb-0:157:741 [0] NCCL INFO NET/FasTrak 2026-08-02T13:31:21.550285107+00:00: props: netDeviceType 0, netDeviceVersion 7
tcpxo-wb-0:157:157 [0] NCCL INFO Channel 05/0 : 0[0] -> 8[0] [send] via NET/FasTrak/0/GDRDMA
tcpxo-wb-0:157:157 [0] NCCL INFO GPU Direct RDMA Enabled for GPU 0 / HCA 0 (distance 4 <= 4), read 1 mode Default
tcpxo-wb-0:157:741 [0] NCCL INFO New proxy send connection 86 from local rank 0, transport 2
tcpxo-wb-0:157:157 [0] NCCL INFO Connected to proxy localRank 0 -> connection 0x78af6c0077c0
tcpxo-wb-0:157:741 [0] NCCL INFO NET/FasTrak 2026-08-02T13:31:21.550346198+00:00: props: netDeviceType 0, netDeviceVersion 7
tcpxo-wb-0:157:157 [0] NCCL INFO Channel 06/0 : 0[0] -> 8[0] [send] via NET/FasTrak/0/GDRDMA
tcpxo-wb-0:157:157 [0] NCCL INFO GPU Direct RDMA Enabled for GPU 0 / HCA 0 (distance 4 <= 4), read 1 mode Default
tcpxo-wb-0:157:741 [0] NCCL INFO New proxy send connection 87 from local rank 0, transport 2
tcpxo-wb-0:157:157 [0] NCCL INFO Connected to proxy localRank 0 -> connection 0x78af6c007838
tcpxo-wb-0:157:741 [0] NCCL INFO NET/FasTrak 2026-08-02T13:31:21.550418772+00:00: props: netDeviceType 0, netDeviceVersion 7
tcpxo-wb-0:157:157 [0] NCCL INFO Channel 07/0 : 0[0] -> 8[0] [send] via NET/FasTrak/0/GDRDMA
tcpxo-wb-0:157:157 [0] NCCL INFO GPU Direct RDMA Enabled for GPU 0 / HCA 0 (distance 4 <= 4), read 1 mode Default
tcpxo-wb-0:157:741 [0] NCCL INFO New proxy send connection 88 from local rank 0, transport 2
tcpxo-wb-0:157:157 [0] NCCL INFO Connected to proxy localRank 0 -> connection 0x78af6c0078b0
tcpxo-wb-0:157:741 [0] NCCL INFO NET/FasTrak 2026-08-02T13:31:21.550492042+00:00: props: netDeviceType 0, netDeviceVersion 7
tcpxo-wb-0:157:157 [0] NCCL INFO Channel 09/0 : 0[0] -> 8[0] [send] via NET/FasTrak/0/GDRDMA
tcpxo-wb-0:157:157 [0] NCCL INFO GPU Direct RDMA Enabled for GPU 0 / HCA 0 (distance 4 <= 4), read 1 mode Default
tcpxo-wb-0:157:741 [0] NCCL INFO New proxy send connection 89 from local rank 0, transport 2
tcpxo-wb-0:157:157 [0] NCCL INFO Connected to proxy localRank 0 -> connection 0x78af6c007928
tcpxo-wb-0:157:741 [0] NCCL INFO NET/FasTrak 2026-08-02T13:31:21.550563592+00:00: props: netDeviceType 0, netDeviceVersion 7
tcpxo-wb-0:157:157 [0] NCCL INFO Channel 10/0 : 0[0] -> 8[0] [send] via NET/FasTrak/0/GDRDMA
tcpxo-wb-0:157:157 [0] NCCL INFO GPU Direct RDMA Enabled for GPU 0 / HCA 0 (distance 4 <= 4), read 1 mode Default
tcpxo-wb-0:157:741 [0] NCCL INFO New proxy send connection 90 from local rank 0, transport 2
tcpxo-wb-0:157:157 [0] NCCL INFO Connected to proxy localRank 0 -> connection 0x78af6c0079a0
tcpxo-wb-0:157:741 [0] NCCL INFO NET/FasTrak 2026-08-02T13:31:21.550624637+00:00: props: netDeviceType 0, netDeviceVersion 7
tcpxo-wb-0:157:157 [0] NCCL INFO Channel 11/0 : 0[0] -> 8[0] [send] via NET/FasTrak/0/GDRDMA
tcpxo-wb-0:157:157 [0] NCCL INFO GPU Direct RDMA Enabled for GPU 0 / HCA 0 (distance 4 <= 4), read 1 mode Default
tcpxo-wb-0:157:741 [0] NCCL INFO New proxy send connection 91 from local rank 0, transport 2
tcpxo-wb-0:157:157 [0] NCCL INFO Connected to proxy localRank 0 -> connection 0x78af6c007a18
tcpxo-wb-0:157:741 [0] NCCL INFO NET/FasTrak 2026-08-02T13:31:21.550684305+00:00: props: netDeviceType 0, netDeviceVersion 7
tcpxo-wb-0:157:157 [0] NCCL INFO Channel 12/0 : 0[0] -> 8[0] [send] via NET/FasTrak/0/GDRDMA
tcpxo-wb-0:157:157 [0] NCCL INFO GPU Direct RDMA Enabled for GPU 0 / HCA 0 (distance 4 <= 4), read 1 mode Default
tcpxo-wb-0:157:741 [0] NCCL INFO New proxy send connection 92 from local rank 0, transport 2
tcpxo-wb-0:157:157 [0] NCCL INFO Connected to proxy localRank 0 -> connection 0x78af6c007a90
tcpxo-wb-0:157:741 [0] NCCL INFO NET/FasTrak 2026-08-02T13:31:21.550743917+00:00: props: netDeviceType 0, netDeviceVersion 7
tcpxo-wb-0:157:157 [0] NCCL INFO Channel 13/0 : 0[0] -> 8[0] [send] via NET/FasTrak/0/GDRDMA
tcpxo-wb-0:157:157 [0] NCCL INFO GPU Direct RDMA Enabled for GPU 0 / HCA 0 (distance 4 <= 4), read 1 mode Default
tcpxo-wb-0:157:741 [0] NCCL INFO New proxy send connection 93 from local rank 0, transport 2
tcpxo-wb-0:157:157 [0] NCCL INFO Connected to proxy localRank 0 -> connection 0x78af6c007b08
tcpxo-wb-0:157:741 [0] NCCL INFO NET/FasTrak 2026-08-02T13:31:21.550832382+00:00: props: netDeviceType 0, netDeviceVersion 7
tcpxo-wb-0:157:157 [0] NCCL INFO Channel 14/0 : 0[0] -> 8[0] [send] via NET/FasTrak/0/GDRDMA
tcpxo-wb-0:157:157 [0] NCCL INFO GPU Direct RDMA Enabled for GPU 0 / HCA 0 (distance 4 <= 4), read 1 mode Default
tcpxo-wb-0:157:741 [0] NCCL INFO New proxy send connection 94 from local rank 0, transport 2
tcpxo-wb-0:157:157 [0] NCCL INFO Connected to proxy localRank 0 -> connection 0x78af6c007b80
tcpxo-wb-0:157:741 [0] NCCL INFO NET/FasTrak 2026-08-02T13:31:21.550892108+00:00: props: netDeviceType 0, netDeviceVersion 7
tcpxo-wb-0:157:157 [0] NCCL INFO Channel 15/0 : 0[0] -> 8[0] [send] via NET/FasTrak/0/GDRDMA
tcpxo-wb-0:157:741 [0] NCCL INFO NET/FasTrak 2026-08-02T13:31:21.552178498+00:00: DXS flow ID 0 connecting to 192.169.0.4:19 comm_trace_id:0x39900005 comm_idx:0x5 on net_dev:0
tcpxo-wb-0:157:741 [0] NCCL INFO NET/FasTrak 2026-08-02T13:31:21.552208818+00:00: DXS flow ID 1 connecting to 192.169.0.4:20 comm_trace_id:0x39900005 comm_idx:0x5 on net_dev:0
tcpxo-wb-0:157:741 [0] NCCL INFO NET/FasTrak 2026-08-02T13:31:21.552245694+00:00: Async accepting for comm:0x78af6c085270 comm_idx:0x6.
tcpxo-wb-0:157:741 [0] NCCL INFO NET/FasTrak 2026-08-02T13:31:21.552265164+00:00: DXS flow ID 0 connecting to 192.169.0.4:5 comm_trace_id:0x69000007 comm_idx:0x7 on net_dev:0
tcpxo-wb-0:157:741 [0] NCCL INFO NET/FasTrak 2026-08-02T13:31:21.552273232+00:00: DXS flow ID 1 connecting to 192.169.0.4:6 comm_trace_id:0x69000007 comm_idx:0x7 on net_dev:0
tcpxo-wb-0:157:741 [0] NCCL INFO NET/FasTrak 2026-08-02T13:31:21.552288517+00:00: Async accepting for comm:0x78af6c088730 comm_idx:0x8.
tcpxo-wb-0:157:741 [0] NCCL INFO NET/FasTrak 2026-08-02T13:31:21.552303224+00:00: DXS flow ID 0 connecting to 192.169.0.4:26 comm_trace_id:0x9ec00009 comm_idx:0x9 on net_dev:0
tcpxo-wb-0:157:741 [0] NCCL INFO NET/FasTrak 2026-08-02T13:31:21.552310941+00:00: DXS flow ID 1 connecting to 192.169.0.4:25 comm_trace_id:0x9ec00009 comm_idx:0x9 on net_dev:0
tcpxo-wb-0:157:741 [0] NCCL INFO NET/FasTrak 2026-08-02T13:31:21.552324644+00:00: Async accepting for comm:0x78af6c08bbf0 comm_idx:0xa.
tcpxo-wb-0:157:741 [0] NCCL INFO NET/FasTrak 2026-08-02T13:31:21.552339341+00:00: DXS flow ID 0 connecting to 192.169.0.4:28 comm_trace_id:0xd380000b comm_idx:0xb on net_dev:0
tcpxo-wb-0:157:741 [0] NCCL INFO NET/FasTrak 2026-08-02T13:31:21.552347605+00:00: DXS flow ID 1 connecting to 192.169.0.4:27 comm_trace_id:0xd380000b comm_idx:0xb on net_dev:0
tcpxo-wb-0:157:741 [0] NCCL INFO NET/FasTrak 2026-08-02T13:31:21.552362857+00:00: Async accepting for comm:0x78af6c08f310 comm_idx:0xc.
tcpxo-wb-0:157:741 [0] NCCL INFO NET/FasTrak 2026-08-02T13:31:21.55238643+00:00: DXS flow ID 0 connecting to 192.169.0.4:1 comm_trace_id:0xad0000d comm_idx:0xd on net_dev:0
tcpxo-wb-0:157:741 [0] NCCL INFO NET/FasTrak 2026-08-02T13:31:21.552396857+00:00: DXS flow ID 1 connecting to 192.169.0.4:2 comm_trace_id:0xad0000d comm_idx:0xd on net_dev:0
tcpxo-wb-0:157:741 [0] NCCL INFO NET/FasTrak 2026-08-02T13:31:21.552411719+00:00: Async accepting for comm:0x78af6c0929f0 comm_idx:0xe.
tcpxo-wb-0:157:741 [0] NCCL INFO NET/FasTrak 2026-08-02T13:31:21.552425124+00:00: DXS flow ID 0 connecting to 192.169.0.4:3 comm_trace_id:0x44b0000f comm_idx:0xf on net_dev:0
tcpxo-wb-0:157:741 [0] NCCL INFO NET/FasTrak 2026-08-02T13:31:21.552433642+00:00: DXS flow ID 1 connecting to 192.169.0.4:4 comm_trace_id:0x44b0000f comm_idx:0xf on net_dev:0
tcpxo-wb-0:157:741 [0] NCCL INFO NET/FasTrak 2026-08-02T13:31:21.55245101+00:00: Async accepting for comm:0x78af6c095f40 comm_idx:0x10.
tcpxo-wb-0:157:741 [0] NCCL INFO NET/FasTrak 2026-08-02T13:31:21.552466512+00:00: DXS flow ID 0 connecting to 192.169.0.4:8 comm_trace_id:0x76d00011 comm_idx:0x11 on net_dev:0
tcpxo-wb-0:157:741 [0] NCCL INFO NET/FasTrak 2026-08-02T13:31:21.55247405+00:00: DXS flow ID 1 connecting to 192.169.0.4:7 comm_trace_id:0x76d00011 comm_idx:0x11 on net_dev:0
tcpxo-wb-0:157:741 [0] NCCL INFO NET/FasTrak 2026-08-02T13:31:21.552502029+00:00: Async accepting for comm:0x78af6c0995f0 comm_idx:0x12.
tcpxo-wb-0:157:741 [0] NCCL INFO NET/FasTrak 2026-08-02T13:31:21.552514214+00:00: DXS flow ID 0 connecting to 192.169.0.4:10 comm_trace_id:0xadb00013 comm_idx:0x13 on net_dev:0
tcpxo-wb-0:157:741 [0] NCCL INFO NET/FasTrak 2026-08-02T13:31:21.552518045+00:00: DXS flow ID 1 connecting to 192.169.0.4:9 comm_trace_id:0xadb00013 comm_idx:0x13 on net_dev:0
tcpxo-wb-0:157:741 [0] NCCL INFO NET/FasTrak 2026-08-02T13:31:21.552537919+00:00: Async accepting for comm:0x78af6c09cb10 comm_idx:0x14.
tcpxo-wb-0:157:741 [0] NCCL INFO NET/FasTrak 2026-08-02T13:31:21.552553099+00:00: DXS flow ID 0 connecting to 192.169.0.4:12 comm_trace_id:0xe2d00015 comm_idx:0x15 on net_dev:0
tcpxo-wb-0:157:741 [0] NCCL INFO NET/FasTrak 2026-08-02T13:31:21.552561689+00:00: DXS flow ID 1 connecting to 192.169.0.4:11 comm_trace_id:0xe2d00015 comm_idx:0x15 on net_dev:0
tcpxo-wb-0:157:741 [0] NCCL INFO NET/FasTrak 2026-08-02T13:31:21.552580139+00:00: Async accepting for comm:0x78af6c0a0090 comm_idx:0x16.
tcpxo-wb-0:157:741 [0] NCCL INFO NET/FasTrak 2026-08-02T13:31:21.552598368+00:00: DXS flow ID 0 connecting to 192.169.0.4:14 comm_trace_id:0x18200017 comm_idx:0x17 on net_dev:0
tcpxo-wb-0:157:741 [0] NCCL INFO NET/FasTrak 2026-08-02T13:31:21.55260485+00:00: DXS flow ID 1 connecting to 192.169.0.4:13 comm_trace_id:0x18200017 comm_idx:0x17 on net_dev:0
tcpxo-wb-0:157:741 [0] NCCL INFO NET/FasTrak 2026-08-02T13:31:21.552621581+00:00: Async accepting for comm:0x78af6c0a3710 comm_idx:0x18.
tcpxo-wb-0:157:741 [0] NCCL INFO NET/FasTrak 2026-08-02T13:31:21.552639935+00:00: DXS flow ID 0 connecting to 192.169.0.4:16 comm_trace_id:0x4ed00019 comm_idx:0x19 on net_dev:0
tcpxo-wb-0:157:741 [0] NCCL INFO NET/FasTrak 2026-08-02T13:31:21.552644844+00:00: DXS flow ID 1 connecting to 192.169.0.4:15 comm_trace_id:0x4ed00019 comm_idx:0x19 on net_dev:0
tcpxo-wb-0:157:741 [0] NCCL INFO NET/FasTrak 2026-08-02T13:31:21.552661485+00:00: Async accepting for comm:0x78af6c0a7080 comm_idx:0x1a.
tcpxo-wb-0:157:741 [0] NCCL INFO NET/FasTrak 2026-08-02T13:31:21.55268137+00:00: DXS flow ID 0 connecting to 192.169.0.4:22 comm_trace_id:0x8840001b comm_idx:0x1b on net_dev:0
tcpxo-wb-0:157:741 [0] NCCL INFO NET/FasTrak 2026-08-02T13:31:21.552688424+00:00: DXS flow ID 1 connecting to 192.169.0.4:21 comm_trace_id:0x8840001b comm_idx:0x1b on net_dev:0
tcpxo-wb-0:157:741 [0] NCCL INFO NET/FasTrak 2026-08-02T13:31:21.552707498+00:00: Async accepting for comm:0x78af6c0aa1e0 comm_idx:0x1c.
tcpxo-wb-0:157:741 [0] NCCL INFO NET/FasTrak 2026-08-02T13:31:21.552727887+00:00: DXS flow ID 0 connecting to 192.169.0.4:18 comm_trace_id:0xbf40001d comm_idx:0x1d on net_dev:0
tcpxo-wb-0:157:741 [0] NCCL INFO NET/FasTrak 2026-08-02T13:31:21.552734885+00:00: DXS flow ID 1 connecting to 192.169.0.4:17 comm_trace_id:0xbf40001d comm_idx:0x1d on net_dev:0
tcpxo-wb-0:157:741 [0] NCCL INFO NET/FasTrak 2026-08-02T13:31:21.552751904+00:00: Async accepting for comm:0x78af6c0adc80 comm_idx:0x1e.
tcpxo-wb-0:157:741 [0] NCCL INFO NET/FasTrak 2026-08-02T13:31:21.552768754+00:00: DXS flow ID 0 connecting to 192.169.0.4:24 comm_trace_id:0xf440001f comm_idx:0x1f on net_dev:0
tcpxo-wb-0:157:741 [0] NCCL INFO NET/FasTrak 2026-08-02T13:31:21.552774061+00:00: DXS flow ID 1 connecting to 192.169.0.4:23 comm_trace_id:0xf440001f comm_idx:0x1f on net_dev:0
tcpxo-wb-0:157:741 [0] NCCL INFO NET/FasTrak 2026-08-02T13:31:21.552793225+00:00: Async accepting for comm:0x78af6c0b11a0 comm_idx:0x20.
tcpxo-wb-0:157:741 [0] NCCL INFO NET/FasTrak 2026-08-02T13:31:21.565992598+00:00: All DXS flows connected to 192.169.0.4 comm:0x78af6c08d380 comm_trace_id:0xd380000b comm_idx:0xb on net_dev:0 (Local IP: 192.169.0.3)
tcpxo-wb-0:157:741 [0] NCCL INFO NET/FasTrak 2026-08-02T13:31:21.566016217+00:00: Allocate send dev handle, comm 0x78af6c08d380
tcpxo-wb-0:157:741 [0] NCCL INFO NET/FasTrak 2026-08-02T13:31:21.566020117+00:00: Comm 0x78af6c08d380, createSendDevComm 0x78af77ffb4d8
tcpxo-wb-0:157:741 [0] NCCL INFO NET/FasTrak 2026-08-02T13:31:21.56636192+00:00: Registering host memory for 0x78af6c08d380 data:0x31d7e82000 size:524288
tcpxo-wb-0:157:741 [0] NCCL INFO NET/FasTrak 2026-08-02T13:31:21.568185805+00:00: RegMr[netdev=0] CUDA memory for comm 0x78af6c08d380 with handle:8653318625366214100 for data:0x78af9a000000 size:4915200
tcpxo-wb-0:157:741 [0] NCCL INFO NET/FasTrak 2026-08-02T13:31:21.569248842+00:00: RegMr[netdev=0] CUDA memory for comm 0x78af6c08d380 with handle:8653318625366214931 for data:0x78af9a4b0000 size:8388608
tcpxo-wb-0:157:741 [0] NCCL INFO NET/FasTrak 2026-08-02T13:31:21.56927968+00:00: All DXS flows connected to 192.169.0.4 comm:0x78af6c090ad0 comm_trace_id:0xad0000d comm_idx:0xd on net_dev:0 (Local IP: 192.169.0.3)
tcpxo-wb-0:157:741 [0] NCCL INFO NET/FasTrak 2026-08-02T13:31:21.569283462+00:00: Allocate send dev handle, comm 0x78af6c090ad0
tcpxo-wb-0:157:741 [0] NCCL INFO NET/FasTrak 2026-08-02T13:31:21.569286115+00:00: Comm 0x78af6c090ad0, createSendDevComm 0x78af77ffb4d8
tcpxo-wb-0:157:741 [0] NCCL INFO NET/FasTrak 2026-08-02T13:31:21.569613085+00:00: Registering host memory for 0x78af6c090ad0 data:0x31d7f04000 size:524288
tcpxo-wb-0:157:741 [0] NCCL INFO NET/FasTrak 2026-08-02T13:31:21.571391683+00:00: RegMr[netdev=0] CUDA memory for comm 0x78af6c090ad0 with handle:8653318625366215762 for data:0x78af9ae00000 size:4915200
tcpxo-wb-0:157:741 [0] NCCL INFO NET/FasTrak 2026-08-02T13:31:21.572468947+00:00: RegMr[netdev=0] CUDA memory for comm 0x78af6c090ad0 with handle:8653318625366216593 for data:0x78af9b2b0000 size:8388608
tcpxo-wb-0:157:741 [0] NCCL INFO NET/FasTrak 2026-08-02T13:31:21.572505273+00:00: All DXS flows connected to 192.169.0.4 comm:0x78af6c0944b0 comm_trace_id:0x44b0000f comm_idx:0xf on net_dev:0 (Local IP: 192.169.0.3)
tcpxo-wb-0:157:741 [0] NCCL INFO NET/FasTrak 2026-08-02T13:31:21.57250872+00:00: Allocate send dev handle, comm 0x78af6c0944b0
tcpxo-wb-0:157:741 [0] NCCL INFO NET/FasTrak 2026-08-02T13:31:21.572511031+00:00: Comm 0x78af6c0944b0, createSendDevComm 0x78af77ffb4d8
tcpxo-wb-0:157:741 [0] NCCL INFO NET/FasTrak 2026-08-02T13:31:21.573918505+00:00: Registering host memory for 0x78af6c0944b0 data:0x78af57a00000 size:524288
tcpxo-wb-0:157:741 [0] NCCL INFO NET/FasTrak 2026-08-02T13:31:21.574647397+00:00: RegMr[netdev=0] CUDA memory for comm 0x78af6c0944b0 with handle:8653318625366213328 for data:0x78af9bc00000 size:4915200
tcpxo-wb-0:157:741 [0] NCCL INFO NET/FasTrak 2026-08-02T13:31:21.575723342+00:00: RegMr[netdev=0] CUDA memory for comm 0x78af6c0944b0 with handle:8653318625366214159 for data:0x78af9c0b0000 size:8388608
tcpxo-wb-0:157:741 [0] NCCL INFO NET/FasTrak 2026-08-02T13:31:21.575767185+00:00: All DXS flows connected to 192.169.0.4 comm:0x78af6c0976d0 comm_trace_id:0x76d00011 comm_idx:0x11 on net_dev:0 (Local IP: 192.169.0.3)
tcpxo-wb-0:157:741 [0] NCCL INFO NET/FasTrak 2026-08-02T13:31:21.575771154+00:00: Allocate send dev handle, comm 0x78af6c0976d0
tcpxo-wb-0:157:741 [0] NCCL INFO NET/FasTrak 2026-08-02T13:31:21.575773824+00:00: Comm 0x78af6c0976d0, createSendDevComm 0x78af77ffb4d8
tcpxo-wb-0:157:741 [0] NCCL INFO NET/FasTrak 2026-08-02T13:31:21.575983097+00:00: Registering host memory for 0x78af6c0976d0 data:0x78af57a82000 size:524288
tcpxo-wb-0:157:741 [0] NCCL INFO NET/FasTrak 2026-08-02T13:31:21.576801807+00:00: RegMr[netdev=0] CUDA memory for comm 0x78af6c0976d0 with handle:8653318625366214990 for data:0x78af9ca00000 size:4915200
tcpxo-wb-0:157:741 [0] NCCL INFO NET/FasTrak 2026-08-02T13:31:21.57788634+00:00: RegMr[netdev=0] CUDA memory for comm 0x78af6c0976d0 with handle:8653318625366215821 for data:0x78af9ceb0000 size:8388608
tcpxo-wb-0:157:741 [0] NCCL INFO NET/FasTrak 2026-08-02T13:31:21.577921229+00:00: All DXS flows connected to 192.169.0.4 comm:0x78af6c09adb0 comm_trace_id:0xadb00013 comm_idx:0x13 on net_dev:0 (Local IP: 192.169.0.3)
tcpxo-wb-0:157:741 [0] NCCL INFO NET/FasTrak 2026-08-02T13:31:21.577924361+00:00: Allocate send dev handle, comm 0x78af6c09adb0
tcpxo-wb-0:157:741 [0] NCCL INFO NET/FasTrak 2026-08-02T13:31:21.577944719+00:00: Comm 0x78af6c09adb0, createSendDevComm 0x78af77ffb4d8
tcpxo-wb-0:157:741 [0] NCCL INFO NET/FasTrak 2026-08-02T13:31:21.578415601+00:00: Registering host memory for 0x78af6c09adb0 data:0x78af57b04000 size:524288
tcpxo-wb-0:157:741 [0] NCCL INFO NET/FasTrak 2026-08-02T13:31:21.578969981+00:00: RegMr[netdev=0] CUDA memory for comm 0x78af6c09adb0 with handle:8653318625366216652 for data:0x78af9d800000 size:4915200
tcpxo-wb-0:157:741 [0] NCCL INFO NET/FasTrak 2026-08-02T13:31:21.602446408+00:00: RegMr[netdev=0] CUDA memory for comm 0x78af6c09adb0 with handle:8653318625366213387 for data:0x78af9dcb0000 size:8388608
tcpxo-wb-0:157:741 [0] NCCL INFO NET/FasTrak 2026-08-02T13:31:21.602484478+00:00: All DXS flows connected to 192.169.0.4 comm:0x78af6c09e2d0 comm_trace_id:0xe2d00015 comm_idx:0x15 on net_dev:0 (Local IP: 192.169.0.3)
tcpxo-wb-0:157:741 [0] NCCL INFO NET/FasTrak 2026-08-02T13:31:21.602487157+00:00: Allocate send dev handle, comm 0x78af6c09e2d0
tcpxo-wb-0:157:741 [0] NCCL INFO NET/FasTrak 2026-08-02T13:31:21.602489073+00:00: Comm 0x78af6c09e2d0, createSendDevComm 0x78af77ffb4d8
tcpxo-wb-0:157:741 [0] NCCL INFO NET/FasTrak 2026-08-02T13:31:21.603532581+00:00: Registering host memory for 0x78af6c09e2d0 data:0x78af57c00000 size:524288
tcpxo-wb-0:157:741 [0] NCCL INFO NET/FasTrak 2026-08-02T13:31:21.604585765+00:00: RegMr[netdev=0] CUDA memory for comm 0x78af6c09e2d0 with handle:8653318625366214218 for data:0x78af9e600000 size:4915200
tcpxo-wb-0:157:741 [0] NCCL INFO NET/FasTrak 2026-08-02T13:31:21.605666755+00:00: RegMr[netdev=0] CUDA memory for comm 0x78af6c09e2d0 with handle:8653318625366215049 for data:0x78af9eab0000 size:8388608
tcpxo-wb-0:157:741 [0] NCCL INFO NET/FasTrak 2026-08-02T13:31:21.605708305+00:00: All DXS flows connected to 192.169.0.4 comm:0x78af6c0a1820 comm_trace_id:0x18200017 comm_idx:0x17 on net_dev:0 (Local IP: 192.169.0.3)
tcpxo-wb-0:157:741 [0] NCCL INFO NET/FasTrak 2026-08-02T13:31:21.605711238+00:00: Allocate send dev handle, comm 0x78af6c0a1820
tcpxo-wb-0:157:741 [0] NCCL INFO NET/FasTrak 2026-08-02T13:31:21.605713329+00:00: Comm 0x78af6c0a1820, createSendDevComm 0x78af77ffb4d8
tcpxo-wb-0:157:741 [0] NCCL INFO NET/FasTrak 2026-08-02T13:31:21.605887918+00:00: Registering host memory for 0x78af6c0a1820 data:0x78af57c82000 size:524288
tcpxo-wb-0:157:741 [0] NCCL INFO NET/FasTrak 2026-08-02T13:31:21.606746288+00:00: RegMr[netdev=0] CUDA memory for comm 0x78af6c0a1820 with handle:8653318625366215880 for data:0x78af9f400000 size:4915200
tcpxo-wb-0:157:741 [0] NCCL INFO NET/FasTrak 2026-08-02T13:31:21.607822071+00:00: RegMr[netdev=0] CUDA memory for comm 0x78af6c0a1820 with handle:8653318625366212615 for data:0x78af9f8b0000 size:8388608
tcpxo-wb-0:157:741 [0] NCCL INFO NET/FasTrak 2026-08-02T13:31:21.607851721+00:00: All DXS flows connected to 192.169.0.4 comm:0x78af6c0a4ed0 comm_trace_id:0x4ed00019 comm_idx:0x19 on net_dev:0 (Local IP: 192.169.0.3)
tcpxo-wb-0:157:741 [0] NCCL INFO NET/FasTrak 2026-08-02T13:31:21.607854309+00:00: Allocate send dev handle, comm 0x78af6c0a4ed0
tcpxo-wb-0:157:741 [0] NCCL INFO NET/FasTrak 2026-08-02T13:31:21.607856206+00:00: Comm 0x78af6c0a4ed0, createSendDevComm 0x78af77ffb4d8
tcpxo-wb-0:157:741 [0] NCCL INFO NET/FasTrak 2026-08-02T13:31:21.608022159+00:00: Registering host memory for 0x78af6c0a4ed0 data:0x78af57d04000 size:524288
tcpxo-wb-0:157:741 [0] NCCL INFO NET/FasTrak 2026-08-02T13:31:21.608898378+00:00: RegMr[netdev=0] CUDA memory for comm 0x78af6c0a4ed0 with handle:8653318625366213446 for data:0x78afa0200000 size:4915200
tcpxo-wb-0:157:741 [0] NCCL INFO NET/FasTrak 2026-08-02T13:31:21.609978361+00:00: RegMr[netdev=0] CUDA memory for comm 0x78af6c0a4ed0 with handle:8653318625366214277 for data:0x78afa06b0000 size:8388608
tcpxo-wb-0:157:741 [0] NCCL INFO NET/FasTrak 2026-08-02T13:31:21.610005805+00:00: All DXS flows connected to 192.169.0.4 comm:0x78af6c0a8840 comm_trace_id:0x8840001b comm_idx:0x1b on net_dev:0 (Local IP: 192.169.0.3)
tcpxo-wb-0:157:741 [0] NCCL INFO NET/FasTrak 2026-08-02T13:31:21.610008772+00:00: Allocate send dev handle, comm 0x78af6c0a8840
tcpxo-wb-0:157:741 [0] NCCL INFO NET/FasTrak 2026-08-02T13:31:21.610026891+00:00: Comm 0x78af6c0a8840, createSendDevComm 0x78af77ffb4d8
tcpxo-wb-0:157:741 [0] NCCL INFO NET/FasTrak 2026-08-02T13:31:21.611278838+00:00: Registering host memory for 0x78af6c0a8840 data:0x78af57e00000 size:524288
tcpxo-wb-0:157:741 [0] NCCL INFO NET/FasTrak 2026-08-02T13:31:21.612132758+00:00: RegMr[netdev=0] CUDA memory for comm 0x78af6c0a8840 with handle:8653318625366215108 for data:0x78afa1000000 size:4915200
tcpxo-wb-0:157:741 [0] NCCL INFO NET/FasTrak 2026-08-02T13:31:21.613203772+00:00: RegMr[netdev=0] CUDA memory for comm 0x78af6c0a8840 with handle:8653318625366215939 for data:0x78afa14b0000 size:8388608
tcpxo-wb-0:157:741 [0] NCCL INFO NET/FasTrak 2026-08-02T13:31:21.613238906+00:00: All DXS flows connected to 192.169.0.4 comm:0x78af6c0abf40 comm_trace_id:0xbf40001d comm_idx:0x1d on net_dev:0 (Local IP: 192.169.0.3)
tcpxo-wb-0:157:741 [0] NCCL INFO NET/FasTrak 2026-08-02T13:31:21.613241609+00:00: Allocate send dev handle, comm 0x78af6c0abf40
tcpxo-wb-0:157:741 [0] NCCL INFO NET/FasTrak 2026-08-02T13:31:21.613243505+00:00: Comm 0x78af6c0abf40, createSendDevComm 0x78af77ffb4d8
tcpxo-wb-0:157:741 [0] NCCL INFO NET/FasTrak 2026-08-02T13:31:21.613433592+00:00: Registering host memory for 0x78af6c0abf40 data:0x78af57e82000 size:524288
tcpxo-wb-0:157:741 [0] NCCL INFO NET/FasTrak 2026-08-02T13:31:21.614276637+00:00: RegMr[netdev=0] CUDA memory for comm 0x78af6c0abf40 with handle:8653318625366212674 for data:0x78afa1e00000 size:4915200
tcpxo-wb-0:157:741 [0] NCCL INFO NET/FasTrak 2026-08-02T13:31:21.615349998+00:00: RegMr[netdev=0] CUDA memory for comm 0x78af6c0abf40 with handle:8653318625366213505 for data:0x78afa22b0000 size:8388608
tcpxo-wb-0:157:741 [0] NCCL INFO NET/FasTrak 2026-08-02T13:31:21.615395073+00:00: All DXS flows connected to 192.169.0.4 comm:0x78af6c0af440 comm_trace_id:0xf440001f comm_idx:0x1f on net_dev:0 (Local IP: 192.169.0.3)
tcpxo-wb-0:157:741 [0] NCCL INFO NET/FasTrak 2026-08-02T13:31:21.61539891+00:00: Allocate send dev handle, comm 0x78af6c0af440
tcpxo-wb-0:157:741 [0] NCCL INFO NET/FasTrak 2026-08-02T13:31:21.615400958+00:00: Comm 0x78af6c0af440, createSendDevComm 0x78af77ffb4d8
tcpxo-wb-0:157:741 [0] NCCL INFO NET/FasTrak 2026-08-02T13:31:21.615701901+00:00: Registering host memory for 0x78af6c0af440 data:0x78af57f04000 size:524288
tcpxo-wb-0:157:741 [0] NCCL INFO NET/FasTrak 2026-08-02T13:31:21.616432206+00:00: RegMr[netdev=0] CUDA memory for comm 0x78af6c0af440 with handle:8653318625366214336 for data:0x78afa2c00000 size:4915200
tcpxo-wb-0:157:741 [0] NCCL INFO NET/FasTrak 2026-08-02T13:31:21.617509241+00:00: RegMr[netdev=0] CUDA memory for comm 0x78af6c0af440 with handle:8653318625366215167 for data:0x78afa30b0000 size:8388608
tcpxo-wb-0:157:741 [0] NCCL INFO NET/FasTrak 2026-08-02T13:31:21.617544095+00:00: All DXS flows connected to 192.169.0.4 comm:0x78af6c083990 comm_trace_id:0x39900005 comm_idx:0x5 on net_dev:0 (Local IP: 192.169.0.3)
tcpxo-wb-0:157:741 [0] NCCL INFO NET/FasTrak 2026-08-02T13:31:21.617546765+00:00: Allocate send dev handle, comm 0x78af6c083990
tcpxo-wb-0:157:741 [0] NCCL INFO NET/FasTrak 2026-08-02T13:31:21.617548805+00:00: Comm 0x78af6c083990, createSendDevComm 0x78af77ffb4d8
tcpxo-wb-0:157:741 [0] NCCL INFO NET/FasTrak 2026-08-02T13:31:21.618875581+00:00: Registering host memory for 0x78af6c083990 data:0xa1be00000 size:524288
tcpxo-wb-0:157:741 [0] NCCL INFO NET/FasTrak 2026-08-02T13:31:21.619660311+00:00: RegMr[netdev=0] CUDA memory for comm 0x78af6c083990 with handle:8653318625366215998 for data:0x78afa3a00000 size:4915200
tcpxo-wb-0:157:741 [0] NCCL INFO NET/FasTrak 2026-08-02T13:31:21.620739182+00:00: RegMr[netdev=0] CUDA memory for comm 0x78af6c083990 with handle:8653318625366212733 for data:0x78afa3eb0000 size:8388608
tcpxo-wb-0:157:741 [0] NCCL INFO NET/FasTrak 2026-08-02T13:31:21.620777592+00:00: All DXS flows connected to 192.169.0.4 comm:0x78af6c086900 comm_trace_id:0x69000007 comm_idx:0x7 on net_dev:0 (Local IP: 192.169.0.3)
tcpxo-wb-0:157:741 [0] NCCL INFO NET/FasTrak 2026-08-02T13:31:21.620796203+00:00: Allocate send dev handle, comm 0x78af6c086900
tcpxo-wb-0:157:741 [0] NCCL INFO NET/FasTrak 2026-08-02T13:31:21.620798366+00:00: Comm 0x78af6c086900, createSendDevComm 0x78af77ffb4d8
tcpxo-wb-0:157:741 [0] NCCL INFO NET/FasTrak 2026-08-02T13:31:21.620980526+00:00: Registering host memory for 0x78af6c086900 data:0xa1be82000 size:524288
tcpxo-wb-0:157:741 [0] NCCL INFO NET/FasTrak 2026-08-02T13:31:21.621808848+00:00: RegMr[netdev=0] CUDA memory for comm 0x78af6c086900 with handle:8653318625366213564 for data:0x78afa4800000 size:4915200
tcpxo-wb-0:157:741 [0] NCCL INFO NET/FasTrak 2026-08-02T13:31:21.622882823+00:00: RegMr[netdev=0] CUDA memory for comm 0x78af6c086900 with handle:8653318625366214395 for data:0x78afa4cb0000 size:8388608
tcpxo-wb-0:157:741 [0] NCCL INFO NET/FasTrak 2026-08-02T13:31:21.622913411+00:00: All DXS flows connected to 192.169.0.4 comm:0x78af6c089ec0 comm_trace_id:0x9ec00009 comm_idx:0x9 on net_dev:0 (Local IP: 192.169.0.3)
tcpxo-wb-0:157:741 [0] NCCL INFO NET/FasTrak 2026-08-02T13:31:21.622916021+00:00: Allocate send dev handle, comm 0x78af6c089ec0
tcpxo-wb-0:157:741 [0] NCCL INFO NET/FasTrak 2026-08-02T13:31:21.622917947+00:00: Comm 0x78af6c089ec0, createSendDevComm 0x78af77ffb4d8
tcpxo-wb-0:157:741 [0] NCCL INFO NET/FasTrak 2026-08-02T13:31:21.623078231+00:00: Registering host memory for 0x78af6c089ec0 data:0xa1bf04000 size:524288
tcpxo-wb-0:157:741 [0] NCCL INFO NET/FasTrak 2026-08-02T13:31:21.623961666+00:00: RegMr[netdev=0] CUDA memory for comm 0x78af6c089ec0 with handle:8653318625366215226 for data:0x78afa5600000 size:4915200
tcpxo-wb-0:157:741 [0] NCCL INFO NET/FasTrak 2026-08-02T13:31:21.625033369+00:00: RegMr[netdev=0] CUDA memory for comm 0x78af6c089ec0 with handle:8653318625366216057 for data:0x78afa5ab0000 size:8388608
tcpxo-wb-0:157:741 [0] NCCL INFO NET/FasTrak 2026-08-02T13:31:21.626006199+00:00: All DXS flows accepted for comm:0x78af6c0929f0 comm_trace_id:0x0 on gpu_pci:0000:04:00.0 on comm_idx:14.
tcpxo-wb-0:157:741 [0] NCCL INFO NET/FasTrak 2026-08-02T13:31:21.626009964+00:00: Allocate recv dev handle for comm:0x78af6c0929f0 on gpu_pci:0000:04:00.0
tcpxo-wb-0:157:741 [0] NCCL INFO NET/FasTrak 2026-08-02T13:31:21.626012191+00:00: Linearized: comm 0x78af6c0929f0, createRecvDevComm 0x78af77ffb480
tcpxo-wb-0:157:741 [0] NCCL INFO NET/FasTrak 2026-08-02T13:31:21.627179591+00:00: RegMr[netdev=0] CUDA memory for comm 0x78af6c0929f0 with handle:8653318625366212792 for data:0x78afa6400000 size:524288
tcpxo-wb-0:157:741 [0] NCCL INFO NET/FasTrak 2026-08-02T13:31:21.628267913+00:00: RegMr[netdev=0] CUDA memory for comm 0x78af6c0929f0 with handle:8653318625366213623 for data:0x78afa6480000 size:4915200
tcpxo-wb-0:157:741 [0] NCCL INFO NET/FasTrak 2026-08-02T13:31:21.629341953+00:00: RegMr[netdev=0] CUDA memory for comm 0x78af6c0929f0 with handle:8653318625366214454 for data:0x78afa6930000 size:8388608
tcpxo-wb-0:157:741 [0] NCCL INFO NET/FasTrak 2026-08-02T13:31:21.629358662+00:00: All DXS flows accepted for comm:0x78af6c095f40 comm_trace_id:0x0 on gpu_pci:0000:04:00.0 on comm_idx:16.
tcpxo-wb-0:157:741 [0] NCCL INFO NET/FasTrak 2026-08-02T13:31:21.629361584+00:00: Allocate recv dev handle for comm:0x78af6c095f40 on gpu_pci:0000:04:00.0
tcpxo-wb-0:157:741 [0] NCCL INFO NET/FasTrak 2026-08-02T13:31:21.62936374+00:00: Linearized: comm 0x78af6c095f40, createRecvDevComm 0x78af77ffb480
tcpxo-wb-0:157:741 [0] NCCL INFO NET/FasTrak 2026-08-02T13:31:21.630421137+00:00: RegMr[netdev=0] CUDA memory for comm 0x78af6c095f40 with handle:8653318625366215285 for data:0x31d8000000 size:524288
tcpxo-wb-0:157:741 [0] NCCL INFO NET/FasTrak 2026-08-02T13:31:21.631503295+00:00: RegMr[netdev=0] CUDA memory for comm 0x78af6c095f40 with handle:8653318625366216116 for data:0x31d8080000 size:4915200
tcpxo-wb-0:157:741 [0] NCCL INFO NET/FasTrak 2026-08-02T13:31:21.632580115+00:00: RegMr[netdev=0] CUDA memory for comm 0x78af6c095f40 with handle:8653318625366212851 for data:0x31d8530000 size:8388608
tcpxo-wb-0:157:741 [0] NCCL INFO NET/FasTrak 2026-08-02T13:31:21.632600317+00:00: All DXS flows accepted for comm:0x78af6c0995f0 comm_trace_id:0x0 on gpu_pci:0000:04:00.0 on comm_idx:18.
tcpxo-wb-0:157:741 [0] NCCL INFO NET/FasTrak 2026-08-02T13:31:21.63261977+00:00: Allocate recv dev handle for comm:0x78af6c0995f0 on gpu_pci:0000:04:00.0
tcpxo-wb-0:157:741 [0] NCCL INFO NET/FasTrak 2026-08-02T13:31:21.632622275+00:00: Linearized: comm 0x78af6c0995f0, createRecvDevComm 0x78af77ffb480
tcpxo-wb-0:157:741 [0] NCCL INFO NET/FasTrak 2026-08-02T13:31:21.63365977+00:00: RegMr[netdev=0] CUDA memory for comm 0x78af6c0995f0 with handle:8653318625366213682 for data:0x31d8e00000 size:524288
tcpxo-wb-0:157:741 [0] NCCL INFO NET/FasTrak 2026-08-02T13:31:21.634731444+00:00: RegMr[netdev=0] CUDA memory for comm 0x78af6c0995f0 with handle:8653318625366214513 for data:0x31d8e80000 size:4915200
tcpxo-wb-0:157:741 [0] NCCL INFO NET/FasTrak 2026-08-02T13:31:21.635807844+00:00: RegMr[netdev=0] CUDA memory for comm 0x78af6c0995f0 with handle:8653318625366215344 for data:0x31d9330000 size:8388608
tcpxo-wb-0:157:741 [0] NCCL INFO NET/FasTrak 2026-08-02T13:31:21.63582468+00:00: All DXS flows accepted for comm:0x78af6c09cb10 comm_trace_id:0x0 on gpu_pci:0000:04:00.0 on comm_idx:20.
tcpxo-wb-0:157:741 [0] NCCL INFO NET/FasTrak 2026-08-02T13:31:21.635827602+00:00: Allocate recv dev handle for comm:0x78af6c09cb10 on gpu_pci:0000:04:00.0
tcpxo-wb-0:157:741 [0] NCCL INFO NET/FasTrak 2026-08-02T13:31:21.635829852+00:00: Linearized: comm 0x78af6c09cb10, createRecvDevComm 0x78af77ffb480
tcpxo-wb-0:157:741 [0] NCCL INFO NET/FasTrak 2026-08-02T13:31:21.636886418+00:00: RegMr[netdev=0] CUDA memory for comm 0x78af6c09cb10 with handle:8653318625366216175 for data:0x31da000000 size:524288
tcpxo-wb-0:157:741 [0] NCCL INFO NET/FasTrak 2026-08-02T13:31:21.637963699+00:00: RegMr[netdev=0] CUDA memory for comm 0x78af6c09cb10 with handle:8653318625366212910 for data:0x31da080000 size:4915200
tcpxo-wb-0:157:741 [0] NCCL INFO NET/FasTrak 2026-08-02T13:31:21.639039669+00:00: RegMr[netdev=0] CUDA memory for comm 0x78af6c09cb10 with handle:8653318625366213741 for data:0x31da530000 size:8388608
tcpxo-wb-0:157:741 [0] NCCL INFO NET/FasTrak 2026-08-02T13:31:21.639057478+00:00: All DXS flows accepted for comm:0x78af6c0a0090 comm_trace_id:0x0 on gpu_pci:0000:04:00.0 on comm_idx:22.
tcpxo-wb-0:157:741 [0] NCCL INFO NET/FasTrak 2026-08-02T13:31:21.639060486+00:00: Allocate recv dev handle for comm:0x78af6c0a0090 on gpu_pci:0000:04:00.0
tcpxo-wb-0:157:741 [0] NCCL INFO NET/FasTrak 2026-08-02T13:31:21.639062706+00:00: Linearized: comm 0x78af6c0a0090, createRecvDevComm 0x78af77ffb480
tcpxo-wb-0:157:741 [0] NCCL INFO NET/FasTrak 2026-08-02T13:31:21.640116155+00:00: RegMr[netdev=0] CUDA memory for comm 0x78af6c0a0090 with handle:8653318625366214572 for data:0x31dae00000 size:524288
tcpxo-wb-0:157:741 [0] NCCL INFO NET/FasTrak 2026-08-02T13:31:21.659330577+00:00: RegMr[netdev=0] CUDA memory for comm 0x78af6c0a0090 with handle:8653318625366215403 for data:0x31dae80000 size:4915200
tcpxo-wb-0:157:741 [0] NCCL INFO NET/FasTrak 2026-08-02T13:31:21.66041487+00:00: RegMr[netdev=0] CUDA memory for comm 0x78af6c0a0090 with handle:8653318625366216234 for data:0x31db330000 size:8388608
tcpxo-wb-0:157:741 [0] NCCL INFO NET/FasTrak 2026-08-02T13:31:21.660430569+00:00: All DXS flows accepted for comm:0x78af6c0a3710 comm_trace_id:0x0 on gpu_pci:0000:04:00.0 on comm_idx:24.
tcpxo-wb-0:157:741 [0] NCCL INFO NET/FasTrak 2026-08-02T13:31:21.660433318+00:00: Allocate recv dev handle for comm:0x78af6c0a3710 on gpu_pci:0000:04:00.0
tcpxo-wb-0:157:741 [0] NCCL INFO NET/FasTrak 2026-08-02T13:31:21.660435606+00:00: Linearized: comm 0x78af6c0a3710, createRecvDevComm 0x78af77ffb480
tcpxo-wb-0:157:741 [0] NCCL INFO NET/FasTrak 2026-08-02T13:31:21.661494705+00:00: RegMr[netdev=0] CUDA memory for comm 0x78af6c0a3710 with handle:8653318625366212969 for data:0x31dc000000 size:524288
tcpxo-wb-0:157:741 [0] NCCL INFO NET/FasTrak 2026-08-02T13:31:21.6625668+00:00: RegMr[netdev=0] CUDA memory for comm 0x78af6c0a3710 with handle:8653318625366213800 for data:0x31dc080000 size:4915200
tcpxo-wb-0:157:741 [0] NCCL INFO NET/FasTrak 2026-08-02T13:31:21.663643489+00:00: RegMr[netdev=0] CUDA memory for comm 0x78af6c0a3710 with handle:8653318625366214631 for data:0x31dc530000 size:8388608
tcpxo-wb-0:157:741 [0] NCCL INFO NET/FasTrak 2026-08-02T13:31:21.6636594+00:00: All DXS flows accepted for comm:0x78af6c0a7080 comm_trace_id:0x0 on gpu_pci:0000:04:00.0 on comm_idx:26.
tcpxo-wb-0:157:741 [0] NCCL INFO NET/FasTrak 2026-08-02T13:31:21.663662183+00:00: Allocate recv dev handle for comm:0x78af6c0a7080 on gpu_pci:0000:04:00.0
tcpxo-wb-0:157:741 [0] NCCL INFO NET/FasTrak 2026-08-02T13:31:21.663664302+00:00: Linearized: comm 0x78af6c0a7080, createRecvDevComm 0x78af77ffb480
tcpxo-wb-0:157:741 [0] NCCL INFO NET/FasTrak 2026-08-02T13:31:21.664721516+00:00: RegMr[netdev=0] CUDA memory for comm 0x78af6c0a7080 with handle:8653318625366215462 for data:0x31dce00000 size:524288
tcpxo-wb-0:157:741 [0] NCCL INFO NET/FasTrak 2026-08-02T13:31:21.665794887+00:00: RegMr[netdev=0] CUDA memory for comm 0x78af6c0a7080 with handle:8653318625366216293 for data:0x31dce80000 size:4915200
tcpxo-wb-0:157:741 [0] NCCL INFO NET/FasTrak 2026-08-02T13:31:21.666868326+00:00: RegMr[netdev=0] CUDA memory for comm 0x78af6c0a7080 with handle:8653318625366213028 for data:0x31dd330000 size:8388608
tcpxo-wb-0:157:741 [0] NCCL INFO NET/FasTrak 2026-08-02T13:31:21.666882419+00:00: All DXS flows accepted for comm:0x78af6c0aa1e0 comm_trace_id:0x0 on gpu_pci:0000:04:00.0 on comm_idx:28.
tcpxo-wb-0:157:741 [0] NCCL INFO NET/FasTrak 2026-08-02T13:31:21.666884903+00:00: Allocate recv dev handle for comm:0x78af6c0aa1e0 on gpu_pci:0000:04:00.0
tcpxo-wb-0:157:741 [0] NCCL INFO NET/FasTrak 2026-08-02T13:31:21.666886732+00:00: Linearized: comm 0x78af6c0aa1e0, createRecvDevComm 0x78af77ffb480
tcpxo-wb-0:157:741 [0] NCCL INFO NET/FasTrak 2026-08-02T13:31:21.667946245+00:00: RegMr[netdev=0] CUDA memory for comm 0x78af6c0aa1e0 with handle:8653318625366213859 for data:0x31de000000 size:524288
tcpxo-wb-0:157:741 [0] NCCL INFO NET/FasTrak 2026-08-02T13:31:21.669020655+00:00: RegMr[netdev=0] CUDA memory for comm 0x78af6c0aa1e0 with handle:8653318625366214690 for data:0x31de080000 size:4915200
tcpxo-wb-0:157:741 [0] NCCL INFO NET/FasTrak 2026-08-02T13:31:21.67009751+00:00: RegMr[netdev=0] CUDA memory for comm 0x78af6c0aa1e0 with handle:8653318625366215521 for data:0x31de530000 size:8388608
tcpxo-wb-0:157:741 [0] NCCL INFO NET/FasTrak 2026-08-02T13:31:21.670114979+00:00: All DXS flows accepted for comm:0x78af6c0adc80 comm_trace_id:0x0 on gpu_pci:0000:04:00.0 on comm_idx:30.
tcpxo-wb-0:157:741 [0] NCCL INFO NET/FasTrak 2026-08-02T13:31:21.670118009+00:00: Allocate recv dev handle for comm:0x78af6c0adc80 on gpu_pci:0000:04:00.0
tcpxo-wb-0:157:741 [0] NCCL INFO NET/FasTrak 2026-08-02T13:31:21.670119882+00:00: Linearized: comm 0x78af6c0adc80, createRecvDevComm 0x78af77ffb480
tcpxo-wb-0:157:741 [0] NCCL INFO NET/FasTrak 2026-08-02T13:31:21.671176559+00:00: RegMr[netdev=0] CUDA memory for comm 0x78af6c0adc80 with handle:8653318625366216352 for data:0x31dee00000 size:524288
tcpxo-wb-0:157:741 [0] NCCL INFO NET/FasTrak 2026-08-02T13:31:21.672252716+00:00: RegMr[netdev=0] CUDA memory for comm 0x78af6c0adc80 with handle:8653318625366213087 for data:0x31dee80000 size:4915200
tcpxo-wb-0:157:741 [0] NCCL INFO NET/FasTrak 2026-08-02T13:31:21.673330346+00:00: RegMr[netdev=0] CUDA memory for comm 0x78af6c0adc80 with handle:8653318625366213918 for data:0x31df330000 size:8388608
tcpxo-wb-0:157:741 [0] NCCL INFO NET/FasTrak 2026-08-02T13:31:21.673349531+00:00: All DXS flows accepted for comm:0x78af6c0b11a0 comm_trace_id:0x0 on gpu_pci:0000:04:00.0 on comm_idx:32.
tcpxo-wb-0:157:741 [0] NCCL INFO NET/FasTrak 2026-08-02T13:31:21.673352338+00:00: Allocate recv dev handle for comm:0x78af6c0b11a0 on gpu_pci:0000:04:00.0
tcpxo-wb-0:157:741 [0] NCCL INFO NET/FasTrak 2026-08-02T13:31:21.673354262+00:00: Linearized: comm 0x78af6c0b11a0, createRecvDevComm 0x78af77ffb480
tcpxo-wb-0:157:741 [0] NCCL INFO NET/FasTrak 2026-08-02T13:31:21.674405844+00:00: RegMr[netdev=0] CUDA memory for comm 0x78af6c0b11a0 with handle:8653318625366214749 for data:0x3200000000 size:524288
tcpxo-wb-0:157:741 [0] NCCL INFO NET/FasTrak 2026-08-02T13:31:21.675485415+00:00: RegMr[netdev=0] CUDA memory for comm 0x78af6c0b11a0 with handle:8653318625366215580 for data:0x3200080000 size:4915200
tcpxo-wb-0:157:741 [0] NCCL INFO NET/FasTrak 2026-08-02T13:31:21.676562062+00:00: RegMr[netdev=0] CUDA memory for comm 0x78af6c0b11a0 with handle:8653318625366216411 for data:0x3200530000 size:8388608
tcpxo-wb-0:157:741 [0] NCCL INFO NET/FasTrak 2026-08-02T13:31:21.676583409+00:00: All DXS flows accepted for comm:0x78af6c085270 comm_trace_id:0x0 on gpu_pci:0000:04:00.0 on comm_idx:6.
tcpxo-wb-0:157:741 [0] NCCL INFO NET/FasTrak 2026-08-02T13:31:21.676586276+00:00: Allocate recv dev handle for comm:0x78af6c085270 on gpu_pci:0000:04:00.0
tcpxo-wb-0:157:741 [0] NCCL INFO NET/FasTrak 2026-08-02T13:31:21.676588129+00:00: Linearized: comm 0x78af6c085270, createRecvDevComm 0x78af77ffb480
tcpxo-wb-0:157:741 [0] NCCL INFO NET/FasTrak 2026-08-02T13:31:21.677650674+00:00: RegMr[netdev=0] CUDA memory for comm 0x78af6c085270 with handle:8653318625366213146 for data:0x3200e00000 size:524288
tcpxo-wb-0:157:741 [0] NCCL INFO NET/FasTrak 2026-08-02T13:31:21.678726696+00:00: RegMr[netdev=0] CUDA memory for comm 0x78af6c085270 with handle:8653318625366213977 for data:0x3200e80000 size:4915200
tcpxo-wb-0:157:741 [0] NCCL INFO NET/FasTrak 2026-08-02T13:31:21.679803907+00:00: RegMr[netdev=0] CUDA memory for comm 0x78af6c085270 with handle:8653318625366214808 for data:0x3201330000 size:8388608
tcpxo-wb-0:157:741 [0] NCCL INFO NET/FasTrak 2026-08-02T13:31:21.679825198+00:00: All DXS flows accepted for comm:0x78af6c088730 comm_trace_id:0x0 on gpu_pci:0000:04:00.0 on comm_idx:8.
tcpxo-wb-0:157:741 [0] NCCL INFO NET/FasTrak 2026-08-02T13:31:21.679828197+00:00: Allocate recv dev handle for comm:0x78af6c088730 on gpu_pci:0000:04:00.0
tcpxo-wb-0:157:741 [0] NCCL INFO NET/FasTrak 2026-08-02T13:31:21.679830392+00:00: Linearized: comm 0x78af6c088730, createRecvDevComm 0x78af77ffb480
tcpxo-wb-0:157:741 [0] NCCL INFO NET/FasTrak 2026-08-02T13:31:21.680883143+00:00: RegMr[netdev=0] CUDA memory for comm 0x78af6c088730 with handle:8653318625366215639 for data:0x3202000000 size:524288
tcpxo-wb-0:157:741 [0] NCCL INFO NET/FasTrak 2026-08-02T13:31:21.681964675+00:00: RegMr[netdev=0] CUDA memory for comm 0x78af6c088730 with handle:8653318625366216470 for data:0x3202080000 size:4915200
tcpxo-wb-0:157:741 [0] NCCL INFO NET/FasTrak 2026-08-02T13:31:21.683051388+00:00: RegMr[netdev=0] CUDA memory for comm 0x78af6c088730 with handle:8653318625366213205 for data:0x3202530000 size:8388608
tcpxo-wb-0:157:741 [0] NCCL INFO NET/FasTrak 2026-08-02T13:31:21.683068734+00:00: All DXS flows accepted for comm:0x78af6c08bbf0 comm_trace_id:0x0 on gpu_pci:0000:04:00.0 on comm_idx:10.
tcpxo-wb-0:157:741 [0] NCCL INFO NET/FasTrak 2026-08-02T13:31:21.683071664+00:00: Allocate recv dev handle for comm:0x78af6c08bbf0 on gpu_pci:0000:04:00.0
tcpxo-wb-0:157:741 [0] NCCL INFO NET/FasTrak 2026-08-02T13:31:21.683073688+00:00: Linearized: comm 0x78af6c08bbf0, createRecvDevComm 0x78af77ffb480
tcpxo-wb-0:157:741 [0] NCCL INFO NET/FasTrak 2026-08-02T13:31:21.684131803+00:00: RegMr[netdev=0] CUDA memory for comm 0x78af6c08bbf0 with handle:8653318625366214036 for data:0x3202e00000 size:524288
tcpxo-wb-0:157:741 [0] NCCL INFO NET/FasTrak 2026-08-02T13:31:21.685213494+00:00: RegMr[netdev=0] CUDA memory for comm 0x78af6c08bbf0 with handle:8653318625366214867 for data:0x3202e80000 size:4915200
tcpxo-wb-0:157:741 [0] NCCL INFO NET/FasTrak 2026-08-02T13:31:21.686296233+00:00: RegMr[netdev=0] CUDA memory for comm 0x78af6c08bbf0 with handle:8653318625366215698 for data:0x3203330000 size:8388608
tcpxo-wb-0:157:741 [0] NCCL INFO NET/FasTrak 2026-08-02T13:31:21.686313781+00:00: All DXS flows accepted for comm:0x78af6c08f310 comm_trace_id:0x0 on gpu_pci:0000:04:00.0 on comm_idx:12.
tcpxo-wb-0:157:741 [0] NCCL INFO NET/FasTrak 2026-08-02T13:31:21.686316857+00:00: Allocate recv dev handle for comm:0x78af6c08f310 on gpu_pci:0000:04:00.0
tcpxo-wb-0:157:741 [0] NCCL INFO NET/FasTrak 2026-08-02T13:31:21.686335782+00:00: Linearized: comm 0x78af6c08f310, createRecvDevComm 0x78af77ffb480
tcpxo-wb-0:157:741 [0] NCCL INFO NET/FasTrak 2026-08-02T13:31:21.687380011+00:00: RegMr[netdev=0] CUDA memory for comm 0x78af6c08f310 with handle:8653318625366216529 for data:0x3204000000 size:524288
tcpxo-wb-0:157:741 [0] NCCL INFO NET/FasTrak 2026-08-02T13:31:21.688465595+00:00: RegMr[netdev=0] CUDA memory for comm 0x78af6c08f310 with handle:8653318625366213264 for data:0x3204080000 size:4915200
tcpxo-wb-0:157:741 [0] NCCL INFO NET/FasTrak 2026-08-02T13:31:21.689542113+00:00: RegMr[netdev=0] CUDA memory for comm 0x78af6c08f310 with handle:8653318625366214095 for data:0x3204530000 size:8388608
tcpxo-wb-0:157:157 [0] NCCL INFO Connected NVLS tree
tcpxo-wb-0:157:755 [0] NCCL INFO comm 0x56d6c569a190 rank 0 nRanks 16 cudaDev 0 busId 4000 - Abort START
tcpxo-wb-0:157:741 [0] NCCL INFO socketProgressOpt: abort called
tcpxo-wb-0:157:741 [0] NCCL INFO misc/socket.cc:943 -> 3
tcpxo-wb-0:157:755 [0] NCCL INFO socketProgressOpt: abort called
tcpxo-wb-0:157:755 [0] NCCL INFO misc/socket.cc:64 -> 3
tcpxo-wb-0:157:755 [0] NCCL INFO misc/socket.cc:81 -> 3
tcpxo-wb-0:157:755 [0] NCCL INFO misc/socket.cc:868 -> 3
tcpxo-wb-0:157:741 [0] NCCL INFO socketProgressOpt: abort called
tcpxo-wb-0:157:741 [0] NCCL INFO misc/socket.cc:943 -> 3
tcpxo-wb-0:157:755 [0] NCCL INFO socketProgressOpt: abort called
tcpxo-wb-0:157:755 [0] NCCL INFO misc/socket.cc:64 -> 3
tcpxo-wb-0:157:755 [0] NCCL INFO misc/socket.cc:81 -> 3
tcpxo-wb-0:157:755 [0] NCCL INFO misc/socket.cc:868 -> 3
tcpxo-wb-0:157:755 [0] NCCL INFO socketProgressOpt: abort called
tcpxo-wb-0:157:755 [0] NCCL INFO misc/socket.cc:64 -> 3
tcpxo-wb-0:157:755 [0] NCCL INFO misc/socket.cc:81 -> 3
tcpxo-wb-0:157:755 [0] NCCL INFO misc/socket.cc:868 -> 3
tcpxo-wb-0:157:755 [0] NCCL INFO TUNER/Plugin: Closing tuner: 'GcpTunerPlugin_v2'
tcpxo-wb-0:157:741 [0] NCCL INFO socketProgressOpt: abort called
tcpxo-wb-0:157:741 [0] NCCL INFO misc/socket.cc:943 -> 3
tcpxo-wb-0:157:741 [0] NCCL INFO NET/FasTrak 2026-08-02T13:31:22.285416475+00:00: DeregMr[netdev=0] CUDA memory for comm 0x78af6c0658d0 with handle:8653318625366213869 data:0x31d6000000 size:524288.
tcpxo-wb-0:157:741 [0] NCCL INFO NET/FasTrak 2026-08-02T13:31:22.28719442+00:00: DeregMr[netdev=0] CUDA memory for comm 0x78af6c0658d0 with handle:8653318625366214700 data:0x31d6080000 size:4915200.
tcpxo-wb-0:157:741 [0] NCCL INFO NET/FasTrak 2026-08-02T13:31:22.287989252+00:00: DeregMr[netdev=0] CUDA memory for comm 0x78af6c0658d0 with handle:8653318625366215531 data:0x31d6530000 size:8388608.
tcpxo-wb-0:157:741 [0] NCCL INFO NET/FasTrak 2026-08-02T13:31:22.290122058+00:00: Closing Recv comm 0x78af6c0658d0
tcpxo-wb-0:157:741 [0] NCCL INFO NET/FasTrak 2026-08-02T13:31:22.290129278+00:00: COMM STATS:
tcpxo-wb-0:157:741 [0] NCCL INFO request/offload_scheduled: 6370
tcpxo-wb-0:157:741 [0] NCCL INFO request/offload_completed: 6370
tcpxo-wb-0:157:741 [0] NCCL INFO request/offload_backlog_curr: 0
tcpxo-wb-0:157:741 [0] NCCL INFO request/offload_backlog_peak: 7
tcpxo-wb-0:157:741 [0] NCCL INFO request/offload_size_distribution:
tcpxo-wb-0:157:741 [0] NCCL INFO Min: 2048
tcpxo-wb-0:157:741 [0] NCCL INFO Max: 1.04858e+06
tcpxo-wb-0:157:741 [0] NCCL INFO Avg: 480515
tcpxo-wb-0:157:741 [0] NCCL INFO Bucket 0-4096 Count: 190
tcpxo-wb-0:157:741 [0] NCCL INFO Bucket 4096-4915.2 Count: 20
tcpxo-wb-0:157:741 [0] NCCL INFO Bucket 4915.2-5898.24 Count: 0
tcpxo-wb-0:157:741 [0] NCCL INFO Bucket 5898.24-7077.89 Count: 20
tcpxo-wb-0:157:741 [0] NCCL INFO Bucket 7077.89-10192.2 Count: 0
tcpxo-wb-0:157:741 [0] NCCL INFO Bucket 10192.2-12230.6 Count: 100
tcpxo-wb-0:157:741 [0] NCCL INFO Bucket 12230.6-14676.7 Count: 20
tcpxo-wb-0:157:741 [0] NCCL INFO Bucket 14676.7-17612.1 Count: 20
tcpxo-wb-0:157:741 [0] NCCL INFO Bucket 17612.1-21134.5 Count: 260
tcpxo-wb-0:157:741 [0] NCCL INFO Bucket 21134.5-25361.4 Count: 20
tcpxo-wb-0:157:741 [0] NCCL INFO Bucket 25361.4-30433.6 Count: 0
tcpxo-wb-0:157:741 [0] NCCL INFO Bucket 30433.6-36520.3 Count: 20
tcpxo-wb-0:157:741 [0] NCCL INFO Bucket 36520.3-43824.4 Count: 140
tcpxo-wb-0:157:741 [0] NCCL INFO Bucket 43824.4-52589.3 Count: 0
tcpxo-wb-0:157:741 [0] NCCL INFO Bucket 52589.3-63107.2 Count: 20
tcpxo-wb-0:157:741 [0] NCCL INFO Bucket 63107.2-75728.6 Count: 80
tcpxo-wb-0:157:741 [0] NCCL INFO Bucket 75728.6-90874.3 Count: 420
tcpxo-wb-0:157:741 [0] NCCL INFO Bucket 90874.3-130859 Count: 0
tcpxo-wb-0:157:741 [0] NCCL INFO Bucket 130859-157031 Count: 2480
tcpxo-wb-0:157:741 [0] NCCL INFO Bucket 157031-972293 Count: 0
tcpxo-wb-0:157:741 [0] NCCL INFO Bucket 972293-1.16675e+06 Count: 2560
tcpxo-wb-0:157:741 [0] NCCL INFO Bucket 1.16675e+06-2.41938e+06 Count: 0
tcpxo-wb-0:157:741 [0] NCCL INFO request/offload_duration_distribution:
tcpxo-wb-0:157:741 [0] NCCL INFO Min: 15920
tcpxo-wb-0:157:741 [0] NCCL INFO Max: 5.25914e+06
tcpxo-wb-0:157:741 [0] NCCL INFO Avg: 381806
tcpxo-wb-0:157:741 [0] NCCL INFO Bucket 0-14400 Count: 0
tcpxo-wb-0:157:741 [0] NCCL INFO Bucket 14400-17280 Count: 4
tcpxo-wb-0:157:741 [0] NCCL INFO Bucket 17280-20736 Count: 2
tcpxo-wb-0:157:741 [0] NCCL INFO Bucket 20736-29859.8 Count: 0
tcpxo-wb-0:157:741 [0] NCCL INFO Bucket 29859.8-35831.8 Count: 2
tcpxo-wb-0:157:741 [0] NCCL INFO Bucket 35831.8-42998.2 Count: 2
tcpxo-wb-0:157:741 [0] NCCL INFO Bucket 42998.2-51597.8 Count: 6
tcpxo-wb-0:157:741 [0] NCCL INFO Bucket 51597.8-61917.4 Count: 47
tcpxo-wb-0:157:741 [0] NCCL INFO Bucket 61917.4-74300.8 Count: 122
tcpxo-wb-0:157:741 [0] NCCL INFO Bucket 74300.8-89161 Count: 323
tcpxo-wb-0:157:741 [0] NCCL INFO Bucket 89161-106993 Count: 255
tcpxo-wb-0:157:741 [0] NCCL INFO Bucket 106993-128392 Count: 259
tcpxo-wb-0:157:741 [0] NCCL INFO Bucket 128392-154070 Count: 223
tcpxo-wb-0:157:741 [0] NCCL INFO Bucket 154070-184884 Count: 434
tcpxo-wb-0:157:741 [0] NCCL INFO Bucket 184884-221861 Count: 666
tcpxo-wb-0:157:741 [0] NCCL INFO Bucket 221861-266233 Count: 945
tcpxo-wb-0:157:741 [0] NCCL INFO Bucket 266233-319480 Count: 769
tcpxo-wb-0:157:741 [0] NCCL INFO Bucket 319480-383376 Count: 372
tcpxo-wb-0:157:741 [0] NCCL INFO Bucket 383376-460051 Count: 443
tcpxo-wb-0:157:741 [0] NCCL INFO Bucket 460051-552061 Count: 535
tcpxo-wb-0:157:741 [0] NCCL INFO Bucket 552061-662474 Count: 183
tcpxo-wb-0:157:741 [0] NCCL INFO Bucket 662474-794968 Count: 83
tcpxo-wb-0:157:741 [0] NCCL INFO Bucket 794968-953962 Count: 106
tcpxo-wb-0:157:741 [0] NCCL INFO Bucket 953962-1.14475e+06 Count: 172
tcpxo-wb-0:157:741 [0] NCCL INFO Bucket 1.14475e+06-1.37371e+06 Count: 210
tcpxo-wb-0:157:741 [0] NCCL INFO Bucket 1.37371e+06-1.64845e+06 Count: 134
tcpxo-wb-0:157:741 [0] NCCL INFO Bucket 1.64845e+06-1.97814e+06 Count: 49
tcpxo-wb-0:157:741 [0] NCCL INFO Bucket 1.97814e+06-2.37376e+06 Count: 8
tcpxo-wb-0:157:741 [0] NCCL INFO Bucket 2.37376e+06-2.84852e+06 Count: 2
tcpxo-wb-0:157:741 [0] NCCL INFO Bucket 2.84852e+06-3.41822e+06 Count: 12
tcpxo-wb-0:157:741 [0] NCCL INFO Bucket 3.41822e+06-4.10186e+06 Count: 1
tcpxo-wb-0:157:741 [0] NCCL INFO Bucket 4.10186e+06-4.92224e+06 Count: 0
tcpxo-wb-0:157:741 [0] NCCL INFO Bucket 4.92224e+06-5.90668e+06 Count: 1
tcpxo-wb-0:157:741 [0] NCCL INFO Bucket 5.90668e+06-1.02067e+07 Count: 0
tcpxo-wb-0:157:741 [0] NCCL INFO request/unpack_duration_distribution:
tcpxo-wb-0:157:741 [0] NCCL INFO Bucket 0-1.09205e+07 Count: 0
tcpxo-wb-0:157:741 [0] NCCL INFO request/offload_complete_age_distribution:
tcpxo-wb-0:157:741 [0] NCCL INFO Min: 78
tcpxo-wb-0:157:741 [0] NCCL INFO Max: 297711
tcpxo-wb-0:157:741 [0] NCCL INFO Avg: 5739.02
tcpxo-wb-0:157:741 [0] NCCL INFO Bucket 0-100 Count: 728
tcpxo-wb-0:157:741 [0] NCCL INFO Bucket 100-120 Count: 590
tcpxo-wb-0:157:741 [0] NCCL INFO Bucket 120-144 Count: 198
tcpxo-wb-0:157:741 [0] NCCL INFO Bucket 144-172.8 Count: 57
tcpxo-wb-0:157:741 [0] NCCL INFO Bucket 172.8-207.36 Count: 6
tcpxo-wb-0:157:741 [0] NCCL INFO Bucket 207.36-248.832 Count: 11
tcpxo-wb-0:157:741 [0] NCCL INFO Bucket 248.832-298.598 Count: 143
tcpxo-wb-0:157:741 [0] NCCL INFO Bucket 298.598-358.318 Count: 84
tcpxo-wb-0:157:741 [0] NCCL INFO Bucket 358.318-429.982 Count: 62
tcpxo-wb-0:157:741 [0] NCCL INFO Bucket 429.982-515.978 Count: 365
tcpxo-wb-0:157:741 [0] NCCL INFO Bucket 515.978-619.174 Count: 526
tcpxo-wb-0:157:741 [0] NCCL INFO Bucket 619.174-743.008 Count: 460
tcpxo-wb-0:157:741 [0] NCCL INFO Bucket 743.008-891.61 Count: 396
tcpxo-wb-0:157:741 [0] NCCL INFO Bucket 891.61-1069.93 Count: 98
tcpxo-wb-0:157:741 [0] NCCL INFO Bucket 1069.93-1283.92 Count: 90
tcpxo-wb-0:157:741 [0] NCCL INFO Bucket 1283.92-1540.7 Count: 90
tcpxo-wb-0:157:741 [0] NCCL INFO Bucket 1540.7-1848.84 Count: 106
tcpxo-wb-0:157:741 [0] NCCL INFO Bucket 1848.84-2218.61 Count: 135
tcpxo-wb-0:157:741 [0] NCCL INFO Bucket 2218.61-2662.33 Count: 124
tcpxo-wb-0:157:741 [0] NCCL INFO Bucket 2662.33-3194.8 Count: 173
tcpxo-wb-0:157:741 [0] NCCL INFO Bucket 3194.8-3833.76 Count: 209
tcpxo-wb-0:157:741 [0] NCCL INFO Bucket 3833.76-4600.51 Count: 211
tcpxo-wb-0:157:741 [0] NCCL INFO Bucket 4600.51-5520.61 Count: 264
tcpxo-wb-0:157:741 [0] NCCL INFO Bucket 5520.61-6624.74 Count: 253
tcpxo-wb-0:157:741 [0] NCCL INFO Bucket 6624.74-7949.68 Count: 192
tcpxo-wb-0:157:741 [0] NCCL INFO Bucket 7949.68-9539.62 Count: 112
tcpxo-wb-0:157:741 [0] NCCL INFO Bucket 9539.62-11447.5 Count: 92
tcpxo-wb-0:157:741 [0] NCCL INFO Bucket 11447.5-13737.1 Count: 75
tcpxo-wb-0:157:741 [0] NCCL INFO Bucket 13737.1-16484.5 Count: 80
tcpxo-wb-0:157:741 [0] NCCL INFO Bucket 16484.5-19781.4 Count: 48
tcpxo-wb-0:157:741 [0] NCCL INFO Bucket 19781.4-23737.6 Count: 42
tcpxo-wb-0:157:741 [0] NCCL INFO Bucket 23737.6-28485.2 Count: 32
tcpxo-wb-0:157:741 [0] NCCL INFO Bucket 28485.2-34182.2 Count: 42
tcpxo-wb-0:157:741 [0] NCCL INFO Bucket 34182.2-41018.6 Count: 46
tcpxo-wb-0:157:741 [0] NCCL INFO Bucket 41018.6-49222.4 Count: 50
tcpxo-wb-0:157:741 [0] NCCL INFO Bucket 49222.4-59066.8 Count: 180
tcpxo-wb-0:157:741 [0] NCCL INFO request/unpack_num_iovs_distribution:
tcpxo-wb-0:157:741 [0] NCCL INFO Bucket 0-2116.47 Count: 0
tcpxo-wb-0:157:741 [0] NCCL INFO request/offload_interval_distribution:
tcpxo-wb-0:157:741 [0] NCCL INFO Min: 701
tcpxo-wb-0:157:741 [0] NCCL INFO Max: 3.38136e+08
tcpxo-wb-0:157:741 [0] NCCL INFO Avg: 197699
tcpxo-wb-0:157:741 [0] NCCL INFO Bucket 0-1000 Count: 358
tcpxo-wb-0:157:741 [0] NCCL INFO Bucket 1000-1200 Count: 133
tcpxo-wb-0:157:741 [0] NCCL INFO Bucket 1200-1440 Count: 184
tcpxo-wb-0:157:741 [0] NCCL INFO Bucket 1440-1728 Count: 75
tcpxo-wb-0:157:741 [0] NCCL INFO Bucket 1728-2073.6 Count: 18
tcpxo-wb-0:157:741 [0] NCCL INFO Bucket 2073.6-2488.32 Count: 7
tcpxo-wb-0:157:741 [0] NCCL INFO Bucket 2488.32-2985.98 Count: 5
tcpxo-wb-0:157:741 [0] NCCL INFO Bucket 2985.98-3583.18 Count: 10
tcpxo-wb-0:157:741 [0] NCCL INFO Bucket 3583.18-4299.82 Count: 25
tcpxo-wb-0:157:741 [0] NCCL INFO Bucket 4299.82-5159.78 Count: 44
tcpxo-wb-0:157:741 [0] NCCL INFO Bucket 5159.78-6191.74 Count: 108
tcpxo-wb-0:157:741 [0] NCCL INFO Bucket 6191.74-7430.08 Count: 183
tcpxo-wb-0:157:741 [0] NCCL INFO Bucket 7430.08-8916.1 Count: 185
tcpxo-wb-0:157:741 [0] NCCL INFO Bucket 8916.1-10699.3 Count: 111
tcpxo-wb-0:157:741 [0] NCCL INFO Bucket 10699.3-12839.2 Count: 105
tcpxo-wb-0:157:741 [0] NCCL INFO Bucket 12839.2-15407 Count: 43
tcpxo-wb-0:157:741 [0] NCCL INFO Bucket 15407-18488.4 Count: 30
tcpxo-wb-0:157:741 [0] NCCL INFO Bucket 18488.4-22186.1 Count: 42
tcpxo-wb-0:157:741 [0] NCCL INFO Bucket 22186.1-26623.3 Count: 55
tcpxo-wb-0:157:741 [0] NCCL INFO Bucket 26623.3-31948 Count: 80
tcpxo-wb-0:157:741 [0] NCCL INFO Bucket 31948-38337.6 Count: 134
tcpxo-wb-0:157:741 [0] NCCL INFO Bucket 38337.6-46005.1 Count: 172
tcpxo-wb-0:157:741 [0] NCCL INFO Bucket 46005.1-55206.1 Count: 176
tcpxo-wb-0:157:741 [0] NCCL INFO Bucket 55206.1-66247.4 Count: 219
tcpxo-wb-0:157:741 [0] NCCL INFO Bucket 66247.4-79496.8 Count: 221
tcpxo-wb-0:157:741 [0] NCCL INFO Bucket 79496.8-95396.2 Count: 2496
tcpxo-wb-0:157:741 [0] NCCL INFO Bucket 95396.2-114475 Count: 406
tcpxo-wb-0:157:741 [0] NCCL INFO Bucket 114475-137371 Count: 163
tcpxo-wb-0:157:741 [0] NCCL INFO Bucket 137371-164845 Count: 131
tcpxo-wb-0:157:741 [0] NCCL INFO Bucket 164845-197814 Count: 105
tcpxo-wb-0:157:741 [0] NCCL INFO Bucket 197814-237376 Count: 59
tcpxo-wb-0:157:741 [0] NCCL INFO Bucket 237376-284852 Count: 30
tcpxo-wb-0:157:741 [0] NCCL INFO Bucket 284852-341822 Count: 22
tcpxo-wb-0:157:741 [0] NCCL INFO Bucket 341822-410186 Count: 15
tcpxo-wb-0:157:741 [0] NCCL INFO Bucket 410186-492224 Count: 16
tcpxo-wb-0:157:741 [0] NCCL INFO Bucket 492224-590668 Count: 27
tcpxo-wb-0:157:741 [0] NCCL INFO Bucket 590668-708802 Count: 48
tcpxo-wb-0:157:741 [0] NCCL INFO Bucket 708802-850562 Count: 21
tcpxo-wb-0:157:741 [0] NCCL INFO Bucket 850562-1.02067e+06 Count: 28
tcpxo-wb-0:157:741 [0] NCCL INFO Bucket 1.02067e+06-1.22481e+06 Count: 41
tcpxo-wb-0:157:741 [0] NCCL INFO Bucket 1.22481e+06-1.46977e+06 Count: 11
tcpxo-wb-0:157:741 [0] NCCL INFO Bucket 1.46977e+06-1.76373e+06 Count: 9
tcpxo-wb-0:157:741 [0] NCCL INFO Bucket 1.76373e+06-2.11647e+06 Count: 4
tcpxo-wb-0:157:741 [0] NCCL INFO Bucket 2.11647e+06-2.53977e+06 Count: 3
tcpxo-wb-0:157:741 [0] NCCL INFO Bucket 2.53977e+06-3.04772e+06 Count: 2
tcpxo-wb-0:157:741 [0] NCCL INFO Bucket 3.04772e+06-3.65726e+06 Count: 4
tcpxo-wb-0:157:741 [0] NCCL INFO Bucket 3.65726e+06-4.38871e+06 Count: 0
tcpxo-wb-0:157:741 [0] NCCL INFO Bucket 4.38871e+06-5.26646e+06 Count: 3
tcpxo-wb-0:157:741 [0] NCCL INFO Bucket 5.26646e+06-7.5837e+06 Count: 0
tcpxo-wb-0:157:741 [0] NCCL INFO Bucket 7.5837e+06-9.10044e+06 Count: 1
tcpxo-wb-0:157:741 [0] NCCL INFO Bucket 9.10044e+06-1.09205e+07 Count: 2
tcpxo-wb-0:157:741 [0] NCCL INFO NET/FasTrak 2026-08-02T13:31:22.29027893+00:00: DeregMr[netdev=0] CUDA memory for comm 0x78af6c069010 with handle:8653318625366213810 data:0x31d4000000 size:524288.
tcpxo-wb-0:157:741 [0] NCCL INFO NET/FasTrak 2026-08-02T13:31:22.291423917+00:00: DeregMr[netdev=0] CUDA memory for comm 0x78af6c069010 with handle:8653318625366214641 data:0x31d4080000 size:4915200.
tcpxo-wb-0:157:741 [0] NCCL INFO NET/FasTrak 2026-08-02T13:31:22.292427087+00:00: DeregMr[netdev=0] CUDA memory for comm 0x78af6c069010 with handle:8653318625366215472 data:0x31d4530000 size:8388608.
tcpxo-wb-0:157:741 [0] NCCL INFO NET/FasTrak 2026-08-02T13:31:22.293625064+00:00: Closing Recv comm 0x78af6c069010
tcpxo-wb-0:157:741 [0] NCCL INFO NET/FasTrak 2026-08-02T13:31:22.293632693+00:00: COMM STATS:
tcpxo-wb-0:157:741 [0] NCCL INFO request/offload_scheduled: 6060
tcpxo-wb-0:157:741 [0] NCCL INFO request/offload_completed: 6060
tcpxo-wb-0:157:741 [0] NCCL INFO request/offload_backlog_curr: 0
tcpxo-wb-0:157:741 [0] NCCL INFO request/offload_backlog_peak: 7
tcpxo-wb-0:157:741 [0] NCCL INFO request/offload_size_distribution:
tcpxo-wb-0:157:741 [0] NCCL INFO Min: 10240
tcpxo-wb-0:157:741 [0] NCCL INFO Max: 1.04858e+06
tcpxo-wb-0:157:741 [0] NCCL INFO Avg: 504862
tcpxo-wb-0:157:741 [0] NCCL INFO Bucket 0-10192.2 Count: 0
tcpxo-wb-0:157:741 [0] NCCL INFO Bucket 10192.2-12230.6 Count: 20
tcpxo-wb-0:157:741 [0] NCCL INFO Bucket 12230.6-14676.7 Count: 20
tcpxo-wb-0:157:741 [0] NCCL INFO Bucket 14676.7-17612.1 Count: 20
tcpxo-wb-0:157:741 [0] NCCL INFO Bucket 17612.1-21134.5 Count: 260
tcpxo-wb-0:157:741 [0] NCCL INFO Bucket 21134.5-25361.4 Count: 20
tcpxo-wb-0:157:741 [0] NCCL INFO Bucket 25361.4-30433.6 Count: 0
tcpxo-wb-0:157:741 [0] NCCL INFO Bucket 30433.6-36520.3 Count: 20
tcpxo-wb-0:157:741 [0] NCCL INFO Bucket 36520.3-43824.4 Count: 140
tcpxo-wb-0:157:741 [0] NCCL INFO Bucket 43824.4-52589.3 Count: 0
tcpxo-wb-0:157:741 [0] NCCL INFO Bucket 52589.3-63107.2 Count: 20
tcpxo-wb-0:157:741 [0] NCCL INFO Bucket 63107.2-75728.6 Count: 80
tcpxo-wb-0:157:741 [0] NCCL INFO Bucket 75728.6-90874.3 Count: 420
tcpxo-wb-0:157:741 [0] NCCL INFO Bucket 90874.3-130859 Count: 0
tcpxo-wb-0:157:741 [0] NCCL INFO Bucket 130859-157031 Count: 2480
tcpxo-wb-0:157:741 [0] NCCL INFO Bucket 157031-972293 Count: 0
tcpxo-wb-0:157:741 [0] NCCL INFO Bucket 972293-1.16675e+06 Count: 2560
tcpxo-wb-0:157:741 [0] NCCL INFO Bucket 1.16675e+06-2.41938e+06 Count: 0
tcpxo-wb-0:157:741 [0] NCCL INFO request/offload_duration_distribution:
tcpxo-wb-0:157:741 [0] NCCL INFO Min: 57353
tcpxo-wb-0:157:741 [0] NCCL INFO Max: 3.11687e+06
tcpxo-wb-0:157:741 [0] NCCL INFO Avg: 552623
tcpxo-wb-0:157:741 [0] NCCL INFO Bucket 0-51597.8 Count: 0
tcpxo-wb-0:157:741 [0] NCCL INFO Bucket 51597.8-61917.4 Count: 4
tcpxo-wb-0:157:741 [0] NCCL INFO Bucket 61917.4-74300.8 Count: 57
tcpxo-wb-0:157:741 [0] NCCL INFO Bucket 74300.8-89161 Count: 218
tcpxo-wb-0:157:741 [0] NCCL INFO Bucket 89161-106993 Count: 194
tcpxo-wb-0:157:741 [0] NCCL INFO Bucket 106993-128392 Count: 183
tcpxo-wb-0:157:741 [0] NCCL INFO Bucket 128392-154070 Count: 169
tcpxo-wb-0:157:741 [0] NCCL INFO Bucket 154070-184884 Count: 220
tcpxo-wb-0:157:741 [0] NCCL INFO Bucket 184884-221861 Count: 134
tcpxo-wb-0:157:741 [0] NCCL INFO Bucket 221861-266233 Count: 215
tcpxo-wb-0:157:741 [0] NCCL INFO Bucket 266233-319480 Count: 285
tcpxo-wb-0:157:741 [0] NCCL INFO Bucket 319480-383376 Count: 338
tcpxo-wb-0:157:741 [0] NCCL INFO Bucket 383376-460051 Count: 256
tcpxo-wb-0:157:741 [0] NCCL INFO Bucket 460051-552061 Count: 469
tcpxo-wb-0:157:741 [0] NCCL INFO Bucket 552061-662474 Count: 2171
tcpxo-wb-0:157:741 [0] NCCL INFO Bucket 662474-794968 Count: 484
tcpxo-wb-0:157:741 [0] NCCL INFO Bucket 794968-953962 Count: 111
tcpxo-wb-0:157:741 [0] NCCL INFO Bucket 953962-1.14475e+06 Count: 130
tcpxo-wb-0:157:741 [0] NCCL INFO Bucket 1.14475e+06-1.37371e+06 Count: 123
tcpxo-wb-0:157:741 [0] NCCL INFO Bucket 1.37371e+06-1.64845e+06 Count: 145
tcpxo-wb-0:157:741 [0] NCCL INFO Bucket 1.64845e+06-1.97814e+06 Count: 109
tcpxo-wb-0:157:741 [0] NCCL INFO Bucket 1.97814e+06-2.37376e+06 Count: 19
tcpxo-wb-0:157:741 [0] NCCL INFO Bucket 2.37376e+06-2.84852e+06 Count: 15
tcpxo-wb-0:157:741 [0] NCCL INFO Bucket 2.84852e+06-3.41822e+06 Count: 11
tcpxo-wb-0:157:741 [0] NCCL INFO Bucket 3.41822e+06-1.02067e+07 Count: 0
tcpxo-wb-0:157:741 [0] NCCL INFO request/unpack_duration_distribution:
tcpxo-wb-0:157:741 [0] NCCL INFO Bucket 0-1.09205e+07 Count: 0
tcpxo-wb-0:157:741 [0] NCCL INFO request/offload_complete_age_distribution:
tcpxo-wb-0:157:741 [0] NCCL INFO Min: 79
tcpxo-wb-0:157:741 [0] NCCL INFO Max: 413042
tcpxo-wb-0:157:741 [0] NCCL INFO Avg: 21932.2
tcpxo-wb-0:157:741 [0] NCCL INFO Bucket 0-100 Count: 415
tcpxo-wb-0:157:741 [0] NCCL INFO Bucket 100-120 Count: 320
tcpxo-wb-0:157:741 [0] NCCL INFO Bucket 120-144 Count: 76
tcpxo-wb-0:157:741 [0] NCCL INFO Bucket 144-172.8 Count: 14
tcpxo-wb-0:157:741 [0] NCCL INFO Bucket 172.8-207.36 Count: 1
tcpxo-wb-0:157:741 [0] NCCL INFO Bucket 207.36-248.832 Count: 146
tcpxo-wb-0:157:741 [0] NCCL INFO Bucket 248.832-298.598 Count: 580
tcpxo-wb-0:157:741 [0] NCCL INFO Bucket 298.598-358.318 Count: 196
tcpxo-wb-0:157:741 [0] NCCL INFO Bucket 358.318-429.982 Count: 406
tcpxo-wb-0:157:741 [0] NCCL INFO Bucket 429.982-515.978 Count: 506
tcpxo-wb-0:157:741 [0] NCCL INFO Bucket 515.978-619.174 Count: 717
tcpxo-wb-0:157:741 [0] NCCL INFO Bucket 619.174-743.008 Count: 116
tcpxo-wb-0:157:741 [0] NCCL INFO Bucket 743.008-891.61 Count: 58
tcpxo-wb-0:157:741 [0] NCCL INFO Bucket 891.61-1069.93 Count: 88
tcpxo-wb-0:157:741 [0] NCCL INFO Bucket 1069.93-1283.92 Count: 77
tcpxo-wb-0:157:741 [0] NCCL INFO Bucket 1283.92-1540.7 Count: 89
tcpxo-wb-0:157:741 [0] NCCL INFO Bucket 1540.7-1848.84 Count: 82
tcpxo-wb-0:157:741 [0] NCCL INFO Bucket 1848.84-2218.61 Count: 88
tcpxo-wb-0:157:741 [0] NCCL INFO Bucket 2218.61-2662.33 Count: 112
tcpxo-wb-0:157:741 [0] NCCL INFO Bucket 2662.33-3194.8 Count: 132
tcpxo-wb-0:157:741 [0] NCCL INFO Bucket 3194.8-3833.76 Count: 150
tcpxo-wb-0:157:741 [0] NCCL INFO Bucket 3833.76-4600.51 Count: 169
tcpxo-wb-0:157:741 [0] NCCL INFO Bucket 4600.51-5520.61 Count: 194
tcpxo-wb-0:157:741 [0] NCCL INFO Bucket 5520.61-6624.74 Count: 189
tcpxo-wb-0:157:741 [0] NCCL INFO Bucket 6624.74-7949.68 Count: 148
tcpxo-wb-0:157:741 [0] NCCL INFO Bucket 7949.68-9539.62 Count: 78
tcpxo-wb-0:157:741 [0] NCCL INFO Bucket 9539.62-11447.5 Count: 60
tcpxo-wb-0:157:741 [0] NCCL INFO Bucket 11447.5-13737.1 Count: 34
tcpxo-wb-0:157:741 [0] NCCL INFO Bucket 13737.1-16484.5 Count: 27
tcpxo-wb-0:157:741 [0] NCCL INFO Bucket 16484.5-19781.4 Count: 23
tcpxo-wb-0:157:741 [0] NCCL INFO Bucket 19781.4-23737.6 Count: 24
tcpxo-wb-0:157:741 [0] NCCL INFO Bucket 23737.6-28485.2 Count: 13
tcpxo-wb-0:157:741 [0] NCCL INFO Bucket 28485.2-34182.2 Count: 16
tcpxo-wb-0:157:741 [0] NCCL INFO Bucket 34182.2-41018.6 Count: 18
tcpxo-wb-0:157:741 [0] NCCL INFO Bucket 41018.6-49222.4 Count: 14
tcpxo-wb-0:157:741 [0] NCCL INFO Bucket 49222.4-59066.8 Count: 684
tcpxo-wb-0:157:741 [0] NCCL INFO request/unpack_num_iovs_distribution:
tcpxo-wb-0:157:741 [0] NCCL INFO Bucket 0-2116.47 Count: 0
tcpxo-wb-0:157:741 [0] NCCL INFO request/offload_interval_distribution:
tcpxo-wb-0:157:741 [0] NCCL INFO Min: 650
tcpxo-wb-0:157:741 [0] NCCL INFO Max: 3.79569e+08
tcpxo-wb-0:157:741 [0] NCCL INFO Avg: 207437
tcpxo-wb-0:157:741 [0] NCCL INFO Bucket 0-1000 Count: 488
tcpxo-wb-0:157:741 [0] NCCL INFO Bucket 1000-1200 Count: 100
tcpxo-wb-0:157:741 [0] NCCL INFO Bucket 1200-1440 Count: 144
tcpxo-wb-0:157:741 [0] NCCL INFO Bucket 1440-1728 Count: 51
tcpxo-wb-0:157:741 [0] NCCL INFO Bucket 1728-2073.6 Count: 13
tcpxo-wb-0:157:741 [0] NCCL INFO Bucket 2073.6-2488.32 Count: 7
tcpxo-wb-0:157:741 [0] NCCL INFO Bucket 2488.32-2985.98 Count: 8
tcpxo-wb-0:157:741 [0] NCCL INFO Bucket 2985.98-3583.18 Count: 21
tcpxo-wb-0:157:741 [0] NCCL INFO Bucket 3583.18-4299.82 Count: 50
tcpxo-wb-0:157:741 [0] NCCL INFO Bucket 4299.82-5159.78 Count: 59
tcpxo-wb-0:157:741 [0] NCCL INFO Bucket 5159.78-6191.74 Count: 108
tcpxo-wb-0:157:741 [0] NCCL INFO Bucket 6191.74-7430.08 Count: 161
tcpxo-wb-0:157:741 [0] NCCL INFO Bucket 7430.08-8916.1 Count: 163
tcpxo-wb-0:157:741 [0] NCCL INFO Bucket 8916.1-10699.3 Count: 82
tcpxo-wb-0:157:741 [0] NCCL INFO Bucket 10699.3-12839.2 Count: 85
tcpxo-wb-0:157:741 [0] NCCL INFO Bucket 12839.2-15407 Count: 35
tcpxo-wb-0:157:741 [0] NCCL INFO Bucket 15407-18488.4 Count: 56
tcpxo-wb-0:157:741 [0] NCCL INFO Bucket 18488.4-22186.1 Count: 51
tcpxo-wb-0:157:741 [0] NCCL INFO Bucket 22186.1-26623.3 Count: 78
tcpxo-wb-0:157:741 [0] NCCL INFO Bucket 26623.3-31948 Count: 104
tcpxo-wb-0:157:741 [0] NCCL INFO Bucket 31948-38337.6 Count: 131
tcpxo-wb-0:157:741 [0] NCCL INFO Bucket 38337.6-46005.1 Count: 141
tcpxo-wb-0:157:741 [0] NCCL INFO Bucket 46005.1-55206.1 Count: 288
tcpxo-wb-0:157:741 [0] NCCL INFO Bucket 55206.1-66247.4 Count: 454
tcpxo-wb-0:157:741 [0] NCCL INFO Bucket 66247.4-79496.8 Count: 500
tcpxo-wb-0:157:741 [0] NCCL INFO Bucket 79496.8-95396.2 Count: 1017
tcpxo-wb-0:157:741 [0] NCCL INFO Bucket 95396.2-114475 Count: 615
tcpxo-wb-0:157:741 [0] NCCL INFO Bucket 114475-137371 Count: 388
tcpxo-wb-0:157:741 [0] NCCL INFO Bucket 137371-164845 Count: 203
tcpxo-wb-0:157:741 [0] NCCL INFO Bucket 164845-197814 Count: 101
tcpxo-wb-0:157:741 [0] NCCL INFO Bucket 197814-237376 Count: 61
tcpxo-wb-0:157:741 [0] NCCL INFO Bucket 237376-284852 Count: 35
tcpxo-wb-0:157:741 [0] NCCL INFO Bucket 284852-341822 Count: 29
tcpxo-wb-0:157:741 [0] NCCL INFO Bucket 341822-410186 Count: 23
tcpxo-wb-0:157:741 [0] NCCL INFO Bucket 410186-492224 Count: 24
tcpxo-wb-0:157:741 [0] NCCL INFO Bucket 492224-590668 Count: 34
tcpxo-wb-0:157:741 [0] NCCL INFO Bucket 590668-708802 Count: 29
tcpxo-wb-0:157:741 [0] NCCL INFO Bucket 708802-850562 Count: 26
tcpxo-wb-0:157:741 [0] NCCL INFO Bucket 850562-1.02067e+06 Count: 22
tcpxo-wb-0:157:741 [0] NCCL INFO Bucket 1.02067e+06-1.22481e+06 Count: 25
tcpxo-wb-0:157:741 [0] NCCL INFO Bucket 1.22481e+06-1.46977e+06 Count: 26
tcpxo-wb-0:157:741 [0] NCCL INFO Bucket 1.46977e+06-1.76373e+06 Count: 4
tcpxo-wb-0:157:741 [0] NCCL INFO Bucket 1.76373e+06-2.11647e+06 Count: 6
tcpxo-wb-0:157:741 [0] NCCL INFO Bucket 2.11647e+06-2.53977e+06 Count: 5
tcpxo-wb-0:157:741 [0] NCCL INFO Bucket 2.53977e+06-3.04772e+06 Count: 2
tcpxo-wb-0:157:741 [0] NCCL INFO Bucket 3.04772e+06-3.65726e+06 Count: 1
tcpxo-wb-0:157:741 [0] NCCL INFO Bucket 3.65726e+06-4.38871e+06 Count: 1
tcpxo-wb-0:157:741 [0] NCCL INFO Bucket 4.38871e+06-5.26646e+06 Count: 2
tcpxo-wb-0:157:741 [0] NCCL INFO Bucket 5.26646e+06-9.10044e+06 Count: 0
tcpxo-wb-0:157:741 [0] NCCL INFO Bucket 9.10044e+06-1.09205e+07 Count: 3
tcpxo-wb-0:157:741 [0] NCCL INFO NET/FasTrak 2026-08-02T13:31:22.293740646+00:00: DeregMr host memory for 0x78af6c063f70 data:0x78afa7b22200 size:524288.
tcpxo-wb-0:157:741 [0] NCCL INFO NET/FasTrak 2026-08-02T13:31:22.293744287+00:00: DeregMr[netdev=0] CUDA memory for comm 0x78af6c063f70 with handle:8653318625366216303 data:0x31d4e00000 size:4915200.
tcpxo-wb-0:157:741 [0] NCCL INFO NET/FasTrak 2026-08-02T13:31:22.29446499+00:00: DeregMr[netdev=0] CUDA memory for comm 0x78af6c063f70 with handle:8653318625366213038 data:0x31d52b0000 size:8388608.
tcpxo-wb-0:157:741 [0] NCCL INFO NET/FasTrak 2026-08-02T13:31:22.295872009+00:00: Closing Send comm 0x78af6c063f70
tcpxo-wb-0:157:741 [0] NCCL INFO NET/FasTrak 2026-08-02T13:31:22.295878671+00:00: COMM STATS:
tcpxo-wb-0:157:741 [0] NCCL INFO request/offload_scheduled: 6370
tcpxo-wb-0:157:741 [0] NCCL INFO request/offload_completed: 6370
tcpxo-wb-0:157:741 [0] NCCL INFO request/offload_backlog_curr: 0
tcpxo-wb-0:157:741 [0] NCCL INFO request/offload_backlog_peak: 7
tcpxo-wb-0:157:741 [0] NCCL INFO request/offload_size_distribution:
tcpxo-wb-0:157:741 [0] NCCL INFO Min: 2048
tcpxo-wb-0:157:741 [0] NCCL INFO Max: 1.04858e+06
tcpxo-wb-0:157:741 [0] NCCL INFO Avg: 480515
tcpxo-wb-0:157:741 [0] NCCL INFO Bucket 0-4096 Count: 190
tcpxo-wb-0:157:741 [0] NCCL INFO Bucket 4096-4915.2 Count: 20
tcpxo-wb-0:157:741 [0] NCCL INFO Bucket 4915.2-5898.24 Count: 0
tcpxo-wb-0:157:741 [0] NCCL INFO Bucket 5898.24-7077.89 Count: 20
tcpxo-wb-0:157:741 [0] NCCL INFO Bucket 7077.89-10192.2 Count: 0
tcpxo-wb-0:157:741 [0] NCCL INFO Bucket 10192.2-12230.6 Count: 100
tcpxo-wb-0:157:741 [0] NCCL INFO Bucket 12230.6-14676.7 Count: 20
tcpxo-wb-0:157:741 [0] NCCL INFO Bucket 14676.7-17612.1 Count: 20
tcpxo-wb-0:157:741 [0] NCCL INFO Bucket 17612.1-21134.5 Count: 260
tcpxo-wb-0:157:741 [0] NCCL INFO Bucket 21134.5-25361.4 Count: 20
tcpxo-wb-0:157:741 [0] NCCL INFO Bucket 25361.4-30433.6 Count: 0
tcpxo-wb-0:157:741 [0] NCCL INFO Bucket 30433.6-36520.3 Count: 20
tcpxo-wb-0:157:741 [0] NCCL INFO Bucket 36520.3-43824.4 Count: 140
tcpxo-wb-0:157:741 [0] NCCL INFO Bucket 43824.4-52589.3 Count: 0
tcpxo-wb-0:157:741 [0] NCCL INFO Bucket 52589.3-63107.2 Count: 20
tcpxo-wb-0:157:741 [0] NCCL INFO Bucket 63107.2-75728.6 Count: 80
tcpxo-wb-0:157:741 [0] NCCL INFO Bucket 75728.6-90874.3 Count: 420
tcpxo-wb-0:157:741 [0] NCCL INFO Bucket 90874.3-130859 Count: 0
tcpxo-wb-0:157:741 [0] NCCL INFO Bucket 130859-157031 Count: 2480
tcpxo-wb-0:157:741 [0] NCCL INFO Bucket 157031-972293 Count: 0
tcpxo-wb-0:157:741 [0] NCCL INFO Bucket 972293-1.16675e+06 Count: 2560
tcpxo-wb-0:157:741 [0] NCCL INFO Bucket 1.16675e+06-2.41938e+06 Count: 0
tcpxo-wb-0:157:741 [0] NCCL INFO request/offload_duration_distribution:
tcpxo-wb-0:157:741 [0] NCCL INFO Min: 22929
tcpxo-wb-0:157:741 [0] NCCL INFO Max: 1.01605e+06
tcpxo-wb-0:157:741 [0] NCCL INFO Avg: 200191
tcpxo-wb-0:157:741 [0] NCCL INFO Bucket 0-20736 Count: 0
tcpxo-wb-0:157:741 [0] NCCL INFO Bucket 20736-24883.2 Count: 203
tcpxo-wb-0:157:741 [0] NCCL INFO Bucket 24883.2-29859.8 Count: 383
tcpxo-wb-0:157:741 [0] NCCL INFO Bucket 29859.8-35831.8 Count: 358
tcpxo-wb-0:157:741 [0] NCCL INFO Bucket 35831.8-42998.2 Count: 239
tcpxo-wb-0:157:741 [0] NCCL INFO Bucket 42998.2-51597.8 Count: 86
tcpxo-wb-0:157:741 [0] NCCL INFO Bucket 51597.8-61917.4 Count: 74
tcpxo-wb-0:157:741 [0] NCCL INFO Bucket 61917.4-74300.8 Count: 103
tcpxo-wb-0:157:741 [0] NCCL INFO Bucket 74300.8-89161 Count: 92
tcpxo-wb-0:157:741 [0] NCCL INFO Bucket 89161-106993 Count: 301
tcpxo-wb-0:157:741 [0] NCCL INFO Bucket 106993-128392 Count: 660
tcpxo-wb-0:157:741 [0] NCCL INFO Bucket 128392-154070 Count: 658
tcpxo-wb-0:157:741 [0] NCCL INFO Bucket 154070-184884 Count: 628
tcpxo-wb-0:157:741 [0] NCCL INFO Bucket 184884-221861 Count: 594
tcpxo-wb-0:157:741 [0] NCCL INFO Bucket 221861-266233 Count: 578
tcpxo-wb-0:157:741 [0] NCCL INFO Bucket 266233-319480 Count: 310
tcpxo-wb-0:157:741 [0] NCCL INFO Bucket 319480-383376 Count: 231
tcpxo-wb-0:157:741 [0] NCCL INFO Bucket 383376-460051 Count: 242
tcpxo-wb-0:157:741 [0] NCCL INFO Bucket 460051-552061 Count: 268
tcpxo-wb-0:157:741 [0] NCCL INFO Bucket 552061-662474 Count: 202
tcpxo-wb-0:157:741 [0] NCCL INFO Bucket 662474-794968 Count: 118
tcpxo-wb-0:157:741 [0] NCCL INFO Bucket 794968-953962 Count: 38
tcpxo-wb-0:157:741 [0] NCCL INFO Bucket 953962-1.14475e+06 Count: 4
tcpxo-wb-0:157:741 [0] NCCL INFO Bucket 1.14475e+06-1.02067e+07 Count: 0
tcpxo-wb-0:157:741 [0] NCCL INFO request/unpack_duration_distribution:
tcpxo-wb-0:157:741 [0] NCCL INFO Bucket 0-1.09205e+07 Count: 0
tcpxo-wb-0:157:741 [0] NCCL INFO request/offload_complete_age_distribution:
tcpxo-wb-0:157:741 [0] NCCL INFO Min: 74
tcpxo-wb-0:157:741 [0] NCCL INFO Max: 549959
tcpxo-wb-0:157:741 [0] NCCL INFO Avg: 13718.2
tcpxo-wb-0:157:741 [0] NCCL INFO Bucket 0-100 Count: 638
tcpxo-wb-0:157:741 [0] NCCL INFO Bucket 100-120 Count: 303
tcpxo-wb-0:157:741 [0] NCCL INFO Bucket 120-144 Count: 50
tcpxo-wb-0:157:741 [0] NCCL INFO Bucket 144-172.8 Count: 13
tcpxo-wb-0:157:741 [0] NCCL INFO Bucket 172.8-207.36 Count: 12
tcpxo-wb-0:157:741 [0] NCCL INFO Bucket 207.36-248.832 Count: 570
tcpxo-wb-0:157:741 [0] NCCL INFO Bucket 248.832-298.598 Count: 858
tcpxo-wb-0:157:741 [0] NCCL INFO Bucket 298.598-358.318 Count: 96
tcpxo-wb-0:157:741 [0] NCCL INFO Bucket 358.318-429.982 Count: 83
tcpxo-wb-0:157:741 [0] NCCL INFO Bucket 429.982-515.978 Count: 109
tcpxo-wb-0:157:741 [0] NCCL INFO Bucket 515.978-619.174 Count: 210
tcpxo-wb-0:157:741 [0] NCCL INFO Bucket 619.174-743.008 Count: 462
tcpxo-wb-0:157:741 [0] NCCL INFO Bucket 743.008-891.61 Count: 303
tcpxo-wb-0:157:741 [0] NCCL INFO Bucket 891.61-1069.93 Count: 89
tcpxo-wb-0:157:741 [0] NCCL INFO Bucket 1069.93-1283.92 Count: 88
tcpxo-wb-0:157:741 [0] NCCL INFO Bucket 1283.92-1540.7 Count: 92
tcpxo-wb-0:157:741 [0] NCCL INFO Bucket 1540.7-1848.84 Count: 96
tcpxo-wb-0:157:741 [0] NCCL INFO Bucket 1848.84-2218.61 Count: 121
tcpxo-wb-0:157:741 [0] NCCL INFO Bucket 2218.61-2662.33 Count: 139
tcpxo-wb-0:157:741 [0] NCCL INFO Bucket 2662.33-3194.8 Count: 113
tcpxo-wb-0:157:741 [0] NCCL INFO Bucket 3194.8-3833.76 Count: 166
tcpxo-wb-0:157:741 [0] NCCL INFO Bucket 3833.76-4600.51 Count: 186
tcpxo-wb-0:157:741 [0] NCCL INFO Bucket 4600.51-5520.61 Count: 191
tcpxo-wb-0:157:741 [0] NCCL INFO Bucket 5520.61-6624.74 Count: 197
tcpxo-wb-0:157:741 [0] NCCL INFO Bucket 6624.74-7949.68 Count: 135
tcpxo-wb-0:157:741 [0] NCCL INFO Bucket 7949.68-9539.62 Count: 86
tcpxo-wb-0:157:741 [0] NCCL INFO Bucket 9539.62-11447.5 Count: 71
tcpxo-wb-0:157:741 [0] NCCL INFO Bucket 11447.5-13737.1 Count: 63
tcpxo-wb-0:157:741 [0] NCCL INFO Bucket 13737.1-16484.5 Count: 61
tcpxo-wb-0:157:741 [0] NCCL INFO Bucket 16484.5-19781.4 Count: 57
tcpxo-wb-0:157:741 [0] NCCL INFO Bucket 19781.4-23737.6 Count: 53
tcpxo-wb-0:157:741 [0] NCCL INFO Bucket 23737.6-28485.2 Count: 31
tcpxo-wb-0:157:741 [0] NCCL INFO Bucket 28485.2-34182.2 Count: 55
tcpxo-wb-0:157:741 [0] NCCL INFO Bucket 34182.2-41018.6 Count: 46
tcpxo-wb-0:157:741 [0] NCCL INFO Bucket 41018.6-49222.4 Count: 66
tcpxo-wb-0:157:741 [0] NCCL INFO Bucket 49222.4-59066.8 Count: 461
tcpxo-wb-0:157:741 [0] NCCL INFO request/unpack_num_iovs_distribution:
tcpxo-wb-0:157:741 [0] NCCL INFO Bucket 0-2116.47 Count: 0
tcpxo-wb-0:157:741 [0] NCCL INFO request/offload_interval_distribution:
tcpxo-wb-0:157:741 [0] NCCL INFO Min: 1402
tcpxo-wb-0:157:741 [0] NCCL INFO Max: 3.39635e+08
tcpxo-wb-0:157:741 [0] NCCL INFO Avg: 198604
tcpxo-wb-0:157:741 [0] NCCL INFO Bucket 0-1200 Count: 0
tcpxo-wb-0:157:741 [0] NCCL INFO Bucket 1200-1440 Count: 1
tcpxo-wb-0:157:741 [0] NCCL INFO Bucket 1440-1728 Count: 3
tcpxo-wb-0:157:741 [0] NCCL INFO Bucket 1728-2488.32 Count: 0
tcpxo-wb-0:157:741 [0] NCCL INFO Bucket 2488.32-2985.98 Count: 2
tcpxo-wb-0:157:741 [0] NCCL INFO Bucket 2985.98-3583.18 Count: 5
tcpxo-wb-0:157:741 [0] NCCL INFO Bucket 3583.18-4299.82 Count: 31
tcpxo-wb-0:157:741 [0] NCCL INFO Bucket 4299.82-5159.78 Count: 125
tcpxo-wb-0:157:741 [0] NCCL INFO Bucket 5159.78-6191.74 Count: 118
tcpxo-wb-0:157:741 [0] NCCL INFO Bucket 6191.74-7430.08 Count: 89
tcpxo-wb-0:157:741 [0] NCCL INFO Bucket 7430.08-8916.1 Count: 11
tcpxo-wb-0:157:741 [0] NCCL INFO Bucket 8916.1-10699.3 Count: 275
tcpxo-wb-0:157:741 [0] NCCL INFO Bucket 10699.3-12839.2 Count: 121
tcpxo-wb-0:157:741 [0] NCCL INFO Bucket 12839.2-15407 Count: 7
tcpxo-wb-0:157:741 [0] NCCL INFO Bucket 15407-18488.4 Count: 25
tcpxo-wb-0:157:741 [0] NCCL INFO Bucket 18488.4-22186.1 Count: 43
tcpxo-wb-0:157:741 [0] NCCL INFO Bucket 22186.1-26623.3 Count: 99
tcpxo-wb-0:157:741 [0] NCCL INFO Bucket 26623.3-31948 Count: 130
tcpxo-wb-0:157:741 [0] NCCL INFO Bucket 31948-38337.6 Count: 201
tcpxo-wb-0:157:741 [0] NCCL INFO Bucket 38337.6-46005.1 Count: 244
tcpxo-wb-0:157:741 [0] NCCL INFO Bucket 46005.1-55206.1 Count: 321
tcpxo-wb-0:157:741 [0] NCCL INFO Bucket 55206.1-66247.4 Count: 367
tcpxo-wb-0:157:741 [0] NCCL INFO Bucket 66247.4-79496.8 Count: 303
tcpxo-wb-0:157:741 [0] NCCL INFO Bucket 79496.8-95396.2 Count: 2720
tcpxo-wb-0:157:741 [0] NCCL INFO Bucket 95396.2-114475 Count: 427
tcpxo-wb-0:157:741 [0] NCCL INFO Bucket 114475-137371 Count: 151
tcpxo-wb-0:157:741 [0] NCCL INFO Bucket 137371-164845 Count: 140
tcpxo-wb-0:157:741 [0] NCCL INFO Bucket 164845-197814 Count: 116
tcpxo-wb-0:157:741 [0] NCCL INFO Bucket 197814-237376 Count: 79
tcpxo-wb-0:157:741 [0] NCCL INFO Bucket 237376-284852 Count: 34
tcpxo-wb-0:157:741 [0] NCCL INFO Bucket 284852-341822 Count: 28
tcpxo-wb-0:157:741 [0] NCCL INFO Bucket 341822-410186 Count: 19
tcpxo-wb-0:157:741 [0] NCCL INFO Bucket 410186-492224 Count: 12
tcpxo-wb-0:157:741 [0] NCCL INFO Bucket 492224-590668 Count: 10
tcpxo-wb-0:157:741 [0] NCCL INFO Bucket 590668-708802 Count: 10
tcpxo-wb-0:157:741 [0] NCCL INFO Bucket 708802-850562 Count: 17
tcpxo-wb-0:157:741 [0] NCCL INFO Bucket 850562-1.02067e+06 Count: 20
tcpxo-wb-0:157:741 [0] NCCL INFO Bucket 1.02067e+06-1.22481e+06 Count: 36
tcpxo-wb-0:157:741 [0] NCCL INFO Bucket 1.22481e+06-1.46977e+06 Count: 9
tcpxo-wb-0:157:741 [0] NCCL INFO Bucket 1.46977e+06-1.76373e+06 Count: 4
tcpxo-wb-0:157:741 [0] NCCL INFO Bucket 1.76373e+06-2.11647e+06 Count: 2
tcpxo-wb-0:157:741 [0] NCCL INFO Bucket 2.11647e+06-2.53977e+06 Count: 2
tcpxo-wb-0:157:741 [0] NCCL INFO Bucket 2.53977e+06-3.04772e+06 Count: 1
tcpxo-wb-0:157:741 [0] NCCL INFO Bucket 3.04772e+06-3.65726e+06 Count: 5
tcpxo-wb-0:157:741 [0] NCCL INFO Bucket 3.65726e+06-4.38871e+06 Count: 0
tcpxo-wb-0:157:741 [0] NCCL INFO Bucket 4.38871e+06-5.26646e+06 Count: 2
tcpxo-wb-0:157:741 [0] NCCL INFO Bucket 5.26646e+06-6.31975e+06 Count: 0
tcpxo-wb-0:157:741 [0] NCCL INFO Bucket 6.31975e+06-7.5837e+06 Count: 2
tcpxo-wb-0:157:741 [0] NCCL INFO Bucket 7.5837e+06-9.10044e+06 Count: 0
tcpxo-wb-0:157:741 [0] NCCL INFO Bucket 9.10044e+06-1.09205e+07 Count: 3
tcpxo-wb-0:157:741 [0] NCCL INFO NET/FasTrak 2026-08-02T13:31:22.295982577+00:00: DeregMr host memory for 0x78af6c067390 data:0x31d7e00000 size:524288.
tcpxo-wb-0:157:741 [0] NCCL INFO NET/FasTrak 2026-08-02T13:31:22.295985863+00:00: DeregMr[netdev=0] CUDA memory for comm 0x78af6c067390 with handle:8653318625366216362 data:0x31d7000000 size:4915200.
tcpxo-wb-0:157:741 [0] NCCL INFO NET/FasTrak 2026-08-02T13:31:22.29667563+00:00: DeregMr[netdev=0] CUDA memory for comm 0x78af6c067390 with handle:8653318625366213097 data:0x31d74b0000 size:8388608.
tcpxo-wb-0:157:741 [0] NCCL INFO NET/FasTrak 2026-08-02T13:31:22.298431887+00:00: Closing Send comm 0x78af6c067390
tcpxo-wb-0:157:741 [0] NCCL INFO NET/FasTrak 2026-08-02T13:31:22.29843747+00:00: COMM STATS:
tcpxo-wb-0:157:741 [0] NCCL INFO request/offload_scheduled: 6060
tcpxo-wb-0:157:741 [0] NCCL INFO request/offload_completed: 6060
tcpxo-wb-0:157:741 [0] NCCL INFO request/offload_backlog_curr: 0
tcpxo-wb-0:157:741 [0] NCCL INFO request/offload_backlog_peak: 7
tcpxo-wb-0:157:741 [0] NCCL INFO request/offload_size_distribution:
tcpxo-wb-0:157:741 [0] NCCL INFO Min: 10240
tcpxo-wb-0:157:741 [0] NCCL INFO Max: 1.04858e+06
tcpxo-wb-0:157:741 [0] NCCL INFO Avg: 504862
tcpxo-wb-0:157:741 [0] NCCL INFO Bucket 0-10192.2 Count: 0
tcpxo-wb-0:157:741 [0] NCCL INFO Bucket 10192.2-12230.6 Count: 20
tcpxo-wb-0:157:741 [0] NCCL INFO Bucket 12230.6-14676.7 Count: 20
tcpxo-wb-0:157:741 [0] NCCL INFO Bucket 14676.7-17612.1 Count: 20
tcpxo-wb-0:157:741 [0] NCCL INFO Bucket 17612.1-21134.5 Count: 260
tcpxo-wb-0:157:741 [0] NCCL INFO Bucket 21134.5-25361.4 Count: 20
tcpxo-wb-0:157:741 [0] NCCL INFO Bucket 25361.4-30433.6 Count: 0
tcpxo-wb-0:157:741 [0] NCCL INFO Bucket 30433.6-36520.3 Count: 20
tcpxo-wb-0:157:741 [0] NCCL INFO Bucket 36520.3-43824.4 Count: 140
tcpxo-wb-0:157:741 [0] NCCL INFO Bucket 43824.4-52589.3 Count: 0
tcpxo-wb-0:157:741 [0] NCCL INFO Bucket 52589.3-63107.2 Count: 20
tcpxo-wb-0:157:741 [0] NCCL INFO Bucket 63107.2-75728.6 Count: 80
tcpxo-wb-0:157:741 [0] NCCL INFO Bucket 75728.6-90874.3 Count: 420
tcpxo-wb-0:157:741 [0] NCCL INFO Bucket 90874.3-130859 Count: 0
tcpxo-wb-0:157:741 [0] NCCL INFO Bucket 130859-157031 Count: 2480
tcpxo-wb-0:157:741 [0] NCCL INFO Bucket 157031-972293 Count: 0
tcpxo-wb-0:157:741 [0] NCCL INFO Bucket 972293-1.16675e+06 Count: 2560
tcpxo-wb-0:157:741 [0] NCCL INFO Bucket 1.16675e+06-2.41938e+06 Count: 0
tcpxo-wb-0:157:741 [0] NCCL INFO request/offload_duration_distribution:
tcpxo-wb-0:157:741 [0] NCCL INFO Min: 25404
tcpxo-wb-0:157:741 [0] NCCL INFO Max: 845063
tcpxo-wb-0:157:741 [0] NCCL INFO Avg: 327955
tcpxo-wb-0:157:741 [0] NCCL INFO Bucket 0-24883.2 Count: 0
tcpxo-wb-0:157:741 [0] NCCL INFO Bucket 24883.2-29859.8 Count: 201
tcpxo-wb-0:157:741 [0] NCCL INFO Bucket 29859.8-35831.8 Count: 263
tcpxo-wb-0:157:741 [0] NCCL INFO Bucket 35831.8-42998.2 Count: 229
tcpxo-wb-0:157:741 [0] NCCL INFO Bucket 42998.2-51597.8 Count: 145
tcpxo-wb-0:157:741 [0] NCCL INFO Bucket 51597.8-61917.4 Count: 152
tcpxo-wb-0:157:741 [0] NCCL INFO Bucket 61917.4-74300.8 Count: 164
tcpxo-wb-0:157:741 [0] NCCL INFO Bucket 74300.8-89161 Count: 180
tcpxo-wb-0:157:741 [0] NCCL INFO Bucket 89161-106993 Count: 273
tcpxo-wb-0:157:741 [0] NCCL INFO Bucket 106993-128392 Count: 270
tcpxo-wb-0:157:741 [0] NCCL INFO Bucket 128392-154070 Count: 295
tcpxo-wb-0:157:741 [0] NCCL INFO Bucket 154070-184884 Count: 318
tcpxo-wb-0:157:741 [0] NCCL INFO Bucket 184884-221861 Count: 297
tcpxo-wb-0:157:741 [0] NCCL INFO Bucket 221861-266233 Count: 317
tcpxo-wb-0:157:741 [0] NCCL INFO Bucket 266233-319480 Count: 310
tcpxo-wb-0:157:741 [0] NCCL INFO Bucket 319480-383376 Count: 262
tcpxo-wb-0:157:741 [0] NCCL INFO Bucket 383376-460051 Count: 131
tcpxo-wb-0:157:741 [0] NCCL INFO Bucket 460051-552061 Count: 208
tcpxo-wb-0:157:741 [0] NCCL INFO Bucket 552061-662474 Count: 1628
tcpxo-wb-0:157:741 [0] NCCL INFO Bucket 662474-794968 Count: 411
tcpxo-wb-0:157:741 [0] NCCL INFO Bucket 794968-953962 Count: 6
tcpxo-wb-0:157:741 [0] NCCL INFO Bucket 953962-1.02067e+07 Count: 0
tcpxo-wb-0:157:741 [0] NCCL INFO request/unpack_duration_distribution:
tcpxo-wb-0:157:741 [0] NCCL INFO Bucket 0-1.09205e+07 Count: 0
tcpxo-wb-0:157:741 [0] NCCL INFO request/offload_complete_age_distribution:
tcpxo-wb-0:157:741 [0] NCCL INFO Min: 73
tcpxo-wb-0:157:741 [0] NCCL INFO Max: 220646
tcpxo-wb-0:157:741 [0] NCCL INFO Avg: 9660.37
tcpxo-wb-0:157:741 [0] NCCL INFO Bucket 0-100 Count: 441
tcpxo-wb-0:157:741 [0] NCCL INFO Bucket 100-120 Count: 172
tcpxo-wb-0:157:741 [0] NCCL INFO Bucket 120-144 Count: 24
tcpxo-wb-0:157:741 [0] NCCL INFO Bucket 144-172.8 Count: 4
tcpxo-wb-0:157:741 [0] NCCL INFO Bucket 172.8-207.36 Count: 3
tcpxo-wb-0:157:741 [0] NCCL INFO Bucket 207.36-248.832 Count: 220
tcpxo-wb-0:157:741 [0] NCCL INFO Bucket 248.832-298.598 Count: 458
tcpxo-wb-0:157:741 [0] NCCL INFO Bucket 298.598-358.318 Count: 250
tcpxo-wb-0:157:741 [0] NCCL INFO Bucket 358.318-429.982 Count: 693
tcpxo-wb-0:157:741 [0] NCCL INFO Bucket 429.982-515.978 Count: 192
tcpxo-wb-0:157:741 [0] NCCL INFO Bucket 515.978-619.174 Count: 97
tcpxo-wb-0:157:741 [0] NCCL INFO Bucket 619.174-743.008 Count: 198
tcpxo-wb-0:157:741 [0] NCCL INFO Bucket 743.008-891.61 Count: 283
tcpxo-wb-0:157:741 [0] NCCL INFO Bucket 891.61-1069.93 Count: 97
tcpxo-wb-0:157:741 [0] NCCL INFO Bucket 1069.93-1283.92 Count: 84
tcpxo-wb-0:157:741 [0] NCCL INFO Bucket 1283.92-1540.7 Count: 97
tcpxo-wb-0:157:741 [0] NCCL INFO Bucket 1540.7-1848.84 Count: 100
tcpxo-wb-0:157:741 [0] NCCL INFO Bucket 1848.84-2218.61 Count: 127
tcpxo-wb-0:157:741 [0] NCCL INFO Bucket 2218.61-2662.33 Count: 133
tcpxo-wb-0:157:741 [0] NCCL INFO Bucket 2662.33-3194.8 Count: 169
tcpxo-wb-0:157:741 [0] NCCL INFO Bucket 3194.8-3833.76 Count: 189
tcpxo-wb-0:157:741 [0] NCCL INFO Bucket 3833.76-4600.51 Count: 198
tcpxo-wb-0:157:741 [0] NCCL INFO Bucket 4600.51-5520.61 Count: 229
tcpxo-wb-0:157:741 [0] NCCL INFO Bucket 5520.61-6624.74 Count: 225
tcpxo-wb-0:157:741 [0] NCCL INFO Bucket 6624.74-7949.68 Count: 189
tcpxo-wb-0:157:741 [0] NCCL INFO Bucket 7949.68-9539.62 Count: 107
tcpxo-wb-0:157:741 [0] NCCL INFO Bucket 9539.62-11447.5 Count: 91
tcpxo-wb-0:157:741 [0] NCCL INFO Bucket 11447.5-13737.1 Count: 104
tcpxo-wb-0:157:741 [0] NCCL INFO Bucket 13737.1-16484.5 Count: 76
tcpxo-wb-0:157:741 [0] NCCL INFO Bucket 16484.5-19781.4 Count: 78
tcpxo-wb-0:157:741 [0] NCCL INFO Bucket 19781.4-23737.6 Count: 50
tcpxo-wb-0:157:741 [0] NCCL INFO Bucket 23737.6-28485.2 Count: 62
tcpxo-wb-0:157:741 [0] NCCL INFO Bucket 28485.2-34182.2 Count: 66
tcpxo-wb-0:157:741 [0] NCCL INFO Bucket 34182.2-41018.6 Count: 63
tcpxo-wb-0:157:741 [0] NCCL INFO Bucket 41018.6-49222.4 Count: 70
tcpxo-wb-0:157:741 [0] NCCL INFO Bucket 49222.4-59066.8 Count: 421
tcpxo-wb-0:157:741 [0] NCCL INFO request/unpack_num_iovs_distribution:
tcpxo-wb-0:157:741 [0] NCCL INFO Bucket 0-2116.47 Count: 0
tcpxo-wb-0:157:741 [0] NCCL INFO request/offload_interval_distribution:
tcpxo-wb-0:157:741 [0] NCCL INFO Min: 867
tcpxo-wb-0:157:741 [0] NCCL INFO Max: 3.79602e+08
tcpxo-wb-0:157:741 [0] NCCL INFO Avg: 207330
tcpxo-wb-0:157:741 [0] NCCL INFO Bucket 0-1000 Count: 8
tcpxo-wb-0:157:741 [0] NCCL INFO Bucket 1000-1200 Count: 4
tcpxo-wb-0:157:741 [0] NCCL INFO Bucket 1200-1440 Count: 2
tcpxo-wb-0:157:741 [0] NCCL INFO Bucket 1440-1728 Count: 2
tcpxo-wb-0:157:741 [0] NCCL INFO Bucket 1728-2073.6 Count: 2
tcpxo-wb-0:157:741 [0] NCCL INFO Bucket 2073.6-2488.32 Count: 0
tcpxo-wb-0:157:741 [0] NCCL INFO Bucket 2488.32-2985.98 Count: 8
tcpxo-wb-0:157:741 [0] NCCL INFO Bucket 2985.98-3583.18 Count: 155
tcpxo-wb-0:157:741 [0] NCCL INFO Bucket 3583.18-4299.82 Count: 77
tcpxo-wb-0:157:741 [0] NCCL INFO Bucket 4299.82-5159.78 Count: 120
tcpxo-wb-0:157:741 [0] NCCL INFO Bucket 5159.78-6191.74 Count: 110
tcpxo-wb-0:157:741 [0] NCCL INFO Bucket 6191.74-7430.08 Count: 215
tcpxo-wb-0:157:741 [0] NCCL INFO Bucket 7430.08-8916.1 Count: 57
tcpxo-wb-0:157:741 [0] NCCL INFO Bucket 8916.1-10699.3 Count: 8
tcpxo-wb-0:157:741 [0] NCCL INFO Bucket 10699.3-12839.2 Count: 10
tcpxo-wb-0:157:741 [0] NCCL INFO Bucket 12839.2-15407 Count: 8
tcpxo-wb-0:157:741 [0] NCCL INFO Bucket 15407-18488.4 Count: 19
tcpxo-wb-0:157:741 [0] NCCL INFO Bucket 18488.4-22186.1 Count: 62
tcpxo-wb-0:157:741 [0] NCCL INFO Bucket 22186.1-26623.3 Count: 132
tcpxo-wb-0:157:741 [0] NCCL INFO Bucket 26623.3-31948 Count: 160
tcpxo-wb-0:157:741 [0] NCCL INFO Bucket 31948-38337.6 Count: 274
tcpxo-wb-0:157:741 [0] NCCL INFO Bucket 38337.6-46005.1 Count: 470
tcpxo-wb-0:157:741 [0] NCCL INFO Bucket 46005.1-55206.1 Count: 509
tcpxo-wb-0:157:741 [0] NCCL INFO Bucket 55206.1-66247.4 Count: 712
tcpxo-wb-0:157:741 [0] NCCL INFO Bucket 66247.4-79496.8 Count: 709
tcpxo-wb-0:157:741 [0] NCCL INFO Bucket 79496.8-95396.2 Count: 600
tcpxo-wb-0:157:741 [0] NCCL INFO Bucket 95396.2-114475 Count: 488
tcpxo-wb-0:157:741 [0] NCCL INFO Bucket 114475-137371 Count: 383
tcpxo-wb-0:157:741 [0] NCCL INFO Bucket 137371-164845 Count: 291
tcpxo-wb-0:157:741 [0] NCCL INFO Bucket 164845-197814 Count: 140
tcpxo-wb-0:157:741 [0] NCCL INFO Bucket 197814-237376 Count: 95
tcpxo-wb-0:157:741 [0] NCCL INFO Bucket 237376-284852 Count: 44
tcpxo-wb-0:157:741 [0] NCCL INFO Bucket 284852-341822 Count: 34
tcpxo-wb-0:157:741 [0] NCCL INFO Bucket 341822-410186 Count: 27
tcpxo-wb-0:157:741 [0] NCCL INFO Bucket 410186-492224 Count: 11
tcpxo-wb-0:157:741 [0] NCCL INFO Bucket 492224-590668 Count: 15
tcpxo-wb-0:157:741 [0] NCCL INFO Bucket 590668-708802 Count: 9
tcpxo-wb-0:157:741 [0] NCCL INFO Bucket 708802-850562 Count: 15
tcpxo-wb-0:157:741 [0] NCCL INFO Bucket 850562-1.02067e+06 Count: 15
tcpxo-wb-0:157:741 [0] NCCL INFO Bucket 1.02067e+06-1.22481e+06 Count: 11
tcpxo-wb-0:157:741 [0] NCCL INFO Bucket 1.22481e+06-1.46977e+06 Count: 11
tcpxo-wb-0:157:741 [0] NCCL INFO Bucket 1.46977e+06-1.76373e+06 Count: 2
tcpxo-wb-0:157:741 [0] NCCL INFO Bucket 1.76373e+06-2.11647e+06 Count: 22
tcpxo-wb-0:157:741 [0] NCCL INFO Bucket 2.11647e+06-2.53977e+06 Count: 5
tcpxo-wb-0:157:741 [0] NCCL INFO Bucket 2.53977e+06-3.04772e+06 Count: 1
tcpxo-wb-0:157:741 [0] NCCL INFO Bucket 3.04772e+06-3.65726e+06 Count: 2
tcpxo-wb-0:157:741 [0] NCCL INFO Bucket 3.65726e+06-4.38871e+06 Count: 0
tcpxo-wb-0:157:741 [0] NCCL INFO Bucket 4.38871e+06-5.26646e+06 Count: 2
tcpxo-wb-0:157:741 [0] NCCL INFO Bucket 5.26646e+06-6.31975e+06 Count: 0
tcpxo-wb-0:157:741 [0] NCCL INFO Bucket 6.31975e+06-7.5837e+06 Count: 1
tcpxo-wb-0:157:741 [0] NCCL INFO Bucket 7.5837e+06-9.10044e+06 Count: 0
tcpxo-wb-0:157:741 [0] NCCL INFO Bucket 9.10044e+06-1.09205e+07 Count: 3
tcpxo-wb-0:157:741 [0] NCCL INFO NET/FasTrak 2026-08-02T13:31:22.313409647+00:00: DeregMr[netdev=0] CUDA memory for comm 0x78af6c085270 with handle:8653318625366213146 data:0x3200e00000 size:524288.
tcpxo-wb-0:157:741 [0] NCCL INFO NET/FasTrak 2026-08-02T13:31:22.313806844+00:00: DeregMr[netdev=0] CUDA memory for comm 0x78af6c085270 with handle:8653318625366213977 data:0x3200e80000 size:4915200.
tcpxo-wb-0:157:741 [0] NCCL INFO NET/FasTrak 2026-08-02T13:31:22.314847501+00:00: DeregMr[netdev=0] CUDA memory for comm 0x78af6c085270 with handle:8653318625366214808 data:0x3201330000 size:8388608.
tcpxo-wb-0:157:741 [0] NCCL INFO NET/FasTrak 2026-08-02T13:31:22.316236169+00:00: Closing Recv comm 0x78af6c085270
tcpxo-wb-0:157:741 [0] NCCL INFO NET/FasTrak 2026-08-02T13:31:22.316242961+00:00: COMM STATS:
tcpxo-wb-0:157:741 [0] NCCL INFO request/offload_scheduled: 2560
tcpxo-wb-0:157:741 [0] NCCL INFO request/offload_completed: 2560
tcpxo-wb-0:157:741 [0] NCCL INFO request/offload_backlog_curr: 0
tcpxo-wb-0:157:741 [0] NCCL INFO request/offload_backlog_peak: 7
tcpxo-wb-0:157:741 [0] NCCL INFO request/offload_size_distribution:
tcpxo-wb-0:157:741 [0] NCCL INFO Min: 65536
tcpxo-wb-0:157:741 [0] NCCL INFO Max: 131072
tcpxo-wb-0:157:741 [0] NCCL INFO Avg: 129024
tcpxo-wb-0:157:741 [0] NCCL INFO Bucket 0-63107.2 Count: 0
tcpxo-wb-0:157:741 [0] NCCL INFO Bucket 63107.2-75728.6 Count: 80
tcpxo-wb-0:157:741 [0] NCCL INFO Bucket 75728.6-130859 Count: 0
tcpxo-wb-0:157:741 [0] NCCL INFO Bucket 130859-157031 Count: 2480
tcpxo-wb-0:157:741 [0] NCCL INFO Bucket 157031-2.41938e+06 Count: 0
tcpxo-wb-0:157:741 [0] NCCL INFO request/offload_duration_distribution:
tcpxo-wb-0:157:741 [0] NCCL INFO Min: 65043
tcpxo-wb-0:157:741 [0] NCCL INFO Max: 4.24638e+06
tcpxo-wb-0:157:741 [0] NCCL INFO Avg: 771002
tcpxo-wb-0:157:741 [0] NCCL INFO Bucket 0-61917.4 Count: 0
tcpxo-wb-0:157:741 [0] NCCL INFO Bucket 61917.4-74300.8 Count: 9
tcpxo-wb-0:157:741 [0] NCCL INFO Bucket 74300.8-89161 Count: 8
tcpxo-wb-0:157:741 [0] NCCL INFO Bucket 89161-106993 Count: 12
tcpxo-wb-0:157:741 [0] NCCL INFO Bucket 106993-128392 Count: 22
tcpxo-wb-0:157:741 [0] NCCL INFO Bucket 128392-154070 Count: 22
tcpxo-wb-0:157:741 [0] NCCL INFO Bucket 154070-184884 Count: 27
tcpxo-wb-0:157:741 [0] NCCL INFO Bucket 184884-221861 Count: 63
tcpxo-wb-0:157:741 [0] NCCL INFO Bucket 221861-266233 Count: 70
tcpxo-wb-0:157:741 [0] NCCL INFO Bucket 266233-319480 Count: 144
tcpxo-wb-0:157:741 [0] NCCL INFO Bucket 319480-383376 Count: 203
tcpxo-wb-0:157:741 [0] NCCL INFO Bucket 383376-460051 Count: 216
tcpxo-wb-0:157:741 [0] NCCL INFO Bucket 460051-552061 Count: 290
tcpxo-wb-0:157:741 [0] NCCL INFO Bucket 552061-662474 Count: 316
tcpxo-wb-0:157:741 [0] NCCL INFO Bucket 662474-794968 Count: 269
tcpxo-wb-0:157:741 [0] NCCL INFO Bucket 794968-953962 Count: 214
tcpxo-wb-0:157:741 [0] NCCL INFO Bucket 953962-1.14475e+06 Count: 201
tcpxo-wb-0:157:741 [0] NCCL INFO Bucket 1.14475e+06-1.37371e+06 Count: 122
tcpxo-wb-0:157:741 [0] NCCL INFO Bucket 1.37371e+06-1.64845e+06 Count: 140
tcpxo-wb-0:157:741 [0] NCCL INFO Bucket 1.64845e+06-1.97814e+06 Count: 121
tcpxo-wb-0:157:741 [0] NCCL INFO Bucket 1.97814e+06-2.37376e+06 Count: 66
tcpxo-wb-0:157:741 [0] NCCL INFO Bucket 2.37376e+06-2.84852e+06 Count: 13
tcpxo-wb-0:157:741 [0] NCCL INFO Bucket 2.84852e+06-3.41822e+06 Count: 6
tcpxo-wb-0:157:741 [0] NCCL INFO Bucket 3.41822e+06-4.10186e+06 Count: 2
tcpxo-wb-0:157:741 [0] NCCL INFO Bucket 4.10186e+06-4.92224e+06 Count: 4
tcpxo-wb-0:157:741 [0] NCCL INFO Bucket 4.92224e+06-1.02067e+07 Count: 0
tcpxo-wb-0:157:741 [0] NCCL INFO request/unpack_duration_distribution:
tcpxo-wb-0:157:741 [0] NCCL INFO Bucket 0-1.09205e+07 Count: 0
tcpxo-wb-0:157:741 [0] NCCL INFO request/offload_complete_age_distribution:
tcpxo-wb-0:157:741 [0] NCCL INFO Min: 91
tcpxo-wb-0:157:741 [0] NCCL INFO Max: 910113
tcpxo-wb-0:157:741 [0] NCCL INFO Avg: 78900.7
tcpxo-wb-0:157:741 [0] NCCL INFO Bucket 0-100 Count: 7
tcpxo-wb-0:157:741 [0] NCCL INFO Bucket 100-120 Count: 35
tcpxo-wb-0:157:741 [0] NCCL INFO Bucket 120-144 Count: 9
tcpxo-wb-0:157:741 [0] NCCL INFO Bucket 144-172.8 Count: 1
tcpxo-wb-0:157:741 [0] NCCL INFO Bucket 172.8-207.36 Count: 0
tcpxo-wb-0:157:741 [0] NCCL INFO Bucket 207.36-248.832 Count: 4
tcpxo-wb-0:157:741 [0] NCCL INFO Bucket 248.832-298.598 Count: 32
tcpxo-wb-0:157:741 [0] NCCL INFO Bucket 298.598-358.318 Count: 17
tcpxo-wb-0:157:741 [0] NCCL INFO Bucket 358.318-429.982 Count: 25
tcpxo-wb-0:157:741 [0] NCCL INFO Bucket 429.982-515.978 Count: 26
tcpxo-wb-0:157:741 [0] NCCL INFO Bucket 515.978-619.174 Count: 25
tcpxo-wb-0:157:741 [0] NCCL INFO Bucket 619.174-743.008 Count: 32
tcpxo-wb-0:157:741 [0] NCCL INFO Bucket 743.008-891.61 Count: 25
tcpxo-wb-0:157:741 [0] NCCL INFO Bucket 891.61-1069.93 Count: 42
tcpxo-wb-0:157:741 [0] NCCL INFO Bucket 1069.93-1283.92 Count: 71
tcpxo-wb-0:157:741 [0] NCCL INFO Bucket 1283.92-1540.7 Count: 70
tcpxo-wb-0:157:741 [0] NCCL INFO Bucket 1540.7-1848.84 Count: 60
tcpxo-wb-0:157:741 [0] NCCL INFO Bucket 1848.84-2218.61 Count: 114
tcpxo-wb-0:157:741 [0] NCCL INFO Bucket 2218.61-2662.33 Count: 119
tcpxo-wb-0:157:741 [0] NCCL INFO Bucket 2662.33-3194.8 Count: 128
tcpxo-wb-0:157:741 [0] NCCL INFO Bucket 3194.8-3833.76 Count: 140
tcpxo-wb-0:157:741 [0] NCCL INFO Bucket 3833.76-4600.51 Count: 133
tcpxo-wb-0:157:741 [0] NCCL INFO Bucket 4600.51-5520.61 Count: 149
tcpxo-wb-0:157:741 [0] NCCL INFO Bucket 5520.61-6624.74 Count: 152
tcpxo-wb-0:157:741 [0] NCCL INFO Bucket 6624.74-7949.68 Count: 118
tcpxo-wb-0:157:741 [0] NCCL INFO Bucket 7949.68-9539.62 Count: 72
tcpxo-wb-0:157:741 [0] NCCL INFO Bucket 9539.62-11447.5 Count: 35
tcpxo-wb-0:157:741 [0] NCCL INFO Bucket 11447.5-13737.1 Count: 31
tcpxo-wb-0:157:741 [0] NCCL INFO Bucket 13737.1-16484.5 Count: 26
tcpxo-wb-0:157:741 [0] NCCL INFO Bucket 16484.5-19781.4 Count: 19
tcpxo-wb-0:157:741 [0] NCCL INFO Bucket 19781.4-23737.6 Count: 13
tcpxo-wb-0:157:741 [0] NCCL INFO Bucket 23737.6-28485.2 Count: 16
tcpxo-wb-0:157:741 [0] NCCL INFO Bucket 28485.2-34182.2 Count: 22
tcpxo-wb-0:157:741 [0] NCCL INFO Bucket 34182.2-41018.6 Count: 28
tcpxo-wb-0:157:741 [0] NCCL INFO Bucket 41018.6-49222.4 Count: 20
tcpxo-wb-0:157:741 [0] NCCL INFO Bucket 49222.4-59066.8 Count: 744
tcpxo-wb-0:157:741 [0] NCCL INFO request/unpack_num_iovs_distribution:
tcpxo-wb-0:157:741 [0] NCCL INFO Bucket 0-2116.47 Count: 0
tcpxo-wb-0:157:741 [0] NCCL INFO request/offload_interval_distribution:
tcpxo-wb-0:157:741 [0] NCCL INFO Min: 2256
tcpxo-wb-0:157:741 [0] NCCL INFO Max: 1.37671e+08
tcpxo-wb-0:157:741 [0] NCCL INFO Avg: 174561
tcpxo-wb-0:157:741 [0] NCCL INFO Bucket 0-2073.6 Count: 0
tcpxo-wb-0:157:741 [0] NCCL INFO Bucket 2073.6-2488.32 Count: 3
tcpxo-wb-0:157:741 [0] NCCL INFO Bucket 2488.32-2985.98 Count: 34
tcpxo-wb-0:157:741 [0] NCCL INFO Bucket 2985.98-3583.18 Count: 117
tcpxo-wb-0:157:741 [0] NCCL INFO Bucket 3583.18-4299.82 Count: 180
tcpxo-wb-0:157:741 [0] NCCL INFO Bucket 4299.82-5159.78 Count: 152
tcpxo-wb-0:157:741 [0] NCCL INFO Bucket 5159.78-6191.74 Count: 94
tcpxo-wb-0:157:741 [0] NCCL INFO Bucket 6191.74-7430.08 Count: 48
tcpxo-wb-0:157:741 [0] NCCL INFO Bucket 7430.08-8916.1 Count: 28
tcpxo-wb-0:157:741 [0] NCCL INFO Bucket 8916.1-10699.3 Count: 17
tcpxo-wb-0:157:741 [0] NCCL INFO Bucket 10699.3-12839.2 Count: 94
tcpxo-wb-0:157:741 [0] NCCL INFO Bucket 12839.2-15407 Count: 169
tcpxo-wb-0:157:741 [0] NCCL INFO Bucket 15407-18488.4 Count: 231
tcpxo-wb-0:157:741 [0] NCCL INFO Bucket 18488.4-22186.1 Count: 152
tcpxo-wb-0:157:741 [0] NCCL INFO Bucket 22186.1-26623.3 Count: 85
tcpxo-wb-0:157:741 [0] NCCL INFO Bucket 26623.3-31948 Count: 24
tcpxo-wb-0:157:741 [0] NCCL INFO Bucket 31948-38337.6 Count: 25
tcpxo-wb-0:157:741 [0] NCCL INFO Bucket 38337.6-46005.1 Count: 39
tcpxo-wb-0:157:741 [0] NCCL INFO Bucket 46005.1-55206.1 Count: 57
tcpxo-wb-0:157:741 [0] NCCL INFO Bucket 55206.1-66247.4 Count: 69
tcpxo-wb-0:157:741 [0] NCCL INFO Bucket 66247.4-79496.8 Count: 64
tcpxo-wb-0:157:741 [0] NCCL INFO Bucket 79496.8-95396.2 Count: 72
tcpxo-wb-0:157:741 [0] NCCL INFO Bucket 95396.2-114475 Count: 86
tcpxo-wb-0:157:741 [0] NCCL INFO Bucket 114475-137371 Count: 100
tcpxo-wb-0:157:741 [0] NCCL INFO Bucket 137371-164845 Count: 84
tcpxo-wb-0:157:741 [0] NCCL INFO Bucket 164845-197814 Count: 78
tcpxo-wb-0:157:741 [0] NCCL INFO Bucket 197814-237376 Count: 79
tcpxo-wb-0:157:741 [0] NCCL INFO Bucket 237376-284852 Count: 78
tcpxo-wb-0:157:741 [0] NCCL INFO Bucket 284852-341822 Count: 74
tcpxo-wb-0:157:741 [0] NCCL INFO Bucket 341822-410186 Count: 64
tcpxo-wb-0:157:741 [0] NCCL INFO Bucket 410186-492224 Count: 38
tcpxo-wb-0:157:741 [0] NCCL INFO Bucket 492224-590668 Count: 14
tcpxo-wb-0:157:741 [0] NCCL INFO Bucket 590668-708802 Count: 35
tcpxo-wb-0:157:741 [0] NCCL INFO Bucket 708802-850562 Count: 20
tcpxo-wb-0:157:741 [0] NCCL INFO Bucket 850562-1.02067e+06 Count: 23
tcpxo-wb-0:157:741 [0] NCCL INFO Bucket 1.02067e+06-1.22481e+06 Count: 16
tcpxo-wb-0:157:741 [0] NCCL INFO Bucket 1.22481e+06-1.46977e+06 Count: 6
tcpxo-wb-0:157:741 [0] NCCL INFO Bucket 1.46977e+06-1.76373e+06 Count: 1
tcpxo-wb-0:157:741 [0] NCCL INFO Bucket 1.76373e+06-2.11647e+06 Count: 2
tcpxo-wb-0:157:741 [0] NCCL INFO Bucket 2.11647e+06-2.53977e+06 Count: 1
tcpxo-wb-0:157:741 [0] NCCL INFO Bucket 2.53977e+06-3.04772e+06 Count: 2
tcpxo-wb-0:157:741 [0] NCCL INFO Bucket 3.04772e+06-3.65726e+06 Count: 1
tcpxo-wb-0:157:741 [0] NCCL INFO Bucket 3.65726e+06-4.38871e+06 Count: 2
tcpxo-wb-0:157:741 [0] NCCL INFO Bucket 4.38871e+06-5.26646e+06 Count: 1
tcpxo-wb-0:157:741 [0] NCCL INFO Bucket 5.26646e+06-9.10044e+06 Count: 0
tcpxo-wb-0:157:741 [0] NCCL INFO Bucket 9.10044e+06-1.09205e+07 Count: 1
tcpxo-wb-0:157:741 [0] NCCL INFO NET/FasTrak 2026-08-02T13:31:22.316363334+00:00: DeregMr[netdev=0] CUDA memory for comm 0x78af6c088730 with handle:8653318625366215639 data:0x3202000000 size:524288.
tcpxo-wb-0:157:741 [0] NCCL INFO NET/FasTrak 2026-08-02T13:31:22.317006439+00:00: DeregMr[netdev=0] CUDA memory for comm 0x78af6c088730 with handle:8653318625366216470 data:0x3202080000 size:4915200.
tcpxo-wb-0:157:741 [0] NCCL INFO NET/FasTrak 2026-08-02T13:31:22.318074051+00:00: DeregMr[netdev=0] CUDA memory for comm 0x78af6c088730 with handle:8653318625366213205 data:0x3202530000 size:8388608.
tcpxo-wb-0:157:741 [0] NCCL INFO NET/FasTrak 2026-08-02T13:31:22.319412351+00:00: Closing Recv comm 0x78af6c088730
tcpxo-wb-0:157:741 [0] NCCL INFO NET/FasTrak 2026-08-02T13:31:22.319418591+00:00: COMM STATS:
tcpxo-wb-0:157:741 [0] NCCL INFO request/offload_scheduled: 2560
tcpxo-wb-0:157:741 [0] NCCL INFO request/offload_completed: 2560
tcpxo-wb-0:157:741 [0] NCCL INFO request/offload_backlog_curr: 0
tcpxo-wb-0:157:741 [0] NCCL INFO request/offload_backlog_peak: 7
tcpxo-wb-0:157:741 [0] NCCL INFO request/offload_size_distribution:
tcpxo-wb-0:157:741 [0] NCCL INFO Min: 65536
tcpxo-wb-0:157:741 [0] NCCL INFO Max: 131072
tcpxo-wb-0:157:741 [0] NCCL INFO Avg: 129024
tcpxo-wb-0:157:741 [0] NCCL INFO Bucket 0-63107.2 Count: 0
tcpxo-wb-0:157:741 [0] NCCL INFO Bucket 63107.2-75728.6 Count: 80
tcpxo-wb-0:157:741 [0] NCCL INFO Bucket 75728.6-130859 Count: 0
tcpxo-wb-0:157:741 [0] NCCL INFO Bucket 130859-157031 Count: 2480
tcpxo-wb-0:157:741 [0] NCCL INFO Bucket 157031-2.41938e+06 Count: 0
tcpxo-wb-0:157:741 [0] NCCL INFO request/offload_duration_distribution:
tcpxo-wb-0:157:741 [0] NCCL INFO Min: 58527
tcpxo-wb-0:157:741 [0] NCCL INFO Max: 3.10462e+06
tcpxo-wb-0:157:741 [0] NCCL INFO Avg: 534143
tcpxo-wb-0:157:741 [0] NCCL INFO Bucket 0-51597.8 Count: 0
tcpxo-wb-0:157:741 [0] NCCL INFO Bucket 51597.8-61917.4 Count: 1
tcpxo-wb-0:157:741 [0] NCCL INFO Bucket 61917.4-74300.8 Count: 1
tcpxo-wb-0:157:741 [0] NCCL INFO Bucket 74300.8-89161 Count: 3
tcpxo-wb-0:157:741 [0] NCCL INFO Bucket 89161-106993 Count: 4
tcpxo-wb-0:157:741 [0] NCCL INFO Bucket 106993-128392 Count: 13
tcpxo-wb-0:157:741 [0] NCCL INFO Bucket 128392-154070 Count: 21
tcpxo-wb-0:157:741 [0] NCCL INFO Bucket 154070-184884 Count: 39
tcpxo-wb-0:157:741 [0] NCCL INFO Bucket 184884-221861 Count: 88
tcpxo-wb-0:157:741 [0] NCCL INFO Bucket 221861-266233 Count: 258
tcpxo-wb-0:157:741 [0] NCCL INFO Bucket 266233-319480 Count: 487
tcpxo-wb-0:157:741 [0] NCCL INFO Bucket 319480-383376 Count: 427
tcpxo-wb-0:157:741 [0] NCCL INFO Bucket 383376-460051 Count: 285
tcpxo-wb-0:157:741 [0] NCCL INFO Bucket 460051-552061 Count: 181
tcpxo-wb-0:157:741 [0] NCCL INFO Bucket 552061-662474 Count: 131
tcpxo-wb-0:157:741 [0] NCCL INFO Bucket 662474-794968 Count: 120
tcpxo-wb-0:157:741 [0] NCCL INFO Bucket 794968-953962 Count: 128
tcpxo-wb-0:157:741 [0] NCCL INFO Bucket 953962-1.14475e+06 Count: 141
tcpxo-wb-0:157:741 [0] NCCL INFO Bucket 1.14475e+06-1.37371e+06 Count: 122
tcpxo-wb-0:157:741 [0] NCCL INFO Bucket 1.37371e+06-1.64845e+06 Count: 64
tcpxo-wb-0:157:741 [0] NCCL INFO Bucket 1.64845e+06-1.97814e+06 Count: 30
tcpxo-wb-0:157:741 [0] NCCL INFO Bucket 1.97814e+06-2.37376e+06 Count: 4
tcpxo-wb-0:157:741 [0] NCCL INFO Bucket 2.37376e+06-2.84852e+06 Count: 3
tcpxo-wb-0:157:741 [0] NCCL INFO Bucket 2.84852e+06-3.41822e+06 Count: 9
tcpxo-wb-0:157:741 [0] NCCL INFO Bucket 3.41822e+06-1.02067e+07 Count: 0
tcpxo-wb-0:157:741 [0] NCCL INFO request/unpack_duration_distribution:
tcpxo-wb-0:157:741 [0] NCCL INFO Bucket 0-1.09205e+07 Count: 0
tcpxo-wb-0:157:741 [0] NCCL INFO request/offload_complete_age_distribution:
tcpxo-wb-0:157:741 [0] NCCL INFO Min: 96
tcpxo-wb-0:157:741 [0] NCCL INFO Max: 472788
tcpxo-wb-0:157:741 [0] NCCL INFO Avg: 21815.9
tcpxo-wb-0:157:741 [0] NCCL INFO Bucket 0-100 Count: 2
tcpxo-wb-0:157:741 [0] NCCL INFO Bucket 100-120 Count: 54
tcpxo-wb-0:157:741 [0] NCCL INFO Bucket 120-144 Count: 5
tcpxo-wb-0:157:741 [0] NCCL INFO Bucket 144-172.8 Count: 1
tcpxo-wb-0:157:741 [0] NCCL INFO Bucket 172.8-207.36 Count: 0
tcpxo-wb-0:157:741 [0] NCCL INFO Bucket 207.36-248.832 Count: 3
tcpxo-wb-0:157:741 [0] NCCL INFO Bucket 248.832-298.598 Count: 49
tcpxo-wb-0:157:741 [0] NCCL INFO Bucket 298.598-358.318 Count: 9
tcpxo-wb-0:157:741 [0] NCCL INFO Bucket 358.318-429.982 Count: 30
tcpxo-wb-0:157:741 [0] NCCL INFO Bucket 429.982-515.978 Count: 34
tcpxo-wb-0:157:741 [0] NCCL INFO Bucket 515.978-619.174 Count: 25
tcpxo-wb-0:157:741 [0] NCCL INFO Bucket 619.174-743.008 Count: 30
tcpxo-wb-0:157:741 [0] NCCL INFO Bucket 743.008-891.61 Count: 26
tcpxo-wb-0:157:741 [0] NCCL INFO Bucket 891.61-1069.93 Count: 60
tcpxo-wb-0:157:741 [0] NCCL INFO Bucket 1069.93-1283.92 Count: 64
tcpxo-wb-0:157:741 [0] NCCL INFO Bucket 1283.92-1540.7 Count: 65
tcpxo-wb-0:157:741 [0] NCCL INFO Bucket 1540.7-1848.84 Count: 77
tcpxo-wb-0:157:741 [0] NCCL INFO Bucket 1848.84-2218.61 Count: 112
tcpxo-wb-0:157:741 [0] NCCL INFO Bucket 2218.61-2662.33 Count: 101
tcpxo-wb-0:157:741 [0] NCCL INFO Bucket 2662.33-3194.8 Count: 147
tcpxo-wb-0:157:741 [0] NCCL INFO Bucket 3194.8-3833.76 Count: 164
tcpxo-wb-0:157:741 [0] NCCL INFO Bucket 3833.76-4600.51 Count: 198
tcpxo-wb-0:157:741 [0] NCCL INFO Bucket 4600.51-5520.61 Count: 209
tcpxo-wb-0:157:741 [0] NCCL INFO Bucket 5520.61-6624.74 Count: 190
tcpxo-wb-0:157:741 [0] NCCL INFO Bucket 6624.74-7949.68 Count: 135
tcpxo-wb-0:157:741 [0] NCCL INFO Bucket 7949.68-9539.62 Count: 112
tcpxo-wb-0:157:741 [0] NCCL INFO Bucket 9539.62-11447.5 Count: 61
tcpxo-wb-0:157:741 [0] NCCL INFO Bucket 11447.5-13737.1 Count: 55
tcpxo-wb-0:157:741 [0] NCCL INFO Bucket 13737.1-16484.5 Count: 66
tcpxo-wb-0:157:741 [0] NCCL INFO Bucket 16484.5-19781.4 Count: 44
tcpxo-wb-0:157:741 [0] NCCL INFO Bucket 19781.4-23737.6 Count: 23
tcpxo-wb-0:157:741 [0] NCCL INFO Bucket 23737.6-28485.2 Count: 29
tcpxo-wb-0:157:741 [0] NCCL INFO Bucket 28485.2-34182.2 Count: 39
tcpxo-wb-0:157:741 [0] NCCL INFO Bucket 34182.2-41018.6 Count: 23
tcpxo-wb-0:157:741 [0] NCCL INFO Bucket 41018.6-49222.4 Count: 43
tcpxo-wb-0:157:741 [0] NCCL INFO Bucket 49222.4-59066.8 Count: 275
tcpxo-wb-0:157:741 [0] NCCL INFO request/unpack_num_iovs_distribution:
tcpxo-wb-0:157:741 [0] NCCL INFO Bucket 0-2116.47 Count: 0
tcpxo-wb-0:157:741 [0] NCCL INFO request/offload_interval_distribution:
tcpxo-wb-0:157:741 [0] NCCL INFO Min: 2417
tcpxo-wb-0:157:741 [0] NCCL INFO Max: 1.3763e+08
tcpxo-wb-0:157:741 [0] NCCL INFO Avg: 174227
tcpxo-wb-0:157:741 [0] NCCL INFO Bucket 0-2073.6 Count: 0
tcpxo-wb-0:157:741 [0] NCCL INFO Bucket 2073.6-2488.32 Count: 1
tcpxo-wb-0:157:741 [0] NCCL INFO Bucket 2488.32-2985.98 Count: 5
tcpxo-wb-0:157:741 [0] NCCL INFO Bucket 2985.98-3583.18 Count: 30
tcpxo-wb-0:157:741 [0] NCCL INFO Bucket 3583.18-4299.82 Count: 41
tcpxo-wb-0:157:741 [0] NCCL INFO Bucket 4299.82-5159.78 Count: 68
tcpxo-wb-0:157:741 [0] NCCL INFO Bucket 5159.78-6191.74 Count: 107
tcpxo-wb-0:157:741 [0] NCCL INFO Bucket 6191.74-7430.08 Count: 155
tcpxo-wb-0:157:741 [0] NCCL INFO Bucket 7430.08-8916.1 Count: 133
tcpxo-wb-0:157:741 [0] NCCL INFO Bucket 8916.1-10699.3 Count: 78
tcpxo-wb-0:157:741 [0] NCCL INFO Bucket 10699.3-12839.2 Count: 67
tcpxo-wb-0:157:741 [0] NCCL INFO Bucket 12839.2-15407 Count: 36
tcpxo-wb-0:157:741 [0] NCCL INFO Bucket 15407-18488.4 Count: 36
tcpxo-wb-0:157:741 [0] NCCL INFO Bucket 18488.4-22186.1 Count: 44
tcpxo-wb-0:157:741 [0] NCCL INFO Bucket 22186.1-26623.3 Count: 86
tcpxo-wb-0:157:741 [0] NCCL INFO Bucket 26623.3-31948 Count: 96
tcpxo-wb-0:157:741 [0] NCCL INFO Bucket 31948-38337.6 Count: 133
tcpxo-wb-0:157:741 [0] NCCL INFO Bucket 38337.6-46005.1 Count: 174
tcpxo-wb-0:157:741 [0] NCCL INFO Bucket 46005.1-55206.1 Count: 187
tcpxo-wb-0:157:741 [0] NCCL INFO Bucket 55206.1-66247.4 Count: 188
tcpxo-wb-0:157:741 [0] NCCL INFO Bucket 66247.4-79496.8 Count: 105
tcpxo-wb-0:157:741 [0] NCCL INFO Bucket 79496.8-95396.2 Count: 89
tcpxo-wb-0:157:741 [0] NCCL INFO Bucket 95396.2-114475 Count: 115
tcpxo-wb-0:157:741 [0] NCCL INFO Bucket 114475-137371 Count: 86
tcpxo-wb-0:157:741 [0] NCCL INFO Bucket 137371-164845 Count: 87
tcpxo-wb-0:157:741 [0] NCCL INFO Bucket 164845-197814 Count: 87
tcpxo-wb-0:157:741 [0] NCCL INFO Bucket 197814-237376 Count: 57
tcpxo-wb-0:157:741 [0] NCCL INFO Bucket 237376-284852 Count: 38
tcpxo-wb-0:157:741 [0] NCCL INFO Bucket 284852-341822 Count: 40
tcpxo-wb-0:157:741 [0] NCCL INFO Bucket 341822-410186 Count: 21
tcpxo-wb-0:157:741 [0] NCCL INFO Bucket 410186-492224 Count: 29
tcpxo-wb-0:157:741 [0] NCCL INFO Bucket 492224-590668 Count: 24
tcpxo-wb-0:157:741 [0] NCCL INFO Bucket 590668-708802 Count: 21
tcpxo-wb-0:157:741 [0] NCCL INFO Bucket 708802-850562 Count: 29
tcpxo-wb-0:157:741 [0] NCCL INFO Bucket 850562-1.02067e+06 Count: 27
tcpxo-wb-0:157:741 [0] NCCL INFO Bucket 1.02067e+06-1.22481e+06 Count: 17
tcpxo-wb-0:157:741 [0] NCCL INFO Bucket 1.22481e+06-1.46977e+06 Count: 9
tcpxo-wb-0:157:741 [0] NCCL INFO Bucket 1.46977e+06-1.76373e+06 Count: 2
tcpxo-wb-0:157:741 [0] NCCL INFO Bucket 1.76373e+06-2.11647e+06 Count: 3
tcpxo-wb-0:157:741 [0] NCCL INFO Bucket 2.11647e+06-2.53977e+06 Count: 2
tcpxo-wb-0:157:741 [0] NCCL INFO Bucket 2.53977e+06-3.04772e+06 Count: 2
tcpxo-wb-0:157:741 [0] NCCL INFO Bucket 3.04772e+06-3.65726e+06 Count: 1
tcpxo-wb-0:157:741 [0] NCCL INFO Bucket 3.65726e+06-4.38871e+06 Count: 0
tcpxo-wb-0:157:741 [0] NCCL INFO Bucket 4.38871e+06-5.26646e+06 Count: 3
tcpxo-wb-0:157:741 [0] NCCL INFO Bucket 5.26646e+06-9.10044e+06 Count: 0
tcpxo-wb-0:157:741 [0] NCCL INFO Bucket 9.10044e+06-1.09205e+07 Count: 1
tcpxo-wb-0:157:741 [0] NCCL INFO NET/FasTrak 2026-08-02T13:31:22.319516275+00:00: DeregMr[netdev=0] CUDA memory for comm 0x78af6c08bbf0 with handle:8653318625366214036 data:0x3202e00000 size:524288.
tcpxo-wb-0:157:741 [0] NCCL INFO NET/FasTrak 2026-08-02T13:31:22.320214374+00:00: DeregMr[netdev=0] CUDA memory for comm 0x78af6c08bbf0 with handle:8653318625366214867 data:0x3202e80000 size:4915200.
tcpxo-wb-0:157:741 [0] NCCL INFO NET/FasTrak 2026-08-02T13:31:22.321291828+00:00: DeregMr[netdev=0] CUDA memory for comm 0x78af6c08bbf0 with handle:8653318625366215698 data:0x3203330000 size:8388608.
tcpxo-wb-0:157:741 [0] NCCL INFO NET/FasTrak 2026-08-02T13:31:22.322603952+00:00: Closing Recv comm 0x78af6c08bbf0
tcpxo-wb-0:157:741 [0] NCCL INFO NET/FasTrak 2026-08-02T13:31:22.322610028+00:00: COMM STATS:
tcpxo-wb-0:157:741 [0] NCCL INFO request/offload_scheduled: 2560
tcpxo-wb-0:157:741 [0] NCCL INFO request/offload_completed: 2560
tcpxo-wb-0:157:741 [0] NCCL INFO request/offload_backlog_curr: 0
tcpxo-wb-0:157:741 [0] NCCL INFO request/offload_backlog_peak: 7
tcpxo-wb-0:157:741 [0] NCCL INFO request/offload_size_distribution:
tcpxo-wb-0:157:741 [0] NCCL INFO Min: 65536
tcpxo-wb-0:157:741 [0] NCCL INFO Max: 131072
tcpxo-wb-0:157:741 [0] NCCL INFO Avg: 129024
tcpxo-wb-0:157:741 [0] NCCL INFO Bucket 0-63107.2 Count: 0
tcpxo-wb-0:157:741 [0] NCCL INFO Bucket 63107.2-75728.6 Count: 80
tcpxo-wb-0:157:741 [0] NCCL INFO Bucket 75728.6-130859 Count: 0
tcpxo-wb-0:157:741 [0] NCCL INFO Bucket 130859-157031 Count: 2480
tcpxo-wb-0:157:741 [0] NCCL INFO Bucket 157031-2.41938e+06 Count: 0
tcpxo-wb-0:157:741 [0] NCCL INFO request/offload_duration_distribution:
tcpxo-wb-0:157:741 [0] NCCL INFO Min: 74945
tcpxo-wb-0:157:741 [0] NCCL INFO Max: 4.08344e+06
tcpxo-wb-0:157:741 [0] NCCL INFO Avg: 738375
tcpxo-wb-0:157:741 [0] NCCL INFO Bucket 0-74300.8 Count: 0
tcpxo-wb-0:157:741 [0] NCCL INFO Bucket 74300.8-89161 Count: 1
tcpxo-wb-0:157:741 [0] NCCL INFO Bucket 89161-106993 Count: 5
tcpxo-wb-0:157:741 [0] NCCL INFO Bucket 106993-128392 Count: 14
tcpxo-wb-0:157:741 [0] NCCL INFO Bucket 128392-154070 Count: 23
tcpxo-wb-0:157:741 [0] NCCL INFO Bucket 154070-184884 Count: 45
tcpxo-wb-0:157:741 [0] NCCL INFO Bucket 184884-221861 Count: 55
tcpxo-wb-0:157:741 [0] NCCL INFO Bucket 221861-266233 Count: 119
tcpxo-wb-0:157:741 [0] NCCL INFO Bucket 266233-319480 Count: 161
tcpxo-wb-0:157:741 [0] NCCL INFO Bucket 319480-383376 Count: 134
tcpxo-wb-0:157:741 [0] NCCL INFO Bucket 383376-460051 Count: 127
tcpxo-wb-0:157:741 [0] NCCL INFO Bucket 460051-552061 Count: 182
tcpxo-wb-0:157:741 [0] NCCL INFO Bucket 552061-662474 Count: 326
tcpxo-wb-0:157:741 [0] NCCL INFO Bucket 662474-794968 Count: 348
tcpxo-wb-0:157:741 [0] NCCL INFO Bucket 794968-953962 Count: 409
tcpxo-wb-0:157:741 [0] NCCL INFO Bucket 953962-1.14475e+06 Count: 279
tcpxo-wb-0:157:741 [0] NCCL INFO Bucket 1.14475e+06-1.37371e+06 Count: 169
tcpxo-wb-0:157:741 [0] NCCL INFO Bucket 1.37371e+06-1.64845e+06 Count: 80
tcpxo-wb-0:157:741 [0] NCCL INFO Bucket 1.64845e+06-1.97814e+06 Count: 57
tcpxo-wb-0:157:741 [0] NCCL INFO Bucket 1.97814e+06-2.37376e+06 Count: 13
tcpxo-wb-0:157:741 [0] NCCL INFO Bucket 2.37376e+06-2.84852e+06 Count: 1
tcpxo-wb-0:157:741 [0] NCCL INFO Bucket 2.84852e+06-3.41822e+06 Count: 7
tcpxo-wb-0:157:741 [0] NCCL INFO Bucket 3.41822e+06-4.10186e+06 Count: 5
tcpxo-wb-0:157:741 [0] NCCL INFO Bucket 4.10186e+06-1.02067e+07 Count: 0
tcpxo-wb-0:157:741 [0] NCCL INFO request/unpack_duration_distribution:
tcpxo-wb-0:157:741 [0] NCCL INFO Bucket 0-1.09205e+07 Count: 0
tcpxo-wb-0:157:741 [0] NCCL INFO request/offload_complete_age_distribution:
tcpxo-wb-0:157:741 [0] NCCL INFO Min: 80
tcpxo-wb-0:157:741 [0] NCCL INFO Max: 302133
tcpxo-wb-0:157:741 [0] NCCL INFO Avg: 6031.26
tcpxo-wb-0:157:741 [0] NCCL INFO Bucket 0-100 Count: 18
tcpxo-wb-0:157:741 [0] NCCL INFO Bucket 100-120 Count: 72
tcpxo-wb-0:157:741 [0] NCCL INFO Bucket 120-144 Count: 16
tcpxo-wb-0:157:741 [0] NCCL INFO Bucket 144-172.8 Count: 3
tcpxo-wb-0:157:741 [0] NCCL INFO Bucket 172.8-207.36 Count: 1
tcpxo-wb-0:157:741 [0] NCCL INFO Bucket 207.36-248.832 Count: 3
tcpxo-wb-0:157:741 [0] NCCL INFO Bucket 248.832-298.598 Count: 44
tcpxo-wb-0:157:741 [0] NCCL INFO Bucket 298.598-358.318 Count: 23
tcpxo-wb-0:157:741 [0] NCCL INFO Bucket 358.318-429.982 Count: 35
tcpxo-wb-0:157:741 [0] NCCL INFO Bucket 429.982-515.978 Count: 44
tcpxo-wb-0:157:741 [0] NCCL INFO Bucket 515.978-619.174 Count: 43
tcpxo-wb-0:157:741 [0] NCCL INFO Bucket 619.174-743.008 Count: 61
tcpxo-wb-0:157:741 [0] NCCL INFO Bucket 743.008-891.61 Count: 54
tcpxo-wb-0:157:741 [0] NCCL INFO Bucket 891.61-1069.93 Count: 72
tcpxo-wb-0:157:741 [0] NCCL INFO Bucket 1069.93-1283.92 Count: 87
tcpxo-wb-0:157:741 [0] NCCL INFO Bucket 1283.92-1540.7 Count: 94
tcpxo-wb-0:157:741 [0] NCCL INFO Bucket 1540.7-1848.84 Count: 138
tcpxo-wb-0:157:741 [0] NCCL INFO Bucket 1848.84-2218.61 Count: 131
tcpxo-wb-0:157:741 [0] NCCL INFO Bucket 2218.61-2662.33 Count: 165
tcpxo-wb-0:157:741 [0] NCCL INFO Bucket 2662.33-3194.8 Count: 163
tcpxo-wb-0:157:741 [0] NCCL INFO Bucket 3194.8-3833.76 Count: 195
tcpxo-wb-0:157:741 [0] NCCL INFO Bucket 3833.76-4600.51 Count: 190
tcpxo-wb-0:157:741 [0] NCCL INFO Bucket 4600.51-5520.61 Count: 226
tcpxo-wb-0:157:741 [0] NCCL INFO Bucket 5520.61-6624.74 Count: 206
tcpxo-wb-0:157:741 [0] NCCL INFO Bucket 6624.74-7949.68 Count: 169
tcpxo-wb-0:157:741 [0] NCCL INFO Bucket 7949.68-9539.62 Count: 90
tcpxo-wb-0:157:741 [0] NCCL INFO Bucket 9539.62-11447.5 Count: 65
tcpxo-wb-0:157:741 [0] NCCL INFO Bucket 11447.5-13737.1 Count: 34
tcpxo-wb-0:157:741 [0] NCCL INFO Bucket 13737.1-16484.5 Count: 29
tcpxo-wb-0:157:741 [0] NCCL INFO Bucket 16484.5-19781.4 Count: 17
tcpxo-wb-0:157:741 [0] NCCL INFO Bucket 19781.4-23737.6 Count: 9
tcpxo-wb-0:157:741 [0] NCCL INFO Bucket 23737.6-28485.2 Count: 7
tcpxo-wb-0:157:741 [0] NCCL INFO Bucket 28485.2-34182.2 Count: 5
tcpxo-wb-0:157:741 [0] NCCL INFO Bucket 34182.2-41018.6 Count: 2
tcpxo-wb-0:157:741 [0] NCCL INFO Bucket 41018.6-49222.4 Count: 4
tcpxo-wb-0:157:741 [0] NCCL INFO Bucket 49222.4-59066.8 Count: 45
tcpxo-wb-0:157:741 [0] NCCL INFO request/unpack_num_iovs_distribution:
tcpxo-wb-0:157:741 [0] NCCL INFO Bucket 0-2116.47 Count: 0
tcpxo-wb-0:157:741 [0] NCCL INFO request/offload_interval_distribution:
tcpxo-wb-0:157:741 [0] NCCL INFO Min: 2210
tcpxo-wb-0:157:741 [0] NCCL INFO Max: 1.37595e+08
tcpxo-wb-0:157:741 [0] NCCL INFO Avg: 174574
tcpxo-wb-0:157:741 [0] NCCL INFO Bucket 0-2073.6 Count: 0
tcpxo-wb-0:157:741 [0] NCCL INFO Bucket 2073.6-2488.32 Count: 11
tcpxo-wb-0:157:741 [0] NCCL INFO Bucket 2488.32-2985.98 Count: 86
tcpxo-wb-0:157:741 [0] NCCL INFO Bucket 2985.98-3583.18 Count: 198
tcpxo-wb-0:157:741 [0] NCCL INFO Bucket 3583.18-4299.82 Count: 147
tcpxo-wb-0:157:741 [0] NCCL INFO Bucket 4299.82-5159.78 Count: 96
tcpxo-wb-0:157:741 [0] NCCL INFO Bucket 5159.78-6191.74 Count: 43
tcpxo-wb-0:157:741 [0] NCCL INFO Bucket 6191.74-7430.08 Count: 22
tcpxo-wb-0:157:741 [0] NCCL INFO Bucket 7430.08-8916.1 Count: 8
tcpxo-wb-0:157:741 [0] NCCL INFO Bucket 8916.1-10699.3 Count: 7
tcpxo-wb-0:157:741 [0] NCCL INFO Bucket 10699.3-12839.2 Count: 62
tcpxo-wb-0:157:741 [0] NCCL INFO Bucket 12839.2-15407 Count: 75
tcpxo-wb-0:157:741 [0] NCCL INFO Bucket 15407-18488.4 Count: 72
tcpxo-wb-0:157:741 [0] NCCL INFO Bucket 18488.4-22186.1 Count: 63
tcpxo-wb-0:157:741 [0] NCCL INFO Bucket 22186.1-26623.3 Count: 32
tcpxo-wb-0:157:741 [0] NCCL INFO Bucket 26623.3-31948 Count: 29
tcpxo-wb-0:157:741 [0] NCCL INFO Bucket 31948-38337.6 Count: 42
tcpxo-wb-0:157:741 [0] NCCL INFO Bucket 38337.6-46005.1 Count: 108
tcpxo-wb-0:157:741 [0] NCCL INFO Bucket 46005.1-55206.1 Count: 188
tcpxo-wb-0:157:741 [0] NCCL INFO Bucket 55206.1-66247.4 Count: 178
tcpxo-wb-0:157:741 [0] NCCL INFO Bucket 66247.4-79496.8 Count: 109
tcpxo-wb-0:157:741 [0] NCCL INFO Bucket 79496.8-95396.2 Count: 121
tcpxo-wb-0:157:741 [0] NCCL INFO Bucket 95396.2-114475 Count: 112
tcpxo-wb-0:157:741 [0] NCCL INFO Bucket 114475-137371 Count: 100
tcpxo-wb-0:157:741 [0] NCCL INFO Bucket 137371-164845 Count: 143
tcpxo-wb-0:157:741 [0] NCCL INFO Bucket 164845-197814 Count: 120
tcpxo-wb-0:157:741 [0] NCCL INFO Bucket 197814-237376 Count: 80
tcpxo-wb-0:157:741 [0] NCCL INFO Bucket 237376-284852 Count: 77
tcpxo-wb-0:157:741 [0] NCCL INFO Bucket 284852-341822 Count: 56
tcpxo-wb-0:157:741 [0] NCCL INFO Bucket 341822-410186 Count: 48
tcpxo-wb-0:157:741 [0] NCCL INFO Bucket 410186-492224 Count: 20
tcpxo-wb-0:157:741 [0] NCCL INFO Bucket 492224-590668 Count: 18
tcpxo-wb-0:157:741 [0] NCCL INFO Bucket 590668-708802 Count: 27
tcpxo-wb-0:157:741 [0] NCCL INFO Bucket 708802-850562 Count: 15
tcpxo-wb-0:157:741 [0] NCCL INFO Bucket 850562-1.02067e+06 Count: 15
tcpxo-wb-0:157:741 [0] NCCL INFO Bucket 1.02067e+06-1.22481e+06 Count: 18
tcpxo-wb-0:157:741 [0] NCCL INFO Bucket 1.22481e+06-1.46977e+06 Count: 1
tcpxo-wb-0:157:741 [0] NCCL INFO Bucket 1.46977e+06-1.76373e+06 Count: 3
tcpxo-wb-0:157:741 [0] NCCL INFO Bucket 1.76373e+06-2.11647e+06 Count: 2
tcpxo-wb-0:157:741 [0] NCCL INFO Bucket 2.11647e+06-2.53977e+06 Count: 1
tcpxo-wb-0:157:741 [0] NCCL INFO Bucket 2.53977e+06-3.04772e+06 Count: 2
tcpxo-wb-0:157:741 [0] NCCL INFO Bucket 3.04772e+06-3.65726e+06 Count: 1
tcpxo-wb-0:157:741 [0] NCCL INFO Bucket 3.65726e+06-4.38871e+06 Count: 2
tcpxo-wb-0:157:741 [0] NCCL INFO Bucket 4.38871e+06-5.26646e+06 Count: 1
tcpxo-wb-0:157:741 [0] NCCL INFO Bucket 5.26646e+06-9.10044e+06 Count: 0
tcpxo-wb-0:157:741 [0] NCCL INFO Bucket 9.10044e+06-1.09205e+07 Count: 1
tcpxo-wb-0:157:741 [0] NCCL INFO NET/FasTrak 2026-08-02T13:31:22.322700334+00:00: DeregMr[netdev=0] CUDA memory for comm 0x78af6c08f310 with handle:8653318625366216529 data:0x3204000000 size:524288.
tcpxo-wb-0:157:741 [0] NCCL INFO NET/FasTrak 2026-08-02T13:31:22.32343249+00:00: DeregMr[netdev=0] CUDA memory for comm 0x78af6c08f310 with handle:8653318625366213264 data:0x3204080000 size:4915200.
tcpxo-wb-0:157:741 [0] NCCL INFO NET/FasTrak 2026-08-02T13:31:22.324497403+00:00: DeregMr[netdev=0] CUDA memory for comm 0x78af6c08f310 with handle:8653318625366214095 data:0x3204530000 size:8388608.
tcpxo-wb-0:157:741 [0] NCCL INFO NET/FasTrak 2026-08-02T13:31:22.325781311+00:00: Closing Recv comm 0x78af6c08f310
tcpxo-wb-0:157:741 [0] NCCL INFO NET/FasTrak 2026-08-02T13:31:22.32578709+00:00: COMM STATS:
tcpxo-wb-0:157:741 [0] NCCL INFO request/offload_scheduled: 2560
tcpxo-wb-0:157:741 [0] NCCL INFO request/offload_completed: 2560
tcpxo-wb-0:157:741 [0] NCCL INFO request/offload_backlog_curr: 0
tcpxo-wb-0:157:741 [0] NCCL INFO request/offload_backlog_peak: 7
tcpxo-wb-0:157:741 [0] NCCL INFO request/offload_size_distribution:
tcpxo-wb-0:157:741 [0] NCCL INFO Min: 65536
tcpxo-wb-0:157:741 [0] NCCL INFO Max: 131072
tcpxo-wb-0:157:741 [0] NCCL INFO Avg: 129024
tcpxo-wb-0:157:741 [0] NCCL INFO Bucket 0-63107.2 Count: 0
tcpxo-wb-0:157:741 [0] NCCL INFO Bucket 63107.2-75728.6 Count: 80
tcpxo-wb-0:157:741 [0] NCCL INFO Bucket 75728.6-130859 Count: 0
tcpxo-wb-0:157:741 [0] NCCL INFO Bucket 130859-157031 Count: 2480
tcpxo-wb-0:157:741 [0] NCCL INFO Bucket 157031-2.41938e+06 Count: 0
tcpxo-wb-0:157:741 [0] NCCL INFO request/offload_duration_distribution:
tcpxo-wb-0:157:741 [0] NCCL INFO Min: 100210
tcpxo-wb-0:157:741 [0] NCCL INFO Max: 3.06111e+06
tcpxo-wb-0:157:741 [0] NCCL INFO Avg: 537867
tcpxo-wb-0:157:741 [0] NCCL INFO Bucket 0-89161 Count: 0
tcpxo-wb-0:157:741 [0] NCCL INFO Bucket 89161-106993 Count: 1
tcpxo-wb-0:157:741 [0] NCCL INFO Bucket 106993-128392 Count: 15
tcpxo-wb-0:157:741 [0] NCCL INFO Bucket 128392-154070 Count: 51
tcpxo-wb-0:157:741 [0] NCCL INFO Bucket 154070-184884 Count: 137
tcpxo-wb-0:157:741 [0] NCCL INFO Bucket 184884-221861 Count: 262
tcpxo-wb-0:157:741 [0] NCCL INFO Bucket 221861-266233 Count: 345
tcpxo-wb-0:157:741 [0] NCCL INFO Bucket 266233-319480 Count: 286
tcpxo-wb-0:157:741 [0] NCCL INFO Bucket 319480-383376 Count: 220
tcpxo-wb-0:157:741 [0] NCCL INFO Bucket 383376-460051 Count: 311
tcpxo-wb-0:157:741 [0] NCCL INFO Bucket 460051-552061 Count: 253
tcpxo-wb-0:157:741 [0] NCCL INFO Bucket 552061-662474 Count: 93
tcpxo-wb-0:157:741 [0] NCCL INFO Bucket 662474-794968 Count: 55
tcpxo-wb-0:157:741 [0] NCCL INFO Bucket 794968-953962 Count: 90
tcpxo-wb-0:157:741 [0] NCCL INFO Bucket 953962-1.14475e+06 Count: 115
tcpxo-wb-0:157:741 [0] NCCL INFO Bucket 1.14475e+06-1.37371e+06 Count: 142
tcpxo-wb-0:157:741 [0] NCCL INFO Bucket 1.37371e+06-1.64845e+06 Count: 100
tcpxo-wb-0:157:741 [0] NCCL INFO Bucket 1.64845e+06-1.97814e+06 Count: 62
tcpxo-wb-0:157:741 [0] NCCL INFO Bucket 1.97814e+06-2.37376e+06 Count: 10
tcpxo-wb-0:157:741 [0] NCCL INFO Bucket 2.37376e+06-2.84852e+06 Count: 3
tcpxo-wb-0:157:741 [0] NCCL INFO Bucket 2.84852e+06-3.41822e+06 Count: 9
tcpxo-wb-0:157:741 [0] NCCL INFO Bucket 3.41822e+06-1.02067e+07 Count: 0
tcpxo-wb-0:157:741 [0] NCCL INFO request/unpack_duration_distribution:
tcpxo-wb-0:157:741 [0] NCCL INFO Bucket 0-1.09205e+07 Count: 0
tcpxo-wb-0:157:741 [0] NCCL INFO request/offload_complete_age_distribution:
tcpxo-wb-0:157:741 [0] NCCL INFO Min: 93
tcpxo-wb-0:157:741 [0] NCCL INFO Max: 369271
tcpxo-wb-0:157:741 [0] NCCL INFO Avg: 21389.8
tcpxo-wb-0:157:741 [0] NCCL INFO Bucket 0-100 Count: 4
tcpxo-wb-0:157:741 [0] NCCL INFO Bucket 100-120 Count: 41
tcpxo-wb-0:157:741 [0] NCCL INFO Bucket 120-144 Count: 2
tcpxo-wb-0:157:741 [0] NCCL INFO Bucket 144-207.36 Count: 0
tcpxo-wb-0:157:741 [0] NCCL INFO Bucket 207.36-248.832 Count: 2
tcpxo-wb-0:157:741 [0] NCCL INFO Bucket 248.832-298.598 Count: 36
tcpxo-wb-0:157:741 [0] NCCL INFO Bucket 298.598-358.318 Count: 9
tcpxo-wb-0:157:741 [0] NCCL INFO Bucket 358.318-429.982 Count: 18
tcpxo-wb-0:157:741 [0] NCCL INFO Bucket 429.982-515.978 Count: 29
tcpxo-wb-0:157:741 [0] NCCL INFO Bucket 515.978-619.174 Count: 35
tcpxo-wb-0:157:741 [0] NCCL INFO Bucket 619.174-743.008 Count: 17
tcpxo-wb-0:157:741 [0] NCCL INFO Bucket 743.008-891.61 Count: 27
tcpxo-wb-0:157:741 [0] NCCL INFO Bucket 891.61-1069.93 Count: 40
tcpxo-wb-0:157:741 [0] NCCL INFO Bucket 1069.93-1283.92 Count: 54
tcpxo-wb-0:157:741 [0] NCCL INFO Bucket 1283.92-1540.7 Count: 70
tcpxo-wb-0:157:741 [0] NCCL INFO Bucket 1540.7-1848.84 Count: 81
tcpxo-wb-0:157:741 [0] NCCL INFO Bucket 1848.84-2218.61 Count: 111
tcpxo-wb-0:157:741 [0] NCCL INFO Bucket 2218.61-2662.33 Count: 102
tcpxo-wb-0:157:741 [0] NCCL INFO Bucket 2662.33-3194.8 Count: 137
tcpxo-wb-0:157:741 [0] NCCL INFO Bucket 3194.8-3833.76 Count: 156
tcpxo-wb-0:157:741 [0] NCCL INFO Bucket 3833.76-4600.51 Count: 182
tcpxo-wb-0:157:741 [0] NCCL INFO Bucket 4600.51-5520.61 Count: 222
tcpxo-wb-0:157:741 [0] NCCL INFO Bucket 5520.61-6624.74 Count: 197
tcpxo-wb-0:157:741 [0] NCCL INFO Bucket 6624.74-7949.68 Count: 162
tcpxo-wb-0:157:741 [0] NCCL INFO Bucket 7949.68-9539.62 Count: 90
tcpxo-wb-0:157:741 [0] NCCL INFO Bucket 9539.62-11447.5 Count: 59
tcpxo-wb-0:157:741 [0] NCCL INFO Bucket 11447.5-13737.1 Count: 59
tcpxo-wb-0:157:741 [0] NCCL INFO Bucket 13737.1-16484.5 Count: 67
tcpxo-wb-0:157:741 [0] NCCL INFO Bucket 16484.5-19781.4 Count: 47
tcpxo-wb-0:157:741 [0] NCCL INFO Bucket 19781.4-23737.6 Count: 26
tcpxo-wb-0:157:741 [0] NCCL INFO Bucket 23737.6-28485.2 Count: 35
tcpxo-wb-0:157:741 [0] NCCL INFO Bucket 28485.2-34182.2 Count: 31
tcpxo-wb-0:157:741 [0] NCCL INFO Bucket 34182.2-41018.6 Count: 32
tcpxo-wb-0:157:741 [0] NCCL INFO Bucket 41018.6-49222.4 Count: 48
tcpxo-wb-0:157:741 [0] NCCL INFO Bucket 49222.4-59066.8 Count: 332
tcpxo-wb-0:157:741 [0] NCCL INFO request/unpack_num_iovs_distribution:
tcpxo-wb-0:157:741 [0] NCCL INFO Bucket 0-2116.47 Count: 0
tcpxo-wb-0:157:741 [0] NCCL INFO request/offload_interval_distribution:
tcpxo-wb-0:157:741 [0] NCCL INFO Min: 2291
tcpxo-wb-0:157:741 [0] NCCL INFO Max: 1.37558e+08
tcpxo-wb-0:157:741 [0] NCCL INFO Avg: 174090
tcpxo-wb-0:157:741 [0] NCCL INFO Bucket 0-2073.6 Count: 0
tcpxo-wb-0:157:741 [0] NCCL INFO Bucket 2073.6-2488.32 Count: 1
tcpxo-wb-0:157:741 [0] NCCL INFO Bucket 2488.32-2985.98 Count: 0
tcpxo-wb-0:157:741 [0] NCCL INFO Bucket 2985.98-3583.18 Count: 12
tcpxo-wb-0:157:741 [0] NCCL INFO Bucket 3583.18-4299.82 Count: 19
tcpxo-wb-0:157:741 [0] NCCL INFO Bucket 4299.82-5159.78 Count: 46
tcpxo-wb-0:157:741 [0] NCCL INFO Bucket 5159.78-6191.74 Count: 74
tcpxo-wb-0:157:741 [0] NCCL INFO Bucket 6191.74-7430.08 Count: 176
tcpxo-wb-0:157:741 [0] NCCL INFO Bucket 7430.08-8916.1 Count: 178
tcpxo-wb-0:157:741 [0] NCCL INFO Bucket 8916.1-10699.3 Count: 86
tcpxo-wb-0:157:741 [0] NCCL INFO Bucket 10699.3-12839.2 Count: 80
tcpxo-wb-0:157:741 [0] NCCL INFO Bucket 12839.2-15407 Count: 33
tcpxo-wb-0:157:741 [0] NCCL INFO Bucket 15407-18488.4 Count: 34
tcpxo-wb-0:157:741 [0] NCCL INFO Bucket 18488.4-22186.1 Count: 35
tcpxo-wb-0:157:741 [0] NCCL INFO Bucket 22186.1-26623.3 Count: 71
tcpxo-wb-0:157:741 [0] NCCL INFO Bucket 26623.3-31948 Count: 118
tcpxo-wb-0:157:741 [0] NCCL INFO Bucket 31948-38337.6 Count: 127
tcpxo-wb-0:157:741 [0] NCCL INFO Bucket 38337.6-46005.1 Count: 155
tcpxo-wb-0:157:741 [0] NCCL INFO Bucket 46005.1-55206.1 Count: 203
tcpxo-wb-0:157:741 [0] NCCL INFO Bucket 55206.1-66247.4 Count: 185
tcpxo-wb-0:157:741 [0] NCCL INFO Bucket 66247.4-79496.8 Count: 137
tcpxo-wb-0:157:741 [0] NCCL INFO Bucket 79496.8-95396.2 Count: 105
tcpxo-wb-0:157:741 [0] NCCL INFO Bucket 95396.2-114475 Count: 149
tcpxo-wb-0:157:741 [0] NCCL INFO Bucket 114475-137371 Count: 113
tcpxo-wb-0:157:741 [0] NCCL INFO Bucket 137371-164845 Count: 79
tcpxo-wb-0:157:741 [0] NCCL INFO Bucket 164845-197814 Count: 73
tcpxo-wb-0:157:741 [0] NCCL INFO Bucket 197814-237376 Count: 54
tcpxo-wb-0:157:741 [0] NCCL INFO Bucket 237376-284852 Count: 25
tcpxo-wb-0:157:741 [0] NCCL INFO Bucket 284852-341822 Count: 16
tcpxo-wb-0:157:741 [0] NCCL INFO Bucket 341822-410186 Count: 11
tcpxo-wb-0:157:741 [0] NCCL INFO Bucket 410186-492224 Count: 18
tcpxo-wb-0:157:741 [0] NCCL INFO Bucket 492224-590668 Count: 24
tcpxo-wb-0:157:741 [0] NCCL INFO Bucket 590668-708802 Count: 23
tcpxo-wb-0:157:741 [0] NCCL INFO Bucket 708802-850562 Count: 19
tcpxo-wb-0:157:741 [0] NCCL INFO Bucket 850562-1.02067e+06 Count: 29
tcpxo-wb-0:157:741 [0] NCCL INFO Bucket 1.02067e+06-1.22481e+06 Count: 23
tcpxo-wb-0:157:741 [0] NCCL INFO Bucket 1.22481e+06-1.46977e+06 Count: 6
tcpxo-wb-0:157:741 [0] NCCL INFO Bucket 1.46977e+06-1.76373e+06 Count: 11
tcpxo-wb-0:157:741 [0] NCCL INFO Bucket 1.76373e+06-2.11647e+06 Count: 3
tcpxo-wb-0:157:741 [0] NCCL INFO Bucket 2.11647e+06-2.53977e+06 Count: 2
tcpxo-wb-0:157:741 [0] NCCL INFO Bucket 2.53977e+06-3.04772e+06 Count: 2
tcpxo-wb-0:157:741 [0] NCCL INFO Bucket 3.04772e+06-3.65726e+06 Count: 1
tcpxo-wb-0:157:741 [0] NCCL INFO Bucket 3.65726e+06-4.38871e+06 Count: 0
tcpxo-wb-0:157:741 [0] NCCL INFO Bucket 4.38871e+06-5.26646e+06 Count: 3
tcpxo-wb-0:157:741 [0] NCCL INFO Bucket 5.26646e+06-9.10044e+06 Count: 0
tcpxo-wb-0:157:741 [0] NCCL INFO Bucket 9.10044e+06-1.09205e+07 Count: 1
tcpxo-wb-0:157:741 [0] NCCL INFO NET/FasTrak 2026-08-02T13:31:22.325876351+00:00: DeregMr[netdev=0] CUDA memory for comm 0x78af6c0929f0 with handle:8653318625366212792 data:0x78afa6400000 size:524288.
tcpxo-wb-0:157:741 [0] NCCL INFO NET/FasTrak 2026-08-02T13:31:22.326651466+00:00: DeregMr[netdev=0] CUDA memory for comm 0x78af6c0929f0 with handle:8653318625366213623 data:0x78afa6480000 size:4915200.
tcpxo-wb-0:157:741 [0] NCCL INFO NET/FasTrak 2026-08-02T13:31:22.327724085+00:00: DeregMr[netdev=0] CUDA memory for comm 0x78af6c0929f0 with handle:8653318625366214454 data:0x78afa6930000 size:8388608.
tcpxo-wb-0:157:741 [0] NCCL INFO NET/FasTrak 2026-08-02T13:31:22.32898864+00:00: Closing Recv comm 0x78af6c0929f0
tcpxo-wb-0:157:741 [0] NCCL INFO NET/FasTrak 2026-08-02T13:31:22.328993879+00:00: COMM STATS:
tcpxo-wb-0:157:741 [0] NCCL INFO request/offload_scheduled: 2560
tcpxo-wb-0:157:741 [0] NCCL INFO request/offload_completed: 2560
tcpxo-wb-0:157:741 [0] NCCL INFO request/offload_backlog_curr: 0
tcpxo-wb-0:157:741 [0] NCCL INFO request/offload_backlog_peak: 7
tcpxo-wb-0:157:741 [0] NCCL INFO request/offload_size_distribution:
tcpxo-wb-0:157:741 [0] NCCL INFO Min: 65536
tcpxo-wb-0:157:741 [0] NCCL INFO Max: 131072
tcpxo-wb-0:157:741 [0] NCCL INFO Avg: 129024
tcpxo-wb-0:157:741 [0] NCCL INFO Bucket 0-63107.2 Count: 0
tcpxo-wb-0:157:741 [0] NCCL INFO Bucket 63107.2-75728.6 Count: 80
tcpxo-wb-0:157:741 [0] NCCL INFO Bucket 75728.6-130859 Count: 0
tcpxo-wb-0:157:741 [0] NCCL INFO Bucket 130859-157031 Count: 2480
tcpxo-wb-0:157:741 [0] NCCL INFO Bucket 157031-2.41938e+06 Count: 0
tcpxo-wb-0:157:741 [0] NCCL INFO request/offload_duration_distribution:
tcpxo-wb-0:157:741 [0] NCCL INFO Min: 108589
tcpxo-wb-0:157:741 [0] NCCL INFO Max: 3.63522e+06
tcpxo-wb-0:157:741 [0] NCCL INFO Avg: 626477
tcpxo-wb-0:157:741 [0] NCCL INFO Bucket 0-106993 Count: 0
tcpxo-wb-0:157:741 [0] NCCL INFO Bucket 106993-128392 Count: 4
tcpxo-wb-0:157:741 [0] NCCL INFO Bucket 128392-154070 Count: 16
tcpxo-wb-0:157:741 [0] NCCL INFO Bucket 154070-184884 Count: 38
tcpxo-wb-0:157:741 [0] NCCL INFO Bucket 184884-221861 Count: 91
tcpxo-wb-0:157:741 [0] NCCL INFO Bucket 221861-266233 Count: 197
tcpxo-wb-0:157:741 [0] NCCL INFO Bucket 266233-319480 Count: 317
tcpxo-wb-0:157:741 [0] NCCL INFO Bucket 319480-383376 Count: 271
tcpxo-wb-0:157:741 [0] NCCL INFO Bucket 383376-460051 Count: 224
tcpxo-wb-0:157:741 [0] NCCL INFO Bucket 460051-552061 Count: 258
tcpxo-wb-0:157:741 [0] NCCL INFO Bucket 552061-662474 Count: 322
tcpxo-wb-0:157:741 [0] NCCL INFO Bucket 662474-794968 Count: 201
tcpxo-wb-0:157:741 [0] NCCL INFO Bucket 794968-953962 Count: 161
tcpxo-wb-0:157:741 [0] NCCL INFO Bucket 953962-1.14475e+06 Count: 137
tcpxo-wb-0:157:741 [0] NCCL INFO Bucket 1.14475e+06-1.37371e+06 Count: 126
tcpxo-wb-0:157:741 [0] NCCL INFO Bucket 1.37371e+06-1.64845e+06 Count: 125
tcpxo-wb-0:157:741 [0] NCCL INFO Bucket 1.64845e+06-1.97814e+06 Count: 56
tcpxo-wb-0:157:741 [0] NCCL INFO Bucket 1.97814e+06-2.37376e+06 Count: 4
tcpxo-wb-0:157:741 [0] NCCL INFO Bucket 2.37376e+06-2.84852e+06 Count: 0
tcpxo-wb-0:157:741 [0] NCCL INFO Bucket 2.84852e+06-3.41822e+06 Count: 9
tcpxo-wb-0:157:741 [0] NCCL INFO Bucket 3.41822e+06-4.10186e+06 Count: 3
tcpxo-wb-0:157:741 [0] NCCL INFO Bucket 4.10186e+06-1.02067e+07 Count: 0
tcpxo-wb-0:157:741 [0] NCCL INFO request/unpack_duration_distribution:
tcpxo-wb-0:157:741 [0] NCCL INFO Bucket 0-1.09205e+07 Count: 0
tcpxo-wb-0:157:741 [0] NCCL INFO request/offload_complete_age_distribution:
tcpxo-wb-0:157:741 [0] NCCL INFO Min: 94
tcpxo-wb-0:157:741 [0] NCCL INFO Max: 310278
tcpxo-wb-0:157:741 [0] NCCL INFO Avg: 16818.9
tcpxo-wb-0:157:741 [0] NCCL INFO Bucket 0-100 Count: 6
tcpxo-wb-0:157:741 [0] NCCL INFO Bucket 100-120 Count: 58
tcpxo-wb-0:157:741 [0] NCCL INFO Bucket 120-144 Count: 8
tcpxo-wb-0:157:741 [0] NCCL INFO Bucket 144-172.8 Count: 3
tcpxo-wb-0:157:741 [0] NCCL INFO Bucket 172.8-207.36 Count: 0
tcpxo-wb-0:157:741 [0] NCCL INFO Bucket 207.36-248.832 Count: 8
tcpxo-wb-0:157:741 [0] NCCL INFO Bucket 248.832-298.598 Count: 32
tcpxo-wb-0:157:741 [0] NCCL INFO Bucket 298.598-358.318 Count: 21
tcpxo-wb-0:157:741 [0] NCCL INFO Bucket 358.318-429.982 Count: 23
tcpxo-wb-0:157:741 [0] NCCL INFO Bucket 429.982-515.978 Count: 35
tcpxo-wb-0:157:741 [0] NCCL INFO Bucket 515.978-619.174 Count: 36
tcpxo-wb-0:157:741 [0] NCCL INFO Bucket 619.174-743.008 Count: 28
tcpxo-wb-0:157:741 [0] NCCL INFO Bucket 743.008-891.61 Count: 43
tcpxo-wb-0:157:741 [0] NCCL INFO Bucket 891.61-1069.93 Count: 45
tcpxo-wb-0:157:741 [0] NCCL INFO Bucket 1069.93-1283.92 Count: 64
tcpxo-wb-0:157:741 [0] NCCL INFO Bucket 1283.92-1540.7 Count: 84
tcpxo-wb-0:157:741 [0] NCCL INFO Bucket 1540.7-1848.84 Count: 81
tcpxo-wb-0:157:741 [0] NCCL INFO Bucket 1848.84-2218.61 Count: 107
tcpxo-wb-0:157:741 [0] NCCL INFO Bucket 2218.61-2662.33 Count: 119
tcpxo-wb-0:157:741 [0] NCCL INFO Bucket 2662.33-3194.8 Count: 128
tcpxo-wb-0:157:741 [0] NCCL INFO Bucket 3194.8-3833.76 Count: 160
tcpxo-wb-0:157:741 [0] NCCL INFO Bucket 3833.76-4600.51 Count: 190
tcpxo-wb-0:157:741 [0] NCCL INFO Bucket 4600.51-5520.61 Count: 237
tcpxo-wb-0:157:741 [0] NCCL INFO Bucket 5520.61-6624.74 Count: 207
tcpxo-wb-0:157:741 [0] NCCL INFO Bucket 6624.74-7949.68 Count: 167
tcpxo-wb-0:157:741 [0] NCCL INFO Bucket 7949.68-9539.62 Count: 94
tcpxo-wb-0:157:741 [0] NCCL INFO Bucket 9539.62-11447.5 Count: 75
tcpxo-wb-0:157:741 [0] NCCL INFO Bucket 11447.5-13737.1 Count: 47
tcpxo-wb-0:157:741 [0] NCCL INFO Bucket 13737.1-16484.5 Count: 53
tcpxo-wb-0:157:741 [0] NCCL INFO Bucket 16484.5-19781.4 Count: 27
tcpxo-wb-0:157:741 [0] NCCL INFO Bucket 19781.4-23737.6 Count: 33
tcpxo-wb-0:157:741 [0] NCCL INFO Bucket 23737.6-28485.2 Count: 20
tcpxo-wb-0:157:741 [0] NCCL INFO Bucket 28485.2-34182.2 Count: 26
tcpxo-wb-0:157:741 [0] NCCL INFO Bucket 34182.2-41018.6 Count: 29
tcpxo-wb-0:157:741 [0] NCCL INFO Bucket 41018.6-49222.4 Count: 22
tcpxo-wb-0:157:741 [0] NCCL INFO Bucket 49222.4-59066.8 Count: 244
tcpxo-wb-0:157:741 [0] NCCL INFO request/unpack_num_iovs_distribution:
tcpxo-wb-0:157:741 [0] NCCL INFO Bucket 0-2116.47 Count: 0
tcpxo-wb-0:157:741 [0] NCCL INFO request/offload_interval_distribution:
tcpxo-wb-0:157:741 [0] NCCL INFO Min: 2120
tcpxo-wb-0:157:741 [0] NCCL INFO Max: 1.37511e+08
tcpxo-wb-0:157:741 [0] NCCL INFO Avg: 174128
tcpxo-wb-0:157:741 [0] NCCL INFO Bucket 0-2073.6 Count: 0
tcpxo-wb-0:157:741 [0] NCCL INFO Bucket 2073.6-2488.32 Count: 5
tcpxo-wb-0:157:741 [0] NCCL INFO Bucket 2488.32-2985.98 Count: 36
tcpxo-wb-0:157:741 [0] NCCL INFO Bucket 2985.98-3583.18 Count: 120
tcpxo-wb-0:157:741 [0] NCCL INFO Bucket 3583.18-4299.82 Count: 109
tcpxo-wb-0:157:741 [0] NCCL INFO Bucket 4299.82-5159.78 Count: 133
tcpxo-wb-0:157:741 [0] NCCL INFO Bucket 5159.78-6191.74 Count: 105
tcpxo-wb-0:157:741 [0] NCCL INFO Bucket 6191.74-7430.08 Count: 76
tcpxo-wb-0:157:741 [0] NCCL INFO Bucket 7430.08-8916.1 Count: 35
tcpxo-wb-0:157:741 [0] NCCL INFO Bucket 8916.1-10699.3 Count: 18
tcpxo-wb-0:157:741 [0] NCCL INFO Bucket 10699.3-12839.2 Count: 61
tcpxo-wb-0:157:741 [0] NCCL INFO Bucket 12839.2-15407 Count: 64
tcpxo-wb-0:157:741 [0] NCCL INFO Bucket 15407-18488.4 Count: 110
tcpxo-wb-0:157:741 [0] NCCL INFO Bucket 18488.4-22186.1 Count: 55
tcpxo-wb-0:157:741 [0] NCCL INFO Bucket 22186.1-26623.3 Count: 42
tcpxo-wb-0:157:741 [0] NCCL INFO Bucket 26623.3-31948 Count: 26
tcpxo-wb-0:157:741 [0] NCCL INFO Bucket 31948-38337.6 Count: 38
tcpxo-wb-0:157:741 [0] NCCL INFO Bucket 38337.6-46005.1 Count: 100
tcpxo-wb-0:157:741 [0] NCCL INFO Bucket 46005.1-55206.1 Count: 261
tcpxo-wb-0:157:741 [0] NCCL INFO Bucket 55206.1-66247.4 Count: 177
tcpxo-wb-0:157:741 [0] NCCL INFO Bucket 66247.4-79496.8 Count: 118
tcpxo-wb-0:157:741 [0] NCCL INFO Bucket 79496.8-95396.2 Count: 109
tcpxo-wb-0:157:741 [0] NCCL INFO Bucket 95396.2-114475 Count: 112
tcpxo-wb-0:157:741 [0] NCCL INFO Bucket 114475-137371 Count: 96
tcpxo-wb-0:157:741 [0] NCCL INFO Bucket 137371-164845 Count: 126
tcpxo-wb-0:157:741 [0] NCCL INFO Bucket 164845-197814 Count: 110
tcpxo-wb-0:157:741 [0] NCCL INFO Bucket 197814-237376 Count: 80
tcpxo-wb-0:157:741 [0] NCCL INFO Bucket 237376-284852 Count: 36
tcpxo-wb-0:157:741 [0] NCCL INFO Bucket 284852-341822 Count: 20
tcpxo-wb-0:157:741 [0] NCCL INFO Bucket 341822-410186 Count: 35
tcpxo-wb-0:157:741 [0] NCCL INFO Bucket 410186-492224 Count: 18
tcpxo-wb-0:157:741 [0] NCCL INFO Bucket 492224-590668 Count: 15
tcpxo-wb-0:157:741 [0] NCCL INFO Bucket 590668-708802 Count: 23
tcpxo-wb-0:157:741 [0] NCCL INFO Bucket 708802-850562 Count: 14
tcpxo-wb-0:157:741 [0] NCCL INFO Bucket 850562-1.02067e+06 Count: 32
tcpxo-wb-0:157:741 [0] NCCL INFO Bucket 1.02067e+06-1.22481e+06 Count: 22
tcpxo-wb-0:157:741 [0] NCCL INFO Bucket 1.22481e+06-1.46977e+06 Count: 10
tcpxo-wb-0:157:741 [0] NCCL INFO Bucket 1.46977e+06-1.76373e+06 Count: 3
tcpxo-wb-0:157:741 [0] NCCL INFO Bucket 1.76373e+06-2.11647e+06 Count: 2
tcpxo-wb-0:157:741 [0] NCCL INFO Bucket 2.11647e+06-2.53977e+06 Count: 1
tcpxo-wb-0:157:741 [0] NCCL INFO Bucket 2.53977e+06-3.04772e+06 Count: 2
tcpxo-wb-0:157:741 [0] NCCL INFO Bucket 3.04772e+06-3.65726e+06 Count: 1
tcpxo-wb-0:157:741 [0] NCCL INFO Bucket 3.65726e+06-4.38871e+06 Count: 2
tcpxo-wb-0:157:741 [0] NCCL INFO Bucket 4.38871e+06-5.26646e+06 Count: 1
tcpxo-wb-0:157:741 [0] NCCL INFO Bucket 5.26646e+06-9.10044e+06 Count: 0
tcpxo-wb-0:157:741 [0] NCCL INFO Bucket 9.10044e+06-1.09205e+07 Count: 1
tcpxo-wb-0:157:741 [0] NCCL INFO NET/FasTrak 2026-08-02T13:31:22.329078886+00:00: DeregMr[netdev=0] CUDA memory for comm 0x78af6c095f40 with handle:8653318625366215285 data:0x31d8000000 size:524288.
tcpxo-wb-0:157:741 [0] NCCL INFO NET/FasTrak 2026-08-02T13:31:22.329873661+00:00: DeregMr[netdev=0] CUDA memory for comm 0x78af6c095f40 with handle:8653318625366216116 data:0x31d8080000 size:4915200.
tcpxo-wb-0:157:741 [0] NCCL INFO NET/FasTrak 2026-08-02T13:31:22.331024929+00:00: DeregMr[netdev=0] CUDA memory for comm 0x78af6c095f40 with handle:8653318625366212851 data:0x31d8530000 size:8388608.
tcpxo-wb-0:157:741 [0] NCCL INFO NET/FasTrak 2026-08-02T13:31:22.332234666+00:00: Closing Recv comm 0x78af6c095f40
tcpxo-wb-0:157:741 [0] NCCL INFO NET/FasTrak 2026-08-02T13:31:22.332239295+00:00: COMM STATS:
tcpxo-wb-0:157:741 [0] NCCL INFO request/offload_scheduled: 2560
tcpxo-wb-0:157:741 [0] NCCL INFO request/offload_completed: 2560
tcpxo-wb-0:157:741 [0] NCCL INFO request/offload_backlog_curr: 0
tcpxo-wb-0:157:741 [0] NCCL INFO request/offload_backlog_peak: 7
tcpxo-wb-0:157:741 [0] NCCL INFO request/offload_size_distribution:
tcpxo-wb-0:157:741 [0] NCCL INFO Min: 65536
tcpxo-wb-0:157:741 [0] NCCL INFO Max: 131072
tcpxo-wb-0:157:741 [0] NCCL INFO Avg: 129024
tcpxo-wb-0:157:741 [0] NCCL INFO Bucket 0-63107.2 Count: 0
tcpxo-wb-0:157:741 [0] NCCL INFO Bucket 63107.2-75728.6 Count: 80
tcpxo-wb-0:157:741 [0] NCCL INFO Bucket 75728.6-130859 Count: 0
tcpxo-wb-0:157:741 [0] NCCL INFO Bucket 130859-157031 Count: 2480
tcpxo-wb-0:157:741 [0] NCCL INFO Bucket 157031-2.41938e+06 Count: 0
tcpxo-wb-0:157:741 [0] NCCL INFO request/offload_duration_distribution:
tcpxo-wb-0:157:741 [0] NCCL INFO Min: 49737
tcpxo-wb-0:157:741 [0] NCCL INFO Max: 3.07419e+06
tcpxo-wb-0:157:741 [0] NCCL INFO Avg: 483777
tcpxo-wb-0:157:741 [0] NCCL INFO Bucket 0-42998.2 Count: 0
tcpxo-wb-0:157:741 [0] NCCL INFO Bucket 42998.2-51597.8 Count: 2
tcpxo-wb-0:157:741 [0] NCCL INFO Bucket 51597.8-61917.4 Count: 23
tcpxo-wb-0:157:741 [0] NCCL INFO Bucket 61917.4-74300.8 Count: 27
tcpxo-wb-0:157:741 [0] NCCL INFO Bucket 74300.8-89161 Count: 6
tcpxo-wb-0:157:741 [0] NCCL INFO Bucket 89161-106993 Count: 15
tcpxo-wb-0:157:741 [0] NCCL INFO Bucket 106993-128392 Count: 44
tcpxo-wb-0:157:741 [0] NCCL INFO Bucket 128392-154070 Count: 73
tcpxo-wb-0:157:741 [0] NCCL INFO Bucket 154070-184884 Count: 151
tcpxo-wb-0:157:741 [0] NCCL INFO Bucket 184884-221861 Count: 219
tcpxo-wb-0:157:741 [0] NCCL INFO Bucket 221861-266233 Count: 253
tcpxo-wb-0:157:741 [0] NCCL INFO Bucket 266233-319480 Count: 173
tcpxo-wb-0:157:741 [0] NCCL INFO Bucket 319480-383376 Count: 154
tcpxo-wb-0:157:741 [0] NCCL INFO Bucket 383376-460051 Count: 298
tcpxo-wb-0:157:741 [0] NCCL INFO Bucket 460051-552061 Count: 391
tcpxo-wb-0:157:741 [0] NCCL INFO Bucket 552061-662474 Count: 226
tcpxo-wb-0:157:741 [0] NCCL INFO Bucket 662474-794968 Count: 130
tcpxo-wb-0:157:741 [0] NCCL INFO Bucket 794968-953962 Count: 138
tcpxo-wb-0:157:741 [0] NCCL INFO Bucket 953962-1.14475e+06 Count: 114
tcpxo-wb-0:157:741 [0] NCCL INFO Bucket 1.14475e+06-1.37371e+06 Count: 64
tcpxo-wb-0:157:741 [0] NCCL INFO Bucket 1.37371e+06-1.64845e+06 Count: 36
tcpxo-wb-0:157:741 [0] NCCL INFO Bucket 1.64845e+06-1.97814e+06 Count: 10
tcpxo-wb-0:157:741 [0] NCCL INFO Bucket 1.97814e+06-2.37376e+06 Count: 1
tcpxo-wb-0:157:741 [0] NCCL INFO Bucket 2.37376e+06-2.84852e+06 Count: 4
tcpxo-wb-0:157:741 [0] NCCL INFO Bucket 2.84852e+06-3.41822e+06 Count: 8
tcpxo-wb-0:157:741 [0] NCCL INFO Bucket 3.41822e+06-1.02067e+07 Count: 0
tcpxo-wb-0:157:741 [0] NCCL INFO request/unpack_duration_distribution:
tcpxo-wb-0:157:741 [0] NCCL INFO Bucket 0-1.09205e+07 Count: 0
tcpxo-wb-0:157:741 [0] NCCL INFO request/offload_complete_age_distribution:
tcpxo-wb-0:157:741 [0] NCCL INFO Min: 92
tcpxo-wb-0:157:741 [0] NCCL INFO Max: 435212
tcpxo-wb-0:157:741 [0] NCCL INFO Avg: 28273.7
tcpxo-wb-0:157:741 [0] NCCL INFO Bucket 0-100 Count: 6
tcpxo-wb-0:157:741 [0] NCCL INFO Bucket 100-120 Count: 57
tcpxo-wb-0:157:741 [0] NCCL INFO Bucket 120-144 Count: 10
tcpxo-wb-0:157:741 [0] NCCL INFO Bucket 144-172.8 Count: 1
tcpxo-wb-0:157:741 [0] NCCL INFO Bucket 172.8-207.36 Count: 0
tcpxo-wb-0:157:741 [0] NCCL INFO Bucket 207.36-248.832 Count: 9
tcpxo-wb-0:157:741 [0] NCCL INFO Bucket 248.832-298.598 Count: 36
tcpxo-wb-0:157:741 [0] NCCL INFO Bucket 298.598-358.318 Count: 10
tcpxo-wb-0:157:741 [0] NCCL INFO Bucket 358.318-429.982 Count: 30
tcpxo-wb-0:157:741 [0] NCCL INFO Bucket 429.982-515.978 Count: 24
tcpxo-wb-0:157:741 [0] NCCL INFO Bucket 515.978-619.174 Count: 39
tcpxo-wb-0:157:741 [0] NCCL INFO Bucket 619.174-743.008 Count: 38
tcpxo-wb-0:157:741 [0] NCCL INFO Bucket 743.008-891.61 Count: 37
tcpxo-wb-0:157:741 [0] NCCL INFO Bucket 891.61-1069.93 Count: 41
tcpxo-wb-0:157:741 [0] NCCL INFO Bucket 1069.93-1283.92 Count: 51
tcpxo-wb-0:157:741 [0] NCCL INFO Bucket 1283.92-1540.7 Count: 63
tcpxo-wb-0:157:741 [0] NCCL INFO Bucket 1540.7-1848.84 Count: 89
tcpxo-wb-0:157:741 [0] NCCL INFO Bucket 1848.84-2218.61 Count: 107
tcpxo-wb-0:157:741 [0] NCCL INFO Bucket 2218.61-2662.33 Count: 108
tcpxo-wb-0:157:741 [0] NCCL INFO Bucket 2662.33-3194.8 Count: 156
tcpxo-wb-0:157:741 [0] NCCL INFO Bucket 3194.8-3833.76 Count: 157
tcpxo-wb-0:157:741 [0] NCCL INFO Bucket 3833.76-4600.51 Count: 192
tcpxo-wb-0:157:741 [0] NCCL INFO Bucket 4600.51-5520.61 Count: 208
tcpxo-wb-0:157:741 [0] NCCL INFO Bucket 5520.61-6624.74 Count: 202
tcpxo-wb-0:157:741 [0] NCCL INFO Bucket 6624.74-7949.68 Count: 164
tcpxo-wb-0:157:741 [0] NCCL INFO Bucket 7949.68-9539.62 Count: 80
tcpxo-wb-0:157:741 [0] NCCL INFO Bucket 9539.62-11447.5 Count: 58
tcpxo-wb-0:157:741 [0] NCCL INFO Bucket 11447.5-13737.1 Count: 39
tcpxo-wb-0:157:741 [0] NCCL INFO Bucket 13737.1-16484.5 Count: 49
tcpxo-wb-0:157:741 [0] NCCL INFO Bucket 16484.5-19781.4 Count: 28
tcpxo-wb-0:157:741 [0] NCCL INFO Bucket 19781.4-23737.6 Count: 21
tcpxo-wb-0:157:741 [0] NCCL INFO Bucket 23737.6-28485.2 Count: 27
tcpxo-wb-0:157:741 [0] NCCL INFO Bucket 28485.2-34182.2 Count: 12
tcpxo-wb-0:157:741 [0] NCCL INFO Bucket 34182.2-41018.6 Count: 26
tcpxo-wb-0:157:741 [0] NCCL INFO Bucket 41018.6-49222.4 Count: 21
tcpxo-wb-0:157:741 [0] NCCL INFO Bucket 49222.4-59066.8 Count: 364
tcpxo-wb-0:157:741 [0] NCCL INFO request/unpack_num_iovs_distribution:
tcpxo-wb-0:157:741 [0] NCCL INFO Bucket 0-2116.47 Count: 0
tcpxo-wb-0:157:741 [0] NCCL INFO request/offload_interval_distribution:
tcpxo-wb-0:157:741 [0] NCCL INFO Min: 2398
tcpxo-wb-0:157:741 [0] NCCL INFO Max: 1.37473e+08
tcpxo-wb-0:157:741 [0] NCCL INFO Avg: 174147
tcpxo-wb-0:157:741 [0] NCCL INFO Bucket 0-2073.6 Count: 0
tcpxo-wb-0:157:741 [0] NCCL INFO Bucket 2073.6-2488.32 Count: 2
tcpxo-wb-0:157:741 [0] NCCL INFO Bucket 2488.32-2985.98 Count: 19
tcpxo-wb-0:157:741 [0] NCCL INFO Bucket 2985.98-3583.18 Count: 83
tcpxo-wb-0:157:741 [0] NCCL INFO Bucket 3583.18-4299.82 Count: 56
tcpxo-wb-0:157:741 [0] NCCL INFO Bucket 4299.82-5159.78 Count: 59
tcpxo-wb-0:157:741 [0] NCCL INFO Bucket 5159.78-6191.74 Count: 60
tcpxo-wb-0:157:741 [0] NCCL INFO Bucket 6191.74-7430.08 Count: 118
tcpxo-wb-0:157:741 [0] NCCL INFO Bucket 7430.08-8916.1 Count: 123
tcpxo-wb-0:157:741 [0] NCCL INFO Bucket 8916.1-10699.3 Count: 75
tcpxo-wb-0:157:741 [0] NCCL INFO Bucket 10699.3-12839.2 Count: 67
tcpxo-wb-0:157:741 [0] NCCL INFO Bucket 12839.2-15407 Count: 22
tcpxo-wb-0:157:741 [0] NCCL INFO Bucket 15407-18488.4 Count: 45
tcpxo-wb-0:157:741 [0] NCCL INFO Bucket 18488.4-22186.1 Count: 43
tcpxo-wb-0:157:741 [0] NCCL INFO Bucket 22186.1-26623.3 Count: 68
tcpxo-wb-0:157:741 [0] NCCL INFO Bucket 26623.3-31948 Count: 101
tcpxo-wb-0:157:741 [0] NCCL INFO Bucket 31948-38337.6 Count: 147
tcpxo-wb-0:157:741 [0] NCCL INFO Bucket 38337.6-46005.1 Count: 143
tcpxo-wb-0:157:741 [0] NCCL INFO Bucket 46005.1-55206.1 Count: 217
tcpxo-wb-0:157:741 [0] NCCL INFO Bucket 55206.1-66247.4 Count: 193
tcpxo-wb-0:157:741 [0] NCCL INFO Bucket 66247.4-79496.8 Count: 116
tcpxo-wb-0:157:741 [0] NCCL INFO Bucket 79496.8-95396.2 Count: 94
tcpxo-wb-0:157:741 [0] NCCL INFO Bucket 95396.2-114475 Count: 112
tcpxo-wb-0:157:741 [0] NCCL INFO Bucket 114475-137371 Count: 81
tcpxo-wb-0:157:741 [0] NCCL INFO Bucket 137371-164845 Count: 78
tcpxo-wb-0:157:741 [0] NCCL INFO Bucket 164845-197814 Count: 52
tcpxo-wb-0:157:741 [0] NCCL INFO Bucket 197814-237376 Count: 59
tcpxo-wb-0:157:741 [0] NCCL INFO Bucket 237376-284852 Count: 50
tcpxo-wb-0:157:741 [0] NCCL INFO Bucket 284852-341822 Count: 51
tcpxo-wb-0:157:741 [0] NCCL INFO Bucket 341822-410186 Count: 49
tcpxo-wb-0:157:741 [0] NCCL INFO Bucket 410186-492224 Count: 52
tcpxo-wb-0:157:741 [0] NCCL INFO Bucket 492224-590668 Count: 26
tcpxo-wb-0:157:741 [0] NCCL INFO Bucket 590668-708802 Count: 34
tcpxo-wb-0:157:741 [0] NCCL INFO Bucket 708802-850562 Count: 19
tcpxo-wb-0:157:741 [0] NCCL INFO Bucket 850562-1.02067e+06 Count: 13
tcpxo-wb-0:157:741 [0] NCCL INFO Bucket 1.02067e+06-1.22481e+06 Count: 18
tcpxo-wb-0:157:741 [0] NCCL INFO Bucket 1.22481e+06-1.46977e+06 Count: 2
tcpxo-wb-0:157:741 [0] NCCL INFO Bucket 1.46977e+06-1.76373e+06 Count: 3
tcpxo-wb-0:157:741 [0] NCCL INFO Bucket 1.76373e+06-2.11647e+06 Count: 2
tcpxo-wb-0:157:741 [0] NCCL INFO Bucket 2.11647e+06-2.53977e+06 Count: 1
tcpxo-wb-0:157:741 [0] NCCL INFO Bucket 2.53977e+06-3.04772e+06 Count: 2
tcpxo-wb-0:157:741 [0] NCCL INFO Bucket 3.04772e+06-3.65726e+06 Count: 1
tcpxo-wb-0:157:741 [0] NCCL INFO Bucket 3.65726e+06-4.38871e+06 Count: 1
tcpxo-wb-0:157:741 [0] NCCL INFO Bucket 4.38871e+06-5.26646e+06 Count: 2
tcpxo-wb-0:157:741 [0] NCCL INFO Bucket 5.26646e+06-9.10044e+06 Count: 0
tcpxo-wb-0:157:741 [0] NCCL INFO Bucket 9.10044e+06-1.09205e+07 Count: 1
tcpxo-wb-0:157:741 [0] NCCL INFO NET/FasTrak 2026-08-02T13:31:22.332317929+00:00: DeregMr[netdev=0] CUDA memory for comm 0x78af6c0995f0 with handle:8653318625366213682 data:0x31d8e00000 size:524288.
tcpxo-wb-0:157:741 [0] NCCL INFO NET/FasTrak 2026-08-02T13:31:22.333188181+00:00: DeregMr[netdev=0] CUDA memory for comm 0x78af6c0995f0 with handle:8653318625366214513 data:0x31d8e80000 size:4915200.
tcpxo-wb-0:157:741 [0] NCCL INFO NET/FasTrak 2026-08-02T13:31:22.33429901+00:00: DeregMr[netdev=0] CUDA memory for comm 0x78af6c0995f0 with handle:8653318625366215344 data:0x31d9330000 size:8388608.
tcpxo-wb-0:157:741 [0] NCCL INFO NET/FasTrak 2026-08-02T13:31:22.335493982+00:00: Closing Recv comm 0x78af6c0995f0
tcpxo-wb-0:157:741 [0] NCCL INFO NET/FasTrak 2026-08-02T13:31:22.335499183+00:00: COMM STATS:
tcpxo-wb-0:157:741 [0] NCCL INFO request/offload_scheduled: 2560
tcpxo-wb-0:157:741 [0] NCCL INFO request/offload_completed: 2560
tcpxo-wb-0:157:741 [0] NCCL INFO request/offload_backlog_curr: 0
tcpxo-wb-0:157:741 [0] NCCL INFO request/offload_backlog_peak: 7
tcpxo-wb-0:157:741 [0] NCCL INFO request/offload_size_distribution:
tcpxo-wb-0:157:741 [0] NCCL INFO Min: 65536
tcpxo-wb-0:157:741 [0] NCCL INFO Max: 131072
tcpxo-wb-0:157:741 [0] NCCL INFO Avg: 129024
tcpxo-wb-0:157:741 [0] NCCL INFO Bucket 0-63107.2 Count: 0
tcpxo-wb-0:157:741 [0] NCCL INFO Bucket 63107.2-75728.6 Count: 80
tcpxo-wb-0:157:741 [0] NCCL INFO Bucket 75728.6-130859 Count: 0
tcpxo-wb-0:157:741 [0] NCCL INFO Bucket 130859-157031 Count: 2480
tcpxo-wb-0:157:741 [0] NCCL INFO Bucket 157031-2.41938e+06 Count: 0
tcpxo-wb-0:157:741 [0] NCCL INFO request/offload_duration_distribution:
tcpxo-wb-0:157:741 [0] NCCL INFO Min: 51676
tcpxo-wb-0:157:741 [0] NCCL INFO Max: 3.59861e+06
tcpxo-wb-0:157:741 [0] NCCL INFO Avg: 547134
tcpxo-wb-0:157:741 [0] NCCL INFO Bucket 0-51597.8 Count: 0
tcpxo-wb-0:157:741 [0] NCCL INFO Bucket 51597.8-61917.4 Count: 7
tcpxo-wb-0:157:741 [0] NCCL INFO Bucket 61917.4-74300.8 Count: 17
tcpxo-wb-0:157:741 [0] NCCL INFO Bucket 74300.8-89161 Count: 21
tcpxo-wb-0:157:741 [0] NCCL INFO Bucket 89161-106993 Count: 16
tcpxo-wb-0:157:741 [0] NCCL INFO Bucket 106993-128392 Count: 61
tcpxo-wb-0:157:741 [0] NCCL INFO Bucket 128392-154070 Count: 124
tcpxo-wb-0:157:741 [0] NCCL INFO Bucket 154070-184884 Count: 183
tcpxo-wb-0:157:741 [0] NCCL INFO Bucket 184884-221861 Count: 223
tcpxo-wb-0:157:741 [0] NCCL INFO Bucket 221861-266233 Count: 129
tcpxo-wb-0:157:741 [0] NCCL INFO Bucket 266233-319480 Count: 104
tcpxo-wb-0:157:741 [0] NCCL INFO Bucket 319480-383376 Count: 185
tcpxo-wb-0:157:741 [0] NCCL INFO Bucket 383376-460051 Count: 189
tcpxo-wb-0:157:741 [0] NCCL INFO Bucket 460051-552061 Count: 211
tcpxo-wb-0:157:741 [0] NCCL INFO Bucket 552061-662474 Count: 294
tcpxo-wb-0:157:741 [0] NCCL INFO Bucket 662474-794968 Count: 258
tcpxo-wb-0:157:741 [0] NCCL INFO Bucket 794968-953962 Count: 176
tcpxo-wb-0:157:741 [0] NCCL INFO Bucket 953962-1.14475e+06 Count: 161
tcpxo-wb-0:157:741 [0] NCCL INFO Bucket 1.14475e+06-1.37371e+06 Count: 131
tcpxo-wb-0:157:741 [0] NCCL INFO Bucket 1.37371e+06-1.64845e+06 Count: 43
tcpxo-wb-0:157:741 [0] NCCL INFO Bucket 1.64845e+06-1.97814e+06 Count: 15
tcpxo-wb-0:157:741 [0] NCCL INFO Bucket 1.97814e+06-2.84852e+06 Count: 0
tcpxo-wb-0:157:741 [0] NCCL INFO Bucket 2.84852e+06-3.41822e+06 Count: 9
tcpxo-wb-0:157:741 [0] NCCL INFO Bucket 3.41822e+06-4.10186e+06 Count: 3
tcpxo-wb-0:157:741 [0] NCCL INFO Bucket 4.10186e+06-1.02067e+07 Count: 0
tcpxo-wb-0:157:741 [0] NCCL INFO request/unpack_duration_distribution:
tcpxo-wb-0:157:741 [0] NCCL INFO Bucket 0-1.09205e+07 Count: 0
tcpxo-wb-0:157:741 [0] NCCL INFO request/offload_complete_age_distribution:
tcpxo-wb-0:157:741 [0] NCCL INFO Min: 92
tcpxo-wb-0:157:741 [0] NCCL INFO Max: 308488
tcpxo-wb-0:157:741 [0] NCCL INFO Avg: 12485.6
tcpxo-wb-0:157:741 [0] NCCL INFO Bucket 0-100 Count: 7
tcpxo-wb-0:157:741 [0] NCCL INFO Bucket 100-120 Count: 53
tcpxo-wb-0:157:741 [0] NCCL INFO Bucket 120-144 Count: 6
tcpxo-wb-0:157:741 [0] NCCL INFO Bucket 144-207.36 Count: 0
tcpxo-wb-0:157:741 [0] NCCL INFO Bucket 207.36-248.832 Count: 6
tcpxo-wb-0:157:741 [0] NCCL INFO Bucket 248.832-298.598 Count: 36
tcpxo-wb-0:157:741 [0] NCCL INFO Bucket 298.598-358.318 Count: 19
tcpxo-wb-0:157:741 [0] NCCL INFO Bucket 358.318-429.982 Count: 29
tcpxo-wb-0:157:741 [0] NCCL INFO Bucket 429.982-515.978 Count: 27
tcpxo-wb-0:157:741 [0] NCCL INFO Bucket 515.978-619.174 Count: 31
tcpxo-wb-0:157:741 [0] NCCL INFO Bucket 619.174-743.008 Count: 42
tcpxo-wb-0:157:741 [0] NCCL INFO Bucket 743.008-891.61 Count: 40
tcpxo-wb-0:157:741 [0] NCCL INFO Bucket 891.61-1069.93 Count: 66
tcpxo-wb-0:157:741 [0] NCCL INFO Bucket 1069.93-1283.92 Count: 60
tcpxo-wb-0:157:741 [0] NCCL INFO Bucket 1283.92-1540.7 Count: 81
tcpxo-wb-0:157:741 [0] NCCL INFO Bucket 1540.7-1848.84 Count: 98
tcpxo-wb-0:157:741 [0] NCCL INFO Bucket 1848.84-2218.61 Count: 126
tcpxo-wb-0:157:741 [0] NCCL INFO Bucket 2218.61-2662.33 Count: 136
tcpxo-wb-0:157:741 [0] NCCL INFO Bucket 2662.33-3194.8 Count: 160
tcpxo-wb-0:157:741 [0] NCCL INFO Bucket 3194.8-3833.76 Count: 207
tcpxo-wb-0:157:741 [0] NCCL INFO Bucket 3833.76-4600.51 Count: 210
tcpxo-wb-0:157:741 [0] NCCL INFO Bucket 4600.51-5520.61 Count: 233
tcpxo-wb-0:157:741 [0] NCCL INFO Bucket 5520.61-6624.74 Count: 227
tcpxo-wb-0:157:741 [0] NCCL INFO Bucket 6624.74-7949.68 Count: 141
tcpxo-wb-0:157:741 [0] NCCL INFO Bucket 7949.68-9539.62 Count: 93
tcpxo-wb-0:157:741 [0] NCCL INFO Bucket 9539.62-11447.5 Count: 66
tcpxo-wb-0:157:741 [0] NCCL INFO Bucket 11447.5-13737.1 Count: 61
tcpxo-wb-0:157:741 [0] NCCL INFO Bucket 13737.1-16484.5 Count: 37
tcpxo-wb-0:157:741 [0] NCCL INFO Bucket 16484.5-19781.4 Count: 25
tcpxo-wb-0:157:741 [0] NCCL INFO Bucket 19781.4-23737.6 Count: 16
tcpxo-wb-0:157:741 [0] NCCL INFO Bucket 23737.6-28485.2 Count: 13
tcpxo-wb-0:157:741 [0] NCCL INFO Bucket 28485.2-34182.2 Count: 17
tcpxo-wb-0:157:741 [0] NCCL INFO Bucket 34182.2-41018.6 Count: 13
tcpxo-wb-0:157:741 [0] NCCL INFO Bucket 41018.6-49222.4 Count: 16
tcpxo-wb-0:157:741 [0] NCCL INFO Bucket 49222.4-59066.8 Count: 162
tcpxo-wb-0:157:741 [0] NCCL INFO request/unpack_num_iovs_distribution:
tcpxo-wb-0:157:741 [0] NCCL INFO Bucket 0-2116.47 Count: 0
tcpxo-wb-0:157:741 [0] NCCL INFO request/offload_interval_distribution:
tcpxo-wb-0:157:741 [0] NCCL INFO Min: 2319
tcpxo-wb-0:157:741 [0] NCCL INFO Max: 1.37424e+08
tcpxo-wb-0:157:741 [0] NCCL INFO Avg: 174249
tcpxo-wb-0:157:741 [0] NCCL INFO Bucket 0-2073.6 Count: 0
tcpxo-wb-0:157:741 [0] NCCL INFO Bucket 2073.6-2488.32 Count: 3
tcpxo-wb-0:157:741 [0] NCCL INFO Bucket 2488.32-2985.98 Count: 35
tcpxo-wb-0:157:741 [0] NCCL INFO Bucket 2985.98-3583.18 Count: 143
tcpxo-wb-0:157:741 [0] NCCL INFO Bucket 3583.18-4299.82 Count: 182
tcpxo-wb-0:157:741 [0] NCCL INFO Bucket 4299.82-5159.78 Count: 127
tcpxo-wb-0:157:741 [0] NCCL INFO Bucket 5159.78-6191.74 Count: 63
tcpxo-wb-0:157:741 [0] NCCL INFO Bucket 6191.74-7430.08 Count: 45
tcpxo-wb-0:157:741 [0] NCCL INFO Bucket 7430.08-8916.1 Count: 22
tcpxo-wb-0:157:741 [0] NCCL INFO Bucket 8916.1-10699.3 Count: 9
tcpxo-wb-0:157:741 [0] NCCL INFO Bucket 10699.3-12839.2 Count: 62
tcpxo-wb-0:157:741 [0] NCCL INFO Bucket 12839.2-15407 Count: 63
tcpxo-wb-0:157:741 [0] NCCL INFO Bucket 15407-18488.4 Count: 74
tcpxo-wb-0:157:741 [0] NCCL INFO Bucket 18488.4-22186.1 Count: 41
tcpxo-wb-0:157:741 [0] NCCL INFO Bucket 22186.1-26623.3 Count: 20
tcpxo-wb-0:157:741 [0] NCCL INFO Bucket 26623.3-31948 Count: 20
tcpxo-wb-0:157:741 [0] NCCL INFO Bucket 31948-38337.6 Count: 47
tcpxo-wb-0:157:741 [0] NCCL INFO Bucket 38337.6-46005.1 Count: 135
tcpxo-wb-0:157:741 [0] NCCL INFO Bucket 46005.1-55206.1 Count: 291
tcpxo-wb-0:157:741 [0] NCCL INFO Bucket 55206.1-66247.4 Count: 232
tcpxo-wb-0:157:741 [0] NCCL INFO Bucket 66247.4-79496.8 Count: 103
tcpxo-wb-0:157:741 [0] NCCL INFO Bucket 79496.8-95396.2 Count: 86
tcpxo-wb-0:157:741 [0] NCCL INFO Bucket 95396.2-114475 Count: 93
tcpxo-wb-0:157:741 [0] NCCL INFO Bucket 114475-137371 Count: 100
tcpxo-wb-0:157:741 [0] NCCL INFO Bucket 137371-164845 Count: 97
tcpxo-wb-0:157:741 [0] NCCL INFO Bucket 164845-197814 Count: 95
tcpxo-wb-0:157:741 [0] NCCL INFO Bucket 197814-237376 Count: 74
tcpxo-wb-0:157:741 [0] NCCL INFO Bucket 237376-284852 Count: 49
tcpxo-wb-0:157:741 [0] NCCL INFO Bucket 284852-341822 Count: 34
tcpxo-wb-0:157:741 [0] NCCL INFO Bucket 341822-410186 Count: 58
tcpxo-wb-0:157:741 [0] NCCL INFO Bucket 410186-492224 Count: 30
tcpxo-wb-0:157:741 [0] NCCL INFO Bucket 492224-590668 Count: 10
tcpxo-wb-0:157:741 [0] NCCL INFO Bucket 590668-708802 Count: 37
tcpxo-wb-0:157:741 [0] NCCL INFO Bucket 708802-850562 Count: 36
tcpxo-wb-0:157:741 [0] NCCL INFO Bucket 850562-1.02067e+06 Count: 15
tcpxo-wb-0:157:741 [0] NCCL INFO Bucket 1.02067e+06-1.22481e+06 Count: 12
tcpxo-wb-0:157:741 [0] NCCL INFO Bucket 1.22481e+06-1.46977e+06 Count: 5
tcpxo-wb-0:157:741 [0] NCCL INFO Bucket 1.46977e+06-1.76373e+06 Count: 2
tcpxo-wb-0:157:741 [0] NCCL INFO Bucket 1.76373e+06-2.11647e+06 Count: 2
tcpxo-wb-0:157:741 [0] NCCL INFO Bucket 2.11647e+06-2.53977e+06 Count: 1
tcpxo-wb-0:157:741 [0] NCCL INFO Bucket 2.53977e+06-3.04772e+06 Count: 2
tcpxo-wb-0:157:741 [0] NCCL INFO Bucket 3.04772e+06-3.65726e+06 Count: 1
tcpxo-wb-0:157:741 [0] NCCL INFO Bucket 3.65726e+06-4.38871e+06 Count: 2
tcpxo-wb-0:157:741 [0] NCCL INFO Bucket 4.38871e+06-5.26646e+06 Count: 1
tcpxo-wb-0:157:741 [0] NCCL INFO Bucket 5.26646e+06-9.10044e+06 Count: 0
tcpxo-wb-0:157:741 [0] NCCL INFO Bucket 9.10044e+06-1.09205e+07 Count: 1
tcpxo-wb-0:157:741 [0] NCCL INFO NET/FasTrak 2026-08-02T13:31:22.335575732+00:00: DeregMr[netdev=0] CUDA memory for comm 0x78af6c09cb10 with handle:8653318625366216175 data:0x31da000000 size:524288.
tcpxo-wb-0:157:741 [0] NCCL INFO NET/FasTrak 2026-08-02T13:31:22.336408447+00:00: DeregMr[netdev=0] CUDA memory for comm 0x78af6c09cb10 with handle:8653318625366212910 data:0x31da080000 size:4915200.
tcpxo-wb-0:157:741 [0] NCCL INFO NET/FasTrak 2026-08-02T13:31:22.337734482+00:00: DeregMr[netdev=0] CUDA memory for comm 0x78af6c09cb10 with handle:8653318625366213741 data:0x31da530000 size:8388608.
tcpxo-wb-0:157:741 [0] NCCL INFO NET/FasTrak 2026-08-02T13:31:22.338646696+00:00: Closing Recv comm 0x78af6c09cb10
tcpxo-wb-0:157:741 [0] NCCL INFO NET/FasTrak 2026-08-02T13:31:22.338650965+00:00: COMM STATS:
tcpxo-wb-0:157:741 [0] NCCL INFO request/offload_scheduled: 2560
tcpxo-wb-0:157:741 [0] NCCL INFO request/offload_completed: 2560
tcpxo-wb-0:157:741 [0] NCCL INFO request/offload_backlog_curr: 0
tcpxo-wb-0:157:741 [0] NCCL INFO request/offload_backlog_peak: 7
tcpxo-wb-0:157:741 [0] NCCL INFO request/offload_size_distribution:
tcpxo-wb-0:157:741 [0] NCCL INFO Min: 65536
tcpxo-wb-0:157:741 [0] NCCL INFO Max: 131072
tcpxo-wb-0:157:741 [0] NCCL INFO Avg: 129024
tcpxo-wb-0:157:741 [0] NCCL INFO Bucket 0-63107.2 Count: 0
tcpxo-wb-0:157:741 [0] NCCL INFO Bucket 63107.2-75728.6 Count: 80
tcpxo-wb-0:157:741 [0] NCCL INFO Bucket 75728.6-130859 Count: 0
tcpxo-wb-0:157:741 [0] NCCL INFO Bucket 130859-157031 Count: 2480
tcpxo-wb-0:157:741 [0] NCCL INFO Bucket 157031-2.41938e+06 Count: 0
tcpxo-wb-0:157:741 [0] NCCL INFO request/offload_duration_distribution:
tcpxo-wb-0:157:741 [0] NCCL INFO Min: 58051
tcpxo-wb-0:157:741 [0] NCCL INFO Max: 4.15975e+06
tcpxo-wb-0:157:741 [0] NCCL INFO Avg: 759604
tcpxo-wb-0:157:741 [0] NCCL INFO Bucket 0-51597.8 Count: 0
tcpxo-wb-0:157:741 [0] NCCL INFO Bucket 51597.8-61917.4 Count: 3
tcpxo-wb-0:157:741 [0] NCCL INFO Bucket 61917.4-74300.8 Count: 4
tcpxo-wb-0:157:741 [0] NCCL INFO Bucket 74300.8-89161 Count: 6
tcpxo-wb-0:157:741 [0] NCCL INFO Bucket 89161-106993 Count: 14
tcpxo-wb-0:157:741 [0] NCCL INFO Bucket 106993-128392 Count: 21
tcpxo-wb-0:157:741 [0] NCCL INFO Bucket 128392-154070 Count: 16
tcpxo-wb-0:157:741 [0] NCCL INFO Bucket 154070-184884 Count: 44
tcpxo-wb-0:157:741 [0] NCCL INFO Bucket 184884-221861 Count: 54
tcpxo-wb-0:157:741 [0] NCCL INFO Bucket 221861-266233 Count: 95
tcpxo-wb-0:157:741 [0] NCCL INFO Bucket 266233-319480 Count: 112
tcpxo-wb-0:157:741 [0] NCCL INFO Bucket 319480-383376 Count: 213
tcpxo-wb-0:157:741 [0] NCCL INFO Bucket 383376-460051 Count: 279
tcpxo-wb-0:157:741 [0] NCCL INFO Bucket 460051-552061 Count: 300
tcpxo-wb-0:157:741 [0] NCCL INFO Bucket 552061-662474 Count: 302
tcpxo-wb-0:157:741 [0] NCCL INFO Bucket 662474-794968 Count: 231
tcpxo-wb-0:157:741 [0] NCCL INFO Bucket 794968-953962 Count: 202
tcpxo-wb-0:157:741 [0] NCCL INFO Bucket 953962-1.14475e+06 Count: 185
tcpxo-wb-0:157:741 [0] NCCL INFO Bucket 1.14475e+06-1.37371e+06 Count: 140
tcpxo-wb-0:157:741 [0] NCCL INFO Bucket 1.37371e+06-1.64845e+06 Count: 151
tcpxo-wb-0:157:741 [0] NCCL INFO Bucket 1.64845e+06-1.97814e+06 Count: 82
tcpxo-wb-0:157:741 [0] NCCL INFO Bucket 1.97814e+06-2.37376e+06 Count: 72
tcpxo-wb-0:157:741 [0] NCCL INFO Bucket 2.37376e+06-2.84852e+06 Count: 21
tcpxo-wb-0:157:741 [0] NCCL INFO Bucket 2.84852e+06-3.41822e+06 Count: 8
tcpxo-wb-0:157:741 [0] NCCL INFO Bucket 3.41822e+06-4.10186e+06 Count: 4
tcpxo-wb-0:157:741 [0] NCCL INFO Bucket 4.10186e+06-4.92224e+06 Count: 1
tcpxo-wb-0:157:741 [0] NCCL INFO Bucket 4.92224e+06-1.02067e+07 Count: 0
tcpxo-wb-0:157:741 [0] NCCL INFO request/unpack_duration_distribution:
tcpxo-wb-0:157:741 [0] NCCL INFO Bucket 0-1.09205e+07 Count: 0
tcpxo-wb-0:157:741 [0] NCCL INFO request/offload_complete_age_distribution:
tcpxo-wb-0:157:741 [0] NCCL INFO Min: 94
tcpxo-wb-0:157:741 [0] NCCL INFO Max: 904147
tcpxo-wb-0:157:741 [0] NCCL INFO Avg: 100892
tcpxo-wb-0:157:741 [0] NCCL INFO Bucket 0-100 Count: 4
tcpxo-wb-0:157:741 [0] NCCL INFO Bucket 100-120 Count: 45
tcpxo-wb-0:157:741 [0] NCCL INFO Bucket 120-144 Count: 4
tcpxo-wb-0:157:741 [0] NCCL INFO Bucket 144-172.8 Count: 0
tcpxo-wb-0:157:741 [0] NCCL INFO Bucket 172.8-207.36 Count: 1
tcpxo-wb-0:157:741 [0] NCCL INFO Bucket 207.36-248.832 Count: 3
tcpxo-wb-0:157:741 [0] NCCL INFO Bucket 248.832-298.598 Count: 36
tcpxo-wb-0:157:741 [0] NCCL INFO Bucket 298.598-358.318 Count: 12
tcpxo-wb-0:157:741 [0] NCCL INFO Bucket 358.318-429.982 Count: 18
tcpxo-wb-0:157:741 [0] NCCL INFO Bucket 429.982-515.978 Count: 25
tcpxo-wb-0:157:741 [0] NCCL INFO Bucket 515.978-619.174 Count: 30
tcpxo-wb-0:157:741 [0] NCCL INFO Bucket 619.174-743.008 Count: 22
tcpxo-wb-0:157:741 [0] NCCL INFO Bucket 743.008-891.61 Count: 19
tcpxo-wb-0:157:741 [0] NCCL INFO Bucket 891.61-1069.93 Count: 40
tcpxo-wb-0:157:741 [0] NCCL INFO Bucket 1069.93-1283.92 Count: 56
tcpxo-wb-0:157:741 [0] NCCL INFO Bucket 1283.92-1540.7 Count: 49
tcpxo-wb-0:157:741 [0] NCCL INFO Bucket 1540.7-1848.84 Count: 67
tcpxo-wb-0:157:741 [0] NCCL INFO Bucket 1848.84-2218.61 Count: 82
tcpxo-wb-0:157:741 [0] NCCL INFO Bucket 2218.61-2662.33 Count: 102
tcpxo-wb-0:157:741 [0] NCCL INFO Bucket 2662.33-3194.8 Count: 125
tcpxo-wb-0:157:741 [0] NCCL INFO Bucket 3194.8-3833.76 Count: 137
tcpxo-wb-0:157:741 [0] NCCL INFO Bucket 3833.76-4600.51 Count: 145
tcpxo-wb-0:157:741 [0] NCCL INFO Bucket 4600.51-5520.61 Count: 144
tcpxo-wb-0:157:741 [0] NCCL INFO Bucket 5520.61-6624.74 Count: 153
tcpxo-wb-0:157:741 [0] NCCL INFO Bucket 6624.74-7949.68 Count: 102
tcpxo-wb-0:157:741 [0] NCCL INFO Bucket 7949.68-9539.62 Count: 77
tcpxo-wb-0:157:741 [0] NCCL INFO Bucket 9539.62-11447.5 Count: 49
tcpxo-wb-0:157:741 [0] NCCL INFO Bucket 11447.5-13737.1 Count: 26
tcpxo-wb-0:157:741 [0] NCCL INFO Bucket 13737.1-16484.5 Count: 34
tcpxo-wb-0:157:741 [0] NCCL INFO Bucket 16484.5-19781.4 Count: 27
tcpxo-wb-0:157:741 [0] NCCL INFO Bucket 19781.4-23737.6 Count: 15
tcpxo-wb-0:157:741 [0] NCCL INFO Bucket 23737.6-28485.2 Count: 9
tcpxo-wb-0:157:741 [0] NCCL INFO Bucket 28485.2-34182.2 Count: 10
tcpxo-wb-0:157:741 [0] NCCL INFO Bucket 34182.2-41018.6 Count: 9
tcpxo-wb-0:157:741 [0] NCCL INFO Bucket 41018.6-49222.4 Count: 18
tcpxo-wb-0:157:741 [0] NCCL INFO Bucket 49222.4-59066.8 Count: 865
tcpxo-wb-0:157:741 [0] NCCL INFO request/unpack_num_iovs_distribution:
tcpxo-wb-0:157:741 [0] NCCL INFO Bucket 0-2116.47 Count: 0
tcpxo-wb-0:157:741 [0] NCCL INFO request/offload_interval_distribution:
tcpxo-wb-0:157:741 [0] NCCL INFO Min: 2136
tcpxo-wb-0:157:741 [0] NCCL INFO Max: 1.37392e+08
tcpxo-wb-0:157:741 [0] NCCL INFO Avg: 174113
tcpxo-wb-0:157:741 [0] NCCL INFO Bucket 0-2073.6 Count: 0
tcpxo-wb-0:157:741 [0] NCCL INFO Bucket 2073.6-2488.32 Count: 9
tcpxo-wb-0:157:741 [0] NCCL INFO Bucket 2488.32-2985.98 Count: 33
tcpxo-wb-0:157:741 [0] NCCL INFO Bucket 2985.98-3583.18 Count: 131
tcpxo-wb-0:157:741 [0] NCCL INFO Bucket 3583.18-4299.82 Count: 146
tcpxo-wb-0:157:741 [0] NCCL INFO Bucket 4299.82-5159.78 Count: 141
tcpxo-wb-0:157:741 [0] NCCL INFO Bucket 5159.78-6191.74 Count: 110
tcpxo-wb-0:157:741 [0] NCCL INFO Bucket 6191.74-7430.08 Count: 53
tcpxo-wb-0:157:741 [0] NCCL INFO Bucket 7430.08-8916.1 Count: 27
tcpxo-wb-0:157:741 [0] NCCL INFO Bucket 8916.1-10699.3 Count: 20
tcpxo-wb-0:157:741 [0] NCCL INFO Bucket 10699.3-12839.2 Count: 96
tcpxo-wb-0:157:741 [0] NCCL INFO Bucket 12839.2-15407 Count: 159
tcpxo-wb-0:157:741 [0] NCCL INFO Bucket 15407-18488.4 Count: 239
tcpxo-wb-0:157:741 [0] NCCL INFO Bucket 18488.4-22186.1 Count: 149
tcpxo-wb-0:157:741 [0] NCCL INFO Bucket 22186.1-26623.3 Count: 92
tcpxo-wb-0:157:741 [0] NCCL INFO Bucket 26623.3-31948 Count: 26
tcpxo-wb-0:157:741 [0] NCCL INFO Bucket 31948-38337.6 Count: 30
tcpxo-wb-0:157:741 [0] NCCL INFO Bucket 38337.6-46005.1 Count: 28
tcpxo-wb-0:157:741 [0] NCCL INFO Bucket 46005.1-55206.1 Count: 68
tcpxo-wb-0:157:741 [0] NCCL INFO Bucket 55206.1-66247.4 Count: 81
tcpxo-wb-0:157:741 [0] NCCL INFO Bucket 66247.4-79496.8 Count: 70
tcpxo-wb-0:157:741 [0] NCCL INFO Bucket 79496.8-95396.2 Count: 78
tcpxo-wb-0:157:741 [0] NCCL INFO Bucket 95396.2-114475 Count: 87
tcpxo-wb-0:157:741 [0] NCCL INFO Bucket 114475-137371 Count: 93
tcpxo-wb-0:157:741 [0] NCCL INFO Bucket 137371-164845 Count: 92
tcpxo-wb-0:157:741 [0] NCCL INFO Bucket 164845-197814 Count: 100
tcpxo-wb-0:157:741 [0] NCCL INFO Bucket 197814-237376 Count: 62
tcpxo-wb-0:157:741 [0] NCCL INFO Bucket 237376-284852 Count: 66
tcpxo-wb-0:157:741 [0] NCCL INFO Bucket 284852-341822 Count: 47
tcpxo-wb-0:157:741 [0] NCCL INFO Bucket 341822-410186 Count: 42
tcpxo-wb-0:157:741 [0] NCCL INFO Bucket 410186-492224 Count: 41
tcpxo-wb-0:157:741 [0] NCCL INFO Bucket 492224-590668 Count: 24
tcpxo-wb-0:157:741 [0] NCCL INFO Bucket 590668-708802 Count: 39
tcpxo-wb-0:157:741 [0] NCCL INFO Bucket 708802-850562 Count: 15
tcpxo-wb-0:157:741 [0] NCCL INFO Bucket 850562-1.02067e+06 Count: 28
tcpxo-wb-0:157:741 [0] NCCL INFO Bucket 1.02067e+06-1.22481e+06 Count: 21
tcpxo-wb-0:157:741 [0] NCCL INFO Bucket 1.22481e+06-1.46977e+06 Count: 6
tcpxo-wb-0:157:741 [0] NCCL INFO Bucket 1.46977e+06-1.76373e+06 Count: 1
tcpxo-wb-0:157:741 [0] NCCL INFO Bucket 1.76373e+06-2.11647e+06 Count: 2
tcpxo-wb-0:157:741 [0] NCCL INFO Bucket 2.11647e+06-2.53977e+06 Count: 1
tcpxo-wb-0:157:741 [0] NCCL INFO Bucket 2.53977e+06-3.04772e+06 Count: 2
tcpxo-wb-0:157:741 [0] NCCL INFO Bucket 3.04772e+06-3.65726e+06 Count: 1
tcpxo-wb-0:157:741 [0] NCCL INFO Bucket 3.65726e+06-4.38871e+06 Count: 2
tcpxo-wb-0:157:741 [0] NCCL INFO Bucket 4.38871e+06-5.26646e+06 Count: 1
tcpxo-wb-0:157:741 [0] NCCL INFO Bucket 5.26646e+06-9.10044e+06 Count: 0
tcpxo-wb-0:157:741 [0] NCCL INFO Bucket 9.10044e+06-1.09205e+07 Count: 1
tcpxo-wb-0:157:741 [0] NCCL INFO NET/FasTrak 2026-08-02T13:31:22.338737569+00:00: DeregMr[netdev=0] CUDA memory for comm 0x78af6c0a0090 with handle:8653318625366214572 data:0x31dae00000 size:524288.
tcpxo-wb-0:157:741 [0] NCCL INFO NET/FasTrak 2026-08-02T13:31:22.339640393+00:00: DeregMr[netdev=0] CUDA memory for comm 0x78af6c0a0090 with handle:8653318625366215403 data:0x31dae80000 size:4915200.
tcpxo-wb-0:157:741 [0] NCCL INFO NET/FasTrak 2026-08-02T13:31:22.340855538+00:00: DeregMr[netdev=0] CUDA memory for comm 0x78af6c0a0090 with handle:8653318625366216234 data:0x31db330000 size:8388608.
tcpxo-wb-0:157:741 [0] NCCL INFO NET/FasTrak 2026-08-02T13:31:22.341900288+00:00: Closing Recv comm 0x78af6c0a0090
tcpxo-wb-0:157:741 [0] NCCL INFO NET/FasTrak 2026-08-02T13:31:22.341905429+00:00: COMM STATS:
tcpxo-wb-0:157:741 [0] NCCL INFO request/offload_scheduled: 2560
tcpxo-wb-0:157:741 [0] NCCL INFO request/offload_completed: 2560
tcpxo-wb-0:157:741 [0] NCCL INFO request/offload_backlog_curr: 0
tcpxo-wb-0:157:741 [0] NCCL INFO request/offload_backlog_peak: 7
tcpxo-wb-0:157:741 [0] NCCL INFO request/offload_size_distribution:
tcpxo-wb-0:157:741 [0] NCCL INFO Min: 65536
tcpxo-wb-0:157:741 [0] NCCL INFO Max: 131072
tcpxo-wb-0:157:741 [0] NCCL INFO Avg: 129024
tcpxo-wb-0:157:741 [0] NCCL INFO Bucket 0-63107.2 Count: 0
tcpxo-wb-0:157:741 [0] NCCL INFO Bucket 63107.2-75728.6 Count: 80
tcpxo-wb-0:157:741 [0] NCCL INFO Bucket 75728.6-130859 Count: 0
tcpxo-wb-0:157:741 [0] NCCL INFO Bucket 130859-157031 Count: 2480
tcpxo-wb-0:157:741 [0] NCCL INFO Bucket 157031-2.41938e+06 Count: 0
tcpxo-wb-0:157:741 [0] NCCL INFO request/offload_duration_distribution:
tcpxo-wb-0:157:741 [0] NCCL INFO Min: 50868
tcpxo-wb-0:157:741 [0] NCCL INFO Max: 3.25774e+06
tcpxo-wb-0:157:741 [0] NCCL INFO Avg: 676594
tcpxo-wb-0:157:741 [0] NCCL INFO Bucket 0-42998.2 Count: 0
tcpxo-wb-0:157:741 [0] NCCL INFO Bucket 42998.2-51597.8 Count: 1
tcpxo-wb-0:157:741 [0] NCCL INFO Bucket 51597.8-61917.4 Count: 14
tcpxo-wb-0:157:741 [0] NCCL INFO Bucket 61917.4-74300.8 Count: 20
tcpxo-wb-0:157:741 [0] NCCL INFO Bucket 74300.8-89161 Count: 7
tcpxo-wb-0:157:741 [0] NCCL INFO Bucket 89161-106993 Count: 11
tcpxo-wb-0:157:741 [0] NCCL INFO Bucket 106993-128392 Count: 9
tcpxo-wb-0:157:741 [0] NCCL INFO Bucket 128392-154070 Count: 7
tcpxo-wb-0:157:741 [0] NCCL INFO Bucket 154070-184884 Count: 23
tcpxo-wb-0:157:741 [0] NCCL INFO Bucket 184884-221861 Count: 37
tcpxo-wb-0:157:741 [0] NCCL INFO Bucket 221861-266233 Count: 81
tcpxo-wb-0:157:741 [0] NCCL INFO Bucket 266233-319480 Count: 164
tcpxo-wb-0:157:741 [0] NCCL INFO Bucket 319480-383376 Count: 224
tcpxo-wb-0:157:741 [0] NCCL INFO Bucket 383376-460051 Count: 281
tcpxo-wb-0:157:741 [0] NCCL INFO Bucket 460051-552061 Count: 358
tcpxo-wb-0:157:741 [0] NCCL INFO Bucket 552061-662474 Count: 323
tcpxo-wb-0:157:741 [0] NCCL INFO Bucket 662474-794968 Count: 253
tcpxo-wb-0:157:741 [0] NCCL INFO Bucket 794968-953962 Count: 200
tcpxo-wb-0:157:741 [0] NCCL INFO Bucket 953962-1.14475e+06 Count: 234
tcpxo-wb-0:157:741 [0] NCCL INFO Bucket 1.14475e+06-1.37371e+06 Count: 165
tcpxo-wb-0:157:741 [0] NCCL INFO Bucket 1.37371e+06-1.64845e+06 Count: 75
tcpxo-wb-0:157:741 [0] NCCL INFO Bucket 1.64845e+06-1.97814e+06 Count: 36
tcpxo-wb-0:157:741 [0] NCCL INFO Bucket 1.97814e+06-2.37376e+06 Count: 19
tcpxo-wb-0:157:741 [0] NCCL INFO Bucket 2.37376e+06-2.84852e+06 Count: 9
tcpxo-wb-0:157:741 [0] NCCL INFO Bucket 2.84852e+06-3.41822e+06 Count: 9
tcpxo-wb-0:157:741 [0] NCCL INFO Bucket 3.41822e+06-1.02067e+07 Count: 0
tcpxo-wb-0:157:741 [0] NCCL INFO request/unpack_duration_distribution:
tcpxo-wb-0:157:741 [0] NCCL INFO Bucket 0-1.09205e+07 Count: 0
tcpxo-wb-0:157:741 [0] NCCL INFO request/offload_complete_age_distribution:
tcpxo-wb-0:157:741 [0] NCCL INFO Min: 93
tcpxo-wb-0:157:741 [0] NCCL INFO Max: 975966
tcpxo-wb-0:157:741 [0] NCCL INFO Avg: 68108.8
tcpxo-wb-0:157:741 [0] NCCL INFO Bucket 0-100 Count: 3
tcpxo-wb-0:157:741 [0] NCCL INFO Bucket 100-120 Count: 32
tcpxo-wb-0:157:741 [0] NCCL INFO Bucket 120-144 Count: 12
tcpxo-wb-0:157:741 [0] NCCL INFO Bucket 144-207.36 Count: 0
tcpxo-wb-0:157:741 [0] NCCL INFO Bucket 207.36-248.832 Count: 2
tcpxo-wb-0:157:741 [0] NCCL INFO Bucket 248.832-298.598 Count: 38
tcpxo-wb-0:157:741 [0] NCCL INFO Bucket 298.598-358.318 Count: 11
tcpxo-wb-0:157:741 [0] NCCL INFO Bucket 358.318-429.982 Count: 10
tcpxo-wb-0:157:741 [0] NCCL INFO Bucket 429.982-515.978 Count: 32
tcpxo-wb-0:157:741 [0] NCCL INFO Bucket 515.978-619.174 Count: 29
tcpxo-wb-0:157:741 [0] NCCL INFO Bucket 619.174-743.008 Count: 35
tcpxo-wb-0:157:741 [0] NCCL INFO Bucket 743.008-891.61 Count: 28
tcpxo-wb-0:157:741 [0] NCCL INFO Bucket 891.61-1069.93 Count: 50
tcpxo-wb-0:157:741 [0] NCCL INFO Bucket 1069.93-1283.92 Count: 54
tcpxo-wb-0:157:741 [0] NCCL INFO Bucket 1283.92-1540.7 Count: 62
tcpxo-wb-0:157:741 [0] NCCL INFO Bucket 1540.7-1848.84 Count: 78
tcpxo-wb-0:157:741 [0] NCCL INFO Bucket 1848.84-2218.61 Count: 95
tcpxo-wb-0:157:741 [0] NCCL INFO Bucket 2218.61-2662.33 Count: 113
tcpxo-wb-0:157:741 [0] NCCL INFO Bucket 2662.33-3194.8 Count: 132
tcpxo-wb-0:157:741 [0] NCCL INFO Bucket 3194.8-3833.76 Count: 158
tcpxo-wb-0:157:741 [0] NCCL INFO Bucket 3833.76-4600.51 Count: 172
tcpxo-wb-0:157:741 [0] NCCL INFO Bucket 4600.51-5520.61 Count: 197
tcpxo-wb-0:157:741 [0] NCCL INFO Bucket 5520.61-6624.74 Count: 170
tcpxo-wb-0:157:741 [0] NCCL INFO Bucket 6624.74-7949.68 Count: 130
tcpxo-wb-0:157:741 [0] NCCL INFO Bucket 7949.68-9539.62 Count: 65
tcpxo-wb-0:157:741 [0] NCCL INFO Bucket 9539.62-11447.5 Count: 35
tcpxo-wb-0:157:741 [0] NCCL INFO Bucket 11447.5-13737.1 Count: 43
tcpxo-wb-0:157:741 [0] NCCL INFO Bucket 13737.1-16484.5 Count: 28
tcpxo-wb-0:157:741 [0] NCCL INFO Bucket 16484.5-19781.4 Count: 30
tcpxo-wb-0:157:741 [0] NCCL INFO Bucket 19781.4-23737.6 Count: 23
tcpxo-wb-0:157:741 [0] NCCL INFO Bucket 23737.6-28485.2 Count: 16
tcpxo-wb-0:157:741 [0] NCCL INFO Bucket 28485.2-34182.2 Count: 18
tcpxo-wb-0:157:741 [0] NCCL INFO Bucket 34182.2-41018.6 Count: 20
tcpxo-wb-0:157:741 [0] NCCL INFO Bucket 41018.6-49222.4 Count: 18
tcpxo-wb-0:157:741 [0] NCCL INFO Bucket 49222.4-59066.8 Count: 621
tcpxo-wb-0:157:741 [0] NCCL INFO request/unpack_num_iovs_distribution:
tcpxo-wb-0:157:741 [0] NCCL INFO Bucket 0-2116.47 Count: 0
tcpxo-wb-0:157:741 [0] NCCL INFO request/offload_interval_distribution:
tcpxo-wb-0:157:741 [0] NCCL INFO Min: 2656
tcpxo-wb-0:157:741 [0] NCCL INFO Max: 1.37351e+08
tcpxo-wb-0:157:741 [0] NCCL INFO Avg: 173819
tcpxo-wb-0:157:741 [0] NCCL INFO Bucket 0-2488.32 Count: 0
tcpxo-wb-0:157:741 [0] NCCL INFO Bucket 2488.32-2985.98 Count: 21
tcpxo-wb-0:157:741 [0] NCCL INFO Bucket 2985.98-3583.18 Count: 87
tcpxo-wb-0:157:741 [0] NCCL INFO Bucket 3583.18-4299.82 Count: 111
tcpxo-wb-0:157:741 [0] NCCL INFO Bucket 4299.82-5159.78 Count: 113
tcpxo-wb-0:157:741 [0] NCCL INFO Bucket 5159.78-6191.74 Count: 109
tcpxo-wb-0:157:741 [0] NCCL INFO Bucket 6191.74-7430.08 Count: 66
tcpxo-wb-0:157:741 [0] NCCL INFO Bucket 7430.08-8916.1 Count: 62
tcpxo-wb-0:157:741 [0] NCCL INFO Bucket 8916.1-10699.3 Count: 32
tcpxo-wb-0:157:741 [0] NCCL INFO Bucket 10699.3-12839.2 Count: 69
tcpxo-wb-0:157:741 [0] NCCL INFO Bucket 12839.2-15407 Count: 21
tcpxo-wb-0:157:741 [0] NCCL INFO Bucket 15407-18488.4 Count: 31
tcpxo-wb-0:157:741 [0] NCCL INFO Bucket 18488.4-22186.1 Count: 53
tcpxo-wb-0:157:741 [0] NCCL INFO Bucket 22186.1-26623.3 Count: 78
tcpxo-wb-0:157:741 [0] NCCL INFO Bucket 26623.3-31948 Count: 91
tcpxo-wb-0:157:741 [0] NCCL INFO Bucket 31948-38337.6 Count: 115
tcpxo-wb-0:157:741 [0] NCCL INFO Bucket 38337.6-46005.1 Count: 197
tcpxo-wb-0:157:741 [0] NCCL INFO Bucket 46005.1-55206.1 Count: 165
tcpxo-wb-0:157:741 [0] NCCL INFO Bucket 55206.1-66247.4 Count: 187
tcpxo-wb-0:157:741 [0] NCCL INFO Bucket 66247.4-79496.8 Count: 109
tcpxo-wb-0:157:741 [0] NCCL INFO Bucket 79496.8-95396.2 Count: 91
tcpxo-wb-0:157:741 [0] NCCL INFO Bucket 95396.2-114475 Count: 125
tcpxo-wb-0:157:741 [0] NCCL INFO Bucket 114475-137371 Count: 88
tcpxo-wb-0:157:741 [0] NCCL INFO Bucket 137371-164845 Count: 71
tcpxo-wb-0:157:741 [0] NCCL INFO Bucket 164845-197814 Count: 63
tcpxo-wb-0:157:741 [0] NCCL INFO Bucket 197814-237376 Count: 73
tcpxo-wb-0:157:741 [0] NCCL INFO Bucket 237376-284852 Count: 52
tcpxo-wb-0:157:741 [0] NCCL INFO Bucket 284852-341822 Count: 51
tcpxo-wb-0:157:741 [0] NCCL INFO Bucket 341822-410186 Count: 59
tcpxo-wb-0:157:741 [0] NCCL INFO Bucket 410186-492224 Count: 51
tcpxo-wb-0:157:741 [0] NCCL INFO Bucket 492224-590668 Count: 38
tcpxo-wb-0:157:741 [0] NCCL INFO Bucket 590668-708802 Count: 23
tcpxo-wb-0:157:741 [0] NCCL INFO Bucket 708802-850562 Count: 16
tcpxo-wb-0:157:741 [0] NCCL INFO Bucket 850562-1.02067e+06 Count: 14
tcpxo-wb-0:157:741 [0] NCCL INFO Bucket 1.02067e+06-1.22481e+06 Count: 8
tcpxo-wb-0:157:741 [0] NCCL INFO Bucket 1.22481e+06-1.46977e+06 Count: 5
tcpxo-wb-0:157:741 [0] NCCL INFO Bucket 1.46977e+06-1.76373e+06 Count: 3
tcpxo-wb-0:157:741 [0] NCCL INFO Bucket 1.76373e+06-2.11647e+06 Count: 4
tcpxo-wb-0:157:741 [0] NCCL INFO Bucket 2.11647e+06-2.53977e+06 Count: 1
tcpxo-wb-0:157:741 [0] NCCL INFO Bucket 2.53977e+06-3.04772e+06 Count: 2
tcpxo-wb-0:157:741 [0] NCCL INFO Bucket 3.04772e+06-3.65726e+06 Count: 1
tcpxo-wb-0:157:741 [0] NCCL INFO Bucket 3.65726e+06-4.38871e+06 Count: 2
tcpxo-wb-0:157:741 [0] NCCL INFO Bucket 4.38871e+06-5.26646e+06 Count: 1
tcpxo-wb-0:157:741 [0] NCCL INFO Bucket 5.26646e+06-9.10044e+06 Count: 0
tcpxo-wb-0:157:741 [0] NCCL INFO Bucket 9.10044e+06-1.09205e+07 Count: 1
tcpxo-wb-0:157:741 [0] NCCL INFO NET/FasTrak 2026-08-02T13:31:22.341982014+00:00: DeregMr[netdev=0] CUDA memory for comm 0x78af6c0a3710 with handle:8653318625366212969 data:0x31dc000000 size:524288.
tcpxo-wb-0:157:741 [0] NCCL INFO NET/FasTrak 2026-08-02T13:31:22.342842506+00:00: DeregMr[netdev=0] CUDA memory for comm 0x78af6c0a3710 with handle:8653318625366213800 data:0x31dc080000 size:4915200.
tcpxo-wb-0:157:741 [0] NCCL INFO NET/FasTrak 2026-08-02T13:31:22.344155921+00:00: DeregMr[netdev=0] CUDA memory for comm 0x78af6c0a3710 with handle:8653318625366214631 data:0x31dc530000 size:8388608.
tcpxo-wb-0:157:741 [0] NCCL INFO NET/FasTrak 2026-08-02T13:31:22.34509858+00:00: Closing Recv comm 0x78af6c0a3710
tcpxo-wb-0:157:741 [0] NCCL INFO NET/FasTrak 2026-08-02T13:31:22.345102986+00:00: COMM STATS:
tcpxo-wb-0:157:741 [0] NCCL INFO request/offload_scheduled: 2560
tcpxo-wb-0:157:741 [0] NCCL INFO request/offload_completed: 2560
tcpxo-wb-0:157:741 [0] NCCL INFO request/offload_backlog_curr: 0
tcpxo-wb-0:157:741 [0] NCCL INFO request/offload_backlog_peak: 7
tcpxo-wb-0:157:741 [0] NCCL INFO request/offload_size_distribution:
tcpxo-wb-0:157:741 [0] NCCL INFO Min: 65536
tcpxo-wb-0:157:741 [0] NCCL INFO Max: 131072
tcpxo-wb-0:157:741 [0] NCCL INFO Avg: 129024
tcpxo-wb-0:157:741 [0] NCCL INFO Bucket 0-63107.2 Count: 0
tcpxo-wb-0:157:741 [0] NCCL INFO Bucket 63107.2-75728.6 Count: 80
tcpxo-wb-0:157:741 [0] NCCL INFO Bucket 75728.6-130859 Count: 0
tcpxo-wb-0:157:741 [0] NCCL INFO Bucket 130859-157031 Count: 2480
tcpxo-wb-0:157:741 [0] NCCL INFO Bucket 157031-2.41938e+06 Count: 0
tcpxo-wb-0:157:741 [0] NCCL INFO request/offload_duration_distribution:
tcpxo-wb-0:157:741 [0] NCCL INFO Min: 80724
tcpxo-wb-0:157:741 [0] NCCL INFO Max: 3.63692e+06
tcpxo-wb-0:157:741 [0] NCCL INFO Avg: 658524
tcpxo-wb-0:157:741 [0] NCCL INFO Bucket 0-74300.8 Count: 0
tcpxo-wb-0:157:741 [0] NCCL INFO Bucket 74300.8-89161 Count: 2
tcpxo-wb-0:157:741 [0] NCCL INFO Bucket 89161-106993 Count: 7
tcpxo-wb-0:157:741 [0] NCCL INFO Bucket 106993-128392 Count: 8
tcpxo-wb-0:157:741 [0] NCCL INFO Bucket 128392-154070 Count: 19
tcpxo-wb-0:157:741 [0] NCCL INFO Bucket 154070-184884 Count: 62
tcpxo-wb-0:157:741 [0] NCCL INFO Bucket 184884-221861 Count: 71
tcpxo-wb-0:157:741 [0] NCCL INFO Bucket 221861-266233 Count: 78
tcpxo-wb-0:157:741 [0] NCCL INFO Bucket 266233-319480 Count: 124
tcpxo-wb-0:157:741 [0] NCCL INFO Bucket 319480-383376 Count: 188
tcpxo-wb-0:157:741 [0] NCCL INFO Bucket 383376-460051 Count: 224
tcpxo-wb-0:157:741 [0] NCCL INFO Bucket 460051-552061 Count: 345
tcpxo-wb-0:157:741 [0] NCCL INFO Bucket 552061-662474 Count: 499
tcpxo-wb-0:157:741 [0] NCCL INFO Bucket 662474-794968 Count: 317
tcpxo-wb-0:157:741 [0] NCCL INFO Bucket 794968-953962 Count: 193
tcpxo-wb-0:157:741 [0] NCCL INFO Bucket 953962-1.14475e+06 Count: 163
tcpxo-wb-0:157:741 [0] NCCL INFO Bucket 1.14475e+06-1.37371e+06 Count: 128
tcpxo-wb-0:157:741 [0] NCCL INFO Bucket 1.37371e+06-1.64845e+06 Count: 64
tcpxo-wb-0:157:741 [0] NCCL INFO Bucket 1.64845e+06-1.97814e+06 Count: 44
tcpxo-wb-0:157:741 [0] NCCL INFO Bucket 1.97814e+06-2.37376e+06 Count: 12
tcpxo-wb-0:157:741 [0] NCCL INFO Bucket 2.37376e+06-2.84852e+06 Count: 0
tcpxo-wb-0:157:741 [0] NCCL INFO Bucket 2.84852e+06-3.41822e+06 Count: 10
tcpxo-wb-0:157:741 [0] NCCL INFO Bucket 3.41822e+06-4.10186e+06 Count: 2
tcpxo-wb-0:157:741 [0] NCCL INFO Bucket 4.10186e+06-1.02067e+07 Count: 0
tcpxo-wb-0:157:741 [0] NCCL INFO request/unpack_duration_distribution:
tcpxo-wb-0:157:741 [0] NCCL INFO Bucket 0-1.09205e+07 Count: 0
tcpxo-wb-0:157:741 [0] NCCL INFO request/offload_complete_age_distribution:
tcpxo-wb-0:157:741 [0] NCCL INFO Min: 93
tcpxo-wb-0:157:741 [0] NCCL INFO Max: 271593
tcpxo-wb-0:157:741 [0] NCCL INFO Avg: 22463.6
tcpxo-wb-0:157:741 [0] NCCL INFO Bucket 0-100 Count: 9
tcpxo-wb-0:157:741 [0] NCCL INFO Bucket 100-120 Count: 60
tcpxo-wb-0:157:741 [0] NCCL INFO Bucket 120-144 Count: 9
tcpxo-wb-0:157:741 [0] NCCL INFO Bucket 144-172.8 Count: 1
tcpxo-wb-0:157:741 [0] NCCL INFO Bucket 172.8-207.36 Count: 0
tcpxo-wb-0:157:741 [0] NCCL INFO Bucket 207.36-248.832 Count: 2
tcpxo-wb-0:157:741 [0] NCCL INFO Bucket 248.832-298.598 Count: 32
tcpxo-wb-0:157:741 [0] NCCL INFO Bucket 298.598-358.318 Count: 12
tcpxo-wb-0:157:741 [0] NCCL INFO Bucket 358.318-429.982 Count: 28
tcpxo-wb-0:157:741 [0] NCCL INFO Bucket 429.982-515.978 Count: 34
tcpxo-wb-0:157:741 [0] NCCL INFO Bucket 515.978-619.174 Count: 32
tcpxo-wb-0:157:741 [0] NCCL INFO Bucket 619.174-743.008 Count: 27
tcpxo-wb-0:157:741 [0] NCCL INFO Bucket 743.008-891.61 Count: 31
tcpxo-wb-0:157:741 [0] NCCL INFO Bucket 891.61-1069.93 Count: 46
tcpxo-wb-0:157:741 [0] NCCL INFO Bucket 1069.93-1283.92 Count: 61
tcpxo-wb-0:157:741 [0] NCCL INFO Bucket 1283.92-1540.7 Count: 71
tcpxo-wb-0:157:741 [0] NCCL INFO Bucket 1540.7-1848.84 Count: 74
tcpxo-wb-0:157:741 [0] NCCL INFO Bucket 1848.84-2218.61 Count: 117
tcpxo-wb-0:157:741 [0] NCCL INFO Bucket 2218.61-2662.33 Count: 130
tcpxo-wb-0:157:741 [0] NCCL INFO Bucket 2662.33-3194.8 Count: 149
tcpxo-wb-0:157:741 [0] NCCL INFO Bucket 3194.8-3833.76 Count: 167
tcpxo-wb-0:157:741 [0] NCCL INFO Bucket 3833.76-4600.51 Count: 171
tcpxo-wb-0:157:741 [0] NCCL INFO Bucket 4600.51-5520.61 Count: 205
tcpxo-wb-0:157:741 [0] NCCL INFO Bucket 5520.61-6624.74 Count: 193
tcpxo-wb-0:157:741 [0] NCCL INFO Bucket 6624.74-7949.68 Count: 147
tcpxo-wb-0:157:741 [0] NCCL INFO Bucket 7949.68-9539.62 Count: 95
tcpxo-wb-0:157:741 [0] NCCL INFO Bucket 9539.62-11447.5 Count: 51
tcpxo-wb-0:157:741 [0] NCCL INFO Bucket 11447.5-13737.1 Count: 46
tcpxo-wb-0:157:741 [0] NCCL INFO Bucket 13737.1-16484.5 Count: 28
tcpxo-wb-0:157:741 [0] NCCL INFO Bucket 16484.5-19781.4 Count: 30
tcpxo-wb-0:157:741 [0] NCCL INFO Bucket 19781.4-23737.6 Count: 25
tcpxo-wb-0:157:741 [0] NCCL INFO Bucket 23737.6-28485.2 Count: 24
tcpxo-wb-0:157:741 [0] NCCL INFO Bucket 28485.2-34182.2 Count: 23
tcpxo-wb-0:157:741 [0] NCCL INFO Bucket 34182.2-41018.6 Count: 20
tcpxo-wb-0:157:741 [0] NCCL INFO Bucket 41018.6-49222.4 Count: 23
tcpxo-wb-0:157:741 [0] NCCL INFO Bucket 49222.4-59066.8 Count: 387
tcpxo-wb-0:157:741 [0] NCCL INFO request/unpack_num_iovs_distribution:
tcpxo-wb-0:157:741 [0] NCCL INFO Bucket 0-2116.47 Count: 0
tcpxo-wb-0:157:741 [0] NCCL INFO request/offload_interval_distribution:
tcpxo-wb-0:157:741 [0] NCCL INFO Min: 2006
tcpxo-wb-0:157:741 [0] NCCL INFO Max: 1.37311e+08
tcpxo-wb-0:157:741 [0] NCCL INFO Avg: 174424
tcpxo-wb-0:157:741 [0] NCCL INFO Bucket 0-1728 Count: 0
tcpxo-wb-0:157:741 [0] NCCL INFO Bucket 1728-2073.6 Count: 1
tcpxo-wb-0:157:741 [0] NCCL INFO Bucket 2073.6-2488.32 Count: 4
tcpxo-wb-0:157:741 [0] NCCL INFO Bucket 2488.32-2985.98 Count: 34
tcpxo-wb-0:157:741 [0] NCCL INFO Bucket 2985.98-3583.18 Count: 108
tcpxo-wb-0:157:741 [0] NCCL INFO Bucket 3583.18-4299.82 Count: 128
tcpxo-wb-0:157:741 [0] NCCL INFO Bucket 4299.82-5159.78 Count: 148
tcpxo-wb-0:157:741 [0] NCCL INFO Bucket 5159.78-6191.74 Count: 108
tcpxo-wb-0:157:741 [0] NCCL INFO Bucket 6191.74-7430.08 Count: 57
tcpxo-wb-0:157:741 [0] NCCL INFO Bucket 7430.08-8916.1 Count: 29
tcpxo-wb-0:157:741 [0] NCCL INFO Bucket 8916.1-10699.3 Count: 9
tcpxo-wb-0:157:741 [0] NCCL INFO Bucket 10699.3-12839.2 Count: 64
tcpxo-wb-0:157:741 [0] NCCL INFO Bucket 12839.2-15407 Count: 87
tcpxo-wb-0:157:741 [0] NCCL INFO Bucket 15407-18488.4 Count: 119
tcpxo-wb-0:157:741 [0] NCCL INFO Bucket 18488.4-22186.1 Count: 75
tcpxo-wb-0:157:741 [0] NCCL INFO Bucket 22186.1-26623.3 Count: 45
tcpxo-wb-0:157:741 [0] NCCL INFO Bucket 26623.3-31948 Count: 24
tcpxo-wb-0:157:741 [0] NCCL INFO Bucket 31948-38337.6 Count: 40
tcpxo-wb-0:157:741 [0] NCCL INFO Bucket 38337.6-46005.1 Count: 123
tcpxo-wb-0:157:741 [0] NCCL INFO Bucket 46005.1-55206.1 Count: 205
tcpxo-wb-0:157:741 [0] NCCL INFO Bucket 55206.1-66247.4 Count: 188
tcpxo-wb-0:157:741 [0] NCCL INFO Bucket 66247.4-79496.8 Count: 101
tcpxo-wb-0:157:741 [0] NCCL INFO Bucket 79496.8-95396.2 Count: 71
tcpxo-wb-0:157:741 [0] NCCL INFO Bucket 95396.2-114475 Count: 98
tcpxo-wb-0:157:741 [0] NCCL INFO Bucket 114475-137371 Count: 135
tcpxo-wb-0:157:741 [0] NCCL INFO Bucket 137371-164845 Count: 128
tcpxo-wb-0:157:741 [0] NCCL INFO Bucket 164845-197814 Count: 88
tcpxo-wb-0:157:741 [0] NCCL INFO Bucket 197814-237376 Count: 70
tcpxo-wb-0:157:741 [0] NCCL INFO Bucket 237376-284852 Count: 54
tcpxo-wb-0:157:741 [0] NCCL INFO Bucket 284852-341822 Count: 27
tcpxo-wb-0:157:741 [0] NCCL INFO Bucket 341822-410186 Count: 36
tcpxo-wb-0:157:741 [0] NCCL INFO Bucket 410186-492224 Count: 24
tcpxo-wb-0:157:741 [0] NCCL INFO Bucket 492224-590668 Count: 15
tcpxo-wb-0:157:741 [0] NCCL INFO Bucket 590668-708802 Count: 36
tcpxo-wb-0:157:741 [0] NCCL INFO Bucket 708802-850562 Count: 19
tcpxo-wb-0:157:741 [0] NCCL INFO Bucket 850562-1.02067e+06 Count: 21
tcpxo-wb-0:157:741 [0] NCCL INFO Bucket 1.02067e+06-1.22481e+06 Count: 21
tcpxo-wb-0:157:741 [0] NCCL INFO Bucket 1.22481e+06-1.46977e+06 Count: 3
tcpxo-wb-0:157:741 [0] NCCL INFO Bucket 1.46977e+06-1.76373e+06 Count: 5
tcpxo-wb-0:157:741 [0] NCCL INFO Bucket 1.76373e+06-2.11647e+06 Count: 4
tcpxo-wb-0:157:741 [0] NCCL INFO Bucket 2.11647e+06-2.53977e+06 Count: 1
tcpxo-wb-0:157:741 [0] NCCL INFO Bucket 2.53977e+06-3.04772e+06 Count: 2
tcpxo-wb-0:157:741 [0] NCCL INFO Bucket 3.04772e+06-3.65726e+06 Count: 1
tcpxo-wb-0:157:741 [0] NCCL INFO Bucket 3.65726e+06-4.38871e+06 Count: 2
tcpxo-wb-0:157:741 [0] NCCL INFO Bucket 4.38871e+06-5.26646e+06 Count: 1
tcpxo-wb-0:157:741 [0] NCCL INFO Bucket 5.26646e+06-9.10044e+06 Count: 0
tcpxo-wb-0:157:741 [0] NCCL INFO Bucket 9.10044e+06-1.09205e+07 Count: 1
tcpxo-wb-0:157:741 [0] NCCL INFO NET/FasTrak 2026-08-02T13:31:22.345186041+00:00: DeregMr[netdev=0] CUDA memory for comm 0x78af6c0a7080 with handle:8653318625366215462 data:0x31dce00000 size:524288.
tcpxo-wb-0:157:741 [0] NCCL INFO NET/FasTrak 2026-08-02T13:31:22.346050861+00:00: DeregMr[netdev=0] CUDA memory for comm 0x78af6c0a7080 with handle:8653318625366216293 data:0x31dce80000 size:4915200.
tcpxo-wb-0:157:741 [0] NCCL INFO NET/FasTrak 2026-08-02T13:31:22.347384968+00:00: DeregMr[netdev=0] CUDA memory for comm 0x78af6c0a7080 with handle:8653318625366213028 data:0x31dd330000 size:8388608.
tcpxo-wb-0:157:741 [0] NCCL INFO NET/FasTrak 2026-08-02T13:31:22.348309412+00:00: Closing Recv comm 0x78af6c0a7080
tcpxo-wb-0:157:741 [0] NCCL INFO NET/FasTrak 2026-08-02T13:31:22.348314061+00:00: COMM STATS:
tcpxo-wb-0:157:741 [0] NCCL INFO request/offload_scheduled: 2560
tcpxo-wb-0:157:741 [0] NCCL INFO request/offload_completed: 2560
tcpxo-wb-0:157:741 [0] NCCL INFO request/offload_backlog_curr: 0
tcpxo-wb-0:157:741 [0] NCCL INFO request/offload_backlog_peak: 7
tcpxo-wb-0:157:741 [0] NCCL INFO request/offload_size_distribution:
tcpxo-wb-0:157:741 [0] NCCL INFO Min: 65536
tcpxo-wb-0:157:741 [0] NCCL INFO Max: 131072
tcpxo-wb-0:157:741 [0] NCCL INFO Avg: 129024
tcpxo-wb-0:157:741 [0] NCCL INFO Bucket 0-63107.2 Count: 0
tcpxo-wb-0:157:741 [0] NCCL INFO Bucket 63107.2-75728.6 Count: 80
tcpxo-wb-0:157:741 [0] NCCL INFO Bucket 75728.6-130859 Count: 0
tcpxo-wb-0:157:741 [0] NCCL INFO Bucket 130859-157031 Count: 2480
tcpxo-wb-0:157:741 [0] NCCL INFO Bucket 157031-2.41938e+06 Count: 0
tcpxo-wb-0:157:741 [0] NCCL INFO request/offload_duration_distribution:
tcpxo-wb-0:157:741 [0] NCCL INFO Min: 67804
tcpxo-wb-0:157:741 [0] NCCL INFO Max: 3.17099e+06
tcpxo-wb-0:157:741 [0] NCCL INFO Avg: 695855
tcpxo-wb-0:157:741 [0] NCCL INFO Bucket 0-61917.4 Count: 0
tcpxo-wb-0:157:741 [0] NCCL INFO Bucket 61917.4-74300.8 Count: 2
tcpxo-wb-0:157:741 [0] NCCL INFO Bucket 74300.8-89161 Count: 2
tcpxo-wb-0:157:741 [0] NCCL INFO Bucket 89161-106993 Count: 6
tcpxo-wb-0:157:741 [0] NCCL INFO Bucket 106993-128392 Count: 13
tcpxo-wb-0:157:741 [0] NCCL INFO Bucket 128392-154070 Count: 11
tcpxo-wb-0:157:741 [0] NCCL INFO Bucket 154070-184884 Count: 40
tcpxo-wb-0:157:741 [0] NCCL INFO Bucket 184884-221861 Count: 69
tcpxo-wb-0:157:741 [0] NCCL INFO Bucket 221861-266233 Count: 107
tcpxo-wb-0:157:741 [0] NCCL INFO Bucket 266233-319480 Count: 153
tcpxo-wb-0:157:741 [0] NCCL INFO Bucket 319480-383376 Count: 214
tcpxo-wb-0:157:741 [0] NCCL INFO Bucket 383376-460051 Count: 277
tcpxo-wb-0:157:741 [0] NCCL INFO Bucket 460051-552061 Count: 287
tcpxo-wb-0:157:741 [0] NCCL INFO Bucket 552061-662474 Count: 279
tcpxo-wb-0:157:741 [0] NCCL INFO Bucket 662474-794968 Count: 259
tcpxo-wb-0:157:741 [0] NCCL INFO Bucket 794968-953962 Count: 238
tcpxo-wb-0:157:741 [0] NCCL INFO Bucket 953962-1.14475e+06 Count: 262
tcpxo-wb-0:157:741 [0] NCCL INFO Bucket 1.14475e+06-1.37371e+06 Count: 178
tcpxo-wb-0:157:741 [0] NCCL INFO Bucket 1.37371e+06-1.64845e+06 Count: 89
tcpxo-wb-0:157:741 [0] NCCL INFO Bucket 1.64845e+06-1.97814e+06 Count: 38
tcpxo-wb-0:157:741 [0] NCCL INFO Bucket 1.97814e+06-2.37376e+06 Count: 20
tcpxo-wb-0:157:741 [0] NCCL INFO Bucket 2.37376e+06-2.84852e+06 Count: 8
tcpxo-wb-0:157:741 [0] NCCL INFO Bucket 2.84852e+06-3.41822e+06 Count: 8
tcpxo-wb-0:157:741 [0] NCCL INFO Bucket 3.41822e+06-1.02067e+07 Count: 0
tcpxo-wb-0:157:741 [0] NCCL INFO request/unpack_duration_distribution:
tcpxo-wb-0:157:741 [0] NCCL INFO Bucket 0-1.09205e+07 Count: 0
tcpxo-wb-0:157:741 [0] NCCL INFO request/offload_complete_age_distribution:
tcpxo-wb-0:157:741 [0] NCCL INFO Min: 93
tcpxo-wb-0:157:741 [0] NCCL INFO Max: 1.1747e+06
tcpxo-wb-0:157:741 [0] NCCL INFO Avg: 119209
tcpxo-wb-0:157:741 [0] NCCL INFO Bucket 0-100 Count: 4
tcpxo-wb-0:157:741 [0] NCCL INFO Bucket 100-120 Count: 46
tcpxo-wb-0:157:741 [0] NCCL INFO Bucket 120-144 Count: 5
tcpxo-wb-0:157:741 [0] NCCL INFO Bucket 144-172.8 Count: 1
tcpxo-wb-0:157:741 [0] NCCL INFO Bucket 172.8-207.36 Count: 0
tcpxo-wb-0:157:741 [0] NCCL INFO Bucket 207.36-248.832 Count: 7
tcpxo-wb-0:157:741 [0] NCCL INFO Bucket 248.832-298.598 Count: 28
tcpxo-wb-0:157:741 [0] NCCL INFO Bucket 298.598-358.318 Count: 12
tcpxo-wb-0:157:741 [0] NCCL INFO Bucket 358.318-429.982 Count: 19
tcpxo-wb-0:157:741 [0] NCCL INFO Bucket 429.982-515.978 Count: 31
tcpxo-wb-0:157:741 [0] NCCL INFO Bucket 515.978-619.174 Count: 20
tcpxo-wb-0:157:741 [0] NCCL INFO Bucket 619.174-743.008 Count: 15
tcpxo-wb-0:157:741 [0] NCCL INFO Bucket 743.008-891.61 Count: 31
tcpxo-wb-0:157:741 [0] NCCL INFO Bucket 891.61-1069.93 Count: 41
tcpxo-wb-0:157:741 [0] NCCL INFO Bucket 1069.93-1283.92 Count: 55
tcpxo-wb-0:157:741 [0] NCCL INFO Bucket 1283.92-1540.7 Count: 59
tcpxo-wb-0:157:741 [0] NCCL INFO Bucket 1540.7-1848.84 Count: 68
tcpxo-wb-0:157:741 [0] NCCL INFO Bucket 1848.84-2218.61 Count: 86
tcpxo-wb-0:157:741 [0] NCCL INFO Bucket 2218.61-2662.33 Count: 100
tcpxo-wb-0:157:741 [0] NCCL INFO Bucket 2662.33-3194.8 Count: 132
tcpxo-wb-0:157:741 [0] NCCL INFO Bucket 3194.8-3833.76 Count: 143
tcpxo-wb-0:157:741 [0] NCCL INFO Bucket 3833.76-4600.51 Count: 147
tcpxo-wb-0:157:741 [0] NCCL INFO Bucket 4600.51-5520.61 Count: 167
tcpxo-wb-0:157:741 [0] NCCL INFO Bucket 5520.61-6624.74 Count: 133
tcpxo-wb-0:157:741 [0] NCCL INFO Bucket 6624.74-7949.68 Count: 137
tcpxo-wb-0:157:741 [0] NCCL INFO Bucket 7949.68-9539.62 Count: 60
tcpxo-wb-0:157:741 [0] NCCL INFO Bucket 9539.62-11447.5 Count: 37
tcpxo-wb-0:157:741 [0] NCCL INFO Bucket 11447.5-13737.1 Count: 27
tcpxo-wb-0:157:741 [0] NCCL INFO Bucket 13737.1-16484.5 Count: 26
tcpxo-wb-0:157:741 [0] NCCL INFO Bucket 16484.5-19781.4 Count: 12
tcpxo-wb-0:157:741 [0] NCCL INFO Bucket 19781.4-23737.6 Count: 7
tcpxo-wb-0:157:741 [0] NCCL INFO Bucket 23737.6-28485.2 Count: 13
tcpxo-wb-0:157:741 [0] NCCL INFO Bucket 28485.2-34182.2 Count: 4
tcpxo-wb-0:157:741 [0] NCCL INFO Bucket 34182.2-41018.6 Count: 14
tcpxo-wb-0:157:741 [0] NCCL INFO Bucket 41018.6-49222.4 Count: 15
tcpxo-wb-0:157:741 [0] NCCL INFO Bucket 49222.4-59066.8 Count: 858
tcpxo-wb-0:157:741 [0] NCCL INFO request/unpack_num_iovs_distribution:
tcpxo-wb-0:157:741 [0] NCCL INFO Bucket 0-2116.47 Count: 0
tcpxo-wb-0:157:741 [0] NCCL INFO request/offload_interval_distribution:
tcpxo-wb-0:157:741 [0] NCCL INFO Min: 2623
tcpxo-wb-0:157:741 [0] NCCL INFO Max: 1.37272e+08
tcpxo-wb-0:157:741 [0] NCCL INFO Avg: 174044
tcpxo-wb-0:157:741 [0] NCCL INFO Bucket 0-2488.32 Count: 0
tcpxo-wb-0:157:741 [0] NCCL INFO Bucket 2488.32-2985.98 Count: 6
tcpxo-wb-0:157:741 [0] NCCL INFO Bucket 2985.98-3583.18 Count: 49
tcpxo-wb-0:157:741 [0] NCCL INFO Bucket 3583.18-4299.82 Count: 68
tcpxo-wb-0:157:741 [0] NCCL INFO Bucket 4299.82-5159.78 Count: 131
tcpxo-wb-0:157:741 [0] NCCL INFO Bucket 5159.78-6191.74 Count: 120
tcpxo-wb-0:157:741 [0] NCCL INFO Bucket 6191.74-7430.08 Count: 103
tcpxo-wb-0:157:741 [0] NCCL INFO Bucket 7430.08-8916.1 Count: 81
tcpxo-wb-0:157:741 [0] NCCL INFO Bucket 8916.1-10699.3 Count: 42
tcpxo-wb-0:157:741 [0] NCCL INFO Bucket 10699.3-12839.2 Count: 71
tcpxo-wb-0:157:741 [0] NCCL INFO Bucket 12839.2-15407 Count: 17
tcpxo-wb-0:157:741 [0] NCCL INFO Bucket 15407-18488.4 Count: 31
tcpxo-wb-0:157:741 [0] NCCL INFO Bucket 18488.4-22186.1 Count: 36
tcpxo-wb-0:157:741 [0] NCCL INFO Bucket 22186.1-26623.3 Count: 60
tcpxo-wb-0:157:741 [0] NCCL INFO Bucket 26623.3-31948 Count: 96
tcpxo-wb-0:157:741 [0] NCCL INFO Bucket 31948-38337.6 Count: 148
tcpxo-wb-0:157:741 [0] NCCL INFO Bucket 38337.6-46005.1 Count: 269
tcpxo-wb-0:157:741 [0] NCCL INFO Bucket 46005.1-55206.1 Count: 237
tcpxo-wb-0:157:741 [0] NCCL INFO Bucket 55206.1-66247.4 Count: 119
tcpxo-wb-0:157:741 [0] NCCL INFO Bucket 66247.4-79496.8 Count: 104
tcpxo-wb-0:157:741 [0] NCCL INFO Bucket 79496.8-95396.2 Count: 108
tcpxo-wb-0:157:741 [0] NCCL INFO Bucket 95396.2-114475 Count: 84
tcpxo-wb-0:157:741 [0] NCCL INFO Bucket 114475-137371 Count: 76
tcpxo-wb-0:157:741 [0] NCCL INFO Bucket 137371-164845 Count: 72
tcpxo-wb-0:157:741 [0] NCCL INFO Bucket 164845-197814 Count: 61
tcpxo-wb-0:157:741 [0] NCCL INFO Bucket 197814-237376 Count: 53
tcpxo-wb-0:157:741 [0] NCCL INFO Bucket 237376-284852 Count: 56
tcpxo-wb-0:157:741 [0] NCCL INFO Bucket 284852-341822 Count: 33
tcpxo-wb-0:157:741 [0] NCCL INFO Bucket 341822-410186 Count: 53
tcpxo-wb-0:157:741 [0] NCCL INFO Bucket 410186-492224 Count: 36
tcpxo-wb-0:157:741 [0] NCCL INFO Bucket 492224-590668 Count: 31
tcpxo-wb-0:157:741 [0] NCCL INFO Bucket 590668-708802 Count: 33
tcpxo-wb-0:157:741 [0] NCCL INFO Bucket 708802-850562 Count: 19
tcpxo-wb-0:157:741 [0] NCCL INFO Bucket 850562-1.02067e+06 Count: 23
tcpxo-wb-0:157:741 [0] NCCL INFO Bucket 1.02067e+06-1.22481e+06 Count: 16
tcpxo-wb-0:157:741 [0] NCCL INFO Bucket 1.22481e+06-1.46977e+06 Count: 5
tcpxo-wb-0:157:741 [0] NCCL INFO Bucket 1.46977e+06-1.76373e+06 Count: 1
tcpxo-wb-0:157:741 [0] NCCL INFO Bucket 1.76373e+06-2.11647e+06 Count: 3
tcpxo-wb-0:157:741 [0] NCCL INFO Bucket 2.11647e+06-2.53977e+06 Count: 2
tcpxo-wb-0:157:741 [0] NCCL INFO Bucket 2.53977e+06-3.04772e+06 Count: 2
tcpxo-wb-0:157:741 [0] NCCL INFO Bucket 3.04772e+06-3.65726e+06 Count: 1
tcpxo-wb-0:157:741 [0] NCCL INFO Bucket 3.65726e+06-4.38871e+06 Count: 2
tcpxo-wb-0:157:741 [0] NCCL INFO Bucket 4.38871e+06-5.26646e+06 Count: 1
tcpxo-wb-0:157:741 [0] NCCL INFO Bucket 5.26646e+06-9.10044e+06 Count: 0
tcpxo-wb-0:157:741 [0] NCCL INFO Bucket 9.10044e+06-1.09205e+07 Count: 1
tcpxo-wb-0:157:741 [0] NCCL INFO NET/FasTrak 2026-08-02T13:31:22.348400255+00:00: DeregMr[netdev=0] CUDA memory for comm 0x78af6c0aa1e0 with handle:8653318625366213859 data:0x31de000000 size:524288.
tcpxo-wb-0:157:741 [0] NCCL INFO NET/FasTrak 2026-08-02T13:31:22.349279156+00:00: DeregMr[netdev=0] CUDA memory for comm 0x78af6c0aa1e0 with handle:8653318625366214690 data:0x31de080000 size:4915200.
tcpxo-wb-0:157:741 [0] NCCL INFO NET/FasTrak 2026-08-02T13:31:22.350558074+00:00: DeregMr[netdev=0] CUDA memory for comm 0x78af6c0aa1e0 with handle:8653318625366215521 data:0x31de530000 size:8388608.
tcpxo-wb-0:157:741 [0] NCCL INFO NET/FasTrak 2026-08-02T13:31:22.351540351+00:00: Closing Recv comm 0x78af6c0aa1e0
tcpxo-wb-0:157:741 [0] NCCL INFO NET/FasTrak 2026-08-02T13:31:22.351544769+00:00: COMM STATS:
tcpxo-wb-0:157:741 [0] NCCL INFO request/offload_scheduled: 2560
tcpxo-wb-0:157:741 [0] NCCL INFO request/offload_completed: 2560
tcpxo-wb-0:157:741 [0] NCCL INFO request/offload_backlog_curr: 0
tcpxo-wb-0:157:741 [0] NCCL INFO request/offload_backlog_peak: 7
tcpxo-wb-0:157:741 [0] NCCL INFO request/offload_size_distribution:
tcpxo-wb-0:157:741 [0] NCCL INFO Min: 65536
tcpxo-wb-0:157:741 [0] NCCL INFO Max: 131072
tcpxo-wb-0:157:741 [0] NCCL INFO Avg: 129024
tcpxo-wb-0:157:741 [0] NCCL INFO Bucket 0-63107.2 Count: 0
tcpxo-wb-0:157:741 [0] NCCL INFO Bucket 63107.2-75728.6 Count: 80
tcpxo-wb-0:157:741 [0] NCCL INFO Bucket 75728.6-130859 Count: 0
tcpxo-wb-0:157:741 [0] NCCL INFO Bucket 130859-157031 Count: 2480
tcpxo-wb-0:157:741 [0] NCCL INFO Bucket 157031-2.41938e+06 Count: 0
tcpxo-wb-0:157:741 [0] NCCL INFO request/offload_duration_distribution:
tcpxo-wb-0:157:741 [0] NCCL INFO Min: 56996
tcpxo-wb-0:157:741 [0] NCCL INFO Max: 4.30769e+06
tcpxo-wb-0:157:741 [0] NCCL INFO Avg: 752751
tcpxo-wb-0:157:741 [0] NCCL INFO Bucket 0-51597.8 Count: 0
tcpxo-wb-0:157:741 [0] NCCL INFO Bucket 51597.8-61917.4 Count: 3
tcpxo-wb-0:157:741 [0] NCCL INFO Bucket 61917.4-74300.8 Count: 8
tcpxo-wb-0:157:741 [0] NCCL INFO Bucket 74300.8-89161 Count: 11
tcpxo-wb-0:157:741 [0] NCCL INFO Bucket 89161-106993 Count: 24
tcpxo-wb-0:157:741 [0] NCCL INFO Bucket 106993-128392 Count: 18
tcpxo-wb-0:157:741 [0] NCCL INFO Bucket 128392-154070 Count: 28
tcpxo-wb-0:157:741 [0] NCCL INFO Bucket 154070-184884 Count: 38
tcpxo-wb-0:157:741 [0] NCCL INFO Bucket 184884-221861 Count: 62
tcpxo-wb-0:157:741 [0] NCCL INFO Bucket 221861-266233 Count: 98
tcpxo-wb-0:157:741 [0] NCCL INFO Bucket 266233-319480 Count: 148
tcpxo-wb-0:157:741 [0] NCCL INFO Bucket 319480-383376 Count: 219
tcpxo-wb-0:157:741 [0] NCCL INFO Bucket 383376-460051 Count: 262
tcpxo-wb-0:157:741 [0] NCCL INFO Bucket 460051-552061 Count: 290
tcpxo-wb-0:157:741 [0] NCCL INFO Bucket 552061-662474 Count: 280
tcpxo-wb-0:157:741 [0] NCCL INFO Bucket 662474-794968 Count: 220
tcpxo-wb-0:157:741 [0] NCCL INFO Bucket 794968-953962 Count: 207
tcpxo-wb-0:157:741 [0] NCCL INFO Bucket 953962-1.14475e+06 Count: 163
tcpxo-wb-0:157:741 [0] NCCL INFO Bucket 1.14475e+06-1.37371e+06 Count: 137
tcpxo-wb-0:157:741 [0] NCCL INFO Bucket 1.37371e+06-1.64845e+06 Count: 131
tcpxo-wb-0:157:741 [0] NCCL INFO Bucket 1.64845e+06-1.97814e+06 Count: 95
tcpxo-wb-0:157:741 [0] NCCL INFO Bucket 1.97814e+06-2.37376e+06 Count: 79
tcpxo-wb-0:157:741 [0] NCCL INFO Bucket 2.37376e+06-2.84852e+06 Count: 26
tcpxo-wb-0:157:741 [0] NCCL INFO Bucket 2.84852e+06-3.41822e+06 Count: 8
tcpxo-wb-0:157:741 [0] NCCL INFO Bucket 3.41822e+06-4.10186e+06 Count: 4
tcpxo-wb-0:157:741 [0] NCCL INFO Bucket 4.10186e+06-4.92224e+06 Count: 1
tcpxo-wb-0:157:741 [0] NCCL INFO Bucket 4.92224e+06-1.02067e+07 Count: 0
tcpxo-wb-0:157:741 [0] NCCL INFO request/unpack_duration_distribution:
tcpxo-wb-0:157:741 [0] NCCL INFO Bucket 0-1.09205e+07 Count: 0
tcpxo-wb-0:157:741 [0] NCCL INFO request/offload_complete_age_distribution:
tcpxo-wb-0:157:741 [0] NCCL INFO Min: 91
tcpxo-wb-0:157:741 [0] NCCL INFO Max: 1.01946e+06
tcpxo-wb-0:157:741 [0] NCCL INFO Avg: 128210
tcpxo-wb-0:157:741 [0] NCCL INFO Bucket 0-100 Count: 9
tcpxo-wb-0:157:741 [0] NCCL INFO Bucket 100-120 Count: 59
tcpxo-wb-0:157:741 [0] NCCL INFO Bucket 120-144 Count: 7
tcpxo-wb-0:157:741 [0] NCCL INFO Bucket 144-207.36 Count: 0
tcpxo-wb-0:157:741 [0] NCCL INFO Bucket 207.36-248.832 Count: 3
tcpxo-wb-0:157:741 [0] NCCL INFO Bucket 248.832-298.598 Count: 27
tcpxo-wb-0:157:741 [0] NCCL INFO Bucket 298.598-358.318 Count: 13
tcpxo-wb-0:157:741 [0] NCCL INFO Bucket 358.318-429.982 Count: 22
tcpxo-wb-0:157:741 [0] NCCL INFO Bucket 429.982-515.978 Count: 12
tcpxo-wb-0:157:741 [0] NCCL INFO Bucket 515.978-619.174 Count: 25
tcpxo-wb-0:157:741 [0] NCCL INFO Bucket 619.174-743.008 Count: 39
tcpxo-wb-0:157:741 [0] NCCL INFO Bucket 743.008-891.61 Count: 34
tcpxo-wb-0:157:741 [0] NCCL INFO Bucket 891.61-1069.93 Count: 40
tcpxo-wb-0:157:741 [0] NCCL INFO Bucket 1069.93-1283.92 Count: 30
tcpxo-wb-0:157:741 [0] NCCL INFO Bucket 1283.92-1540.7 Count: 54
tcpxo-wb-0:157:741 [0] NCCL INFO Bucket 1540.7-1848.84 Count: 77
tcpxo-wb-0:157:741 [0] NCCL INFO Bucket 1848.84-2218.61 Count: 101
tcpxo-wb-0:157:741 [0] NCCL INFO Bucket 2218.61-2662.33 Count: 91
tcpxo-wb-0:157:741 [0] NCCL INFO Bucket 2662.33-3194.8 Count: 116
tcpxo-wb-0:157:741 [0] NCCL INFO Bucket 3194.8-3833.76 Count: 117
tcpxo-wb-0:157:741 [0] NCCL INFO Bucket 3833.76-4600.51 Count: 133
tcpxo-wb-0:157:741 [0] NCCL INFO Bucket 4600.51-5520.61 Count: 162
tcpxo-wb-0:157:741 [0] NCCL INFO Bucket 5520.61-6624.74 Count: 154
tcpxo-wb-0:157:741 [0] NCCL INFO Bucket 6624.74-7949.68 Count: 95
tcpxo-wb-0:157:741 [0] NCCL INFO Bucket 7949.68-9539.62 Count: 50
tcpxo-wb-0:157:741 [0] NCCL INFO Bucket 9539.62-11447.5 Count: 35
tcpxo-wb-0:157:741 [0] NCCL INFO Bucket 11447.5-13737.1 Count: 28
tcpxo-wb-0:157:741 [0] NCCL INFO Bucket 13737.1-16484.5 Count: 22
tcpxo-wb-0:157:741 [0] NCCL INFO Bucket 16484.5-19781.4 Count: 19
tcpxo-wb-0:157:741 [0] NCCL INFO Bucket 19781.4-23737.6 Count: 11
tcpxo-wb-0:157:741 [0] NCCL INFO Bucket 23737.6-28485.2 Count: 15
tcpxo-wb-0:157:741 [0] NCCL INFO Bucket 28485.2-34182.2 Count: 8
tcpxo-wb-0:157:741 [0] NCCL INFO Bucket 34182.2-41018.6 Count: 13
tcpxo-wb-0:157:741 [0] NCCL INFO Bucket 41018.6-49222.4 Count: 13
tcpxo-wb-0:157:741 [0] NCCL INFO Bucket 49222.4-59066.8 Count: 926
tcpxo-wb-0:157:741 [0] NCCL INFO request/unpack_num_iovs_distribution:
tcpxo-wb-0:157:741 [0] NCCL INFO Bucket 0-2116.47 Count: 0
tcpxo-wb-0:157:741 [0] NCCL INFO request/offload_interval_distribution:
tcpxo-wb-0:157:741 [0] NCCL INFO Min: 2519
tcpxo-wb-0:157:741 [0] NCCL INFO Max: 1.37227e+08
tcpxo-wb-0:157:741 [0] NCCL INFO Avg: 174047
tcpxo-wb-0:157:741 [0] NCCL INFO Bucket 0-2488.32 Count: 0
tcpxo-wb-0:157:741 [0] NCCL INFO Bucket 2488.32-2985.98 Count: 56
tcpxo-wb-0:157:741 [0] NCCL INFO Bucket 2985.98-3583.18 Count: 119
tcpxo-wb-0:157:741 [0] NCCL INFO Bucket 3583.18-4299.82 Count: 157
tcpxo-wb-0:157:741 [0] NCCL INFO Bucket 4299.82-5159.78 Count: 150
tcpxo-wb-0:157:741 [0] NCCL INFO Bucket 5159.78-6191.74 Count: 99
tcpxo-wb-0:157:741 [0] NCCL INFO Bucket 6191.74-7430.08 Count: 58
tcpxo-wb-0:157:741 [0] NCCL INFO Bucket 7430.08-8916.1 Count: 27
tcpxo-wb-0:157:741 [0] NCCL INFO Bucket 8916.1-10699.3 Count: 27
tcpxo-wb-0:157:741 [0] NCCL INFO Bucket 10699.3-12839.2 Count: 100
tcpxo-wb-0:157:741 [0] NCCL INFO Bucket 12839.2-15407 Count: 144
tcpxo-wb-0:157:741 [0] NCCL INFO Bucket 15407-18488.4 Count: 230
tcpxo-wb-0:157:741 [0] NCCL INFO Bucket 18488.4-22186.1 Count: 140
tcpxo-wb-0:157:741 [0] NCCL INFO Bucket 22186.1-26623.3 Count: 104
tcpxo-wb-0:157:741 [0] NCCL INFO Bucket 26623.3-31948 Count: 40
tcpxo-wb-0:157:741 [0] NCCL INFO Bucket 31948-38337.6 Count: 17
tcpxo-wb-0:157:741 [0] NCCL INFO Bucket 38337.6-46005.1 Count: 43
tcpxo-wb-0:157:741 [0] NCCL INFO Bucket 46005.1-55206.1 Count: 69
tcpxo-wb-0:157:741 [0] NCCL INFO Bucket 55206.1-66247.4 Count: 93
tcpxo-wb-0:157:741 [0] NCCL INFO Bucket 66247.4-79496.8 Count: 70
tcpxo-wb-0:157:741 [0] NCCL INFO Bucket 79496.8-95396.2 Count: 70
tcpxo-wb-0:157:741 [0] NCCL INFO Bucket 95396.2-114475 Count: 97
tcpxo-wb-0:157:741 [0] NCCL INFO Bucket 114475-137371 Count: 83
tcpxo-wb-0:157:741 [0] NCCL INFO Bucket 137371-164845 Count: 75
tcpxo-wb-0:157:741 [0] NCCL INFO Bucket 164845-197814 Count: 76
tcpxo-wb-0:157:741 [0] NCCL INFO Bucket 197814-237376 Count: 66
tcpxo-wb-0:157:741 [0] NCCL INFO Bucket 237376-284852 Count: 55
tcpxo-wb-0:157:741 [0] NCCL INFO Bucket 284852-341822 Count: 53
tcpxo-wb-0:157:741 [0] NCCL INFO Bucket 341822-410186 Count: 58
tcpxo-wb-0:157:741 [0] NCCL INFO Bucket 410186-492224 Count: 43
tcpxo-wb-0:157:741 [0] NCCL INFO Bucket 492224-590668 Count: 23
tcpxo-wb-0:157:741 [0] NCCL INFO Bucket 590668-708802 Count: 32
tcpxo-wb-0:157:741 [0] NCCL INFO Bucket 708802-850562 Count: 22
tcpxo-wb-0:157:741 [0] NCCL INFO Bucket 850562-1.02067e+06 Count: 20
tcpxo-wb-0:157:741 [0] NCCL INFO Bucket 1.02067e+06-1.22481e+06 Count: 24
tcpxo-wb-0:157:741 [0] NCCL INFO Bucket 1.22481e+06-1.46977e+06 Count: 7
tcpxo-wb-0:157:741 [0] NCCL INFO Bucket 1.46977e+06-1.76373e+06 Count: 3
tcpxo-wb-0:157:741 [0] NCCL INFO Bucket 1.76373e+06-2.11647e+06 Count: 2
tcpxo-wb-0:157:741 [0] NCCL INFO Bucket 2.11647e+06-2.53977e+06 Count: 1
tcpxo-wb-0:157:741 [0] NCCL INFO Bucket 2.53977e+06-3.04772e+06 Count: 2
tcpxo-wb-0:157:741 [0] NCCL INFO Bucket 3.04772e+06-3.65726e+06 Count: 1
tcpxo-wb-0:157:741 [0] NCCL INFO Bucket 3.65726e+06-4.38871e+06 Count: 2
tcpxo-wb-0:157:741 [0] NCCL INFO Bucket 4.38871e+06-5.26646e+06 Count: 1
tcpxo-wb-0:157:741 [0] NCCL INFO Bucket 5.26646e+06-9.10044e+06 Count: 0
tcpxo-wb-0:157:741 [0] NCCL INFO Bucket 9.10044e+06-1.09205e+07 Count: 1
tcpxo-wb-0:157:741 [0] NCCL INFO NET/FasTrak 2026-08-02T13:31:22.351622995+00:00: DeregMr[netdev=0] CUDA memory for comm 0x78af6c0adc80 with handle:8653318625366216352 data:0x31dee00000 size:524288.
tcpxo-wb-0:157:741 [0] NCCL INFO NET/FasTrak 2026-08-02T13:31:22.35252691+00:00: DeregMr[netdev=0] CUDA memory for comm 0x78af6c0adc80 with handle:8653318625366213087 data:0x31dee80000 size:4915200.
tcpxo-wb-0:157:741 [0] NCCL INFO NET/FasTrak 2026-08-02T13:31:22.353777837+00:00: DeregMr[netdev=0] CUDA memory for comm 0x78af6c0adc80 with handle:8653318625366213918 data:0x31df330000 size:8388608.
tcpxo-wb-0:157:741 [0] NCCL INFO NET/FasTrak 2026-08-02T13:31:22.354859195+00:00: Closing Recv comm 0x78af6c0adc80
tcpxo-wb-0:157:741 [0] NCCL INFO NET/FasTrak 2026-08-02T13:31:22.354864947+00:00: COMM STATS:
tcpxo-wb-0:157:741 [0] NCCL INFO request/offload_scheduled: 2560
tcpxo-wb-0:157:741 [0] NCCL INFO request/offload_completed: 2560
tcpxo-wb-0:157:741 [0] NCCL INFO request/offload_backlog_curr: 0
tcpxo-wb-0:157:741 [0] NCCL INFO request/offload_backlog_peak: 7
tcpxo-wb-0:157:741 [0] NCCL INFO request/offload_size_distribution:
tcpxo-wb-0:157:741 [0] NCCL INFO Min: 65536
tcpxo-wb-0:157:741 [0] NCCL INFO Max: 131072
tcpxo-wb-0:157:741 [0] NCCL INFO Avg: 129024
tcpxo-wb-0:157:741 [0] NCCL INFO Bucket 0-63107.2 Count: 0
tcpxo-wb-0:157:741 [0] NCCL INFO Bucket 63107.2-75728.6 Count: 80
tcpxo-wb-0:157:741 [0] NCCL INFO Bucket 75728.6-130859 Count: 0
tcpxo-wb-0:157:741 [0] NCCL INFO Bucket 130859-157031 Count: 2480
tcpxo-wb-0:157:741 [0] NCCL INFO Bucket 157031-2.41938e+06 Count: 0
tcpxo-wb-0:157:741 [0] NCCL INFO request/offload_duration_distribution:
tcpxo-wb-0:157:741 [0] NCCL INFO Min: 56714
tcpxo-wb-0:157:741 [0] NCCL INFO Max: 3.08462e+06
tcpxo-wb-0:157:741 [0] NCCL INFO Avg: 507518
tcpxo-wb-0:157:741 [0] NCCL INFO Bucket 0-51597.8 Count: 0
tcpxo-wb-0:157:741 [0] NCCL INFO Bucket 51597.8-61917.4 Count: 3
tcpxo-wb-0:157:741 [0] NCCL INFO Bucket 61917.4-74300.8 Count: 13
tcpxo-wb-0:157:741 [0] NCCL INFO Bucket 74300.8-89161 Count: 18
tcpxo-wb-0:157:741 [0] NCCL INFO Bucket 89161-106993 Count: 14
tcpxo-wb-0:157:741 [0] NCCL INFO Bucket 106993-128392 Count: 39
tcpxo-wb-0:157:741 [0] NCCL INFO Bucket 128392-154070 Count: 103
tcpxo-wb-0:157:741 [0] NCCL INFO Bucket 154070-184884 Count: 221
tcpxo-wb-0:157:741 [0] NCCL INFO Bucket 184884-221861 Count: 283
tcpxo-wb-0:157:741 [0] NCCL INFO Bucket 221861-266233 Count: 220
tcpxo-wb-0:157:741 [0] NCCL INFO Bucket 266233-319480 Count: 144
tcpxo-wb-0:157:741 [0] NCCL INFO Bucket 319480-383376 Count: 134
tcpxo-wb-0:157:741 [0] NCCL INFO Bucket 383376-460051 Count: 227
tcpxo-wb-0:157:741 [0] NCCL INFO Bucket 460051-552061 Count: 351
tcpxo-wb-0:157:741 [0] NCCL INFO Bucket 552061-662474 Count: 206
tcpxo-wb-0:157:741 [0] NCCL INFO Bucket 662474-794968 Count: 102
tcpxo-wb-0:157:741 [0] NCCL INFO Bucket 794968-953962 Count: 136
tcpxo-wb-0:157:741 [0] NCCL INFO Bucket 953962-1.14475e+06 Count: 148
tcpxo-wb-0:157:741 [0] NCCL INFO Bucket 1.14475e+06-1.37371e+06 Count: 109
tcpxo-wb-0:157:741 [0] NCCL INFO Bucket 1.37371e+06-1.64845e+06 Count: 45
tcpxo-wb-0:157:741 [0] NCCL INFO Bucket 1.64845e+06-1.97814e+06 Count: 27
tcpxo-wb-0:157:741 [0] NCCL INFO Bucket 1.97814e+06-2.37376e+06 Count: 5
tcpxo-wb-0:157:741 [0] NCCL INFO Bucket 2.37376e+06-2.84852e+06 Count: 3
tcpxo-wb-0:157:741 [0] NCCL INFO Bucket 2.84852e+06-3.41822e+06 Count: 9
tcpxo-wb-0:157:741 [0] NCCL INFO Bucket 3.41822e+06-1.02067e+07 Count: 0
tcpxo-wb-0:157:741 [0] NCCL INFO request/unpack_duration_distribution:
tcpxo-wb-0:157:741 [0] NCCL INFO Bucket 0-1.09205e+07 Count: 0
tcpxo-wb-0:157:741 [0] NCCL INFO request/offload_complete_age_distribution:
tcpxo-wb-0:157:741 [0] NCCL INFO Min: 93
tcpxo-wb-0:157:741 [0] NCCL INFO Max: 403665
tcpxo-wb-0:157:741 [0] NCCL INFO Avg: 9821.86
tcpxo-wb-0:157:741 [0] NCCL INFO Bucket 0-100 Count: 8
tcpxo-wb-0:157:741 [0] NCCL INFO Bucket 100-120 Count: 52
tcpxo-wb-0:157:741 [0] NCCL INFO Bucket 120-144 Count: 9
tcpxo-wb-0:157:741 [0] NCCL INFO Bucket 144-172.8 Count: 2
tcpxo-wb-0:157:741 [0] NCCL INFO Bucket 172.8-207.36 Count: 1
tcpxo-wb-0:157:741 [0] NCCL INFO Bucket 207.36-248.832 Count: 7
tcpxo-wb-0:157:741 [0] NCCL INFO Bucket 248.832-298.598 Count: 38
tcpxo-wb-0:157:741 [0] NCCL INFO Bucket 298.598-358.318 Count: 15
tcpxo-wb-0:157:741 [0] NCCL INFO Bucket 358.318-429.982 Count: 27
tcpxo-wb-0:157:741 [0] NCCL INFO Bucket 429.982-515.978 Count: 33
tcpxo-wb-0:157:741 [0] NCCL INFO Bucket 515.978-619.174 Count: 21
tcpxo-wb-0:157:741 [0] NCCL INFO Bucket 619.174-743.008 Count: 32
tcpxo-wb-0:157:741 [0] NCCL INFO Bucket 743.008-891.61 Count: 31
tcpxo-wb-0:157:741 [0] NCCL INFO Bucket 891.61-1069.93 Count: 60
tcpxo-wb-0:157:741 [0] NCCL INFO Bucket 1069.93-1283.92 Count: 55
tcpxo-wb-0:157:741 [0] NCCL INFO Bucket 1283.92-1540.7 Count: 74
tcpxo-wb-0:157:741 [0] NCCL INFO Bucket 1540.7-1848.84 Count: 95
tcpxo-wb-0:157:741 [0] NCCL INFO Bucket 1848.84-2218.61 Count: 121
tcpxo-wb-0:157:741 [0] NCCL INFO Bucket 2218.61-2662.33 Count: 137
tcpxo-wb-0:157:741 [0] NCCL INFO Bucket 2662.33-3194.8 Count: 160
tcpxo-wb-0:157:741 [0] NCCL INFO Bucket 3194.8-3833.76 Count: 164
tcpxo-wb-0:157:741 [0] NCCL INFO Bucket 3833.76-4600.51 Count: 200
tcpxo-wb-0:157:741 [0] NCCL INFO Bucket 4600.51-5520.61 Count: 217
tcpxo-wb-0:157:741 [0] NCCL INFO Bucket 5520.61-6624.74 Count: 230
tcpxo-wb-0:157:741 [0] NCCL INFO Bucket 6624.74-7949.68 Count: 179
tcpxo-wb-0:157:741 [0] NCCL INFO Bucket 7949.68-9539.62 Count: 109
tcpxo-wb-0:157:741 [0] NCCL INFO Bucket 9539.62-11447.5 Count: 73
tcpxo-wb-0:157:741 [0] NCCL INFO Bucket 11447.5-13737.1 Count: 57
tcpxo-wb-0:157:741 [0] NCCL INFO Bucket 13737.1-16484.5 Count: 72
tcpxo-wb-0:157:741 [0] NCCL INFO Bucket 16484.5-19781.4 Count: 35
tcpxo-wb-0:157:741 [0] NCCL INFO Bucket 19781.4-23737.6 Count: 33
tcpxo-wb-0:157:741 [0] NCCL INFO Bucket 23737.6-28485.2 Count: 36
tcpxo-wb-0:157:741 [0] NCCL INFO Bucket 28485.2-34182.2 Count: 24
tcpxo-wb-0:157:741 [0] NCCL INFO Bucket 34182.2-41018.6 Count: 23
tcpxo-wb-0:157:741 [0] NCCL INFO Bucket 41018.6-49222.4 Count: 22
tcpxo-wb-0:157:741 [0] NCCL INFO Bucket 49222.4-59066.8 Count: 108
tcpxo-wb-0:157:741 [0] NCCL INFO request/unpack_num_iovs_distribution:
tcpxo-wb-0:157:741 [0] NCCL INFO Bucket 0-2116.47 Count: 0
tcpxo-wb-0:157:741 [0] NCCL INFO request/offload_interval_distribution:
tcpxo-wb-0:157:741 [0] NCCL INFO Min: 2075
tcpxo-wb-0:157:741 [0] NCCL INFO Max: 1.37184e+08
tcpxo-wb-0:157:741 [0] NCCL INFO Avg: 174282
tcpxo-wb-0:157:741 [0] NCCL INFO Bucket 0-2073.6 Count: 0
tcpxo-wb-0:157:741 [0] NCCL INFO Bucket 2073.6-2488.32 Count: 2
tcpxo-wb-0:157:741 [0] NCCL INFO Bucket 2488.32-2985.98 Count: 6
tcpxo-wb-0:157:741 [0] NCCL INFO Bucket 2985.98-3583.18 Count: 17
tcpxo-wb-0:157:741 [0] NCCL INFO Bucket 3583.18-4299.82 Count: 42
tcpxo-wb-0:157:741 [0] NCCL INFO Bucket 4299.82-5159.78 Count: 86
tcpxo-wb-0:157:741 [0] NCCL INFO Bucket 5159.78-6191.74 Count: 111
tcpxo-wb-0:157:741 [0] NCCL INFO Bucket 6191.74-7430.08 Count: 139
tcpxo-wb-0:157:741 [0] NCCL INFO Bucket 7430.08-8916.1 Count: 124
tcpxo-wb-0:157:741 [0] NCCL INFO Bucket 8916.1-10699.3 Count: 72
tcpxo-wb-0:157:741 [0] NCCL INFO Bucket 10699.3-12839.2 Count: 73
tcpxo-wb-0:157:741 [0] NCCL INFO Bucket 12839.2-15407 Count: 23
tcpxo-wb-0:157:741 [0] NCCL INFO Bucket 15407-18488.4 Count: 32
tcpxo-wb-0:157:741 [0] NCCL INFO Bucket 18488.4-22186.1 Count: 54
tcpxo-wb-0:157:741 [0] NCCL INFO Bucket 22186.1-26623.3 Count: 55
tcpxo-wb-0:157:741 [0] NCCL INFO Bucket 26623.3-31948 Count: 93
tcpxo-wb-0:157:741 [0] NCCL INFO Bucket 31948-38337.6 Count: 151
tcpxo-wb-0:157:741 [0] NCCL INFO Bucket 38337.6-46005.1 Count: 187
tcpxo-wb-0:157:741 [0] NCCL INFO Bucket 46005.1-55206.1 Count: 200
tcpxo-wb-0:157:741 [0] NCCL INFO Bucket 55206.1-66247.4 Count: 142
tcpxo-wb-0:157:741 [0] NCCL INFO Bucket 66247.4-79496.8 Count: 121
tcpxo-wb-0:157:741 [0] NCCL INFO Bucket 79496.8-95396.2 Count: 101
tcpxo-wb-0:157:741 [0] NCCL INFO Bucket 95396.2-114475 Count: 95
tcpxo-wb-0:157:741 [0] NCCL INFO Bucket 114475-137371 Count: 106
tcpxo-wb-0:157:741 [0] NCCL INFO Bucket 137371-164845 Count: 95
tcpxo-wb-0:157:741 [0] NCCL INFO Bucket 164845-197814 Count: 90
tcpxo-wb-0:157:741 [0] NCCL INFO Bucket 197814-237376 Count: 77
tcpxo-wb-0:157:741 [0] NCCL INFO Bucket 237376-284852 Count: 53
tcpxo-wb-0:157:741 [0] NCCL INFO Bucket 284852-341822 Count: 36
tcpxo-wb-0:157:741 [0] NCCL INFO Bucket 341822-410186 Count: 17
tcpxo-wb-0:157:741 [0] NCCL INFO Bucket 410186-492224 Count: 17
tcpxo-wb-0:157:741 [0] NCCL INFO Bucket 492224-590668 Count: 16
tcpxo-wb-0:157:741 [0] NCCL INFO Bucket 590668-708802 Count: 38
tcpxo-wb-0:157:741 [0] NCCL INFO Bucket 708802-850562 Count: 32
tcpxo-wb-0:157:741 [0] NCCL INFO Bucket 850562-1.02067e+06 Count: 19
tcpxo-wb-0:157:741 [0] NCCL INFO Bucket 1.02067e+06-1.22481e+06 Count: 17
tcpxo-wb-0:157:741 [0] NCCL INFO Bucket 1.22481e+06-1.46977e+06 Count: 8
tcpxo-wb-0:157:741 [0] NCCL INFO Bucket 1.46977e+06-1.76373e+06 Count: 2
tcpxo-wb-0:157:741 [0] NCCL INFO Bucket 1.76373e+06-2.11647e+06 Count: 3
tcpxo-wb-0:157:741 [0] NCCL INFO Bucket 2.11647e+06-2.53977e+06 Count: 1
tcpxo-wb-0:157:741 [0] NCCL INFO Bucket 2.53977e+06-3.04772e+06 Count: 2
tcpxo-wb-0:157:741 [0] NCCL INFO Bucket 3.04772e+06-3.65726e+06 Count: 1
tcpxo-wb-0:157:741 [0] NCCL INFO Bucket 3.65726e+06-4.38871e+06 Count: 0
tcpxo-wb-0:157:741 [0] NCCL INFO Bucket 4.38871e+06-5.26646e+06 Count: 3
tcpxo-wb-0:157:741 [0] NCCL INFO Bucket 5.26646e+06-9.10044e+06 Count: 0
tcpxo-wb-0:157:741 [0] NCCL INFO Bucket 9.10044e+06-1.09205e+07 Count: 1
tcpxo-wb-0:157:741 [0] NCCL INFO NET/FasTrak 2026-08-02T13:31:22.354954647+00:00: DeregMr[netdev=0] CUDA memory for comm 0x78af6c0b11a0 with handle:8653318625366214749 data:0x3200000000 size:524288.
tcpxo-wb-0:157:741 [0] NCCL INFO NET/FasTrak 2026-08-02T13:31:22.355831482+00:00: DeregMr[netdev=0] CUDA memory for comm 0x78af6c0b11a0 with handle:8653318625366215580 data:0x3200080000 size:4915200.
tcpxo-wb-0:157:741 [0] NCCL INFO NET/FasTrak 2026-08-02T13:31:22.357083156+00:00: DeregMr[netdev=0] CUDA memory for comm 0x78af6c0b11a0 with handle:8653318625366216411 data:0x3200530000 size:8388608.
tcpxo-wb-0:157:741 [0] NCCL INFO NET/FasTrak 2026-08-02T13:31:22.357988799+00:00: Closing Recv comm 0x78af6c0b11a0
tcpxo-wb-0:157:741 [0] NCCL INFO NET/FasTrak 2026-08-02T13:31:22.357994091+00:00: COMM STATS:
tcpxo-wb-0:157:741 [0] NCCL INFO request/offload_scheduled: 2560
tcpxo-wb-0:157:741 [0] NCCL INFO request/offload_completed: 2560
tcpxo-wb-0:157:741 [0] NCCL INFO request/offload_backlog_curr: 0
tcpxo-wb-0:157:741 [0] NCCL INFO request/offload_backlog_peak: 7
tcpxo-wb-0:157:741 [0] NCCL INFO request/offload_size_distribution:
tcpxo-wb-0:157:741 [0] NCCL INFO Min: 65536
tcpxo-wb-0:157:741 [0] NCCL INFO Max: 131072
tcpxo-wb-0:157:741 [0] NCCL INFO Avg: 129024
tcpxo-wb-0:157:741 [0] NCCL INFO Bucket 0-63107.2 Count: 0
tcpxo-wb-0:157:741 [0] NCCL INFO Bucket 63107.2-75728.6 Count: 80
tcpxo-wb-0:157:741 [0] NCCL INFO Bucket 75728.6-130859 Count: 0
tcpxo-wb-0:157:741 [0] NCCL INFO Bucket 130859-157031 Count: 2480
tcpxo-wb-0:157:741 [0] NCCL INFO Bucket 157031-2.41938e+06 Count: 0
tcpxo-wb-0:157:741 [0] NCCL INFO request/offload_duration_distribution:
tcpxo-wb-0:157:741 [0] NCCL INFO Min: 66744
tcpxo-wb-0:157:741 [0] NCCL INFO Max: 4.41454e+06
tcpxo-wb-0:157:741 [0] NCCL INFO Avg: 780985
tcpxo-wb-0:157:741 [0] NCCL INFO Bucket 0-61917.4 Count: 0
tcpxo-wb-0:157:741 [0] NCCL INFO Bucket 61917.4-74300.8 Count: 1
tcpxo-wb-0:157:741 [0] NCCL INFO Bucket 74300.8-89161 Count: 4
tcpxo-wb-0:157:741 [0] NCCL INFO Bucket 89161-106993 Count: 6
tcpxo-wb-0:157:741 [0] NCCL INFO Bucket 106993-128392 Count: 16
tcpxo-wb-0:157:741 [0] NCCL INFO Bucket 128392-154070 Count: 20
tcpxo-wb-0:157:741 [0] NCCL INFO Bucket 154070-184884 Count: 21
tcpxo-wb-0:157:741 [0] NCCL INFO Bucket 184884-221861 Count: 40
tcpxo-wb-0:157:741 [0] NCCL INFO Bucket 221861-266233 Count: 120
tcpxo-wb-0:157:741 [0] NCCL INFO Bucket 266233-319480 Count: 128
tcpxo-wb-0:157:741 [0] NCCL INFO Bucket 319480-383376 Count: 155
tcpxo-wb-0:157:741 [0] NCCL INFO Bucket 383376-460051 Count: 210
tcpxo-wb-0:157:741 [0] NCCL INFO Bucket 460051-552061 Count: 244
tcpxo-wb-0:157:741 [0] NCCL INFO Bucket 552061-662474 Count: 332
tcpxo-wb-0:157:741 [0] NCCL INFO Bucket 662474-794968 Count: 324
tcpxo-wb-0:157:741 [0] NCCL INFO Bucket 794968-953962 Count: 273
tcpxo-wb-0:157:741 [0] NCCL INFO Bucket 953962-1.14475e+06 Count: 216
tcpxo-wb-0:157:741 [0] NCCL INFO Bucket 1.14475e+06-1.37371e+06 Count: 115
tcpxo-wb-0:157:741 [0] NCCL INFO Bucket 1.37371e+06-1.64845e+06 Count: 169
tcpxo-wb-0:157:741 [0] NCCL INFO Bucket 1.64845e+06-1.97814e+06 Count: 88
tcpxo-wb-0:157:741 [0] NCCL INFO Bucket 1.97814e+06-2.37376e+06 Count: 50
tcpxo-wb-0:157:741 [0] NCCL INFO Bucket 2.37376e+06-2.84852e+06 Count: 15
tcpxo-wb-0:157:741 [0] NCCL INFO Bucket 2.84852e+06-3.41822e+06 Count: 8
tcpxo-wb-0:157:741 [0] NCCL INFO Bucket 3.41822e+06-4.10186e+06 Count: 2
tcpxo-wb-0:157:741 [0] NCCL INFO Bucket 4.10186e+06-4.92224e+06 Count: 3
tcpxo-wb-0:157:741 [0] NCCL INFO Bucket 4.92224e+06-1.02067e+07 Count: 0
tcpxo-wb-0:157:741 [0] NCCL INFO request/unpack_duration_distribution:
tcpxo-wb-0:157:741 [0] NCCL INFO Bucket 0-1.09205e+07 Count: 0
tcpxo-wb-0:157:741 [0] NCCL INFO request/offload_complete_age_distribution:
tcpxo-wb-0:157:741 [0] NCCL INFO Min: 92
tcpxo-wb-0:157:741 [0] NCCL INFO Max: 920517
tcpxo-wb-0:157:741 [0] NCCL INFO Avg: 90422.6
tcpxo-wb-0:157:741 [0] NCCL INFO Bucket 0-100 Count: 8
tcpxo-wb-0:157:741 [0] NCCL INFO Bucket 100-120 Count: 57
tcpxo-wb-0:157:741 [0] NCCL INFO Bucket 120-144 Count: 16
tcpxo-wb-0:157:741 [0] NCCL INFO Bucket 144-172.8 Count: 3
tcpxo-wb-0:157:741 [0] NCCL INFO Bucket 172.8-207.36 Count: 0
tcpxo-wb-0:157:741 [0] NCCL INFO Bucket 207.36-248.832 Count: 5
tcpxo-wb-0:157:741 [0] NCCL INFO Bucket 248.832-298.598 Count: 56
tcpxo-wb-0:157:741 [0] NCCL INFO Bucket 298.598-358.318 Count: 22
tcpxo-wb-0:157:741 [0] NCCL INFO Bucket 358.318-429.982 Count: 30
tcpxo-wb-0:157:741 [0] NCCL INFO Bucket 429.982-515.978 Count: 42
tcpxo-wb-0:157:741 [0] NCCL INFO Bucket 515.978-619.174 Count: 33
tcpxo-wb-0:157:741 [0] NCCL INFO Bucket 619.174-743.008 Count: 46
tcpxo-wb-0:157:741 [0] NCCL INFO Bucket 743.008-891.61 Count: 48
tcpxo-wb-0:157:741 [0] NCCL INFO Bucket 891.61-1069.93 Count: 45
tcpxo-wb-0:157:741 [0] NCCL INFO Bucket 1069.93-1283.92 Count: 72
tcpxo-wb-0:157:741 [0] NCCL INFO Bucket 1283.92-1540.7 Count: 83
tcpxo-wb-0:157:741 [0] NCCL INFO Bucket 1540.7-1848.84 Count: 113
tcpxo-wb-0:157:741 [0] NCCL INFO Bucket 1848.84-2218.61 Count: 115
tcpxo-wb-0:157:741 [0] NCCL INFO Bucket 2218.61-2662.33 Count: 109
tcpxo-wb-0:157:741 [0] NCCL INFO Bucket 2662.33-3194.8 Count: 133
tcpxo-wb-0:157:741 [0] NCCL INFO Bucket 3194.8-3833.76 Count: 114
tcpxo-wb-0:157:741 [0] NCCL INFO Bucket 3833.76-4600.51 Count: 132
tcpxo-wb-0:157:741 [0] NCCL INFO Bucket 4600.51-5520.61 Count: 133
tcpxo-wb-0:157:741 [0] NCCL INFO Bucket 5520.61-6624.74 Count: 130
tcpxo-wb-0:157:741 [0] NCCL INFO Bucket 6624.74-7949.68 Count: 95
tcpxo-wb-0:157:741 [0] NCCL INFO Bucket 7949.68-9539.62 Count: 56
tcpxo-wb-0:157:741 [0] NCCL INFO Bucket 9539.62-11447.5 Count: 32
tcpxo-wb-0:157:741 [0] NCCL INFO Bucket 11447.5-13737.1 Count: 13
tcpxo-wb-0:157:741 [0] NCCL INFO Bucket 13737.1-16484.5 Count: 23
tcpxo-wb-0:157:741 [0] NCCL INFO Bucket 16484.5-19781.4 Count: 9
tcpxo-wb-0:157:741 [0] NCCL INFO Bucket 19781.4-23737.6 Count: 8
tcpxo-wb-0:157:741 [0] NCCL INFO Bucket 23737.6-28485.2 Count: 11
tcpxo-wb-0:157:741 [0] NCCL INFO Bucket 28485.2-34182.2 Count: 11
tcpxo-wb-0:157:741 [0] NCCL INFO Bucket 34182.2-41018.6 Count: 10
tcpxo-wb-0:157:741 [0] NCCL INFO Bucket 41018.6-49222.4 Count: 12
tcpxo-wb-0:157:741 [0] NCCL INFO Bucket 49222.4-59066.8 Count: 735
tcpxo-wb-0:157:741 [0] NCCL INFO request/unpack_num_iovs_distribution:
tcpxo-wb-0:157:741 [0] NCCL INFO Bucket 0-2116.47 Count: 0
tcpxo-wb-0:157:741 [0] NCCL INFO request/offload_interval_distribution:
tcpxo-wb-0:157:741 [0] NCCL INFO Min: 2399
tcpxo-wb-0:157:741 [0] NCCL INFO Max: 1.37144e+08
tcpxo-wb-0:157:741 [0] NCCL INFO Avg: 174320
tcpxo-wb-0:157:741 [0] NCCL INFO Bucket 0-2073.6 Count: 0
tcpxo-wb-0:157:741 [0] NCCL INFO Bucket 2073.6-2488.32 Count: 3
tcpxo-wb-0:157:741 [0] NCCL INFO Bucket 2488.32-2985.98 Count: 76
tcpxo-wb-0:157:741 [0] NCCL INFO Bucket 2985.98-3583.18 Count: 187
tcpxo-wb-0:157:741 [0] NCCL INFO Bucket 3583.18-4299.82 Count: 145
tcpxo-wb-0:157:741 [0] NCCL INFO Bucket 4299.82-5159.78 Count: 97
tcpxo-wb-0:157:741 [0] NCCL INFO Bucket 5159.78-6191.74 Count: 77
tcpxo-wb-0:157:741 [0] NCCL INFO Bucket 6191.74-7430.08 Count: 33
tcpxo-wb-0:157:741 [0] NCCL INFO Bucket 7430.08-8916.1 Count: 15
tcpxo-wb-0:157:741 [0] NCCL INFO Bucket 8916.1-10699.3 Count: 27
tcpxo-wb-0:157:741 [0] NCCL INFO Bucket 10699.3-12839.2 Count: 95
tcpxo-wb-0:157:741 [0] NCCL INFO Bucket 12839.2-15407 Count: 175
tcpxo-wb-0:157:741 [0] NCCL INFO Bucket 15407-18488.4 Count: 211
tcpxo-wb-0:157:741 [0] NCCL INFO Bucket 18488.4-22186.1 Count: 173
tcpxo-wb-0:157:741 [0] NCCL INFO Bucket 22186.1-26623.3 Count: 95
tcpxo-wb-0:157:741 [0] NCCL INFO Bucket 26623.3-31948 Count: 45
tcpxo-wb-0:157:741 [0] NCCL INFO Bucket 31948-38337.6 Count: 27
tcpxo-wb-0:157:741 [0] NCCL INFO Bucket 38337.6-46005.1 Count: 58
tcpxo-wb-0:157:741 [0] NCCL INFO Bucket 46005.1-55206.1 Count: 44
tcpxo-wb-0:157:741 [0] NCCL INFO Bucket 55206.1-66247.4 Count: 56
tcpxo-wb-0:157:741 [0] NCCL INFO Bucket 66247.4-79496.8 Count: 57
tcpxo-wb-0:157:741 [0] NCCL INFO Bucket 79496.8-95396.2 Count: 69
tcpxo-wb-0:157:741 [0] NCCL INFO Bucket 95396.2-114475 Count: 80
tcpxo-wb-0:157:741 [0] NCCL INFO Bucket 114475-137371 Count: 75
tcpxo-wb-0:157:741 [0] NCCL INFO Bucket 137371-164845 Count: 77
tcpxo-wb-0:157:741 [0] NCCL INFO Bucket 164845-197814 Count: 81
tcpxo-wb-0:157:741 [0] NCCL INFO Bucket 197814-237376 Count: 99
tcpxo-wb-0:157:741 [0] NCCL INFO Bucket 237376-284852 Count: 86
tcpxo-wb-0:157:741 [0] NCCL INFO Bucket 284852-341822 Count: 56
tcpxo-wb-0:157:741 [0] NCCL INFO Bucket 341822-410186 Count: 59
tcpxo-wb-0:157:741 [0] NCCL INFO Bucket 410186-492224 Count: 38
tcpxo-wb-0:157:741 [0] NCCL INFO Bucket 492224-590668 Count: 36
tcpxo-wb-0:157:741 [0] NCCL INFO Bucket 590668-708802 Count: 46
tcpxo-wb-0:157:741 [0] NCCL INFO Bucket 708802-850562 Count: 17
tcpxo-wb-0:157:741 [0] NCCL INFO Bucket 850562-1.02067e+06 Count: 12
tcpxo-wb-0:157:741 [0] NCCL INFO Bucket 1.02067e+06-1.22481e+06 Count: 17
tcpxo-wb-0:157:741 [0] NCCL INFO Bucket 1.22481e+06-1.46977e+06 Count: 4
tcpxo-wb-0:157:741 [0] NCCL INFO Bucket 1.46977e+06-1.76373e+06 Count: 2
tcpxo-wb-0:157:741 [0] NCCL INFO Bucket 1.76373e+06-2.11647e+06 Count: 2
tcpxo-wb-0:157:741 [0] NCCL INFO Bucket 2.11647e+06-2.53977e+06 Count: 1
tcpxo-wb-0:157:741 [0] NCCL INFO Bucket 2.53977e+06-3.04772e+06 Count: 2
tcpxo-wb-0:157:741 [0] NCCL INFO Bucket 3.04772e+06-3.65726e+06 Count: 1
tcpxo-wb-0:157:741 [0] NCCL INFO Bucket 3.65726e+06-4.38871e+06 Count: 2
tcpxo-wb-0:157:741 [0] NCCL INFO Bucket 4.38871e+06-5.26646e+06 Count: 1
tcpxo-wb-0:157:741 [0] NCCL INFO Bucket 5.26646e+06-9.10044e+06 Count: 0
tcpxo-wb-0:157:741 [0] NCCL INFO Bucket 9.10044e+06-1.09205e+07 Count: 1
tcpxo-wb-0:157:741 [0] NCCL INFO NET/FasTrak 2026-08-02T13:31:22.358079606+00:00: DeregMr host memory for 0x78af6c083990 data:0xa1be00000 size:524288.
tcpxo-wb-0:157:741 [0] NCCL INFO NET/FasTrak 2026-08-02T13:31:22.358082811+00:00: DeregMr[netdev=0] CUDA memory for comm 0x78af6c083990 with handle:8653318625366215998 data:0x78afa3a00000 size:4915200.
tcpxo-wb-0:157:741 [0] NCCL INFO NET/FasTrak 2026-08-02T13:31:22.359265825+00:00: DeregMr[netdev=0] CUDA memory for comm 0x78af6c083990 with handle:8653318625366212733 data:0x78afa3eb0000 size:8388608.
tcpxo-wb-0:157:741 [0] NCCL INFO NET/FasTrak 2026-08-02T13:31:22.360100537+00:00: Closing Send comm 0x78af6c083990
tcpxo-wb-0:157:741 [0] NCCL INFO NET/FasTrak 2026-08-02T13:31:22.360105273+00:00: COMM STATS:
tcpxo-wb-0:157:741 [0] NCCL INFO request/offload_scheduled: 2560
tcpxo-wb-0:157:741 [0] NCCL INFO request/offload_completed: 2560
tcpxo-wb-0:157:741 [0] NCCL INFO request/offload_backlog_curr: 0
tcpxo-wb-0:157:741 [0] NCCL INFO request/offload_backlog_peak: 7
tcpxo-wb-0:157:741 [0] NCCL INFO request/offload_size_distribution:
tcpxo-wb-0:157:741 [0] NCCL INFO Min: 65536
tcpxo-wb-0:157:741 [0] NCCL INFO Max: 131072
tcpxo-wb-0:157:741 [0] NCCL INFO Avg: 129024
tcpxo-wb-0:157:741 [0] NCCL INFO Bucket 0-63107.2 Count: 0
tcpxo-wb-0:157:741 [0] NCCL INFO Bucket 63107.2-75728.6 Count: 80
tcpxo-wb-0:157:741 [0] NCCL INFO Bucket 75728.6-130859 Count: 0
tcpxo-wb-0:157:741 [0] NCCL INFO Bucket 130859-157031 Count: 2480
tcpxo-wb-0:157:741 [0] NCCL INFO Bucket 157031-2.41938e+06 Count: 0
tcpxo-wb-0:157:741 [0] NCCL INFO request/offload_duration_distribution:
tcpxo-wb-0:157:741 [0] NCCL INFO Min: 38738
tcpxo-wb-0:157:741 [0] NCCL INFO Max: 1.19078e+06
tcpxo-wb-0:157:741 [0] NCCL INFO Avg: 407397
tcpxo-wb-0:157:741 [0] NCCL INFO Bucket 0-35831.8 Count: 0
tcpxo-wb-0:157:741 [0] NCCL INFO Bucket 35831.8-42998.2 Count: 8
tcpxo-wb-0:157:741 [0] NCCL INFO Bucket 42998.2-51597.8 Count: 14
tcpxo-wb-0:157:741 [0] NCCL INFO Bucket 51597.8-61917.4 Count: 27
tcpxo-wb-0:157:741 [0] NCCL INFO Bucket 61917.4-74300.8 Count: 54
tcpxo-wb-0:157:741 [0] NCCL INFO Bucket 74300.8-89161 Count: 88
tcpxo-wb-0:157:741 [0] NCCL INFO Bucket 89161-106993 Count: 86
tcpxo-wb-0:157:741 [0] NCCL INFO Bucket 106993-128392 Count: 69
tcpxo-wb-0:157:741 [0] NCCL INFO Bucket 128392-154070 Count: 49
tcpxo-wb-0:157:741 [0] NCCL INFO Bucket 154070-184884 Count: 58
tcpxo-wb-0:157:741 [0] NCCL INFO Bucket 184884-221861 Count: 78
tcpxo-wb-0:157:741 [0] NCCL INFO Bucket 221861-266233 Count: 98
tcpxo-wb-0:157:741 [0] NCCL INFO Bucket 266233-319480 Count: 208
tcpxo-wb-0:157:741 [0] NCCL INFO Bucket 319480-383376 Count: 359
tcpxo-wb-0:157:741 [0] NCCL INFO Bucket 383376-460051 Count: 451
tcpxo-wb-0:157:741 [0] NCCL INFO Bucket 460051-552061 Count: 321
tcpxo-wb-0:157:741 [0] NCCL INFO Bucket 552061-662474 Count: 277
tcpxo-wb-0:157:741 [0] NCCL INFO Bucket 662474-794968 Count: 183
tcpxo-wb-0:157:741 [0] NCCL INFO Bucket 794968-953962 Count: 101
tcpxo-wb-0:157:741 [0] NCCL INFO Bucket 953962-1.14475e+06 Count: 25
tcpxo-wb-0:157:741 [0] NCCL INFO Bucket 1.14475e+06-1.37371e+06 Count: 6
tcpxo-wb-0:157:741 [0] NCCL INFO Bucket 1.37371e+06-1.02067e+07 Count: 0
tcpxo-wb-0:157:741 [0] NCCL INFO request/unpack_duration_distribution:
tcpxo-wb-0:157:741 [0] NCCL INFO Bucket 0-1.09205e+07 Count: 0
tcpxo-wb-0:157:741 [0] NCCL INFO request/offload_complete_age_distribution:
tcpxo-wb-0:157:741 [0] NCCL INFO Min: 84
tcpxo-wb-0:157:741 [0] NCCL INFO Max: 374215
tcpxo-wb-0:157:741 [0] NCCL INFO Avg: 29442.9
tcpxo-wb-0:157:741 [0] NCCL INFO Bucket 0-100 Count: 18
tcpxo-wb-0:157:741 [0] NCCL INFO Bucket 100-120 Count: 33
tcpxo-wb-0:157:741 [0] NCCL INFO Bucket 120-144 Count: 4
tcpxo-wb-0:157:741 [0] NCCL INFO Bucket 144-207.36 Count: 0
tcpxo-wb-0:157:741 [0] NCCL INFO Bucket 207.36-248.832 Count: 17
tcpxo-wb-0:157:741 [0] NCCL INFO Bucket 248.832-298.598 Count: 25
tcpxo-wb-0:157:741 [0] NCCL INFO Bucket 298.598-358.318 Count: 13
tcpxo-wb-0:157:741 [0] NCCL INFO Bucket 358.318-429.982 Count: 23
tcpxo-wb-0:157:741 [0] NCCL INFO Bucket 429.982-515.978 Count: 11
tcpxo-wb-0:157:741 [0] NCCL INFO Bucket 515.978-619.174 Count: 16
tcpxo-wb-0:157:741 [0] NCCL INFO Bucket 619.174-743.008 Count: 22
tcpxo-wb-0:157:741 [0] NCCL INFO Bucket 743.008-891.61 Count: 30
tcpxo-wb-0:157:741 [0] NCCL INFO Bucket 891.61-1069.93 Count: 35
tcpxo-wb-0:157:741 [0] NCCL INFO Bucket 1069.93-1283.92 Count: 55
tcpxo-wb-0:157:741 [0] NCCL INFO Bucket 1283.92-1540.7 Count: 49
tcpxo-wb-0:157:741 [0] NCCL INFO Bucket 1540.7-1848.84 Count: 68
tcpxo-wb-0:157:741 [0] NCCL INFO Bucket 1848.84-2218.61 Count: 85
tcpxo-wb-0:157:741 [0] NCCL INFO Bucket 2218.61-2662.33 Count: 91
tcpxo-wb-0:157:741 [0] NCCL INFO Bucket 2662.33-3194.8 Count: 98
tcpxo-wb-0:157:741 [0] NCCL INFO Bucket 3194.8-3833.76 Count: 140
tcpxo-wb-0:157:741 [0] NCCL INFO Bucket 3833.76-4600.51 Count: 149
tcpxo-wb-0:157:741 [0] NCCL INFO Bucket 4600.51-5520.61 Count: 188
tcpxo-wb-0:157:741 [0] NCCL INFO Bucket 5520.61-6624.74 Count: 172
tcpxo-wb-0:157:741 [0] NCCL INFO Bucket 6624.74-7949.68 Count: 138
tcpxo-wb-0:157:741 [0] NCCL INFO Bucket 7949.68-9539.62 Count: 68
tcpxo-wb-0:157:741 [0] NCCL INFO Bucket 9539.62-11447.5 Count: 70
tcpxo-wb-0:157:741 [0] NCCL INFO Bucket 11447.5-13737.1 Count: 70
tcpxo-wb-0:157:741 [0] NCCL INFO Bucket 13737.1-16484.5 Count: 54
tcpxo-wb-0:157:741 [0] NCCL INFO Bucket 16484.5-19781.4 Count: 54
tcpxo-wb-0:157:741 [0] NCCL INFO Bucket 19781.4-23737.6 Count: 36
tcpxo-wb-0:157:741 [0] NCCL INFO Bucket 23737.6-28485.2 Count: 39
tcpxo-wb-0:157:741 [0] NCCL INFO Bucket 28485.2-34182.2 Count: 41
tcpxo-wb-0:157:741 [0] NCCL INFO Bucket 34182.2-41018.6 Count: 56
tcpxo-wb-0:157:741 [0] NCCL INFO Bucket 41018.6-49222.4 Count: 68
tcpxo-wb-0:157:741 [0] NCCL INFO Bucket 49222.4-59066.8 Count: 524
tcpxo-wb-0:157:741 [0] NCCL INFO request/unpack_num_iovs_distribution:
tcpxo-wb-0:157:741 [0] NCCL INFO Bucket 0-2116.47 Count: 0
tcpxo-wb-0:157:741 [0] NCCL INFO request/offload_interval_distribution:
tcpxo-wb-0:157:741 [0] NCCL INFO Min: 7198
tcpxo-wb-0:157:741 [0] NCCL INFO Max: 1.40454e+08
tcpxo-wb-0:157:741 [0] NCCL INFO Avg: 174551
tcpxo-wb-0:157:741 [0] NCCL INFO Bucket 0-6191.74 Count: 0
tcpxo-wb-0:157:741 [0] NCCL INFO Bucket 6191.74-7430.08 Count: 1
tcpxo-wb-0:157:741 [0] NCCL INFO Bucket 7430.08-8916.1 Count: 7
tcpxo-wb-0:157:741 [0] NCCL INFO Bucket 8916.1-10699.3 Count: 10
tcpxo-wb-0:157:741 [0] NCCL INFO Bucket 10699.3-12839.2 Count: 7
tcpxo-wb-0:157:741 [0] NCCL INFO Bucket 12839.2-15407 Count: 11
tcpxo-wb-0:157:741 [0] NCCL INFO Bucket 15407-18488.4 Count: 44
tcpxo-wb-0:157:741 [0] NCCL INFO Bucket 18488.4-22186.1 Count: 98
tcpxo-wb-0:157:741 [0] NCCL INFO Bucket 22186.1-26623.3 Count: 149
tcpxo-wb-0:157:741 [0] NCCL INFO Bucket 26623.3-31948 Count: 105
tcpxo-wb-0:157:741 [0] NCCL INFO Bucket 31948-38337.6 Count: 82
tcpxo-wb-0:157:741 [0] NCCL INFO Bucket 38337.6-46005.1 Count: 276
tcpxo-wb-0:157:741 [0] NCCL INFO Bucket 46005.1-55206.1 Count: 613
tcpxo-wb-0:157:741 [0] NCCL INFO Bucket 55206.1-66247.4 Count: 451
tcpxo-wb-0:157:741 [0] NCCL INFO Bucket 66247.4-79496.8 Count: 126
tcpxo-wb-0:157:741 [0] NCCL INFO Bucket 79496.8-95396.2 Count: 55
tcpxo-wb-0:157:741 [0] NCCL INFO Bucket 95396.2-114475 Count: 71
tcpxo-wb-0:157:741 [0] NCCL INFO Bucket 114475-137371 Count: 59
tcpxo-wb-0:157:741 [0] NCCL INFO Bucket 137371-164845 Count: 79
tcpxo-wb-0:157:741 [0] NCCL INFO Bucket 164845-197814 Count: 54
tcpxo-wb-0:157:741 [0] NCCL INFO Bucket 197814-237376 Count: 56
tcpxo-wb-0:157:741 [0] NCCL INFO Bucket 237376-284852 Count: 43
tcpxo-wb-0:157:741 [0] NCCL INFO Bucket 284852-341822 Count: 34
tcpxo-wb-0:157:741 [0] NCCL INFO Bucket 341822-410186 Count: 17
tcpxo-wb-0:157:741 [0] NCCL INFO Bucket 410186-492224 Count: 16
tcpxo-wb-0:157:741 [0] NCCL INFO Bucket 492224-590668 Count: 9
tcpxo-wb-0:157:741 [0] NCCL INFO Bucket 590668-708802 Count: 8
tcpxo-wb-0:157:741 [0] NCCL INFO Bucket 708802-850562 Count: 12
tcpxo-wb-0:157:741 [0] NCCL INFO Bucket 850562-1.02067e+06 Count: 1
tcpxo-wb-0:157:741 [0] NCCL INFO Bucket 1.02067e+06-1.22481e+06 Count: 22
tcpxo-wb-0:157:741 [0] NCCL INFO Bucket 1.22481e+06-1.46977e+06 Count: 19
tcpxo-wb-0:157:741 [0] NCCL INFO Bucket 1.46977e+06-1.76373e+06 Count: 11
tcpxo-wb-0:157:741 [0] NCCL INFO Bucket 1.76373e+06-2.11647e+06 Count: 6
tcpxo-wb-0:157:741 [0] NCCL INFO Bucket 2.11647e+06-2.53977e+06 Count: 2
tcpxo-wb-0:157:741 [0] NCCL INFO Bucket 2.53977e+06-3.04772e+06 Count: 0
tcpxo-wb-0:157:741 [0] NCCL INFO Bucket 3.04772e+06-3.65726e+06 Count: 2
tcpxo-wb-0:157:741 [0] NCCL INFO Bucket 3.65726e+06-4.38871e+06 Count: 1
tcpxo-wb-0:157:741 [0] NCCL INFO Bucket 4.38871e+06-5.26646e+06 Count: 0
tcpxo-wb-0:157:741 [0] NCCL INFO Bucket 5.26646e+06-6.31975e+06 Count: 1
tcpxo-wb-0:157:741 [0] NCCL INFO Bucket 6.31975e+06-7.5837e+06 Count: 1
tcpxo-wb-0:157:741 [0] NCCL INFO Bucket 7.5837e+06-9.10044e+06 Count: 0
tcpxo-wb-0:157:741 [0] NCCL INFO Bucket 9.10044e+06-1.09205e+07 Count: 1
tcpxo-wb-0:157:741 [0] NCCL INFO NET/FasTrak 2026-08-02T13:31:22.360185436+00:00: DeregMr host memory for 0x78af6c086900 data:0xa1be82000 size:524288.
tcpxo-wb-0:157:741 [0] NCCL INFO NET/FasTrak 2026-08-02T13:31:22.360188753+00:00: DeregMr[netdev=0] CUDA memory for comm 0x78af6c086900 with handle:8653318625366213564 data:0x78afa4800000 size:4915200.
tcpxo-wb-0:157:741 [0] NCCL INFO NET/FasTrak 2026-08-02T13:31:22.361183649+00:00: DeregMr[netdev=0] CUDA memory for comm 0x78af6c086900 with handle:8653318625366214395 data:0x78afa4cb0000 size:8388608.
tcpxo-wb-0:157:741 [0] NCCL INFO NET/FasTrak 2026-08-02T13:31:22.36224236+00:00: Closing Send comm 0x78af6c086900
tcpxo-wb-0:157:741 [0] NCCL INFO NET/FasTrak 2026-08-02T13:31:22.36224741+00:00: COMM STATS:
tcpxo-wb-0:157:741 [0] NCCL INFO request/offload_scheduled: 2560
tcpxo-wb-0:157:741 [0] NCCL INFO request/offload_completed: 2560
tcpxo-wb-0:157:741 [0] NCCL INFO request/offload_backlog_curr: 0
tcpxo-wb-0:157:741 [0] NCCL INFO request/offload_backlog_peak: 7
tcpxo-wb-0:157:741 [0] NCCL INFO request/offload_size_distribution:
tcpxo-wb-0:157:741 [0] NCCL INFO Min: 65536
tcpxo-wb-0:157:741 [0] NCCL INFO Max: 131072
tcpxo-wb-0:157:741 [0] NCCL INFO Avg: 129024
tcpxo-wb-0:157:741 [0] NCCL INFO Bucket 0-63107.2 Count: 0
tcpxo-wb-0:157:741 [0] NCCL INFO Bucket 63107.2-75728.6 Count: 80
tcpxo-wb-0:157:741 [0] NCCL INFO Bucket 75728.6-130859 Count: 0
tcpxo-wb-0:157:741 [0] NCCL INFO Bucket 130859-157031 Count: 2480
tcpxo-wb-0:157:741 [0] NCCL INFO Bucket 157031-2.41938e+06 Count: 0
tcpxo-wb-0:157:741 [0] NCCL INFO request/offload_duration_distribution:
tcpxo-wb-0:157:741 [0] NCCL INFO Min: 37670
tcpxo-wb-0:157:741 [0] NCCL INFO Max: 933033
tcpxo-wb-0:157:741 [0] NCCL INFO Avg: 235919
tcpxo-wb-0:157:741 [0] NCCL INFO Bucket 0-35831.8 Count: 0
tcpxo-wb-0:157:741 [0] NCCL INFO Bucket 35831.8-42998.2 Count: 20
tcpxo-wb-0:157:741 [0] NCCL INFO Bucket 42998.2-51597.8 Count: 53
tcpxo-wb-0:157:741 [0] NCCL INFO Bucket 51597.8-61917.4 Count: 74
tcpxo-wb-0:157:741 [0] NCCL INFO Bucket 61917.4-74300.8 Count: 110
tcpxo-wb-0:157:741 [0] NCCL INFO Bucket 74300.8-89161 Count: 160
tcpxo-wb-0:157:741 [0] NCCL INFO Bucket 89161-106993 Count: 183
tcpxo-wb-0:157:741 [0] NCCL INFO Bucket 106993-128392 Count: 194
tcpxo-wb-0:157:741 [0] NCCL INFO Bucket 128392-154070 Count: 199
tcpxo-wb-0:157:741 [0] NCCL INFO Bucket 154070-184884 Count: 226
tcpxo-wb-0:157:741 [0] NCCL INFO Bucket 184884-221861 Count: 240
tcpxo-wb-0:157:741 [0] NCCL INFO Bucket 221861-266233 Count: 268
tcpxo-wb-0:157:741 [0] NCCL INFO Bucket 266233-319480 Count: 208
tcpxo-wb-0:157:741 [0] NCCL INFO Bucket 319480-383376 Count: 166
tcpxo-wb-0:157:741 [0] NCCL INFO Bucket 383376-460051 Count: 170
tcpxo-wb-0:157:741 [0] NCCL INFO Bucket 460051-552061 Count: 147
tcpxo-wb-0:157:741 [0] NCCL INFO Bucket 552061-662474 Count: 104
tcpxo-wb-0:157:741 [0] NCCL INFO Bucket 662474-794968 Count: 28
tcpxo-wb-0:157:741 [0] NCCL INFO Bucket 794968-953962 Count: 10
tcpxo-wb-0:157:741 [0] NCCL INFO Bucket 953962-1.02067e+07 Count: 0
tcpxo-wb-0:157:741 [0] NCCL INFO request/unpack_duration_distribution:
tcpxo-wb-0:157:741 [0] NCCL INFO Bucket 0-1.09205e+07 Count: 0
tcpxo-wb-0:157:741 [0] NCCL INFO request/offload_complete_age_distribution:
tcpxo-wb-0:157:741 [0] NCCL INFO Min: 86
tcpxo-wb-0:157:741 [0] NCCL INFO Max: 494255
tcpxo-wb-0:157:741 [0] NCCL INFO Avg: 26162.5
tcpxo-wb-0:157:741 [0] NCCL INFO Bucket 0-100 Count: 13
tcpxo-wb-0:157:741 [0] NCCL INFO Bucket 100-120 Count: 50
tcpxo-wb-0:157:741 [0] NCCL INFO Bucket 120-144 Count: 4
tcpxo-wb-0:157:741 [0] NCCL INFO Bucket 144-172.8 Count: 1
tcpxo-wb-0:157:741 [0] NCCL INFO Bucket 172.8-207.36 Count: 0
tcpxo-wb-0:157:741 [0] NCCL INFO Bucket 207.36-248.832 Count: 4
tcpxo-wb-0:157:741 [0] NCCL INFO Bucket 248.832-298.598 Count: 33
tcpxo-wb-0:157:741 [0] NCCL INFO Bucket 298.598-358.318 Count: 9
tcpxo-wb-0:157:741 [0] NCCL INFO Bucket 358.318-429.982 Count: 20
tcpxo-wb-0:157:741 [0] NCCL INFO Bucket 429.982-515.978 Count: 26
tcpxo-wb-0:157:741 [0] NCCL INFO Bucket 515.978-619.174 Count: 35
tcpxo-wb-0:157:741 [0] NCCL INFO Bucket 619.174-743.008 Count: 27
tcpxo-wb-0:157:741 [0] NCCL INFO Bucket 743.008-891.61 Count: 49
tcpxo-wb-0:157:741 [0] NCCL INFO Bucket 891.61-1069.93 Count: 43
tcpxo-wb-0:157:741 [0] NCCL INFO Bucket 1069.93-1283.92 Count: 64
tcpxo-wb-0:157:741 [0] NCCL INFO Bucket 1283.92-1540.7 Count: 73
tcpxo-wb-0:157:741 [0] NCCL INFO Bucket 1540.7-1848.84 Count: 77
tcpxo-wb-0:157:741 [0] NCCL INFO Bucket 1848.84-2218.61 Count: 111
tcpxo-wb-0:157:741 [0] NCCL INFO Bucket 2218.61-2662.33 Count: 112
tcpxo-wb-0:157:741 [0] NCCL INFO Bucket 2662.33-3194.8 Count: 155
tcpxo-wb-0:157:741 [0] NCCL INFO Bucket 3194.8-3833.76 Count: 161
tcpxo-wb-0:157:741 [0] NCCL INFO Bucket 3833.76-4600.51 Count: 171
tcpxo-wb-0:157:741 [0] NCCL INFO Bucket 4600.51-5520.61 Count: 186
tcpxo-wb-0:157:741 [0] NCCL INFO Bucket 5520.61-6624.74 Count: 173
tcpxo-wb-0:157:741 [0] NCCL INFO Bucket 6624.74-7949.68 Count: 161
tcpxo-wb-0:157:741 [0] NCCL INFO Bucket 7949.68-9539.62 Count: 78
tcpxo-wb-0:157:741 [0] NCCL INFO Bucket 9539.62-11447.5 Count: 55
tcpxo-wb-0:157:741 [0] NCCL INFO Bucket 11447.5-13737.1 Count: 57
tcpxo-wb-0:157:741 [0] NCCL INFO Bucket 13737.1-16484.5 Count: 57
tcpxo-wb-0:157:741 [0] NCCL INFO Bucket 16484.5-19781.4 Count: 40
tcpxo-wb-0:157:741 [0] NCCL INFO Bucket 19781.4-23737.6 Count: 28
tcpxo-wb-0:157:741 [0] NCCL INFO Bucket 23737.6-28485.2 Count: 31
tcpxo-wb-0:157:741 [0] NCCL INFO Bucket 28485.2-34182.2 Count: 24
tcpxo-wb-0:157:741 [0] NCCL INFO Bucket 34182.2-41018.6 Count: 36
tcpxo-wb-0:157:741 [0] NCCL INFO Bucket 41018.6-49222.4 Count: 32
tcpxo-wb-0:157:741 [0] NCCL INFO Bucket 49222.4-59066.8 Count: 364
tcpxo-wb-0:157:741 [0] NCCL INFO request/unpack_num_iovs_distribution:
tcpxo-wb-0:157:741 [0] NCCL INFO Bucket 0-2116.47 Count: 0
tcpxo-wb-0:157:741 [0] NCCL INFO request/offload_interval_distribution:
tcpxo-wb-0:157:741 [0] NCCL INFO Min: 9221
tcpxo-wb-0:157:741 [0] NCCL INFO Max: 1.4054e+08
tcpxo-wb-0:157:741 [0] NCCL INFO Avg: 174416
tcpxo-wb-0:157:741 [0] NCCL INFO Bucket 0-8916.1 Count: 0
tcpxo-wb-0:157:741 [0] NCCL INFO Bucket 8916.1-10699.3 Count: 2
tcpxo-wb-0:157:741 [0] NCCL INFO Bucket 10699.3-12839.2 Count: 4
tcpxo-wb-0:157:741 [0] NCCL INFO Bucket 12839.2-15407 Count: 6
tcpxo-wb-0:157:741 [0] NCCL INFO Bucket 15407-18488.4 Count: 25
tcpxo-wb-0:157:741 [0] NCCL INFO Bucket 18488.4-22186.1 Count: 61
tcpxo-wb-0:157:741 [0] NCCL INFO Bucket 22186.1-26623.3 Count: 139
tcpxo-wb-0:157:741 [0] NCCL INFO Bucket 26623.3-31948 Count: 164
tcpxo-wb-0:157:741 [0] NCCL INFO Bucket 31948-38337.6 Count: 217
tcpxo-wb-0:157:741 [0] NCCL INFO Bucket 38337.6-46005.1 Count: 258
tcpxo-wb-0:157:741 [0] NCCL INFO Bucket 46005.1-55206.1 Count: 310
tcpxo-wb-0:157:741 [0] NCCL INFO Bucket 55206.1-66247.4 Count: 331
tcpxo-wb-0:157:741 [0] NCCL INFO Bucket 66247.4-79496.8 Count: 165
tcpxo-wb-0:157:741 [0] NCCL INFO Bucket 79496.8-95396.2 Count: 111
tcpxo-wb-0:157:741 [0] NCCL INFO Bucket 95396.2-114475 Count: 149
tcpxo-wb-0:157:741 [0] NCCL INFO Bucket 114475-137371 Count: 119
tcpxo-wb-0:157:741 [0] NCCL INFO Bucket 137371-164845 Count: 105
tcpxo-wb-0:157:741 [0] NCCL INFO Bucket 164845-197814 Count: 103
tcpxo-wb-0:157:741 [0] NCCL INFO Bucket 197814-237376 Count: 71
tcpxo-wb-0:157:741 [0] NCCL INFO Bucket 237376-284852 Count: 51
tcpxo-wb-0:157:741 [0] NCCL INFO Bucket 284852-341822 Count: 42
tcpxo-wb-0:157:741 [0] NCCL INFO Bucket 341822-410186 Count: 19
tcpxo-wb-0:157:741 [0] NCCL INFO Bucket 410186-492224 Count: 19
tcpxo-wb-0:157:741 [0] NCCL INFO Bucket 492224-590668 Count: 12
tcpxo-wb-0:157:741 [0] NCCL INFO Bucket 590668-708802 Count: 13
tcpxo-wb-0:157:741 [0] NCCL INFO Bucket 708802-850562 Count: 15
tcpxo-wb-0:157:741 [0] NCCL INFO Bucket 850562-1.02067e+06 Count: 21
tcpxo-wb-0:157:741 [0] NCCL INFO Bucket 1.02067e+06-1.22481e+06 Count: 13
tcpxo-wb-0:157:741 [0] NCCL INFO Bucket 1.22481e+06-1.46977e+06 Count: 5
tcpxo-wb-0:157:741 [0] NCCL INFO Bucket 1.46977e+06-1.76373e+06 Count: 3
tcpxo-wb-0:157:741 [0] NCCL INFO Bucket 1.76373e+06-2.11647e+06 Count: 1
tcpxo-wb-0:157:741 [0] NCCL INFO Bucket 2.11647e+06-3.04772e+06 Count: 0
tcpxo-wb-0:157:741 [0] NCCL INFO Bucket 3.04772e+06-3.65726e+06 Count: 2
tcpxo-wb-0:157:741 [0] NCCL INFO Bucket 3.65726e+06-4.38871e+06 Count: 0
tcpxo-wb-0:157:741 [0] NCCL INFO Bucket 4.38871e+06-5.26646e+06 Count: 1
tcpxo-wb-0:157:741 [0] NCCL INFO Bucket 5.26646e+06-6.31975e+06 Count: 1
tcpxo-wb-0:157:741 [0] NCCL INFO Bucket 6.31975e+06-7.5837e+06 Count: 1
tcpxo-wb-0:157:741 [0] NCCL INFO Bucket 7.5837e+06-9.10044e+06 Count: 0
tcpxo-wb-0:157:741 [0] NCCL INFO Bucket 9.10044e+06-1.09205e+07 Count: 1
tcpxo-wb-0:157:741 [0] NCCL INFO NET/FasTrak 2026-08-02T13:31:22.362318712+00:00: DeregMr host memory for 0x78af6c089ec0 data:0xa1bf04000 size:524288.
tcpxo-wb-0:157:741 [0] NCCL INFO NET/FasTrak 2026-08-02T13:31:22.362321594+00:00: DeregMr[netdev=0] CUDA memory for comm 0x78af6c089ec0 with handle:8653318625366215226 data:0x78afa5600000 size:4915200.
tcpxo-wb-0:157:741 [0] NCCL INFO NET/FasTrak 2026-08-02T13:31:22.363319643+00:00: DeregMr[netdev=0] CUDA memory for comm 0x78af6c089ec0 with handle:8653318625366216057 data:0x78afa5ab0000 size:8388608.
tcpxo-wb-0:157:741 [0] NCCL INFO NET/FasTrak 2026-08-02T13:31:22.364896813+00:00: Closing Send comm 0x78af6c089ec0
tcpxo-wb-0:157:741 [0] NCCL INFO NET/FasTrak 2026-08-02T13:31:22.364905714+00:00: COMM STATS:
tcpxo-wb-0:157:741 [0] NCCL INFO request/offload_scheduled: 2560
tcpxo-wb-0:157:741 [0] NCCL INFO request/offload_completed: 2560
tcpxo-wb-0:157:741 [0] NCCL INFO request/offload_backlog_curr: 0
tcpxo-wb-0:157:741 [0] NCCL INFO request/offload_backlog_peak: 7
tcpxo-wb-0:157:741 [0] NCCL INFO request/offload_size_distribution:
tcpxo-wb-0:157:741 [0] NCCL INFO Min: 65536
tcpxo-wb-0:157:741 [0] NCCL INFO Max: 131072
tcpxo-wb-0:157:741 [0] NCCL INFO Avg: 129024
tcpxo-wb-0:157:741 [0] NCCL INFO Bucket 0-63107.2 Count: 0
tcpxo-wb-0:157:741 [0] NCCL INFO Bucket 63107.2-75728.6 Count: 80
tcpxo-wb-0:157:741 [0] NCCL INFO Bucket 75728.6-130859 Count: 0
tcpxo-wb-0:157:741 [0] NCCL INFO Bucket 130859-157031 Count: 2480
tcpxo-wb-0:157:741 [0] NCCL INFO Bucket 157031-2.41938e+06 Count: 0
tcpxo-wb-0:157:741 [0] NCCL INFO request/offload_duration_distribution:
tcpxo-wb-0:157:741 [0] NCCL INFO Min: 34457
tcpxo-wb-0:157:741 [0] NCCL INFO Max: 1.45732e+06
tcpxo-wb-0:157:741 [0] NCCL INFO Avg: 501843
tcpxo-wb-0:157:741 [0] NCCL INFO Bucket 0-29859.8 Count: 0
tcpxo-wb-0:157:741 [0] NCCL INFO Bucket 29859.8-35831.8 Count: 1
tcpxo-wb-0:157:741 [0] NCCL INFO Bucket 35831.8-42998.2 Count: 11
tcpxo-wb-0:157:741 [0] NCCL INFO Bucket 42998.2-51597.8 Count: 18
tcpxo-wb-0:157:741 [0] NCCL INFO Bucket 51597.8-61917.4 Count: 49
tcpxo-wb-0:157:741 [0] NCCL INFO Bucket 61917.4-74300.8 Count: 91
tcpxo-wb-0:157:741 [0] NCCL INFO Bucket 74300.8-89161 Count: 81
tcpxo-wb-0:157:741 [0] NCCL INFO Bucket 89161-106993 Count: 71
tcpxo-wb-0:157:741 [0] NCCL INFO Bucket 106993-128392 Count: 65
tcpxo-wb-0:157:741 [0] NCCL INFO Bucket 128392-154070 Count: 60
tcpxo-wb-0:157:741 [0] NCCL INFO Bucket 154070-184884 Count: 97
tcpxo-wb-0:157:741 [0] NCCL INFO Bucket 184884-221861 Count: 140
tcpxo-wb-0:157:741 [0] NCCL INFO Bucket 221861-266233 Count: 147
tcpxo-wb-0:157:741 [0] NCCL INFO Bucket 266233-319480 Count: 90
tcpxo-wb-0:157:741 [0] NCCL INFO Bucket 319480-383376 Count: 134
tcpxo-wb-0:157:741 [0] NCCL INFO Bucket 383376-460051 Count: 123
tcpxo-wb-0:157:741 [0] NCCL INFO Bucket 460051-552061 Count: 177
tcpxo-wb-0:157:741 [0] NCCL INFO Bucket 552061-662474 Count: 305
tcpxo-wb-0:157:741 [0] NCCL INFO Bucket 662474-794968 Count: 377
tcpxo-wb-0:157:741 [0] NCCL INFO Bucket 794968-953962 Count: 349
tcpxo-wb-0:157:741 [0] NCCL INFO Bucket 953962-1.14475e+06 Count: 142
tcpxo-wb-0:157:741 [0] NCCL INFO Bucket 1.14475e+06-1.37371e+06 Count: 30
tcpxo-wb-0:157:741 [0] NCCL INFO Bucket 1.37371e+06-1.64845e+06 Count: 2
tcpxo-wb-0:157:741 [0] NCCL INFO Bucket 1.64845e+06-1.02067e+07 Count: 0
tcpxo-wb-0:157:741 [0] NCCL INFO request/unpack_duration_distribution:
tcpxo-wb-0:157:741 [0] NCCL INFO Bucket 0-1.09205e+07 Count: 0
tcpxo-wb-0:157:741 [0] NCCL INFO request/offload_complete_age_distribution:
tcpxo-wb-0:157:741 [0] NCCL INFO Min: 83
tcpxo-wb-0:157:741 [0] NCCL INFO Max: 967837
tcpxo-wb-0:157:741 [0] NCCL INFO Avg: 78978.8
tcpxo-wb-0:157:741 [0] NCCL INFO Bucket 0-100 Count: 21
tcpxo-wb-0:157:741 [0] NCCL INFO Bucket 100-120 Count: 43
tcpxo-wb-0:157:741 [0] NCCL INFO Bucket 120-144 Count: 1
tcpxo-wb-0:157:741 [0] NCCL INFO Bucket 144-172.8 Count: 2
tcpxo-wb-0:157:741 [0] NCCL INFO Bucket 172.8-207.36 Count: 1
tcpxo-wb-0:157:741 [0] NCCL INFO Bucket 207.36-248.832 Count: 10
tcpxo-wb-0:157:741 [0] NCCL INFO Bucket 248.832-298.598 Count: 27
tcpxo-wb-0:157:741 [0] NCCL INFO Bucket 298.598-358.318 Count: 15
tcpxo-wb-0:157:741 [0] NCCL INFO Bucket 358.318-429.982 Count: 20
tcpxo-wb-0:157:741 [0] NCCL INFO Bucket 429.982-515.978 Count: 28
tcpxo-wb-0:157:741 [0] NCCL INFO Bucket 515.978-619.174 Count: 32
tcpxo-wb-0:157:741 [0] NCCL INFO Bucket 619.174-743.008 Count: 33
tcpxo-wb-0:157:741 [0] NCCL INFO Bucket 743.008-891.61 Count: 27
tcpxo-wb-0:157:741 [0] NCCL INFO Bucket 891.61-1069.93 Count: 38
tcpxo-wb-0:157:741 [0] NCCL INFO Bucket 1069.93-1283.92 Count: 55
tcpxo-wb-0:157:741 [0] NCCL INFO Bucket 1283.92-1540.7 Count: 58
tcpxo-wb-0:157:741 [0] NCCL INFO Bucket 1540.7-1848.84 Count: 91
tcpxo-wb-0:157:741 [0] NCCL INFO Bucket 1848.84-2218.61 Count: 110
tcpxo-wb-0:157:741 [0] NCCL INFO Bucket 2218.61-2662.33 Count: 105
tcpxo-wb-0:157:741 [0] NCCL INFO Bucket 2662.33-3194.8 Count: 133
tcpxo-wb-0:157:741 [0] NCCL INFO Bucket 3194.8-3833.76 Count: 141
tcpxo-wb-0:157:741 [0] NCCL INFO Bucket 3833.76-4600.51 Count: 162
tcpxo-wb-0:157:741 [0] NCCL INFO Bucket 4600.51-5520.61 Count: 178
tcpxo-wb-0:157:741 [0] NCCL INFO Bucket 5520.61-6624.74 Count: 124
tcpxo-wb-0:157:741 [0] NCCL INFO Bucket 6624.74-7949.68 Count: 121
tcpxo-wb-0:157:741 [0] NCCL INFO Bucket 7949.68-9539.62 Count: 75
tcpxo-wb-0:157:741 [0] NCCL INFO Bucket 9539.62-11447.5 Count: 48
tcpxo-wb-0:157:741 [0] NCCL INFO Bucket 11447.5-13737.1 Count: 34
tcpxo-wb-0:157:741 [0] NCCL INFO Bucket 13737.1-16484.5 Count: 27
tcpxo-wb-0:157:741 [0] NCCL INFO Bucket 16484.5-19781.4 Count: 18
tcpxo-wb-0:157:741 [0] NCCL INFO Bucket 19781.4-23737.6 Count: 24
tcpxo-wb-0:157:741 [0] NCCL INFO Bucket 23737.6-28485.2 Count: 22
tcpxo-wb-0:157:741 [0] NCCL INFO Bucket 28485.2-34182.2 Count: 20
tcpxo-wb-0:157:741 [0] NCCL INFO Bucket 34182.2-41018.6 Count: 23
tcpxo-wb-0:157:741 [0] NCCL INFO Bucket 41018.6-49222.4 Count: 18
tcpxo-wb-0:157:741 [0] NCCL INFO Bucket 49222.4-59066.8 Count: 675
tcpxo-wb-0:157:741 [0] NCCL INFO request/unpack_num_iovs_distribution:
tcpxo-wb-0:157:741 [0] NCCL INFO Bucket 0-2116.47 Count: 0
tcpxo-wb-0:157:741 [0] NCCL INFO request/offload_interval_distribution:
tcpxo-wb-0:157:741 [0] NCCL INFO Min: 7214
tcpxo-wb-0:157:741 [0] NCCL INFO Max: 1.4033e+08
tcpxo-wb-0:157:741 [0] NCCL INFO Avg: 174516
tcpxo-wb-0:157:741 [0] NCCL INFO Bucket 0-6191.74 Count: 0
tcpxo-wb-0:157:741 [0] NCCL INFO Bucket 6191.74-7430.08 Count: 1
tcpxo-wb-0:157:741 [0] NCCL INFO Bucket 7430.08-8916.1 Count: 10
tcpxo-wb-0:157:741 [0] NCCL INFO Bucket 8916.1-10699.3 Count: 8
tcpxo-wb-0:157:741 [0] NCCL INFO Bucket 10699.3-12839.2 Count: 9
tcpxo-wb-0:157:741 [0] NCCL INFO Bucket 12839.2-15407 Count: 14
tcpxo-wb-0:157:741 [0] NCCL INFO Bucket 15407-18488.4 Count: 64
tcpxo-wb-0:157:741 [0] NCCL INFO Bucket 18488.4-22186.1 Count: 123
tcpxo-wb-0:157:741 [0] NCCL INFO Bucket 22186.1-26623.3 Count: 220
tcpxo-wb-0:157:741 [0] NCCL INFO Bucket 26623.3-31948 Count: 191
tcpxo-wb-0:157:741 [0] NCCL INFO Bucket 31948-38337.6 Count: 120
tcpxo-wb-0:157:741 [0] NCCL INFO Bucket 38337.6-46005.1 Count: 234
tcpxo-wb-0:157:741 [0] NCCL INFO Bucket 46005.1-55206.1 Count: 455
tcpxo-wb-0:157:741 [0] NCCL INFO Bucket 55206.1-66247.4 Count: 343
tcpxo-wb-0:157:741 [0] NCCL INFO Bucket 66247.4-79496.8 Count: 90
tcpxo-wb-0:157:741 [0] NCCL INFO Bucket 79496.8-95396.2 Count: 43
tcpxo-wb-0:157:741 [0] NCCL INFO Bucket 95396.2-114475 Count: 53
tcpxo-wb-0:157:741 [0] NCCL INFO Bucket 114475-137371 Count: 73
tcpxo-wb-0:157:741 [0] NCCL INFO Bucket 137371-164845 Count: 80
tcpxo-wb-0:157:741 [0] NCCL INFO Bucket 164845-197814 Count: 79
tcpxo-wb-0:157:741 [0] NCCL INFO Bucket 197814-237376 Count: 84
tcpxo-wb-0:157:741 [0] NCCL INFO Bucket 237376-284852 Count: 63
tcpxo-wb-0:157:741 [0] NCCL INFO Bucket 284852-341822 Count: 60
tcpxo-wb-0:157:741 [0] NCCL INFO Bucket 341822-410186 Count: 32
tcpxo-wb-0:157:741 [0] NCCL INFO Bucket 410186-492224 Count: 14
tcpxo-wb-0:157:741 [0] NCCL INFO Bucket 492224-590668 Count: 10
tcpxo-wb-0:157:741 [0] NCCL INFO Bucket 590668-708802 Count: 16
tcpxo-wb-0:157:741 [0] NCCL INFO Bucket 708802-850562 Count: 23
tcpxo-wb-0:157:741 [0] NCCL INFO Bucket 850562-1.02067e+06 Count: 12
tcpxo-wb-0:157:741 [0] NCCL INFO Bucket 1.02067e+06-1.22481e+06 Count: 12
tcpxo-wb-0:157:741 [0] NCCL INFO Bucket 1.22481e+06-1.46977e+06 Count: 5
tcpxo-wb-0:157:741 [0] NCCL INFO Bucket 1.46977e+06-1.76373e+06 Count: 8
tcpxo-wb-0:157:741 [0] NCCL INFO Bucket 1.76373e+06-2.11647e+06 Count: 4
tcpxo-wb-0:157:741 [0] NCCL INFO Bucket 2.11647e+06-2.53977e+06 Count: 1
tcpxo-wb-0:157:741 [0] NCCL INFO Bucket 2.53977e+06-3.04772e+06 Count: 0
tcpxo-wb-0:157:741 [0] NCCL INFO Bucket 3.04772e+06-3.65726e+06 Count: 2
tcpxo-wb-0:157:741 [0] NCCL INFO Bucket 3.65726e+06-4.38871e+06 Count: 1
tcpxo-wb-0:157:741 [0] NCCL INFO Bucket 4.38871e+06-5.26646e+06 Count: 0
tcpxo-wb-0:157:741 [0] NCCL INFO Bucket 5.26646e+06-6.31975e+06 Count: 1
tcpxo-wb-0:157:741 [0] NCCL INFO Bucket 6.31975e+06-7.5837e+06 Count: 1
tcpxo-wb-0:157:741 [0] NCCL INFO Bucket 7.5837e+06-9.10044e+06 Count: 0
tcpxo-wb-0:157:741 [0] NCCL INFO Bucket 9.10044e+06-1.09205e+07 Count: 1
tcpxo-wb-0:157:741 [0] NCCL INFO NET/FasTrak 2026-08-02T13:31:22.364990346+00:00: DeregMr host memory for 0x78af6c08d380 data:0x31d7e82000 size:524288.
tcpxo-wb-0:157:741 [0] NCCL INFO NET/FasTrak 2026-08-02T13:31:22.364993865+00:00: DeregMr[netdev=0] CUDA memory for comm 0x78af6c08d380 with handle:8653318625366214100 data:0x78af9a000000 size:4915200.
tcpxo-wb-0:157:741 [0] NCCL INFO NET/FasTrak 2026-08-02T13:31:22.36548559+00:00: DeregMr[netdev=0] CUDA memory for comm 0x78af6c08d380 with handle:8653318625366214931 data:0x78af9a4b0000 size:8388608.
tcpxo-wb-0:157:741 [0] NCCL INFO NET/FasTrak 2026-08-02T13:31:22.366625797+00:00: Closing Send comm 0x78af6c08d380
tcpxo-wb-0:157:741 [0] NCCL INFO NET/FasTrak 2026-08-02T13:31:22.36663075+00:00: COMM STATS:
tcpxo-wb-0:157:741 [0] NCCL INFO request/offload_scheduled: 2560
tcpxo-wb-0:157:741 [0] NCCL INFO request/offload_completed: 2560
tcpxo-wb-0:157:741 [0] NCCL INFO request/offload_backlog_curr: 0
tcpxo-wb-0:157:741 [0] NCCL INFO request/offload_backlog_peak: 7
tcpxo-wb-0:157:741 [0] NCCL INFO request/offload_size_distribution:
tcpxo-wb-0:157:741 [0] NCCL INFO Min: 65536
tcpxo-wb-0:157:741 [0] NCCL INFO Max: 131072
tcpxo-wb-0:157:741 [0] NCCL INFO Avg: 129024
tcpxo-wb-0:157:741 [0] NCCL INFO Bucket 0-63107.2 Count: 0
tcpxo-wb-0:157:741 [0] NCCL INFO Bucket 63107.2-75728.6 Count: 80
tcpxo-wb-0:157:741 [0] NCCL INFO Bucket 75728.6-130859 Count: 0
tcpxo-wb-0:157:741 [0] NCCL INFO Bucket 130859-157031 Count: 2480
tcpxo-wb-0:157:741 [0] NCCL INFO Bucket 157031-2.41938e+06 Count: 0
tcpxo-wb-0:157:741 [0] NCCL INFO request/offload_duration_distribution:
tcpxo-wb-0:157:741 [0] NCCL INFO Min: 34146
tcpxo-wb-0:157:741 [0] NCCL INFO Max: 949171
tcpxo-wb-0:157:741 [0] NCCL INFO Avg: 357764
tcpxo-wb-0:157:741 [0] NCCL INFO Bucket 0-29859.8 Count: 0
tcpxo-wb-0:157:741 [0] NCCL INFO Bucket 29859.8-35831.8 Count: 2
tcpxo-wb-0:157:741 [0] NCCL INFO Bucket 35831.8-42998.2 Count: 4
tcpxo-wb-0:157:741 [0] NCCL INFO Bucket 42998.2-51597.8 Count: 22
tcpxo-wb-0:157:741 [0] NCCL INFO Bucket 51597.8-61917.4 Count: 40
tcpxo-wb-0:157:741 [0] NCCL INFO Bucket 61917.4-74300.8 Count: 65
tcpxo-wb-0:157:741 [0] NCCL INFO Bucket 74300.8-89161 Count: 65
tcpxo-wb-0:157:741 [0] NCCL INFO Bucket 89161-106993 Count: 75
tcpxo-wb-0:157:741 [0] NCCL INFO Bucket 106993-128392 Count: 77
tcpxo-wb-0:157:741 [0] NCCL INFO Bucket 128392-154070 Count: 101
tcpxo-wb-0:157:741 [0] NCCL INFO Bucket 154070-184884 Count: 112
tcpxo-wb-0:157:741 [0] NCCL INFO Bucket 184884-221861 Count: 125
tcpxo-wb-0:157:741 [0] NCCL INFO Bucket 221861-266233 Count: 192
tcpxo-wb-0:157:741 [0] NCCL INFO Bucket 266233-319480 Count: 226
tcpxo-wb-0:157:741 [0] NCCL INFO Bucket 319480-383376 Count: 294
tcpxo-wb-0:157:741 [0] NCCL INFO Bucket 383376-460051 Count: 377
tcpxo-wb-0:157:741 [0] NCCL INFO Bucket 460051-552061 Count: 367
tcpxo-wb-0:157:741 [0] NCCL INFO Bucket 552061-662474 Count: 279
tcpxo-wb-0:157:741 [0] NCCL INFO Bucket 662474-794968 Count: 121
tcpxo-wb-0:157:741 [0] NCCL INFO Bucket 794968-953962 Count: 16
tcpxo-wb-0:157:741 [0] NCCL INFO Bucket 953962-1.02067e+07 Count: 0
tcpxo-wb-0:157:741 [0] NCCL INFO request/unpack_duration_distribution:
tcpxo-wb-0:157:741 [0] NCCL INFO Bucket 0-1.09205e+07 Count: 0
tcpxo-wb-0:157:741 [0] NCCL INFO request/offload_complete_age_distribution:
tcpxo-wb-0:157:741 [0] NCCL INFO Min: 85
tcpxo-wb-0:157:741 [0] NCCL INFO Max: 664176
tcpxo-wb-0:157:741 [0] NCCL INFO Avg: 76305
tcpxo-wb-0:157:741 [0] NCCL INFO Bucket 0-100 Count: 16
tcpxo-wb-0:157:741 [0] NCCL INFO Bucket 100-120 Count: 36
tcpxo-wb-0:157:741 [0] NCCL INFO Bucket 120-144 Count: 3
tcpxo-wb-0:157:741 [0] NCCL INFO Bucket 144-172.8 Count: 0
tcpxo-wb-0:157:741 [0] NCCL INFO Bucket 172.8-207.36 Count: 1
tcpxo-wb-0:157:741 [0] NCCL INFO Bucket 207.36-248.832 Count: 5
tcpxo-wb-0:157:741 [0] NCCL INFO Bucket 248.832-298.598 Count: 26
tcpxo-wb-0:157:741 [0] NCCL INFO Bucket 298.598-358.318 Count: 8
tcpxo-wb-0:157:741 [0] NCCL INFO Bucket 358.318-429.982 Count: 32
tcpxo-wb-0:157:741 [0] NCCL INFO Bucket 429.982-515.978 Count: 21
tcpxo-wb-0:157:741 [0] NCCL INFO Bucket 515.978-619.174 Count: 21
tcpxo-wb-0:157:741 [0] NCCL INFO Bucket 619.174-743.008 Count: 17
tcpxo-wb-0:157:741 [0] NCCL INFO Bucket 743.008-891.61 Count: 24
tcpxo-wb-0:157:741 [0] NCCL INFO Bucket 891.61-1069.93 Count: 38
tcpxo-wb-0:157:741 [0] NCCL INFO Bucket 1069.93-1283.92 Count: 40
tcpxo-wb-0:157:741 [0] NCCL INFO Bucket 1283.92-1540.7 Count: 65
tcpxo-wb-0:157:741 [0] NCCL INFO Bucket 1540.7-1848.84 Count: 62
tcpxo-wb-0:157:741 [0] NCCL INFO Bucket 1848.84-2218.61 Count: 57
tcpxo-wb-0:157:741 [0] NCCL INFO Bucket 2218.61-2662.33 Count: 88
tcpxo-wb-0:157:741 [0] NCCL INFO Bucket 2662.33-3194.8 Count: 114
tcpxo-wb-0:157:741 [0] NCCL INFO Bucket 3194.8-3833.76 Count: 116
tcpxo-wb-0:157:741 [0] NCCL INFO Bucket 3833.76-4600.51 Count: 137
tcpxo-wb-0:157:741 [0] NCCL INFO Bucket 4600.51-5520.61 Count: 155
tcpxo-wb-0:157:741 [0] NCCL INFO Bucket 5520.61-6624.74 Count: 143
tcpxo-wb-0:157:741 [0] NCCL INFO Bucket 6624.74-7949.68 Count: 116
tcpxo-wb-0:157:741 [0] NCCL INFO Bucket 7949.68-9539.62 Count: 66
tcpxo-wb-0:157:741 [0] NCCL INFO Bucket 9539.62-11447.5 Count: 39
tcpxo-wb-0:157:741 [0] NCCL INFO Bucket 11447.5-13737.1 Count: 44
tcpxo-wb-0:157:741 [0] NCCL INFO Bucket 13737.1-16484.5 Count: 43
tcpxo-wb-0:157:741 [0] NCCL INFO Bucket 16484.5-19781.4 Count: 36
tcpxo-wb-0:157:741 [0] NCCL INFO Bucket 19781.4-23737.6 Count: 20
tcpxo-wb-0:157:741 [0] NCCL INFO Bucket 23737.6-28485.2 Count: 24
tcpxo-wb-0:157:741 [0] NCCL INFO Bucket 28485.2-34182.2 Count: 29
tcpxo-wb-0:157:741 [0] NCCL INFO Bucket 34182.2-41018.6 Count: 16
tcpxo-wb-0:157:741 [0] NCCL INFO Bucket 41018.6-49222.4 Count: 23
tcpxo-wb-0:157:741 [0] NCCL INFO Bucket 49222.4-59066.8 Count: 879
tcpxo-wb-0:157:741 [0] NCCL INFO request/unpack_num_iovs_distribution:
tcpxo-wb-0:157:741 [0] NCCL INFO Bucket 0-2116.47 Count: 0
tcpxo-wb-0:157:741 [0] NCCL INFO request/offload_interval_distribution:
tcpxo-wb-0:157:741 [0] NCCL INFO Min: 7448
tcpxo-wb-0:157:741 [0] NCCL INFO Max: 1.40435e+08
tcpxo-wb-0:157:741 [0] NCCL INFO Avg: 174347
tcpxo-wb-0:157:741 [0] NCCL INFO Bucket 0-7430.08 Count: 0
tcpxo-wb-0:157:741 [0] NCCL INFO Bucket 7430.08-8916.1 Count: 4
tcpxo-wb-0:157:741 [0] NCCL INFO Bucket 8916.1-10699.3 Count: 2
tcpxo-wb-0:157:741 [0] NCCL INFO Bucket 10699.3-12839.2 Count: 3
tcpxo-wb-0:157:741 [0] NCCL INFO Bucket 12839.2-15407 Count: 6
tcpxo-wb-0:157:741 [0] NCCL INFO Bucket 15407-18488.4 Count: 16
tcpxo-wb-0:157:741 [0] NCCL INFO Bucket 18488.4-22186.1 Count: 61
tcpxo-wb-0:157:741 [0] NCCL INFO Bucket 22186.1-26623.3 Count: 140
tcpxo-wb-0:157:741 [0] NCCL INFO Bucket 26623.3-31948 Count: 132
tcpxo-wb-0:157:741 [0] NCCL INFO Bucket 31948-38337.6 Count: 222
tcpxo-wb-0:157:741 [0] NCCL INFO Bucket 38337.6-46005.1 Count: 252
tcpxo-wb-0:157:741 [0] NCCL INFO Bucket 46005.1-55206.1 Count: 308
tcpxo-wb-0:157:741 [0] NCCL INFO Bucket 55206.1-66247.4 Count: 320
tcpxo-wb-0:157:741 [0] NCCL INFO Bucket 66247.4-79496.8 Count: 166
tcpxo-wb-0:157:741 [0] NCCL INFO Bucket 79496.8-95396.2 Count: 146
tcpxo-wb-0:157:741 [0] NCCL INFO Bucket 95396.2-114475 Count: 202
tcpxo-wb-0:157:741 [0] NCCL INFO Bucket 114475-137371 Count: 139
tcpxo-wb-0:157:741 [0] NCCL INFO Bucket 137371-164845 Count: 125
tcpxo-wb-0:157:741 [0] NCCL INFO Bucket 164845-197814 Count: 82
tcpxo-wb-0:157:741 [0] NCCL INFO Bucket 197814-237376 Count: 65
tcpxo-wb-0:157:741 [0] NCCL INFO Bucket 237376-284852 Count: 32
tcpxo-wb-0:157:741 [0] NCCL INFO Bucket 284852-341822 Count: 24
tcpxo-wb-0:157:741 [0] NCCL INFO Bucket 341822-410186 Count: 13
tcpxo-wb-0:157:741 [0] NCCL INFO Bucket 410186-492224 Count: 14
tcpxo-wb-0:157:741 [0] NCCL INFO Bucket 492224-590668 Count: 10
tcpxo-wb-0:157:741 [0] NCCL INFO Bucket 590668-708802 Count: 7
tcpxo-wb-0:157:741 [0] NCCL INFO Bucket 708802-850562 Count: 8
tcpxo-wb-0:157:741 [0] NCCL INFO Bucket 850562-1.02067e+06 Count: 18
tcpxo-wb-0:157:741 [0] NCCL INFO Bucket 1.02067e+06-1.22481e+06 Count: 17
tcpxo-wb-0:157:741 [0] NCCL INFO Bucket 1.22481e+06-1.46977e+06 Count: 8
tcpxo-wb-0:157:741 [0] NCCL INFO Bucket 1.46977e+06-1.76373e+06 Count: 11
tcpxo-wb-0:157:741 [0] NCCL INFO Bucket 1.76373e+06-2.11647e+06 Count: 0
tcpxo-wb-0:157:741 [0] NCCL INFO Bucket 2.11647e+06-2.53977e+06 Count: 1
tcpxo-wb-0:157:741 [0] NCCL INFO Bucket 2.53977e+06-3.04772e+06 Count: 0
tcpxo-wb-0:157:741 [0] NCCL INFO Bucket 3.04772e+06-3.65726e+06 Count: 2
tcpxo-wb-0:157:741 [0] NCCL INFO Bucket 3.65726e+06-4.38871e+06 Count: 0
tcpxo-wb-0:157:741 [0] NCCL INFO Bucket 4.38871e+06-5.26646e+06 Count: 2
tcpxo-wb-0:157:741 [0] NCCL INFO Bucket 5.26646e+06-6.31975e+06 Count: 0
tcpxo-wb-0:157:741 [0] NCCL INFO Bucket 6.31975e+06-7.5837e+06 Count: 1
tcpxo-wb-0:157:741 [0] NCCL INFO Bucket 7.5837e+06-9.10044e+06 Count: 0
tcpxo-wb-0:157:741 [0] NCCL INFO Bucket 9.10044e+06-1.09205e+07 Count: 1
tcpxo-wb-0:157:741 [0] NCCL INFO NET/FasTrak 2026-08-02T13:31:22.366705706+00:00: DeregMr host memory for 0x78af6c090ad0 data:0x31d7f04000 size:524288.
tcpxo-wb-0:157:741 [0] NCCL INFO NET/FasTrak 2026-08-02T13:31:22.366708438+00:00: DeregMr[netdev=0] CUDA memory for comm 0x78af6c090ad0 with handle:8653318625366215762 data:0x78af9ae00000 size:4915200.
tcpxo-wb-0:157:741 [0] NCCL INFO NET/FasTrak 2026-08-02T13:31:22.367628266+00:00: DeregMr[netdev=0] CUDA memory for comm 0x78af6c090ad0 with handle:8653318625366216593 data:0x78af9b2b0000 size:8388608.
tcpxo-wb-0:157:741 [0] NCCL INFO NET/FasTrak 2026-08-02T13:31:22.369018761+00:00: Closing Send comm 0x78af6c090ad0
tcpxo-wb-0:157:741 [0] NCCL INFO NET/FasTrak 2026-08-02T13:31:22.369026899+00:00: COMM STATS:
tcpxo-wb-0:157:741 [0] NCCL INFO request/offload_scheduled: 2560
tcpxo-wb-0:157:741 [0] NCCL INFO request/offload_completed: 2560
tcpxo-wb-0:157:741 [0] NCCL INFO request/offload_backlog_curr: 0
tcpxo-wb-0:157:741 [0] NCCL INFO request/offload_backlog_peak: 7
tcpxo-wb-0:157:741 [0] NCCL INFO request/offload_size_distribution:
tcpxo-wb-0:157:741 [0] NCCL INFO Min: 65536
tcpxo-wb-0:157:741 [0] NCCL INFO Max: 131072
tcpxo-wb-0:157:741 [0] NCCL INFO Avg: 129024
tcpxo-wb-0:157:741 [0] NCCL INFO Bucket 0-63107.2 Count: 0
tcpxo-wb-0:157:741 [0] NCCL INFO Bucket 63107.2-75728.6 Count: 80
tcpxo-wb-0:157:741 [0] NCCL INFO Bucket 75728.6-130859 Count: 0
tcpxo-wb-0:157:741 [0] NCCL INFO Bucket 130859-157031 Count: 2480
tcpxo-wb-0:157:741 [0] NCCL INFO Bucket 157031-2.41938e+06 Count: 0
tcpxo-wb-0:157:741 [0] NCCL INFO request/offload_duration_distribution:
tcpxo-wb-0:157:741 [0] NCCL INFO Min: 38822
tcpxo-wb-0:157:741 [0] NCCL INFO Max: 1.26514e+06
tcpxo-wb-0:157:741 [0] NCCL INFO Avg: 323518
tcpxo-wb-0:157:741 [0] NCCL INFO Bucket 0-35831.8 Count: 0
tcpxo-wb-0:157:741 [0] NCCL INFO Bucket 35831.8-42998.2 Count: 6
tcpxo-wb-0:157:741 [0] NCCL INFO Bucket 42998.2-51597.8 Count: 13
tcpxo-wb-0:157:741 [0] NCCL INFO Bucket 51597.8-61917.4 Count: 50
tcpxo-wb-0:157:741 [0] NCCL INFO Bucket 61917.4-74300.8 Count: 100
tcpxo-wb-0:157:741 [0] NCCL INFO Bucket 74300.8-89161 Count: 96
tcpxo-wb-0:157:741 [0] NCCL INFO Bucket 89161-106993 Count: 63
tcpxo-wb-0:157:741 [0] NCCL INFO Bucket 106993-128392 Count: 67
tcpxo-wb-0:157:741 [0] NCCL INFO Bucket 128392-154070 Count: 65
tcpxo-wb-0:157:741 [0] NCCL INFO Bucket 154070-184884 Count: 87
tcpxo-wb-0:157:741 [0] NCCL INFO Bucket 184884-221861 Count: 129
tcpxo-wb-0:157:741 [0] NCCL INFO Bucket 221861-266233 Count: 184
tcpxo-wb-0:157:741 [0] NCCL INFO Bucket 266233-319480 Count: 289
tcpxo-wb-0:157:741 [0] NCCL INFO Bucket 319480-383376 Count: 464
tcpxo-wb-0:157:741 [0] NCCL INFO Bucket 383376-460051 Count: 544
tcpxo-wb-0:157:741 [0] NCCL INFO Bucket 460051-552061 Count: 259
tcpxo-wb-0:157:741 [0] NCCL INFO Bucket 552061-662474 Count: 86
tcpxo-wb-0:157:741 [0] NCCL INFO Bucket 662474-794968 Count: 38
tcpxo-wb-0:157:741 [0] NCCL INFO Bucket 794968-953962 Count: 16
tcpxo-wb-0:157:741 [0] NCCL INFO Bucket 953962-1.14475e+06 Count: 3
tcpxo-wb-0:157:741 [0] NCCL INFO Bucket 1.14475e+06-1.37371e+06 Count: 1
tcpxo-wb-0:157:741 [0] NCCL INFO Bucket 1.37371e+06-1.02067e+07 Count: 0
tcpxo-wb-0:157:741 [0] NCCL INFO request/unpack_duration_distribution:
tcpxo-wb-0:157:741 [0] NCCL INFO Bucket 0-1.09205e+07 Count: 0
tcpxo-wb-0:157:741 [0] NCCL INFO request/offload_complete_age_distribution:
tcpxo-wb-0:157:741 [0] NCCL INFO Min: 85
tcpxo-wb-0:157:741 [0] NCCL INFO Max: 436942
tcpxo-wb-0:157:741 [0] NCCL INFO Avg: 34306.9
tcpxo-wb-0:157:741 [0] NCCL INFO Bucket 0-100 Count: 24
tcpxo-wb-0:157:741 [0] NCCL INFO Bucket 100-120 Count: 29
tcpxo-wb-0:157:741 [0] NCCL INFO Bucket 120-144 Count: 1
tcpxo-wb-0:157:741 [0] NCCL INFO Bucket 144-207.36 Count: 0
tcpxo-wb-0:157:741 [0] NCCL INFO Bucket 207.36-248.832 Count: 13
tcpxo-wb-0:157:741 [0] NCCL INFO Bucket 248.832-298.598 Count: 33
tcpxo-wb-0:157:741 [0] NCCL INFO Bucket 298.598-358.318 Count: 9
tcpxo-wb-0:157:741 [0] NCCL INFO Bucket 358.318-429.982 Count: 18
tcpxo-wb-0:157:741 [0] NCCL INFO Bucket 429.982-515.978 Count: 13
tcpxo-wb-0:157:741 [0] NCCL INFO Bucket 515.978-619.174 Count: 28
tcpxo-wb-0:157:741 [0] NCCL INFO Bucket 619.174-743.008 Count: 16
tcpxo-wb-0:157:741 [0] NCCL INFO Bucket 743.008-891.61 Count: 34
tcpxo-wb-0:157:741 [0] NCCL INFO Bucket 891.61-1069.93 Count: 27
tcpxo-wb-0:157:741 [0] NCCL INFO Bucket 1069.93-1283.92 Count: 63
tcpxo-wb-0:157:741 [0] NCCL INFO Bucket 1283.92-1540.7 Count: 50
tcpxo-wb-0:157:741 [0] NCCL INFO Bucket 1540.7-1848.84 Count: 65
tcpxo-wb-0:157:741 [0] NCCL INFO Bucket 1848.84-2218.61 Count: 71
tcpxo-wb-0:157:741 [0] NCCL INFO Bucket 2218.61-2662.33 Count: 96
tcpxo-wb-0:157:741 [0] NCCL INFO Bucket 2662.33-3194.8 Count: 118
tcpxo-wb-0:157:741 [0] NCCL INFO Bucket 3194.8-3833.76 Count: 125
tcpxo-wb-0:157:741 [0] NCCL INFO Bucket 3833.76-4600.51 Count: 158
tcpxo-wb-0:157:741 [0] NCCL INFO Bucket 4600.51-5520.61 Count: 171
tcpxo-wb-0:157:741 [0] NCCL INFO Bucket 5520.61-6624.74 Count: 178
tcpxo-wb-0:157:741 [0] NCCL INFO Bucket 6624.74-7949.68 Count: 132
tcpxo-wb-0:157:741 [0] NCCL INFO Bucket 7949.68-9539.62 Count: 89
tcpxo-wb-0:157:741 [0] NCCL INFO Bucket 9539.62-11447.5 Count: 78
tcpxo-wb-0:157:741 [0] NCCL INFO Bucket 11447.5-13737.1 Count: 62
tcpxo-wb-0:157:741 [0] NCCL INFO Bucket 13737.1-16484.5 Count: 55
tcpxo-wb-0:157:741 [0] NCCL INFO Bucket 16484.5-19781.4 Count: 66
tcpxo-wb-0:157:741 [0] NCCL INFO Bucket 19781.4-23737.6 Count: 25
tcpxo-wb-0:157:741 [0] NCCL INFO Bucket 23737.6-28485.2 Count: 34
tcpxo-wb-0:157:741 [0] NCCL INFO Bucket 28485.2-34182.2 Count: 36
tcpxo-wb-0:157:741 [0] NCCL INFO Bucket 34182.2-41018.6 Count: 49
tcpxo-wb-0:157:741 [0] NCCL INFO Bucket 41018.6-49222.4 Count: 47
tcpxo-wb-0:157:741 [0] NCCL INFO Bucket 49222.4-59066.8 Count: 547
tcpxo-wb-0:157:741 [0] NCCL INFO request/unpack_num_iovs_distribution:
tcpxo-wb-0:157:741 [0] NCCL INFO Bucket 0-2116.47 Count: 0
tcpxo-wb-0:157:741 [0] NCCL INFO request/offload_interval_distribution:
tcpxo-wb-0:157:741 [0] NCCL INFO Min: 6240
tcpxo-wb-0:157:741 [0] NCCL INFO Max: 1.4025e+08
tcpxo-wb-0:157:741 [0] NCCL INFO Avg: 174030
tcpxo-wb-0:157:741 [0] NCCL INFO Bucket 0-6191.74 Count: 0
tcpxo-wb-0:157:741 [0] NCCL INFO Bucket 6191.74-7430.08 Count: 1
tcpxo-wb-0:157:741 [0] NCCL INFO Bucket 7430.08-8916.1 Count: 7
tcpxo-wb-0:157:741 [0] NCCL INFO Bucket 8916.1-10699.3 Count: 8
tcpxo-wb-0:157:741 [0] NCCL INFO Bucket 10699.3-12839.2 Count: 6
tcpxo-wb-0:157:741 [0] NCCL INFO Bucket 12839.2-15407 Count: 9
tcpxo-wb-0:157:741 [0] NCCL INFO Bucket 15407-18488.4 Count: 33
tcpxo-wb-0:157:741 [0] NCCL INFO Bucket 18488.4-22186.1 Count: 50
tcpxo-wb-0:157:741 [0] NCCL INFO Bucket 22186.1-26623.3 Count: 113
tcpxo-wb-0:157:741 [0] NCCL INFO Bucket 26623.3-31948 Count: 72
tcpxo-wb-0:157:741 [0] NCCL INFO Bucket 31948-38337.6 Count: 65
tcpxo-wb-0:157:741 [0] NCCL INFO Bucket 38337.6-46005.1 Count: 274
tcpxo-wb-0:157:741 [0] NCCL INFO Bucket 46005.1-55206.1 Count: 678
tcpxo-wb-0:157:741 [0] NCCL INFO Bucket 55206.1-66247.4 Count: 542
tcpxo-wb-0:157:741 [0] NCCL INFO Bucket 66247.4-79496.8 Count: 176
tcpxo-wb-0:157:741 [0] NCCL INFO Bucket 79496.8-95396.2 Count: 74
tcpxo-wb-0:157:741 [0] NCCL INFO Bucket 95396.2-114475 Count: 87
tcpxo-wb-0:157:741 [0] NCCL INFO Bucket 114475-137371 Count: 83
tcpxo-wb-0:157:741 [0] NCCL INFO Bucket 137371-164845 Count: 65
tcpxo-wb-0:157:741 [0] NCCL INFO Bucket 164845-197814 Count: 49
tcpxo-wb-0:157:741 [0] NCCL INFO Bucket 197814-237376 Count: 25
tcpxo-wb-0:157:741 [0] NCCL INFO Bucket 237376-284852 Count: 15
tcpxo-wb-0:157:741 [0] NCCL INFO Bucket 284852-341822 Count: 14
tcpxo-wb-0:157:741 [0] NCCL INFO Bucket 341822-410186 Count: 10
tcpxo-wb-0:157:741 [0] NCCL INFO Bucket 410186-492224 Count: 8
tcpxo-wb-0:157:741 [0] NCCL INFO Bucket 492224-590668 Count: 10
tcpxo-wb-0:157:741 [0] NCCL INFO Bucket 590668-708802 Count: 7
tcpxo-wb-0:157:741 [0] NCCL INFO Bucket 708802-850562 Count: 12
tcpxo-wb-0:157:741 [0] NCCL INFO Bucket 850562-1.02067e+06 Count: 3
tcpxo-wb-0:157:741 [0] NCCL INFO Bucket 1.02067e+06-1.22481e+06 Count: 15
tcpxo-wb-0:157:741 [0] NCCL INFO Bucket 1.22481e+06-1.46977e+06 Count: 10
tcpxo-wb-0:157:741 [0] NCCL INFO Bucket 1.46977e+06-1.76373e+06 Count: 12
tcpxo-wb-0:157:741 [0] NCCL INFO Bucket 1.76373e+06-2.11647e+06 Count: 14
tcpxo-wb-0:157:741 [0] NCCL INFO Bucket 2.11647e+06-2.53977e+06 Count: 5
tcpxo-wb-0:157:741 [0] NCCL INFO Bucket 2.53977e+06-3.04772e+06 Count: 2
tcpxo-wb-0:157:741 [0] NCCL INFO Bucket 3.04772e+06-3.65726e+06 Count: 2
tcpxo-wb-0:157:741 [0] NCCL INFO Bucket 3.65726e+06-4.38871e+06 Count: 1
tcpxo-wb-0:157:741 [0] NCCL INFO Bucket 4.38871e+06-5.26646e+06 Count: 1
tcpxo-wb-0:157:741 [0] NCCL INFO Bucket 5.26646e+06-7.5837e+06 Count: 0
tcpxo-wb-0:157:741 [0] NCCL INFO Bucket 7.5837e+06-9.10044e+06 Count: 1
tcpxo-wb-0:157:741 [0] NCCL INFO Bucket 9.10044e+06-1.09205e+07 Count: 1
tcpxo-wb-0:157:741 [0] NCCL INFO NET/FasTrak 2026-08-02T13:31:22.36910697+00:00: DeregMr host memory for 0x78af6c0944b0 data:0x78af57a00000 size:524288.
tcpxo-wb-0:157:741 [0] NCCL INFO NET/FasTrak 2026-08-02T13:31:22.369109829+00:00: DeregMr[netdev=0] CUDA memory for comm 0x78af6c0944b0 with handle:8653318625366213328 data:0x78af9bc00000 size:4915200.
tcpxo-wb-0:157:741 [0] NCCL INFO NET/FasTrak 2026-08-02T13:31:22.369788837+00:00: DeregMr[netdev=0] CUDA memory for comm 0x78af6c0944b0 with handle:8653318625366214159 data:0x78af9c0b0000 size:8388608.
tcpxo-wb-0:157:741 [0] NCCL INFO NET/FasTrak 2026-08-02T13:31:22.371023445+00:00: Closing Send comm 0x78af6c0944b0
tcpxo-wb-0:157:741 [0] NCCL INFO NET/FasTrak 2026-08-02T13:31:22.371028967+00:00: COMM STATS:
tcpxo-wb-0:157:741 [0] NCCL INFO request/offload_scheduled: 2560
tcpxo-wb-0:157:741 [0] NCCL INFO request/offload_completed: 2560
tcpxo-wb-0:157:741 [0] NCCL INFO request/offload_backlog_curr: 0
tcpxo-wb-0:157:741 [0] NCCL INFO request/offload_backlog_peak: 7
tcpxo-wb-0:157:741 [0] NCCL INFO request/offload_size_distribution:
tcpxo-wb-0:157:741 [0] NCCL INFO Min: 65536
tcpxo-wb-0:157:741 [0] NCCL INFO Max: 131072
tcpxo-wb-0:157:741 [0] NCCL INFO Avg: 129024
tcpxo-wb-0:157:741 [0] NCCL INFO Bucket 0-63107.2 Count: 0
tcpxo-wb-0:157:741 [0] NCCL INFO Bucket 63107.2-75728.6 Count: 80
tcpxo-wb-0:157:741 [0] NCCL INFO Bucket 75728.6-130859 Count: 0
tcpxo-wb-0:157:741 [0] NCCL INFO Bucket 130859-157031 Count: 2480
tcpxo-wb-0:157:741 [0] NCCL INFO Bucket 157031-2.41938e+06 Count: 0
tcpxo-wb-0:157:741 [0] NCCL INFO request/offload_duration_distribution:
tcpxo-wb-0:157:741 [0] NCCL INFO Min: 34180
tcpxo-wb-0:157:741 [0] NCCL INFO Max: 847429
tcpxo-wb-0:157:741 [0] NCCL INFO Avg: 214815
tcpxo-wb-0:157:741 [0] NCCL INFO Bucket 0-29859.8 Count: 0
tcpxo-wb-0:157:741 [0] NCCL INFO Bucket 29859.8-35831.8 Count: 1
tcpxo-wb-0:157:741 [0] NCCL INFO Bucket 35831.8-42998.2 Count: 119
tcpxo-wb-0:157:741 [0] NCCL INFO Bucket 42998.2-51597.8 Count: 109
tcpxo-wb-0:157:741 [0] NCCL INFO Bucket 51597.8-61917.4 Count: 94
tcpxo-wb-0:157:741 [0] NCCL INFO Bucket 61917.4-74300.8 Count: 110
tcpxo-wb-0:157:741 [0] NCCL INFO Bucket 74300.8-89161 Count: 155
tcpxo-wb-0:157:741 [0] NCCL INFO Bucket 89161-106993 Count: 170
tcpxo-wb-0:157:741 [0] NCCL INFO Bucket 106993-128392 Count: 180
tcpxo-wb-0:157:741 [0] NCCL INFO Bucket 128392-154070 Count: 208
tcpxo-wb-0:157:741 [0] NCCL INFO Bucket 154070-184884 Count: 226
tcpxo-wb-0:157:741 [0] NCCL INFO Bucket 184884-221861 Count: 233
tcpxo-wb-0:157:741 [0] NCCL INFO Bucket 221861-266233 Count: 237
tcpxo-wb-0:157:741 [0] NCCL INFO Bucket 266233-319480 Count: 165
tcpxo-wb-0:157:741 [0] NCCL INFO Bucket 319480-383376 Count: 159
tcpxo-wb-0:157:741 [0] NCCL INFO Bucket 383376-460051 Count: 151
tcpxo-wb-0:157:741 [0] NCCL INFO Bucket 460051-552061 Count: 135
tcpxo-wb-0:157:741 [0] NCCL INFO Bucket 552061-662474 Count: 77
tcpxo-wb-0:157:741 [0] NCCL INFO Bucket 662474-794968 Count: 29
tcpxo-wb-0:157:741 [0] NCCL INFO Bucket 794968-953962 Count: 2
tcpxo-wb-0:157:741 [0] NCCL INFO Bucket 953962-1.02067e+07 Count: 0
tcpxo-wb-0:157:741 [0] NCCL INFO request/unpack_duration_distribution:
tcpxo-wb-0:157:741 [0] NCCL INFO Bucket 0-1.09205e+07 Count: 0
tcpxo-wb-0:157:741 [0] NCCL INFO request/offload_complete_age_distribution:
tcpxo-wb-0:157:741 [0] NCCL INFO Min: 81
tcpxo-wb-0:157:741 [0] NCCL INFO Max: 534200
tcpxo-wb-0:157:741 [0] NCCL INFO Avg: 34824.9
tcpxo-wb-0:157:741 [0] NCCL INFO Bucket 0-100 Count: 21
tcpxo-wb-0:157:741 [0] NCCL INFO Bucket 100-120 Count: 49
tcpxo-wb-0:157:741 [0] NCCL INFO Bucket 120-144 Count: 1
tcpxo-wb-0:157:741 [0] NCCL INFO Bucket 144-172.8 Count: 1
tcpxo-wb-0:157:741 [0] NCCL INFO Bucket 172.8-207.36 Count: 0
tcpxo-wb-0:157:741 [0] NCCL INFO Bucket 207.36-248.832 Count: 12
tcpxo-wb-0:157:741 [0] NCCL INFO Bucket 248.832-298.598 Count: 27
tcpxo-wb-0:157:741 [0] NCCL INFO Bucket 298.598-358.318 Count: 6
tcpxo-wb-0:157:741 [0] NCCL INFO Bucket 358.318-429.982 Count: 23
tcpxo-wb-0:157:741 [0] NCCL INFO Bucket 429.982-515.978 Count: 29
tcpxo-wb-0:157:741 [0] NCCL INFO Bucket 515.978-619.174 Count: 29
tcpxo-wb-0:157:741 [0] NCCL INFO Bucket 619.174-743.008 Count: 33
tcpxo-wb-0:157:741 [0] NCCL INFO Bucket 743.008-891.61 Count: 48
tcpxo-wb-0:157:741 [0] NCCL INFO Bucket 891.61-1069.93 Count: 61
tcpxo-wb-0:157:741 [0] NCCL INFO Bucket 1069.93-1283.92 Count: 69
tcpxo-wb-0:157:741 [0] NCCL INFO Bucket 1283.92-1540.7 Count: 65
tcpxo-wb-0:157:741 [0] NCCL INFO Bucket 1540.7-1848.84 Count: 80
tcpxo-wb-0:157:741 [0] NCCL INFO Bucket 1848.84-2218.61 Count: 130
tcpxo-wb-0:157:741 [0] NCCL INFO Bucket 2218.61-2662.33 Count: 119
tcpxo-wb-0:157:741 [0] NCCL INFO Bucket 2662.33-3194.8 Count: 133
tcpxo-wb-0:157:741 [0] NCCL INFO Bucket 3194.8-3833.76 Count: 139
tcpxo-wb-0:157:741 [0] NCCL INFO Bucket 3833.76-4600.51 Count: 187
tcpxo-wb-0:157:741 [0] NCCL INFO Bucket 4600.51-5520.61 Count: 180
tcpxo-wb-0:157:741 [0] NCCL INFO Bucket 5520.61-6624.74 Count: 163
tcpxo-wb-0:157:741 [0] NCCL INFO Bucket 6624.74-7949.68 Count: 139
tcpxo-wb-0:157:741 [0] NCCL INFO Bucket 7949.68-9539.62 Count: 82
tcpxo-wb-0:157:741 [0] NCCL INFO Bucket 9539.62-11447.5 Count: 51
tcpxo-wb-0:157:741 [0] NCCL INFO Bucket 11447.5-13737.1 Count: 41
tcpxo-wb-0:157:741 [0] NCCL INFO Bucket 13737.1-16484.5 Count: 43
tcpxo-wb-0:157:741 [0] NCCL INFO Bucket 16484.5-19781.4 Count: 25
tcpxo-wb-0:157:741 [0] NCCL INFO Bucket 19781.4-23737.6 Count: 30
tcpxo-wb-0:157:741 [0] NCCL INFO Bucket 23737.6-28485.2 Count: 24
tcpxo-wb-0:157:741 [0] NCCL INFO Bucket 28485.2-34182.2 Count: 18
tcpxo-wb-0:157:741 [0] NCCL INFO Bucket 34182.2-41018.6 Count: 18
tcpxo-wb-0:157:741 [0] NCCL INFO Bucket 41018.6-49222.4 Count: 32
tcpxo-wb-0:157:741 [0] NCCL INFO Bucket 49222.4-59066.8 Count: 452
tcpxo-wb-0:157:741 [0] NCCL INFO request/unpack_num_iovs_distribution:
tcpxo-wb-0:157:741 [0] NCCL INFO Bucket 0-2116.47 Count: 0
tcpxo-wb-0:157:741 [0] NCCL INFO request/offload_interval_distribution:
tcpxo-wb-0:157:741 [0] NCCL INFO Min: 7531
tcpxo-wb-0:157:741 [0] NCCL INFO Max: 1.40373e+08
tcpxo-wb-0:157:741 [0] NCCL INFO Avg: 174376
tcpxo-wb-0:157:741 [0] NCCL INFO Bucket 0-7430.08 Count: 0
tcpxo-wb-0:157:741 [0] NCCL INFO Bucket 7430.08-8916.1 Count: 1
tcpxo-wb-0:157:741 [0] NCCL INFO Bucket 8916.1-10699.3 Count: 4
tcpxo-wb-0:157:741 [0] NCCL INFO Bucket 10699.3-12839.2 Count: 0
tcpxo-wb-0:157:741 [0] NCCL INFO Bucket 12839.2-15407 Count: 8
tcpxo-wb-0:157:741 [0] NCCL INFO Bucket 15407-18488.4 Count: 18
tcpxo-wb-0:157:741 [0] NCCL INFO Bucket 18488.4-22186.1 Count: 52
tcpxo-wb-0:157:741 [0] NCCL INFO Bucket 22186.1-26623.3 Count: 108
tcpxo-wb-0:157:741 [0] NCCL INFO Bucket 26623.3-31948 Count: 161
tcpxo-wb-0:157:741 [0] NCCL INFO Bucket 31948-38337.6 Count: 206
tcpxo-wb-0:157:741 [0] NCCL INFO Bucket 38337.6-46005.1 Count: 235
tcpxo-wb-0:157:741 [0] NCCL INFO Bucket 46005.1-55206.1 Count: 335
tcpxo-wb-0:157:741 [0] NCCL INFO Bucket 55206.1-66247.4 Count: 399
tcpxo-wb-0:157:741 [0] NCCL INFO Bucket 66247.4-79496.8 Count: 150
tcpxo-wb-0:157:741 [0] NCCL INFO Bucket 79496.8-95396.2 Count: 140
tcpxo-wb-0:157:741 [0] NCCL INFO Bucket 95396.2-114475 Count: 128
tcpxo-wb-0:157:741 [0] NCCL INFO Bucket 114475-137371 Count: 109
tcpxo-wb-0:157:741 [0] NCCL INFO Bucket 137371-164845 Count: 94
tcpxo-wb-0:157:741 [0] NCCL INFO Bucket 164845-197814 Count: 65
tcpxo-wb-0:157:741 [0] NCCL INFO Bucket 197814-237376 Count: 71
tcpxo-wb-0:157:741 [0] NCCL INFO Bucket 237376-284852 Count: 48
tcpxo-wb-0:157:741 [0] NCCL INFO Bucket 284852-341822 Count: 62
tcpxo-wb-0:157:741 [0] NCCL INFO Bucket 341822-410186 Count: 50
tcpxo-wb-0:157:741 [0] NCCL INFO Bucket 410186-492224 Count: 37
tcpxo-wb-0:157:741 [0] NCCL INFO Bucket 492224-590668 Count: 16
tcpxo-wb-0:157:741 [0] NCCL INFO Bucket 590668-708802 Count: 17
tcpxo-wb-0:157:741 [0] NCCL INFO Bucket 708802-850562 Count: 14
tcpxo-wb-0:157:741 [0] NCCL INFO Bucket 850562-1.02067e+06 Count: 14
tcpxo-wb-0:157:741 [0] NCCL INFO Bucket 1.02067e+06-1.22481e+06 Count: 8
tcpxo-wb-0:157:741 [0] NCCL INFO Bucket 1.22481e+06-1.46977e+06 Count: 3
tcpxo-wb-0:157:741 [0] NCCL INFO Bucket 1.46977e+06-1.76373e+06 Count: 1
tcpxo-wb-0:157:741 [0] NCCL INFO Bucket 1.76373e+06-3.04772e+06 Count: 0
tcpxo-wb-0:157:741 [0] NCCL INFO Bucket 3.04772e+06-3.65726e+06 Count: 2
tcpxo-wb-0:157:741 [0] NCCL INFO Bucket 3.65726e+06-4.38871e+06 Count: 0
tcpxo-wb-0:157:741 [0] NCCL INFO Bucket 4.38871e+06-5.26646e+06 Count: 2
tcpxo-wb-0:157:741 [0] NCCL INFO Bucket 5.26646e+06-6.31975e+06 Count: 0
tcpxo-wb-0:157:741 [0] NCCL INFO Bucket 6.31975e+06-7.5837e+06 Count: 1
tcpxo-wb-0:157:741 [0] NCCL INFO Bucket 7.5837e+06-9.10044e+06 Count: 0
tcpxo-wb-0:157:741 [0] NCCL INFO Bucket 9.10044e+06-1.09205e+07 Count: 1
tcpxo-wb-0:157:741 [0] NCCL INFO NET/FasTrak 2026-08-02T13:31:22.371100823+00:00: DeregMr host memory for 0x78af6c0976d0 data:0x78af57a82000 size:524288.
tcpxo-wb-0:157:741 [0] NCCL INFO NET/FasTrak 2026-08-02T13:31:22.371103812+00:00: DeregMr[netdev=0] CUDA memory for comm 0x78af6c0976d0 with handle:8653318625366214990 data:0x78af9ca00000 size:4915200.
tcpxo-wb-0:157:741 [0] NCCL INFO NET/FasTrak 2026-08-02T13:31:22.371902147+00:00: DeregMr[netdev=0] CUDA memory for comm 0x78af6c0976d0 with handle:8653318625366215821 data:0x78af9ceb0000 size:8388608.
tcpxo-wb-0:157:741 [0] NCCL INFO NET/FasTrak 2026-08-02T13:31:22.373087576+00:00: Closing Send comm 0x78af6c0976d0
tcpxo-wb-0:157:741 [0] NCCL INFO NET/FasTrak 2026-08-02T13:31:22.373092617+00:00: COMM STATS:
tcpxo-wb-0:157:741 [0] NCCL INFO request/offload_scheduled: 2560
tcpxo-wb-0:157:741 [0] NCCL INFO request/offload_completed: 2560
tcpxo-wb-0:157:741 [0] NCCL INFO request/offload_backlog_curr: 0
tcpxo-wb-0:157:741 [0] NCCL INFO request/offload_backlog_peak: 7
tcpxo-wb-0:157:741 [0] NCCL INFO request/offload_size_distribution:
tcpxo-wb-0:157:741 [0] NCCL INFO Min: 65536
tcpxo-wb-0:157:741 [0] NCCL INFO Max: 131072
tcpxo-wb-0:157:741 [0] NCCL INFO Avg: 129024
tcpxo-wb-0:157:741 [0] NCCL INFO Bucket 0-63107.2 Count: 0
tcpxo-wb-0:157:741 [0] NCCL INFO Bucket 63107.2-75728.6 Count: 80
tcpxo-wb-0:157:741 [0] NCCL INFO Bucket 75728.6-130859 Count: 0
tcpxo-wb-0:157:741 [0] NCCL INFO Bucket 130859-157031 Count: 2480
tcpxo-wb-0:157:741 [0] NCCL INFO Bucket 157031-2.41938e+06 Count: 0
tcpxo-wb-0:157:741 [0] NCCL INFO request/offload_duration_distribution:
tcpxo-wb-0:157:741 [0] NCCL INFO Min: 38543
tcpxo-wb-0:157:741 [0] NCCL INFO Max: 1.26612e+06
tcpxo-wb-0:157:741 [0] NCCL INFO Avg: 331330
tcpxo-wb-0:157:741 [0] NCCL INFO Bucket 0-35831.8 Count: 0
tcpxo-wb-0:157:741 [0] NCCL INFO Bucket 35831.8-42998.2 Count: 2
tcpxo-wb-0:157:741 [0] NCCL INFO Bucket 42998.2-51597.8 Count: 10
tcpxo-wb-0:157:741 [0] NCCL INFO Bucket 51597.8-61917.4 Count: 34
tcpxo-wb-0:157:741 [0] NCCL INFO Bucket 61917.4-74300.8 Count: 61
tcpxo-wb-0:157:741 [0] NCCL INFO Bucket 74300.8-89161 Count: 122
tcpxo-wb-0:157:741 [0] NCCL INFO Bucket 89161-106993 Count: 80
tcpxo-wb-0:157:741 [0] NCCL INFO Bucket 106993-128392 Count: 62
tcpxo-wb-0:157:741 [0] NCCL INFO Bucket 128392-154070 Count: 80
tcpxo-wb-0:157:741 [0] NCCL INFO Bucket 154070-184884 Count: 106
tcpxo-wb-0:157:741 [0] NCCL INFO Bucket 184884-221861 Count: 157
tcpxo-wb-0:157:741 [0] NCCL INFO Bucket 221861-266233 Count: 255
tcpxo-wb-0:157:741 [0] NCCL INFO Bucket 266233-319480 Count: 340
tcpxo-wb-0:157:741 [0] NCCL INFO Bucket 319480-383376 Count: 450
tcpxo-wb-0:157:741 [0] NCCL INFO Bucket 383376-460051 Count: 404
tcpxo-wb-0:157:741 [0] NCCL INFO Bucket 460051-552061 Count: 174
tcpxo-wb-0:157:741 [0] NCCL INFO Bucket 552061-662474 Count: 63
tcpxo-wb-0:157:741 [0] NCCL INFO Bucket 662474-794968 Count: 61
tcpxo-wb-0:157:741 [0] NCCL INFO Bucket 794968-953962 Count: 53
tcpxo-wb-0:157:741 [0] NCCL INFO Bucket 953962-1.14475e+06 Count: 32
tcpxo-wb-0:157:741 [0] NCCL INFO Bucket 1.14475e+06-1.37371e+06 Count: 14
tcpxo-wb-0:157:741 [0] NCCL INFO Bucket 1.37371e+06-1.02067e+07 Count: 0
tcpxo-wb-0:157:741 [0] NCCL INFO request/unpack_duration_distribution:
tcpxo-wb-0:157:741 [0] NCCL INFO Bucket 0-1.09205e+07 Count: 0
tcpxo-wb-0:157:741 [0] NCCL INFO request/offload_complete_age_distribution:
tcpxo-wb-0:157:741 [0] NCCL INFO Min: 81
tcpxo-wb-0:157:741 [0] NCCL INFO Max: 333524
tcpxo-wb-0:157:741 [0] NCCL INFO Avg: 31859.4
tcpxo-wb-0:157:741 [0] NCCL INFO Bucket 0-100 Count: 27
tcpxo-wb-0:157:741 [0] NCCL INFO Bucket 100-120 Count: 33
tcpxo-wb-0:157:741 [0] NCCL INFO Bucket 120-144 Count: 3
tcpxo-wb-0:157:741 [0] NCCL INFO Bucket 144-207.36 Count: 0
tcpxo-wb-0:157:741 [0] NCCL INFO Bucket 207.36-248.832 Count: 15
tcpxo-wb-0:157:741 [0] NCCL INFO Bucket 248.832-298.598 Count: 25
tcpxo-wb-0:157:741 [0] NCCL INFO Bucket 298.598-358.318 Count: 2
tcpxo-wb-0:157:741 [0] NCCL INFO Bucket 358.318-429.982 Count: 20
tcpxo-wb-0:157:741 [0] NCCL INFO Bucket 429.982-515.978 Count: 17
tcpxo-wb-0:157:741 [0] NCCL INFO Bucket 515.978-619.174 Count: 28
tcpxo-wb-0:157:741 [0] NCCL INFO Bucket 619.174-743.008 Count: 21
tcpxo-wb-0:157:741 [0] NCCL INFO Bucket 743.008-891.61 Count: 37
tcpxo-wb-0:157:741 [0] NCCL INFO Bucket 891.61-1069.93 Count: 46
tcpxo-wb-0:157:741 [0] NCCL INFO Bucket 1069.93-1283.92 Count: 48
tcpxo-wb-0:157:741 [0] NCCL INFO Bucket 1283.92-1540.7 Count: 72
tcpxo-wb-0:157:741 [0] NCCL INFO Bucket 1540.7-1848.84 Count: 82
tcpxo-wb-0:157:741 [0] NCCL INFO Bucket 1848.84-2218.61 Count: 87
tcpxo-wb-0:157:741 [0] NCCL INFO Bucket 2218.61-2662.33 Count: 86
tcpxo-wb-0:157:741 [0] NCCL INFO Bucket 2662.33-3194.8 Count: 120
tcpxo-wb-0:157:741 [0] NCCL INFO Bucket 3194.8-3833.76 Count: 142
tcpxo-wb-0:157:741 [0] NCCL INFO Bucket 3833.76-4600.51 Count: 169
tcpxo-wb-0:157:741 [0] NCCL INFO Bucket 4600.51-5520.61 Count: 165
tcpxo-wb-0:157:741 [0] NCCL INFO Bucket 5520.61-6624.74 Count: 173
tcpxo-wb-0:157:741 [0] NCCL INFO Bucket 6624.74-7949.68 Count: 138
tcpxo-wb-0:157:741 [0] NCCL INFO Bucket 7949.68-9539.62 Count: 73
tcpxo-wb-0:157:741 [0] NCCL INFO Bucket 9539.62-11447.5 Count: 59
tcpxo-wb-0:157:741 [0] NCCL INFO Bucket 11447.5-13737.1 Count: 59
tcpxo-wb-0:157:741 [0] NCCL INFO Bucket 13737.1-16484.5 Count: 62
tcpxo-wb-0:157:741 [0] NCCL INFO Bucket 16484.5-19781.4 Count: 47
tcpxo-wb-0:157:741 [0] NCCL INFO Bucket 19781.4-23737.6 Count: 30
tcpxo-wb-0:157:741 [0] NCCL INFO Bucket 23737.6-28485.2 Count: 37
tcpxo-wb-0:157:741 [0] NCCL INFO Bucket 28485.2-34182.2 Count: 27
tcpxo-wb-0:157:741 [0] NCCL INFO Bucket 34182.2-41018.6 Count: 42
tcpxo-wb-0:157:741 [0] NCCL INFO Bucket 41018.6-49222.4 Count: 45
tcpxo-wb-0:157:741 [0] NCCL INFO Bucket 49222.4-59066.8 Count: 523
tcpxo-wb-0:157:741 [0] NCCL INFO request/unpack_num_iovs_distribution:
tcpxo-wb-0:157:741 [0] NCCL INFO Bucket 0-2116.47 Count: 0
tcpxo-wb-0:157:741 [0] NCCL INFO request/offload_interval_distribution:
tcpxo-wb-0:157:741 [0] NCCL INFO Min: 7414
tcpxo-wb-0:157:741 [0] NCCL INFO Max: 1.40171e+08
tcpxo-wb-0:157:741 [0] NCCL INFO Avg: 174164
tcpxo-wb-0:157:741 [0] NCCL INFO Bucket 0-6191.74 Count: 0
tcpxo-wb-0:157:741 [0] NCCL INFO Bucket 6191.74-7430.08 Count: 1
tcpxo-wb-0:157:741 [0] NCCL INFO Bucket 7430.08-8916.1 Count: 6
tcpxo-wb-0:157:741 [0] NCCL INFO Bucket 8916.1-10699.3 Count: 5
tcpxo-wb-0:157:741 [0] NCCL INFO Bucket 10699.3-12839.2 Count: 4
tcpxo-wb-0:157:741 [0] NCCL INFO Bucket 12839.2-15407 Count: 11
tcpxo-wb-0:157:741 [0] NCCL INFO Bucket 15407-18488.4 Count: 14
tcpxo-wb-0:157:741 [0] NCCL INFO Bucket 18488.4-22186.1 Count: 31
tcpxo-wb-0:157:741 [0] NCCL INFO Bucket 22186.1-26623.3 Count: 75
tcpxo-wb-0:157:741 [0] NCCL INFO Bucket 26623.3-31948 Count: 62
tcpxo-wb-0:157:741 [0] NCCL INFO Bucket 31948-38337.6 Count: 90
tcpxo-wb-0:157:741 [0] NCCL INFO Bucket 38337.6-46005.1 Count: 317
tcpxo-wb-0:157:741 [0] NCCL INFO Bucket 46005.1-55206.1 Count: 736
tcpxo-wb-0:157:741 [0] NCCL INFO Bucket 55206.1-66247.4 Count: 513
tcpxo-wb-0:157:741 [0] NCCL INFO Bucket 66247.4-79496.8 Count: 163
tcpxo-wb-0:157:741 [0] NCCL INFO Bucket 79496.8-95396.2 Count: 68
tcpxo-wb-0:157:741 [0] NCCL INFO Bucket 95396.2-114475 Count: 55
tcpxo-wb-0:157:741 [0] NCCL INFO Bucket 114475-137371 Count: 70
tcpxo-wb-0:157:741 [0] NCCL INFO Bucket 137371-164845 Count: 61
tcpxo-wb-0:157:741 [0] NCCL INFO Bucket 164845-197814 Count: 50
tcpxo-wb-0:157:741 [0] NCCL INFO Bucket 197814-237376 Count: 45
tcpxo-wb-0:157:741 [0] NCCL INFO Bucket 237376-284852 Count: 33
tcpxo-wb-0:157:741 [0] NCCL INFO Bucket 284852-341822 Count: 21
tcpxo-wb-0:157:741 [0] NCCL INFO Bucket 341822-410186 Count: 21
tcpxo-wb-0:157:741 [0] NCCL INFO Bucket 410186-492224 Count: 10
tcpxo-wb-0:157:741 [0] NCCL INFO Bucket 492224-590668 Count: 12
tcpxo-wb-0:157:741 [0] NCCL INFO Bucket 590668-708802 Count: 9
tcpxo-wb-0:157:741 [0] NCCL INFO Bucket 708802-850562 Count: 10
tcpxo-wb-0:157:741 [0] NCCL INFO Bucket 850562-1.02067e+06 Count: 1
tcpxo-wb-0:157:741 [0] NCCL INFO Bucket 1.02067e+06-1.22481e+06 Count: 21
tcpxo-wb-0:157:741 [0] NCCL INFO Bucket 1.22481e+06-1.46977e+06 Count: 18
tcpxo-wb-0:157:741 [0] NCCL INFO Bucket 1.46977e+06-1.76373e+06 Count: 14
tcpxo-wb-0:157:741 [0] NCCL INFO Bucket 1.76373e+06-2.11647e+06 Count: 6
tcpxo-wb-0:157:741 [0] NCCL INFO Bucket 2.11647e+06-2.53977e+06 Count: 1
tcpxo-wb-0:157:741 [0] NCCL INFO Bucket 2.53977e+06-3.04772e+06 Count: 0
tcpxo-wb-0:157:741 [0] NCCL INFO Bucket 3.04772e+06-3.65726e+06 Count: 2
tcpxo-wb-0:157:741 [0] NCCL INFO Bucket 3.65726e+06-4.38871e+06 Count: 1
tcpxo-wb-0:157:741 [0] NCCL INFO Bucket 4.38871e+06-5.26646e+06 Count: 0
tcpxo-wb-0:157:741 [0] NCCL INFO Bucket 5.26646e+06-6.31975e+06 Count: 1
tcpxo-wb-0:157:741 [0] NCCL INFO Bucket 6.31975e+06-7.5837e+06 Count: 1
tcpxo-wb-0:157:741 [0] NCCL INFO Bucket 7.5837e+06-9.10044e+06 Count: 0
tcpxo-wb-0:157:741 [0] NCCL INFO Bucket 9.10044e+06-1.09205e+07 Count: 1
tcpxo-wb-0:157:741 [0] NCCL INFO NET/FasTrak 2026-08-02T13:31:22.373168882+00:00: DeregMr host memory for 0x78af6c09adb0 data:0x78af57b04000 size:524288.
tcpxo-wb-0:157:741 [0] NCCL INFO NET/FasTrak 2026-08-02T13:31:22.373171966+00:00: DeregMr[netdev=0] CUDA memory for comm 0x78af6c09adb0 with handle:8653318625366216652 data:0x78af9d800000 size:4915200.
tcpxo-wb-0:157:741 [0] NCCL INFO NET/FasTrak 2026-08-02T13:31:22.374064753+00:00: DeregMr[netdev=0] CUDA memory for comm 0x78af6c09adb0 with handle:8653318625366213387 data:0x78af9dcb0000 size:8388608.
tcpxo-wb-0:157:741 [0] NCCL INFO NET/FasTrak 2026-08-02T13:31:22.375553119+00:00: Closing Send comm 0x78af6c09adb0
tcpxo-wb-0:157:741 [0] NCCL INFO NET/FasTrak 2026-08-02T13:31:22.375561765+00:00: COMM STATS:
tcpxo-wb-0:157:741 [0] NCCL INFO request/offload_scheduled: 2560
tcpxo-wb-0:157:741 [0] NCCL INFO request/offload_completed: 2560
tcpxo-wb-0:157:741 [0] NCCL INFO request/offload_backlog_curr: 0
tcpxo-wb-0:157:741 [0] NCCL INFO request/offload_backlog_peak: 7
tcpxo-wb-0:157:741 [0] NCCL INFO request/offload_size_distribution:
tcpxo-wb-0:157:741 [0] NCCL INFO Min: 65536
tcpxo-wb-0:157:741 [0] NCCL INFO Max: 131072
tcpxo-wb-0:157:741 [0] NCCL INFO Avg: 129024
tcpxo-wb-0:157:741 [0] NCCL INFO Bucket 0-63107.2 Count: 0
tcpxo-wb-0:157:741 [0] NCCL INFO Bucket 63107.2-75728.6 Count: 80
tcpxo-wb-0:157:741 [0] NCCL INFO Bucket 75728.6-130859 Count: 0
tcpxo-wb-0:157:741 [0] NCCL INFO Bucket 130859-157031 Count: 2480
tcpxo-wb-0:157:741 [0] NCCL INFO Bucket 157031-2.41938e+06 Count: 0
tcpxo-wb-0:157:741 [0] NCCL INFO request/offload_duration_distribution:
tcpxo-wb-0:157:741 [0] NCCL INFO Min: 34201
tcpxo-wb-0:157:741 [0] NCCL INFO Max: 1.07243e+06
tcpxo-wb-0:157:741 [0] NCCL INFO Avg: 448996
tcpxo-wb-0:157:741 [0] NCCL INFO Bucket 0-29859.8 Count: 0
tcpxo-wb-0:157:741 [0] NCCL INFO Bucket 29859.8-35831.8 Count: 1
tcpxo-wb-0:157:741 [0] NCCL INFO Bucket 35831.8-42998.2 Count: 4
tcpxo-wb-0:157:741 [0] NCCL INFO Bucket 42998.2-51597.8 Count: 16
tcpxo-wb-0:157:741 [0] NCCL INFO Bucket 51597.8-61917.4 Count: 59
tcpxo-wb-0:157:741 [0] NCCL INFO Bucket 61917.4-74300.8 Count: 81
tcpxo-wb-0:157:741 [0] NCCL INFO Bucket 74300.8-89161 Count: 101
tcpxo-wb-0:157:741 [0] NCCL INFO Bucket 89161-106993 Count: 76
tcpxo-wb-0:157:741 [0] NCCL INFO Bucket 106993-128392 Count: 45
tcpxo-wb-0:157:741 [0] NCCL INFO Bucket 128392-154070 Count: 50
tcpxo-wb-0:157:741 [0] NCCL INFO Bucket 154070-184884 Count: 41
tcpxo-wb-0:157:741 [0] NCCL INFO Bucket 184884-221861 Count: 40
tcpxo-wb-0:157:741 [0] NCCL INFO Bucket 221861-266233 Count: 68
tcpxo-wb-0:157:741 [0] NCCL INFO Bucket 266233-319480 Count: 116
tcpxo-wb-0:157:741 [0] NCCL INFO Bucket 319480-383376 Count: 185
tcpxo-wb-0:157:741 [0] NCCL INFO Bucket 383376-460051 Count: 326
tcpxo-wb-0:157:741 [0] NCCL INFO Bucket 460051-552061 Count: 441
tcpxo-wb-0:157:741 [0] NCCL INFO Bucket 552061-662474 Count: 478
tcpxo-wb-0:157:741 [0] NCCL INFO Bucket 662474-794968 Count: 289
tcpxo-wb-0:157:741 [0] NCCL INFO Bucket 794968-953962 Count: 126
tcpxo-wb-0:157:741 [0] NCCL INFO Bucket 953962-1.14475e+06 Count: 17
tcpxo-wb-0:157:741 [0] NCCL INFO Bucket 1.14475e+06-1.02067e+07 Count: 0
tcpxo-wb-0:157:741 [0] NCCL INFO request/unpack_duration_distribution:
tcpxo-wb-0:157:741 [0] NCCL INFO Bucket 0-1.09205e+07 Count: 0
tcpxo-wb-0:157:741 [0] NCCL INFO request/offload_complete_age_distribution:
tcpxo-wb-0:157:741 [0] NCCL INFO Min: 84
tcpxo-wb-0:157:741 [0] NCCL INFO Max: 567710
tcpxo-wb-0:157:741 [0] NCCL INFO Avg: 41283
tcpxo-wb-0:157:741 [0] NCCL INFO Bucket 0-100 Count: 20
tcpxo-wb-0:157:741 [0] NCCL INFO Bucket 100-120 Count: 39
tcpxo-wb-0:157:741 [0] NCCL INFO Bucket 120-144 Count: 5
tcpxo-wb-0:157:741 [0] NCCL INFO Bucket 144-207.36 Count: 0
tcpxo-wb-0:157:741 [0] NCCL INFO Bucket 207.36-248.832 Count: 14
tcpxo-wb-0:157:741 [0] NCCL INFO Bucket 248.832-298.598 Count: 26
tcpxo-wb-0:157:741 [0] NCCL INFO Bucket 298.598-358.318 Count: 3
tcpxo-wb-0:157:741 [0] NCCL INFO Bucket 358.318-429.982 Count: 32
tcpxo-wb-0:157:741 [0] NCCL INFO Bucket 429.982-515.978 Count: 26
tcpxo-wb-0:157:741 [0] NCCL INFO Bucket 515.978-619.174 Count: 25
tcpxo-wb-0:157:741 [0] NCCL INFO Bucket 619.174-743.008 Count: 15
tcpxo-wb-0:157:741 [0] NCCL INFO Bucket 743.008-891.61 Count: 28
tcpxo-wb-0:157:741 [0] NCCL INFO Bucket 891.61-1069.93 Count: 31
tcpxo-wb-0:157:741 [0] NCCL INFO Bucket 1069.93-1283.92 Count: 37
tcpxo-wb-0:157:741 [0] NCCL INFO Bucket 1283.92-1540.7 Count: 50
tcpxo-wb-0:157:741 [0] NCCL INFO Bucket 1540.7-1848.84 Count: 63
tcpxo-wb-0:157:741 [0] NCCL INFO Bucket 1848.84-2218.61 Count: 83
tcpxo-wb-0:157:741 [0] NCCL INFO Bucket 2218.61-2662.33 Count: 99
tcpxo-wb-0:157:741 [0] NCCL INFO Bucket 2662.33-3194.8 Count: 113
tcpxo-wb-0:157:741 [0] NCCL INFO Bucket 3194.8-3833.76 Count: 137
tcpxo-wb-0:157:741 [0] NCCL INFO Bucket 3833.76-4600.51 Count: 174
tcpxo-wb-0:157:741 [0] NCCL INFO Bucket 4600.51-5520.61 Count: 176
tcpxo-wb-0:157:741 [0] NCCL INFO Bucket 5520.61-6624.74 Count: 166
tcpxo-wb-0:157:741 [0] NCCL INFO Bucket 6624.74-7949.68 Count: 155
tcpxo-wb-0:157:741 [0] NCCL INFO Bucket 7949.68-9539.62 Count: 65
tcpxo-wb-0:157:741 [0] NCCL INFO Bucket 9539.62-11447.5 Count: 49
tcpxo-wb-0:157:741 [0] NCCL INFO Bucket 11447.5-13737.1 Count: 48
tcpxo-wb-0:157:741 [0] NCCL INFO Bucket 13737.1-16484.5 Count: 43
tcpxo-wb-0:157:741 [0] NCCL INFO Bucket 16484.5-19781.4 Count: 45
tcpxo-wb-0:157:741 [0] NCCL INFO Bucket 19781.4-23737.6 Count: 29
tcpxo-wb-0:157:741 [0] NCCL INFO Bucket 23737.6-28485.2 Count: 30
tcpxo-wb-0:157:741 [0] NCCL INFO Bucket 28485.2-34182.2 Count: 35
tcpxo-wb-0:157:741 [0] NCCL INFO Bucket 34182.2-41018.6 Count: 32
tcpxo-wb-0:157:741 [0] NCCL INFO Bucket 41018.6-49222.4 Count: 57
tcpxo-wb-0:157:741 [0] NCCL INFO Bucket 49222.4-59066.8 Count: 610
tcpxo-wb-0:157:741 [0] NCCL INFO request/unpack_num_iovs_distribution:
tcpxo-wb-0:157:741 [0] NCCL INFO Bucket 0-2116.47 Count: 0
tcpxo-wb-0:157:741 [0] NCCL INFO request/offload_interval_distribution:
tcpxo-wb-0:157:741 [0] NCCL INFO Min: 7328
tcpxo-wb-0:157:741 [0] NCCL INFO Max: 1.40111e+08
tcpxo-wb-0:157:741 [0] NCCL INFO Avg: 173962
tcpxo-wb-0:157:741 [0] NCCL INFO Bucket 0-6191.74 Count: 0
tcpxo-wb-0:157:741 [0] NCCL INFO Bucket 6191.74-7430.08 Count: 2
tcpxo-wb-0:157:741 [0] NCCL INFO Bucket 7430.08-8916.1 Count: 8
tcpxo-wb-0:157:741 [0] NCCL INFO Bucket 8916.1-10699.3 Count: 11
tcpxo-wb-0:157:741 [0] NCCL INFO Bucket 10699.3-12839.2 Count: 4
tcpxo-wb-0:157:741 [0] NCCL INFO Bucket 12839.2-15407 Count: 24
tcpxo-wb-0:157:741 [0] NCCL INFO Bucket 15407-18488.4 Count: 60
tcpxo-wb-0:157:741 [0] NCCL INFO Bucket 18488.4-22186.1 Count: 136
tcpxo-wb-0:157:741 [0] NCCL INFO Bucket 22186.1-26623.3 Count: 188
tcpxo-wb-0:157:741 [0] NCCL INFO Bucket 26623.3-31948 Count: 168
tcpxo-wb-0:157:741 [0] NCCL INFO Bucket 31948-38337.6 Count: 103
tcpxo-wb-0:157:741 [0] NCCL INFO Bucket 38337.6-46005.1 Count: 229
tcpxo-wb-0:157:741 [0] NCCL INFO Bucket 46005.1-55206.1 Count: 478
tcpxo-wb-0:157:741 [0] NCCL INFO Bucket 55206.1-66247.4 Count: 376
tcpxo-wb-0:157:741 [0] NCCL INFO Bucket 66247.4-79496.8 Count: 121
tcpxo-wb-0:157:741 [0] NCCL INFO Bucket 79496.8-95396.2 Count: 90
tcpxo-wb-0:157:741 [0] NCCL INFO Bucket 95396.2-114475 Count: 72
tcpxo-wb-0:157:741 [0] NCCL INFO Bucket 114475-137371 Count: 88
tcpxo-wb-0:157:741 [0] NCCL INFO Bucket 137371-164845 Count: 80
tcpxo-wb-0:157:741 [0] NCCL INFO Bucket 164845-197814 Count: 85
tcpxo-wb-0:157:741 [0] NCCL INFO Bucket 197814-237376 Count: 58
tcpxo-wb-0:157:741 [0] NCCL INFO Bucket 237376-284852 Count: 37
tcpxo-wb-0:157:741 [0] NCCL INFO Bucket 284852-341822 Count: 24
tcpxo-wb-0:157:741 [0] NCCL INFO Bucket 341822-410186 Count: 12
tcpxo-wb-0:157:741 [0] NCCL INFO Bucket 410186-492224 Count: 8
tcpxo-wb-0:157:741 [0] NCCL INFO Bucket 492224-590668 Count: 12
tcpxo-wb-0:157:741 [0] NCCL INFO Bucket 590668-708802 Count: 8
tcpxo-wb-0:157:741 [0] NCCL INFO Bucket 708802-850562 Count: 11
tcpxo-wb-0:157:741 [0] NCCL INFO Bucket 850562-1.02067e+06 Count: 3
tcpxo-wb-0:157:741 [0] NCCL INFO Bucket 1.02067e+06-1.22481e+06 Count: 19
tcpxo-wb-0:157:741 [0] NCCL INFO Bucket 1.22481e+06-1.46977e+06 Count: 13
tcpxo-wb-0:157:741 [0] NCCL INFO Bucket 1.46977e+06-1.76373e+06 Count: 14
tcpxo-wb-0:157:741 [0] NCCL INFO Bucket 1.76373e+06-2.11647e+06 Count: 7
tcpxo-wb-0:157:741 [0] NCCL INFO Bucket 2.11647e+06-2.53977e+06 Count: 4
tcpxo-wb-0:157:741 [0] NCCL INFO Bucket 2.53977e+06-3.04772e+06 Count: 1
tcpxo-wb-0:157:741 [0] NCCL INFO Bucket 3.04772e+06-3.65726e+06 Count: 2
tcpxo-wb-0:157:741 [0] NCCL INFO Bucket 3.65726e+06-4.38871e+06 Count: 1
tcpxo-wb-0:157:741 [0] NCCL INFO Bucket 4.38871e+06-5.26646e+06 Count: 1
tcpxo-wb-0:157:741 [0] NCCL INFO Bucket 5.26646e+06-6.31975e+06 Count: 0
tcpxo-wb-0:157:741 [0] NCCL INFO Bucket 6.31975e+06-7.5837e+06 Count: 1
tcpxo-wb-0:157:741 [0] NCCL INFO Bucket 7.5837e+06-9.10044e+06 Count: 0
tcpxo-wb-0:157:741 [0] NCCL INFO Bucket 9.10044e+06-1.09205e+07 Count: 1
tcpxo-wb-0:157:741 [0] NCCL INFO NET/FasTrak 2026-08-02T13:31:22.375637435+00:00: DeregMr host memory for 0x78af6c09e2d0 data:0x78af57c00000 size:524288.
tcpxo-wb-0:157:741 [0] NCCL INFO NET/FasTrak 2026-08-02T13:31:22.375640373+00:00: DeregMr[netdev=0] CUDA memory for comm 0x78af6c09e2d0 with handle:8653318625366214218 data:0x78af9e600000 size:4915200.
tcpxo-wb-0:157:741 [0] NCCL INFO NET/FasTrak 2026-08-02T13:31:22.376374732+00:00: DeregMr[netdev=0] CUDA memory for comm 0x78af6c09e2d0 with handle:8653318625366215049 data:0x78af9eab0000 size:8388608.
tcpxo-wb-0:157:741 [0] NCCL INFO NET/FasTrak 2026-08-02T13:31:22.377434463+00:00: Closing Send comm 0x78af6c09e2d0
tcpxo-wb-0:157:741 [0] NCCL INFO NET/FasTrak 2026-08-02T13:31:22.37743953+00:00: COMM STATS:
tcpxo-wb-0:157:741 [0] NCCL INFO request/offload_scheduled: 2560
tcpxo-wb-0:157:741 [0] NCCL INFO request/offload_completed: 2560
tcpxo-wb-0:157:741 [0] NCCL INFO request/offload_backlog_curr: 0
tcpxo-wb-0:157:741 [0] NCCL INFO request/offload_backlog_peak: 7
tcpxo-wb-0:157:741 [0] NCCL INFO request/offload_size_distribution:
tcpxo-wb-0:157:741 [0] NCCL INFO Min: 65536
tcpxo-wb-0:157:741 [0] NCCL INFO Max: 131072
tcpxo-wb-0:157:741 [0] NCCL INFO Avg: 129024
tcpxo-wb-0:157:741 [0] NCCL INFO Bucket 0-63107.2 Count: 0
tcpxo-wb-0:157:741 [0] NCCL INFO Bucket 63107.2-75728.6 Count: 80
tcpxo-wb-0:157:741 [0] NCCL INFO Bucket 75728.6-130859 Count: 0
tcpxo-wb-0:157:741 [0] NCCL INFO Bucket 130859-157031 Count: 2480
tcpxo-wb-0:157:741 [0] NCCL INFO Bucket 157031-2.41938e+06 Count: 0
tcpxo-wb-0:157:741 [0] NCCL INFO request/offload_duration_distribution:
tcpxo-wb-0:157:741 [0] NCCL INFO Min: 36740
tcpxo-wb-0:157:741 [0] NCCL INFO Max: 892628
tcpxo-wb-0:157:741 [0] NCCL INFO Avg: 185394
tcpxo-wb-0:157:741 [0] NCCL INFO Bucket 0-35831.8 Count: 0
tcpxo-wb-0:157:741 [0] NCCL INFO Bucket 35831.8-42998.2 Count: 123
tcpxo-wb-0:157:741 [0] NCCL INFO Bucket 42998.2-51597.8 Count: 184
tcpxo-wb-0:157:741 [0] NCCL INFO Bucket 51597.8-61917.4 Count: 139
tcpxo-wb-0:157:741 [0] NCCL INFO Bucket 61917.4-74300.8 Count: 131
tcpxo-wb-0:157:741 [0] NCCL INFO Bucket 74300.8-89161 Count: 149
tcpxo-wb-0:157:741 [0] NCCL INFO Bucket 89161-106993 Count: 176
tcpxo-wb-0:157:741 [0] NCCL INFO Bucket 106993-128392 Count: 215
tcpxo-wb-0:157:741 [0] NCCL INFO Bucket 128392-154070 Count: 212
tcpxo-wb-0:157:741 [0] NCCL INFO Bucket 154070-184884 Count: 243
tcpxo-wb-0:157:741 [0] NCCL INFO Bucket 184884-221861 Count: 227
tcpxo-wb-0:157:741 [0] NCCL INFO Bucket 221861-266233 Count: 200
tcpxo-wb-0:157:741 [0] NCCL INFO Bucket 266233-319480 Count: 170
tcpxo-wb-0:157:741 [0] NCCL INFO Bucket 319480-383376 Count: 127
tcpxo-wb-0:157:741 [0] NCCL INFO Bucket 383376-460051 Count: 125
tcpxo-wb-0:157:741 [0] NCCL INFO Bucket 460051-552061 Count: 84
tcpxo-wb-0:157:741 [0] NCCL INFO Bucket 552061-662474 Count: 38
tcpxo-wb-0:157:741 [0] NCCL INFO Bucket 662474-794968 Count: 12
tcpxo-wb-0:157:741 [0] NCCL INFO Bucket 794968-953962 Count: 5
tcpxo-wb-0:157:741 [0] NCCL INFO Bucket 953962-1.02067e+07 Count: 0
tcpxo-wb-0:157:741 [0] NCCL INFO request/unpack_duration_distribution:
tcpxo-wb-0:157:741 [0] NCCL INFO Bucket 0-1.09205e+07 Count: 0
tcpxo-wb-0:157:741 [0] NCCL INFO request/offload_complete_age_distribution:
tcpxo-wb-0:157:741 [0] NCCL INFO Min: 84
tcpxo-wb-0:157:741 [0] NCCL INFO Max: 495894
tcpxo-wb-0:157:741 [0] NCCL INFO Avg: 28274.7
tcpxo-wb-0:157:741 [0] NCCL INFO Bucket 0-100 Count: 35
tcpxo-wb-0:157:741 [0] NCCL INFO Bucket 100-120 Count: 55
tcpxo-wb-0:157:741 [0] NCCL INFO Bucket 120-144 Count: 2
tcpxo-wb-0:157:741 [0] NCCL INFO Bucket 144-172.8 Count: 1
tcpxo-wb-0:157:741 [0] NCCL INFO Bucket 172.8-207.36 Count: 0
tcpxo-wb-0:157:741 [0] NCCL INFO Bucket 207.36-248.832 Count: 16
tcpxo-wb-0:157:741 [0] NCCL INFO Bucket 248.832-298.598 Count: 47
tcpxo-wb-0:157:741 [0] NCCL INFO Bucket 298.598-358.318 Count: 11
tcpxo-wb-0:157:741 [0] NCCL INFO Bucket 358.318-429.982 Count: 28
tcpxo-wb-0:157:741 [0] NCCL INFO Bucket 429.982-515.978 Count: 40
tcpxo-wb-0:157:741 [0] NCCL INFO Bucket 515.978-619.174 Count: 33
tcpxo-wb-0:157:741 [0] NCCL INFO Bucket 619.174-743.008 Count: 30
tcpxo-wb-0:157:741 [0] NCCL INFO Bucket 743.008-891.61 Count: 43
tcpxo-wb-0:157:741 [0] NCCL INFO Bucket 891.61-1069.93 Count: 51
tcpxo-wb-0:157:741 [0] NCCL INFO Bucket 1069.93-1283.92 Count: 64
tcpxo-wb-0:157:741 [0] NCCL INFO Bucket 1283.92-1540.7 Count: 72
tcpxo-wb-0:157:741 [0] NCCL INFO Bucket 1540.7-1848.84 Count: 101
tcpxo-wb-0:157:741 [0] NCCL INFO Bucket 1848.84-2218.61 Count: 119
tcpxo-wb-0:157:741 [0] NCCL INFO Bucket 2218.61-2662.33 Count: 116
tcpxo-wb-0:157:741 [0] NCCL INFO Bucket 2662.33-3194.8 Count: 145
tcpxo-wb-0:157:741 [0] NCCL INFO Bucket 3194.8-3833.76 Count: 162
tcpxo-wb-0:157:741 [0] NCCL INFO Bucket 3833.76-4600.51 Count: 149
tcpxo-wb-0:157:741 [0] NCCL INFO Bucket 4600.51-5520.61 Count: 180
tcpxo-wb-0:157:741 [0] NCCL INFO Bucket 5520.61-6624.74 Count: 153
tcpxo-wb-0:157:741 [0] NCCL INFO Bucket 6624.74-7949.68 Count: 127
tcpxo-wb-0:157:741 [0] NCCL INFO Bucket 7949.68-9539.62 Count: 83
tcpxo-wb-0:157:741 [0] NCCL INFO Bucket 9539.62-11447.5 Count: 69
tcpxo-wb-0:157:741 [0] NCCL INFO Bucket 11447.5-13737.1 Count: 46
tcpxo-wb-0:157:741 [0] NCCL INFO Bucket 13737.1-16484.5 Count: 43
tcpxo-wb-0:157:741 [0] NCCL INFO Bucket 16484.5-19781.4 Count: 30
tcpxo-wb-0:157:741 [0] NCCL INFO Bucket 19781.4-23737.6 Count: 27
tcpxo-wb-0:157:741 [0] NCCL INFO Bucket 23737.6-28485.2 Count: 21
tcpxo-wb-0:157:741 [0] NCCL INFO Bucket 28485.2-34182.2 Count: 29
tcpxo-wb-0:157:741 [0] NCCL INFO Bucket 34182.2-41018.6 Count: 37
tcpxo-wb-0:157:741 [0] NCCL INFO Bucket 41018.6-49222.4 Count: 30
tcpxo-wb-0:157:741 [0] NCCL INFO Bucket 49222.4-59066.8 Count: 365
tcpxo-wb-0:157:741 [0] NCCL INFO request/unpack_num_iovs_distribution:
tcpxo-wb-0:157:741 [0] NCCL INFO Bucket 0-2116.47 Count: 0
tcpxo-wb-0:157:741 [0] NCCL INFO request/offload_interval_distribution:
tcpxo-wb-0:157:741 [0] NCCL INFO Min: 9170
tcpxo-wb-0:157:741 [0] NCCL INFO Max: 1.40247e+08
tcpxo-wb-0:157:741 [0] NCCL INFO Avg: 174070
tcpxo-wb-0:157:741 [0] NCCL INFO Bucket 0-8916.1 Count: 0
tcpxo-wb-0:157:741 [0] NCCL INFO Bucket 8916.1-10699.3 Count: 1
tcpxo-wb-0:157:741 [0] NCCL INFO Bucket 10699.3-12839.2 Count: 0
tcpxo-wb-0:157:741 [0] NCCL INFO Bucket 12839.2-15407 Count: 3
tcpxo-wb-0:157:741 [0] NCCL INFO Bucket 15407-18488.4 Count: 9
tcpxo-wb-0:157:741 [0] NCCL INFO Bucket 18488.4-22186.1 Count: 54
tcpxo-wb-0:157:741 [0] NCCL INFO Bucket 22186.1-26623.3 Count: 135
tcpxo-wb-0:157:741 [0] NCCL INFO Bucket 26623.3-31948 Count: 154
tcpxo-wb-0:157:741 [0] NCCL INFO Bucket 31948-38337.6 Count: 209
tcpxo-wb-0:157:741 [0] NCCL INFO Bucket 38337.6-46005.1 Count: 301
tcpxo-wb-0:157:741 [0] NCCL INFO Bucket 46005.1-55206.1 Count: 339
tcpxo-wb-0:157:741 [0] NCCL INFO Bucket 55206.1-66247.4 Count: 318
tcpxo-wb-0:157:741 [0] NCCL INFO Bucket 66247.4-79496.8 Count: 161
tcpxo-wb-0:157:741 [0] NCCL INFO Bucket 79496.8-95396.2 Count: 119
tcpxo-wb-0:157:741 [0] NCCL INFO Bucket 95396.2-114475 Count: 138
tcpxo-wb-0:157:741 [0] NCCL INFO Bucket 114475-137371 Count: 97
tcpxo-wb-0:157:741 [0] NCCL INFO Bucket 137371-164845 Count: 92
tcpxo-wb-0:157:741 [0] NCCL INFO Bucket 164845-197814 Count: 59
tcpxo-wb-0:157:741 [0] NCCL INFO Bucket 197814-237376 Count: 78
tcpxo-wb-0:157:741 [0] NCCL INFO Bucket 237376-284852 Count: 59
tcpxo-wb-0:157:741 [0] NCCL INFO Bucket 284852-341822 Count: 58
tcpxo-wb-0:157:741 [0] NCCL INFO Bucket 341822-410186 Count: 56
tcpxo-wb-0:157:741 [0] NCCL INFO Bucket 410186-492224 Count: 34
tcpxo-wb-0:157:741 [0] NCCL INFO Bucket 492224-590668 Count: 38
tcpxo-wb-0:157:741 [0] NCCL INFO Bucket 590668-708802 Count: 13
tcpxo-wb-0:157:741 [0] NCCL INFO Bucket 708802-850562 Count: 13
tcpxo-wb-0:157:741 [0] NCCL INFO Bucket 850562-1.02067e+06 Count: 6
tcpxo-wb-0:157:741 [0] NCCL INFO Bucket 1.02067e+06-1.22481e+06 Count: 5
tcpxo-wb-0:157:741 [0] NCCL INFO Bucket 1.22481e+06-1.46977e+06 Count: 2
tcpxo-wb-0:157:741 [0] NCCL INFO Bucket 1.46977e+06-1.76373e+06 Count: 2
tcpxo-wb-0:157:741 [0] NCCL INFO Bucket 1.76373e+06-2.11647e+06 Count: 1
tcpxo-wb-0:157:741 [0] NCCL INFO Bucket 2.11647e+06-2.53977e+06 Count: 0
tcpxo-wb-0:157:741 [0] NCCL INFO Bucket 2.53977e+06-3.04772e+06 Count: 1
tcpxo-wb-0:157:741 [0] NCCL INFO Bucket 3.04772e+06-3.65726e+06 Count: 1
tcpxo-wb-0:157:741 [0] NCCL INFO Bucket 3.65726e+06-4.38871e+06 Count: 0
tcpxo-wb-0:157:741 [0] NCCL INFO Bucket 4.38871e+06-5.26646e+06 Count: 2
tcpxo-wb-0:157:741 [0] NCCL INFO Bucket 5.26646e+06-6.31975e+06 Count: 0
tcpxo-wb-0:157:741 [0] NCCL INFO Bucket 6.31975e+06-7.5837e+06 Count: 1
tcpxo-wb-0:157:741 [0] NCCL INFO Bucket 7.5837e+06-9.10044e+06 Count: 0
tcpxo-wb-0:157:741 [0] NCCL INFO Bucket 9.10044e+06-1.09205e+07 Count: 1
tcpxo-wb-0:157:741 [0] NCCL INFO NET/FasTrak 2026-08-02T13:31:22.377511378+00:00: DeregMr host memory for 0x78af6c0a1820 data:0x78af57c82000 size:524288.
tcpxo-wb-0:157:741 [0] NCCL INFO NET/FasTrak 2026-08-02T13:31:22.3775166+00:00: DeregMr[netdev=0] CUDA memory for comm 0x78af6c0a1820 with handle:8653318625366215880 data:0x78af9f400000 size:4915200.
tcpxo-wb-0:157:741 [0] NCCL INFO NET/FasTrak 2026-08-02T13:31:22.378389866+00:00: DeregMr[netdev=0] CUDA memory for comm 0x78af6c0a1820 with handle:8653318625366212615 data:0x78af9f8b0000 size:8388608.
tcpxo-wb-0:157:741 [0] NCCL INFO NET/FasTrak 2026-08-02T13:31:22.379473633+00:00: Closing Send comm 0x78af6c0a1820
tcpxo-wb-0:157:741 [0] NCCL INFO NET/FasTrak 2026-08-02T13:31:22.379478202+00:00: COMM STATS:
tcpxo-wb-0:157:741 [0] NCCL INFO request/offload_scheduled: 2560
tcpxo-wb-0:157:741 [0] NCCL INFO request/offload_completed: 2560
tcpxo-wb-0:157:741 [0] NCCL INFO request/offload_backlog_curr: 0
tcpxo-wb-0:157:741 [0] NCCL INFO request/offload_backlog_peak: 7
tcpxo-wb-0:157:741 [0] NCCL INFO request/offload_size_distribution:
tcpxo-wb-0:157:741 [0] NCCL INFO Min: 65536
tcpxo-wb-0:157:741 [0] NCCL INFO Max: 131072
tcpxo-wb-0:157:741 [0] NCCL INFO Avg: 129024
tcpxo-wb-0:157:741 [0] NCCL INFO Bucket 0-63107.2 Count: 0
tcpxo-wb-0:157:741 [0] NCCL INFO Bucket 63107.2-75728.6 Count: 80
tcpxo-wb-0:157:741 [0] NCCL INFO Bucket 75728.6-130859 Count: 0
tcpxo-wb-0:157:741 [0] NCCL INFO Bucket 130859-157031 Count: 2480
tcpxo-wb-0:157:741 [0] NCCL INFO Bucket 157031-2.41938e+06 Count: 0
tcpxo-wb-0:157:741 [0] NCCL INFO request/offload_duration_distribution:
tcpxo-wb-0:157:741 [0] NCCL INFO Min: 37984
tcpxo-wb-0:157:741 [0] NCCL INFO Max: 781513
tcpxo-wb-0:157:741 [0] NCCL INFO Avg: 284363
tcpxo-wb-0:157:741 [0] NCCL INFO Bucket 0-35831.8 Count: 0
tcpxo-wb-0:157:741 [0] NCCL INFO Bucket 35831.8-42998.2 Count: 4
tcpxo-wb-0:157:741 [0] NCCL INFO Bucket 42998.2-51597.8 Count: 7
tcpxo-wb-0:157:741 [0] NCCL INFO Bucket 51597.8-61917.4 Count: 42
tcpxo-wb-0:157:741 [0] NCCL INFO Bucket 61917.4-74300.8 Count: 83
tcpxo-wb-0:157:741 [0] NCCL INFO Bucket 74300.8-89161 Count: 93
tcpxo-wb-0:157:741 [0] NCCL INFO Bucket 89161-106993 Count: 86
tcpxo-wb-0:157:741 [0] NCCL INFO Bucket 106993-128392 Count: 96
tcpxo-wb-0:157:741 [0] NCCL INFO Bucket 128392-154070 Count: 115
tcpxo-wb-0:157:741 [0] NCCL INFO Bucket 154070-184884 Count: 158
tcpxo-wb-0:157:741 [0] NCCL INFO Bucket 184884-221861 Count: 233
tcpxo-wb-0:157:741 [0] NCCL INFO Bucket 221861-266233 Count: 311
tcpxo-wb-0:157:741 [0] NCCL INFO Bucket 266233-319480 Count: 312
tcpxo-wb-0:157:741 [0] NCCL INFO Bucket 319480-383376 Count: 393
tcpxo-wb-0:157:741 [0] NCCL INFO Bucket 383376-460051 Count: 329
tcpxo-wb-0:157:741 [0] NCCL INFO Bucket 460051-552061 Count: 226
tcpxo-wb-0:157:741 [0] NCCL INFO Bucket 552061-662474 Count: 57
tcpxo-wb-0:157:741 [0] NCCL INFO Bucket 662474-794968 Count: 15
tcpxo-wb-0:157:741 [0] NCCL INFO Bucket 794968-1.02067e+07 Count: 0
tcpxo-wb-0:157:741 [0] NCCL INFO request/unpack_duration_distribution:
tcpxo-wb-0:157:741 [0] NCCL INFO Bucket 0-1.09205e+07 Count: 0
tcpxo-wb-0:157:741 [0] NCCL INFO request/offload_complete_age_distribution:
tcpxo-wb-0:157:741 [0] NCCL INFO Min: 85
tcpxo-wb-0:157:741 [0] NCCL INFO Max: 442180
tcpxo-wb-0:157:741 [0] NCCL INFO Avg: 57337
tcpxo-wb-0:157:741 [0] NCCL INFO Bucket 0-100 Count: 16
tcpxo-wb-0:157:741 [0] NCCL INFO Bucket 100-120 Count: 39
tcpxo-wb-0:157:741 [0] NCCL INFO Bucket 120-144 Count: 4
tcpxo-wb-0:157:741 [0] NCCL INFO Bucket 144-207.36 Count: 0
tcpxo-wb-0:157:741 [0] NCCL INFO Bucket 207.36-248.832 Count: 5
tcpxo-wb-0:157:741 [0] NCCL INFO Bucket 248.832-298.598 Count: 21
tcpxo-wb-0:157:741 [0] NCCL INFO Bucket 298.598-358.318 Count: 11
tcpxo-wb-0:157:741 [0] NCCL INFO Bucket 358.318-429.982 Count: 17
tcpxo-wb-0:157:741 [0] NCCL INFO Bucket 429.982-515.978 Count: 19
tcpxo-wb-0:157:741 [0] NCCL INFO Bucket 515.978-619.174 Count: 23
tcpxo-wb-0:157:741 [0] NCCL INFO Bucket 619.174-743.008 Count: 24
tcpxo-wb-0:157:741 [0] NCCL INFO Bucket 743.008-891.61 Count: 30
tcpxo-wb-0:157:741 [0] NCCL INFO Bucket 891.61-1069.93 Count: 33
tcpxo-wb-0:157:741 [0] NCCL INFO Bucket 1069.93-1283.92 Count: 42
tcpxo-wb-0:157:741 [0] NCCL INFO Bucket 1283.92-1540.7 Count: 61
tcpxo-wb-0:157:741 [0] NCCL INFO Bucket 1540.7-1848.84 Count: 64
tcpxo-wb-0:157:741 [0] NCCL INFO Bucket 1848.84-2218.61 Count: 90
tcpxo-wb-0:157:741 [0] NCCL INFO Bucket 2218.61-2662.33 Count: 104
tcpxo-wb-0:157:741 [0] NCCL INFO Bucket 2662.33-3194.8 Count: 101
tcpxo-wb-0:157:741 [0] NCCL INFO Bucket 3194.8-3833.76 Count: 127
tcpxo-wb-0:157:741 [0] NCCL INFO Bucket 3833.76-4600.51 Count: 151
tcpxo-wb-0:157:741 [0] NCCL INFO Bucket 4600.51-5520.61 Count: 165
tcpxo-wb-0:157:741 [0] NCCL INFO Bucket 5520.61-6624.74 Count: 152
tcpxo-wb-0:157:741 [0] NCCL INFO Bucket 6624.74-7949.68 Count: 103
tcpxo-wb-0:157:741 [0] NCCL INFO Bucket 7949.68-9539.62 Count: 85
tcpxo-wb-0:157:741 [0] NCCL INFO Bucket 9539.62-11447.5 Count: 52
tcpxo-wb-0:157:741 [0] NCCL INFO Bucket 11447.5-13737.1 Count: 51
tcpxo-wb-0:157:741 [0] NCCL INFO Bucket 13737.1-16484.5 Count: 59
tcpxo-wb-0:157:741 [0] NCCL INFO Bucket 16484.5-19781.4 Count: 43
tcpxo-wb-0:157:741 [0] NCCL INFO Bucket 19781.4-23737.6 Count: 28
tcpxo-wb-0:157:741 [0] NCCL INFO Bucket 23737.6-28485.2 Count: 27
tcpxo-wb-0:157:741 [0] NCCL INFO Bucket 28485.2-34182.2 Count: 29
tcpxo-wb-0:157:741 [0] NCCL INFO Bucket 34182.2-41018.6 Count: 45
tcpxo-wb-0:157:741 [0] NCCL INFO Bucket 41018.6-49222.4 Count: 35
tcpxo-wb-0:157:741 [0] NCCL INFO Bucket 49222.4-59066.8 Count: 704
tcpxo-wb-0:157:741 [0] NCCL INFO request/unpack_num_iovs_distribution:
tcpxo-wb-0:157:741 [0] NCCL INFO Bucket 0-2116.47 Count: 0
tcpxo-wb-0:157:741 [0] NCCL INFO request/offload_interval_distribution:
tcpxo-wb-0:157:741 [0] NCCL INFO Min: 7233
tcpxo-wb-0:157:741 [0] NCCL INFO Max: 1.40029e+08
tcpxo-wb-0:157:741 [0] NCCL INFO Avg: 174385
tcpxo-wb-0:157:741 [0] NCCL INFO Bucket 0-6191.74 Count: 0
tcpxo-wb-0:157:741 [0] NCCL INFO Bucket 6191.74-7430.08 Count: 1
tcpxo-wb-0:157:741 [0] NCCL INFO Bucket 7430.08-8916.1 Count: 11
tcpxo-wb-0:157:741 [0] NCCL INFO Bucket 8916.1-10699.3 Count: 12
tcpxo-wb-0:157:741 [0] NCCL INFO Bucket 10699.3-12839.2 Count: 5
tcpxo-wb-0:157:741 [0] NCCL INFO Bucket 12839.2-15407 Count: 12
tcpxo-wb-0:157:741 [0] NCCL INFO Bucket 15407-18488.4 Count: 19
tcpxo-wb-0:157:741 [0] NCCL INFO Bucket 18488.4-22186.1 Count: 48
tcpxo-wb-0:157:741 [0] NCCL INFO Bucket 22186.1-26623.3 Count: 96
tcpxo-wb-0:157:741 [0] NCCL INFO Bucket 26623.3-31948 Count: 70
tcpxo-wb-0:157:741 [0] NCCL INFO Bucket 31948-38337.6 Count: 52
tcpxo-wb-0:157:741 [0] NCCL INFO Bucket 38337.6-46005.1 Count: 253
tcpxo-wb-0:157:741 [0] NCCL INFO Bucket 46005.1-55206.1 Count: 723
tcpxo-wb-0:157:741 [0] NCCL INFO Bucket 55206.1-66247.4 Count: 558
tcpxo-wb-0:157:741 [0] NCCL INFO Bucket 66247.4-79496.8 Count: 161
tcpxo-wb-0:157:741 [0] NCCL INFO Bucket 79496.8-95396.2 Count: 68
tcpxo-wb-0:157:741 [0] NCCL INFO Bucket 95396.2-114475 Count: 63
tcpxo-wb-0:157:741 [0] NCCL INFO Bucket 114475-137371 Count: 67
tcpxo-wb-0:157:741 [0] NCCL INFO Bucket 137371-164845 Count: 68
tcpxo-wb-0:157:741 [0] NCCL INFO Bucket 164845-197814 Count: 67
tcpxo-wb-0:157:741 [0] NCCL INFO Bucket 197814-237376 Count: 48
tcpxo-wb-0:157:741 [0] NCCL INFO Bucket 237376-284852 Count: 26
tcpxo-wb-0:157:741 [0] NCCL INFO Bucket 284852-341822 Count: 16
tcpxo-wb-0:157:741 [0] NCCL INFO Bucket 341822-410186 Count: 12
tcpxo-wb-0:157:741 [0] NCCL INFO Bucket 410186-492224 Count: 6
tcpxo-wb-0:157:741 [0] NCCL INFO Bucket 492224-590668 Count: 12
tcpxo-wb-0:157:741 [0] NCCL INFO Bucket 590668-708802 Count: 8
tcpxo-wb-0:157:741 [0] NCCL INFO Bucket 708802-850562 Count: 11
tcpxo-wb-0:157:741 [0] NCCL INFO Bucket 850562-1.02067e+06 Count: 4
tcpxo-wb-0:157:741 [0] NCCL INFO Bucket 1.02067e+06-1.22481e+06 Count: 17
tcpxo-wb-0:157:741 [0] NCCL INFO Bucket 1.22481e+06-1.46977e+06 Count: 19
tcpxo-wb-0:157:741 [0] NCCL INFO Bucket 1.46977e+06-1.76373e+06 Count: 7
tcpxo-wb-0:157:741 [0] NCCL INFO Bucket 1.76373e+06-2.11647e+06 Count: 8
tcpxo-wb-0:157:741 [0] NCCL INFO Bucket 2.11647e+06-2.53977e+06 Count: 2
tcpxo-wb-0:157:741 [0] NCCL INFO Bucket 2.53977e+06-3.04772e+06 Count: 4
tcpxo-wb-0:157:741 [0] NCCL INFO Bucket 3.04772e+06-3.65726e+06 Count: 2
tcpxo-wb-0:157:741 [0] NCCL INFO Bucket 3.65726e+06-4.38871e+06 Count: 1
tcpxo-wb-0:157:741 [0] NCCL INFO Bucket 4.38871e+06-5.26646e+06 Count: 0
tcpxo-wb-0:157:741 [0] NCCL INFO Bucket 5.26646e+06-6.31975e+06 Count: 1
tcpxo-wb-0:157:741 [0] NCCL INFO Bucket 6.31975e+06-7.5837e+06 Count: 1
tcpxo-wb-0:157:741 [0] NCCL INFO Bucket 7.5837e+06-9.10044e+06 Count: 0
tcpxo-wb-0:157:741 [0] NCCL INFO Bucket 9.10044e+06-1.09205e+07 Count: 1
tcpxo-wb-0:157:741 [0] NCCL INFO NET/FasTrak 2026-08-02T13:31:22.379548575+00:00: DeregMr host memory for 0x78af6c0a4ed0 data:0x78af57d04000 size:524288.
tcpxo-wb-0:157:741 [0] NCCL INFO NET/FasTrak 2026-08-02T13:31:22.379551047+00:00: DeregMr[netdev=0] CUDA memory for comm 0x78af6c0a4ed0 with handle:8653318625366213446 data:0x78afa0200000 size:4915200.
tcpxo-wb-0:157:741 [0] NCCL INFO NET/FasTrak 2026-08-02T13:31:22.380518747+00:00: DeregMr[netdev=0] CUDA memory for comm 0x78af6c0a4ed0 with handle:8653318625366214277 data:0x78afa06b0000 size:8388608.
tcpxo-wb-0:157:741 [0] NCCL INFO NET/FasTrak 2026-08-02T13:31:22.381893874+00:00: Closing Send comm 0x78af6c0a4ed0
tcpxo-wb-0:157:741 [0] NCCL INFO NET/FasTrak 2026-08-02T13:31:22.381901432+00:00: COMM STATS:
tcpxo-wb-0:157:741 [0] NCCL INFO request/offload_scheduled: 2560
tcpxo-wb-0:157:741 [0] NCCL INFO request/offload_completed: 2560
tcpxo-wb-0:157:741 [0] NCCL INFO request/offload_backlog_curr: 0
tcpxo-wb-0:157:741 [0] NCCL INFO request/offload_backlog_peak: 7
tcpxo-wb-0:157:741 [0] NCCL INFO request/offload_size_distribution:
tcpxo-wb-0:157:741 [0] NCCL INFO Min: 65536
tcpxo-wb-0:157:741 [0] NCCL INFO Max: 131072
tcpxo-wb-0:157:741 [0] NCCL INFO Avg: 129024
tcpxo-wb-0:157:741 [0] NCCL INFO Bucket 0-63107.2 Count: 0
tcpxo-wb-0:157:741 [0] NCCL INFO Bucket 63107.2-75728.6 Count: 80
tcpxo-wb-0:157:741 [0] NCCL INFO Bucket 75728.6-130859 Count: 0
tcpxo-wb-0:157:741 [0] NCCL INFO Bucket 130859-157031 Count: 2480
tcpxo-wb-0:157:741 [0] NCCL INFO Bucket 157031-2.41938e+06 Count: 0
tcpxo-wb-0:157:741 [0] NCCL INFO request/offload_duration_distribution:
tcpxo-wb-0:157:741 [0] NCCL INFO Min: 37549
tcpxo-wb-0:157:741 [0] NCCL INFO Max: 929548
tcpxo-wb-0:157:741 [0] NCCL INFO Avg: 248459
tcpxo-wb-0:157:741 [0] NCCL INFO Bucket 0-35831.8 Count: 0
tcpxo-wb-0:157:741 [0] NCCL INFO Bucket 35831.8-42998.2 Count: 37
tcpxo-wb-0:157:741 [0] NCCL INFO Bucket 42998.2-51597.8 Count: 144
tcpxo-wb-0:157:741 [0] NCCL INFO Bucket 51597.8-61917.4 Count: 143
tcpxo-wb-0:157:741 [0] NCCL INFO Bucket 61917.4-74300.8 Count: 86
tcpxo-wb-0:157:741 [0] NCCL INFO Bucket 74300.8-89161 Count: 85
tcpxo-wb-0:157:741 [0] NCCL INFO Bucket 89161-106993 Count: 81
tcpxo-wb-0:157:741 [0] NCCL INFO Bucket 106993-128392 Count: 135
tcpxo-wb-0:157:741 [0] NCCL INFO Bucket 128392-154070 Count: 136
tcpxo-wb-0:157:741 [0] NCCL INFO Bucket 154070-184884 Count: 138
tcpxo-wb-0:157:741 [0] NCCL INFO Bucket 184884-221861 Count: 206
tcpxo-wb-0:157:741 [0] NCCL INFO Bucket 221861-266233 Count: 334
tcpxo-wb-0:157:741 [0] NCCL INFO Bucket 266233-319480 Count: 324
tcpxo-wb-0:157:741 [0] NCCL INFO Bucket 319480-383376 Count: 243
tcpxo-wb-0:157:741 [0] NCCL INFO Bucket 383376-460051 Count: 194
tcpxo-wb-0:157:741 [0] NCCL INFO Bucket 460051-552061 Count: 152
tcpxo-wb-0:157:741 [0] NCCL INFO Bucket 552061-662474 Count: 82
tcpxo-wb-0:157:741 [0] NCCL INFO Bucket 662474-794968 Count: 27
tcpxo-wb-0:157:741 [0] NCCL INFO Bucket 794968-953962 Count: 13
tcpxo-wb-0:157:741 [0] NCCL INFO Bucket 953962-1.02067e+07 Count: 0
tcpxo-wb-0:157:741 [0] NCCL INFO request/unpack_duration_distribution:
tcpxo-wb-0:157:741 [0] NCCL INFO Bucket 0-1.09205e+07 Count: 0
tcpxo-wb-0:157:741 [0] NCCL INFO request/offload_complete_age_distribution:
tcpxo-wb-0:157:741 [0] NCCL INFO Min: 83
tcpxo-wb-0:157:741 [0] NCCL INFO Max: 557973
tcpxo-wb-0:157:741 [0] NCCL INFO Avg: 20107.8
tcpxo-wb-0:157:741 [0] NCCL INFO Bucket 0-100 Count: 28
tcpxo-wb-0:157:741 [0] NCCL INFO Bucket 100-120 Count: 60
tcpxo-wb-0:157:741 [0] NCCL INFO Bucket 120-144 Count: 4
tcpxo-wb-0:157:741 [0] NCCL INFO Bucket 144-172.8 Count: 1
tcpxo-wb-0:157:741 [0] NCCL INFO Bucket 172.8-207.36 Count: 0
tcpxo-wb-0:157:741 [0] NCCL INFO Bucket 207.36-248.832 Count: 14
tcpxo-wb-0:157:741 [0] NCCL INFO Bucket 248.832-298.598 Count: 37
tcpxo-wb-0:157:741 [0] NCCL INFO Bucket 298.598-358.318 Count: 13
tcpxo-wb-0:157:741 [0] NCCL INFO Bucket 358.318-429.982 Count: 35
tcpxo-wb-0:157:741 [0] NCCL INFO Bucket 429.982-515.978 Count: 26
tcpxo-wb-0:157:741 [0] NCCL INFO Bucket 515.978-619.174 Count: 30
tcpxo-wb-0:157:741 [0] NCCL INFO Bucket 619.174-743.008 Count: 33
tcpxo-wb-0:157:741 [0] NCCL INFO Bucket 743.008-891.61 Count: 26
tcpxo-wb-0:157:741 [0] NCCL INFO Bucket 891.61-1069.93 Count: 50
tcpxo-wb-0:157:741 [0] NCCL INFO Bucket 1069.93-1283.92 Count: 62
tcpxo-wb-0:157:741 [0] NCCL INFO Bucket 1283.92-1540.7 Count: 59
tcpxo-wb-0:157:741 [0] NCCL INFO Bucket 1540.7-1848.84 Count: 89
tcpxo-wb-0:157:741 [0] NCCL INFO Bucket 1848.84-2218.61 Count: 106
tcpxo-wb-0:157:741 [0] NCCL INFO Bucket 2218.61-2662.33 Count: 128
tcpxo-wb-0:157:741 [0] NCCL INFO Bucket 2662.33-3194.8 Count: 133
tcpxo-wb-0:157:741 [0] NCCL INFO Bucket 3194.8-3833.76 Count: 158
tcpxo-wb-0:157:741 [0] NCCL INFO Bucket 3833.76-4600.51 Count: 181
tcpxo-wb-0:157:741 [0] NCCL INFO Bucket 4600.51-5520.61 Count: 190
tcpxo-wb-0:157:741 [0] NCCL INFO Bucket 5520.61-6624.74 Count: 165
tcpxo-wb-0:157:741 [0] NCCL INFO Bucket 6624.74-7949.68 Count: 130
tcpxo-wb-0:157:741 [0] NCCL INFO Bucket 7949.68-9539.62 Count: 81
tcpxo-wb-0:157:741 [0] NCCL INFO Bucket 9539.62-11447.5 Count: 62
tcpxo-wb-0:157:741 [0] NCCL INFO Bucket 11447.5-13737.1 Count: 68
tcpxo-wb-0:157:741 [0] NCCL INFO Bucket 13737.1-16484.5 Count: 58
tcpxo-wb-0:157:741 [0] NCCL INFO Bucket 16484.5-19781.4 Count: 49
tcpxo-wb-0:157:741 [0] NCCL INFO Bucket 19781.4-23737.6 Count: 36
tcpxo-wb-0:157:741 [0] NCCL INFO Bucket 23737.6-28485.2 Count: 38
tcpxo-wb-0:157:741 [0] NCCL INFO Bucket 28485.2-34182.2 Count: 32
tcpxo-wb-0:157:741 [0] NCCL INFO Bucket 34182.2-41018.6 Count: 45
tcpxo-wb-0:157:741 [0] NCCL INFO Bucket 41018.6-49222.4 Count: 44
tcpxo-wb-0:157:741 [0] NCCL INFO Bucket 49222.4-59066.8 Count: 289
tcpxo-wb-0:157:741 [0] NCCL INFO request/unpack_num_iovs_distribution:
tcpxo-wb-0:157:741 [0] NCCL INFO Bucket 0-2116.47 Count: 0
tcpxo-wb-0:157:741 [0] NCCL INFO request/offload_interval_distribution:
tcpxo-wb-0:157:741 [0] NCCL INFO Min: 5967
tcpxo-wb-0:157:741 [0] NCCL INFO Max: 1.40143e+08
tcpxo-wb-0:157:741 [0] NCCL INFO Avg: 174271
tcpxo-wb-0:157:741 [0] NCCL INFO Bucket 0-5159.78 Count: 0
tcpxo-wb-0:157:741 [0] NCCL INFO Bucket 5159.78-6191.74 Count: 1
tcpxo-wb-0:157:741 [0] NCCL INFO Bucket 6191.74-7430.08 Count: 0
tcpxo-wb-0:157:741 [0] NCCL INFO Bucket 7430.08-8916.1 Count: 2
tcpxo-wb-0:157:741 [0] NCCL INFO Bucket 8916.1-12839.2 Count: 0
tcpxo-wb-0:157:741 [0] NCCL INFO Bucket 12839.2-15407 Count: 5
tcpxo-wb-0:157:741 [0] NCCL INFO Bucket 15407-18488.4 Count: 16
tcpxo-wb-0:157:741 [0] NCCL INFO Bucket 18488.4-22186.1 Count: 41
tcpxo-wb-0:157:741 [0] NCCL INFO Bucket 22186.1-26623.3 Count: 128
tcpxo-wb-0:157:741 [0] NCCL INFO Bucket 26623.3-31948 Count: 202
tcpxo-wb-0:157:741 [0] NCCL INFO Bucket 31948-38337.6 Count: 268
tcpxo-wb-0:157:741 [0] NCCL INFO Bucket 38337.6-46005.1 Count: 402
tcpxo-wb-0:157:741 [0] NCCL INFO Bucket 46005.1-55206.1 Count: 347
tcpxo-wb-0:157:741 [0] NCCL INFO Bucket 55206.1-66247.4 Count: 198
tcpxo-wb-0:157:741 [0] NCCL INFO Bucket 66247.4-79496.8 Count: 116
tcpxo-wb-0:157:741 [0] NCCL INFO Bucket 79496.8-95396.2 Count: 124
tcpxo-wb-0:157:741 [0] NCCL INFO Bucket 95396.2-114475 Count: 103
tcpxo-wb-0:157:741 [0] NCCL INFO Bucket 114475-137371 Count: 101
tcpxo-wb-0:157:741 [0] NCCL INFO Bucket 137371-164845 Count: 82
tcpxo-wb-0:157:741 [0] NCCL INFO Bucket 164845-197814 Count: 68
tcpxo-wb-0:157:741 [0] NCCL INFO Bucket 197814-237376 Count: 65
tcpxo-wb-0:157:741 [0] NCCL INFO Bucket 237376-284852 Count: 74
tcpxo-wb-0:157:741 [0] NCCL INFO Bucket 284852-341822 Count: 33
tcpxo-wb-0:157:741 [0] NCCL INFO Bucket 341822-410186 Count: 52
tcpxo-wb-0:157:741 [0] NCCL INFO Bucket 410186-492224 Count: 36
tcpxo-wb-0:157:741 [0] NCCL INFO Bucket 492224-590668 Count: 27
tcpxo-wb-0:157:741 [0] NCCL INFO Bucket 590668-708802 Count: 19
tcpxo-wb-0:157:741 [0] NCCL INFO Bucket 708802-850562 Count: 13
tcpxo-wb-0:157:741 [0] NCCL INFO Bucket 850562-1.02067e+06 Count: 14
tcpxo-wb-0:157:741 [0] NCCL INFO Bucket 1.02067e+06-1.22481e+06 Count: 10
tcpxo-wb-0:157:741 [0] NCCL INFO Bucket 1.22481e+06-1.46977e+06 Count: 5
tcpxo-wb-0:157:741 [0] NCCL INFO Bucket 1.46977e+06-1.76373e+06 Count: 1
tcpxo-wb-0:157:741 [0] NCCL INFO Bucket 1.76373e+06-2.11647e+06 Count: 1
tcpxo-wb-0:157:741 [0] NCCL INFO Bucket 2.11647e+06-3.04772e+06 Count: 0
tcpxo-wb-0:157:741 [0] NCCL INFO Bucket 3.04772e+06-3.65726e+06 Count: 2
tcpxo-wb-0:157:741 [0] NCCL INFO Bucket 3.65726e+06-4.38871e+06 Count: 0
tcpxo-wb-0:157:741 [0] NCCL INFO Bucket 4.38871e+06-5.26646e+06 Count: 2
tcpxo-wb-0:157:741 [0] NCCL INFO Bucket 5.26646e+06-6.31975e+06 Count: 0
tcpxo-wb-0:157:741 [0] NCCL INFO Bucket 6.31975e+06-7.5837e+06 Count: 1
tcpxo-wb-0:157:741 [0] NCCL INFO Bucket 7.5837e+06-9.10044e+06 Count: 0
tcpxo-wb-0:157:741 [0] NCCL INFO Bucket 9.10044e+06-1.09205e+07 Count: 1
tcpxo-wb-0:157:741 [0] NCCL INFO NET/FasTrak 2026-08-02T13:31:22.381978046+00:00: DeregMr host memory for 0x78af6c0a8840 data:0x78af57e00000 size:524288.
tcpxo-wb-0:157:741 [0] NCCL INFO NET/FasTrak 2026-08-02T13:31:22.381980922+00:00: DeregMr[netdev=0] CUDA memory for comm 0x78af6c0a8840 with handle:8653318625366215108 data:0x78afa1000000 size:4915200.
tcpxo-wb-0:157:741 [0] NCCL INFO NET/FasTrak 2026-08-02T13:31:22.382667345+00:00: DeregMr[netdev=0] CUDA memory for comm 0x78af6c0a8840 with handle:8653318625366215939 data:0x78afa14b0000 size:8388608.
tcpxo-wb-0:157:741 [0] NCCL INFO NET/FasTrak 2026-08-02T13:31:22.383889756+00:00: Closing Send comm 0x78af6c0a8840
tcpxo-wb-0:157:741 [0] NCCL INFO NET/FasTrak 2026-08-02T13:31:22.383894602+00:00: COMM STATS:
tcpxo-wb-0:157:741 [0] NCCL INFO request/offload_scheduled: 2560
tcpxo-wb-0:157:741 [0] NCCL INFO request/offload_completed: 2560
tcpxo-wb-0:157:741 [0] NCCL INFO request/offload_backlog_curr: 0
tcpxo-wb-0:157:741 [0] NCCL INFO request/offload_backlog_peak: 7
tcpxo-wb-0:157:741 [0] NCCL INFO request/offload_size_distribution:
tcpxo-wb-0:157:741 [0] NCCL INFO Min: 65536
tcpxo-wb-0:157:741 [0] NCCL INFO Max: 131072
tcpxo-wb-0:157:741 [0] NCCL INFO Avg: 129024
tcpxo-wb-0:157:741 [0] NCCL INFO Bucket 0-63107.2 Count: 0
tcpxo-wb-0:157:741 [0] NCCL INFO Bucket 63107.2-75728.6 Count: 80
tcpxo-wb-0:157:741 [0] NCCL INFO Bucket 75728.6-130859 Count: 0
tcpxo-wb-0:157:741 [0] NCCL INFO Bucket 130859-157031 Count: 2480
tcpxo-wb-0:157:741 [0] NCCL INFO Bucket 157031-2.41938e+06 Count: 0
tcpxo-wb-0:157:741 [0] NCCL INFO request/offload_duration_distribution:
tcpxo-wb-0:157:741 [0] NCCL INFO Min: 38290
tcpxo-wb-0:157:741 [0] NCCL INFO Max: 993185
tcpxo-wb-0:157:741 [0] NCCL INFO Avg: 450124
tcpxo-wb-0:157:741 [0] NCCL INFO Bucket 0-35831.8 Count: 0
tcpxo-wb-0:157:741 [0] NCCL INFO Bucket 35831.8-42998.2 Count: 4
tcpxo-wb-0:157:741 [0] NCCL INFO Bucket 42998.2-51597.8 Count: 13
tcpxo-wb-0:157:741 [0] NCCL INFO Bucket 51597.8-61917.4 Count: 22
tcpxo-wb-0:157:741 [0] NCCL INFO Bucket 61917.4-74300.8 Count: 75
tcpxo-wb-0:157:741 [0] NCCL INFO Bucket 74300.8-89161 Count: 79
tcpxo-wb-0:157:741 [0] NCCL INFO Bucket 89161-106993 Count: 82
tcpxo-wb-0:157:741 [0] NCCL INFO Bucket 106993-128392 Count: 78
tcpxo-wb-0:157:741 [0] NCCL INFO Bucket 128392-154070 Count: 55
tcpxo-wb-0:157:741 [0] NCCL INFO Bucket 154070-184884 Count: 48
tcpxo-wb-0:157:741 [0] NCCL INFO Bucket 184884-221861 Count: 63
tcpxo-wb-0:157:741 [0] NCCL INFO Bucket 221861-266233 Count: 90
tcpxo-wb-0:157:741 [0] NCCL INFO Bucket 266233-319480 Count: 90
tcpxo-wb-0:157:741 [0] NCCL INFO Bucket 319480-383376 Count: 136
tcpxo-wb-0:157:741 [0] NCCL INFO Bucket 383376-460051 Count: 299
tcpxo-wb-0:157:741 [0] NCCL INFO Bucket 460051-552061 Count: 500
tcpxo-wb-0:157:741 [0] NCCL INFO Bucket 552061-662474 Count: 524
tcpxo-wb-0:157:741 [0] NCCL INFO Bucket 662474-794968 Count: 297
tcpxo-wb-0:157:741 [0] NCCL INFO Bucket 794968-953962 Count: 103
tcpxo-wb-0:157:741 [0] NCCL INFO Bucket 953962-1.14475e+06 Count: 2
tcpxo-wb-0:157:741 [0] NCCL INFO Bucket 1.14475e+06-1.02067e+07 Count: 0
tcpxo-wb-0:157:741 [0] NCCL INFO request/unpack_duration_distribution:
tcpxo-wb-0:157:741 [0] NCCL INFO Bucket 0-1.09205e+07 Count: 0
tcpxo-wb-0:157:741 [0] NCCL INFO request/offload_complete_age_distribution:
tcpxo-wb-0:157:741 [0] NCCL INFO Min: 83
tcpxo-wb-0:157:741 [0] NCCL INFO Max: 583291
tcpxo-wb-0:157:741 [0] NCCL INFO Avg: 75053.2
tcpxo-wb-0:157:741 [0] NCCL INFO Bucket 0-100 Count: 15
tcpxo-wb-0:157:741 [0] NCCL INFO Bucket 100-120 Count: 33
tcpxo-wb-0:157:741 [0] NCCL INFO Bucket 120-144 Count: 1
tcpxo-wb-0:157:741 [0] NCCL INFO Bucket 144-207.36 Count: 0
tcpxo-wb-0:157:741 [0] NCCL INFO Bucket 207.36-248.832 Count: 13
tcpxo-wb-0:157:741 [0] NCCL INFO Bucket 248.832-298.598 Count: 27
tcpxo-wb-0:157:741 [0] NCCL INFO Bucket 298.598-358.318 Count: 10
tcpxo-wb-0:157:741 [0] NCCL INFO Bucket 358.318-429.982 Count: 24
tcpxo-wb-0:157:741 [0] NCCL INFO Bucket 429.982-515.978 Count: 16
tcpxo-wb-0:157:741 [0] NCCL INFO Bucket 515.978-619.174 Count: 26
tcpxo-wb-0:157:741 [0] NCCL INFO Bucket 619.174-743.008 Count: 19
tcpxo-wb-0:157:741 [0] NCCL INFO Bucket 743.008-891.61 Count: 41
tcpxo-wb-0:157:741 [0] NCCL INFO Bucket 891.61-1069.93 Count: 39
tcpxo-wb-0:157:741 [0] NCCL INFO Bucket 1069.93-1283.92 Count: 42
tcpxo-wb-0:157:741 [0] NCCL INFO Bucket 1283.92-1540.7 Count: 55
tcpxo-wb-0:157:741 [0] NCCL INFO Bucket 1540.7-1848.84 Count: 61
tcpxo-wb-0:157:741 [0] NCCL INFO Bucket 1848.84-2218.61 Count: 72
tcpxo-wb-0:157:741 [0] NCCL INFO Bucket 2218.61-2662.33 Count: 87
tcpxo-wb-0:157:741 [0] NCCL INFO Bucket 2662.33-3194.8 Count: 124
tcpxo-wb-0:157:741 [0] NCCL INFO Bucket 3194.8-3833.76 Count: 133
tcpxo-wb-0:157:741 [0] NCCL INFO Bucket 3833.76-4600.51 Count: 153
tcpxo-wb-0:157:741 [0] NCCL INFO Bucket 4600.51-5520.61 Count: 150
tcpxo-wb-0:157:741 [0] NCCL INFO Bucket 5520.61-6624.74 Count: 152
tcpxo-wb-0:157:741 [0] NCCL INFO Bucket 6624.74-7949.68 Count: 98
tcpxo-wb-0:157:741 [0] NCCL INFO Bucket 7949.68-9539.62 Count: 69
tcpxo-wb-0:157:741 [0] NCCL INFO Bucket 9539.62-11447.5 Count: 39
tcpxo-wb-0:157:741 [0] NCCL INFO Bucket 11447.5-13737.1 Count: 42
tcpxo-wb-0:157:741 [0] NCCL INFO Bucket 13737.1-16484.5 Count: 37
tcpxo-wb-0:157:741 [0] NCCL INFO Bucket 16484.5-19781.4 Count: 34
tcpxo-wb-0:157:741 [0] NCCL INFO Bucket 19781.4-23737.6 Count: 18
tcpxo-wb-0:157:741 [0] NCCL INFO Bucket 23737.6-28485.2 Count: 21
tcpxo-wb-0:157:741 [0] NCCL INFO Bucket 28485.2-34182.2 Count: 18
tcpxo-wb-0:157:741 [0] NCCL INFO Bucket 34182.2-41018.6 Count: 18
tcpxo-wb-0:157:741 [0] NCCL INFO Bucket 41018.6-49222.4 Count: 25
tcpxo-wb-0:157:741 [0] NCCL INFO Bucket 49222.4-59066.8 Count: 848
tcpxo-wb-0:157:741 [0] NCCL INFO request/unpack_num_iovs_distribution:
tcpxo-wb-0:157:741 [0] NCCL INFO Bucket 0-2116.47 Count: 0
tcpxo-wb-0:157:741 [0] NCCL INFO request/offload_interval_distribution:
tcpxo-wb-0:157:741 [0] NCCL INFO Min: 6435
tcpxo-wb-0:157:741 [0] NCCL INFO Max: 1.39947e+08
tcpxo-wb-0:157:741 [0] NCCL INFO Avg: 173987
tcpxo-wb-0:157:741 [0] NCCL INFO Bucket 0-6191.74 Count: 0
tcpxo-wb-0:157:741 [0] NCCL INFO Bucket 6191.74-7430.08 Count: 4
tcpxo-wb-0:157:741 [0] NCCL INFO Bucket 7430.08-8916.1 Count: 9
tcpxo-wb-0:157:741 [0] NCCL INFO Bucket 8916.1-10699.3 Count: 18
tcpxo-wb-0:157:741 [0] NCCL INFO Bucket 10699.3-12839.2 Count: 15
tcpxo-wb-0:157:741 [0] NCCL INFO Bucket 12839.2-15407 Count: 31
tcpxo-wb-0:157:741 [0] NCCL INFO Bucket 15407-18488.4 Count: 68
tcpxo-wb-0:157:741 [0] NCCL INFO Bucket 18488.4-22186.1 Count: 119
tcpxo-wb-0:157:741 [0] NCCL INFO Bucket 22186.1-26623.3 Count: 230
tcpxo-wb-0:157:741 [0] NCCL INFO Bucket 26623.3-31948 Count: 161
tcpxo-wb-0:157:741 [0] NCCL INFO Bucket 31948-38337.6 Count: 95
tcpxo-wb-0:157:741 [0] NCCL INFO Bucket 38337.6-46005.1 Count: 215
tcpxo-wb-0:157:741 [0] NCCL INFO Bucket 46005.1-55206.1 Count: 465
tcpxo-wb-0:157:741 [0] NCCL INFO Bucket 55206.1-66247.4 Count: 381
tcpxo-wb-0:157:741 [0] NCCL INFO Bucket 66247.4-79496.8 Count: 97
tcpxo-wb-0:157:741 [0] NCCL INFO Bucket 79496.8-95396.2 Count: 63
tcpxo-wb-0:157:741 [0] NCCL INFO Bucket 95396.2-114475 Count: 72
tcpxo-wb-0:157:741 [0] NCCL INFO Bucket 114475-137371 Count: 93
tcpxo-wb-0:157:741 [0] NCCL INFO Bucket 137371-164845 Count: 93
tcpxo-wb-0:157:741 [0] NCCL INFO Bucket 164845-197814 Count: 81
tcpxo-wb-0:157:741 [0] NCCL INFO Bucket 197814-237376 Count: 68
tcpxo-wb-0:157:741 [0] NCCL INFO Bucket 237376-284852 Count: 35
tcpxo-wb-0:157:741 [0] NCCL INFO Bucket 284852-341822 Count: 30
tcpxo-wb-0:157:741 [0] NCCL INFO Bucket 341822-410186 Count: 12
tcpxo-wb-0:157:741 [0] NCCL INFO Bucket 410186-492224 Count: 8
tcpxo-wb-0:157:741 [0] NCCL INFO Bucket 492224-590668 Count: 11
tcpxo-wb-0:157:741 [0] NCCL INFO Bucket 590668-708802 Count: 7
tcpxo-wb-0:157:741 [0] NCCL INFO Bucket 708802-850562 Count: 12
tcpxo-wb-0:157:741 [0] NCCL INFO Bucket 850562-1.02067e+06 Count: 10
tcpxo-wb-0:157:741 [0] NCCL INFO Bucket 1.02067e+06-1.22481e+06 Count: 14
tcpxo-wb-0:157:741 [0] NCCL INFO Bucket 1.22481e+06-1.46977e+06 Count: 10
tcpxo-wb-0:157:741 [0] NCCL INFO Bucket 1.46977e+06-1.76373e+06 Count: 11
tcpxo-wb-0:157:741 [0] NCCL INFO Bucket 1.76373e+06-2.11647e+06 Count: 13
tcpxo-wb-0:157:741 [0] NCCL INFO Bucket 2.11647e+06-2.53977e+06 Count: 3
tcpxo-wb-0:157:741 [0] NCCL INFO Bucket 2.53977e+06-3.04772e+06 Count: 0
tcpxo-wb-0:157:741 [0] NCCL INFO Bucket 3.04772e+06-3.65726e+06 Count: 2
tcpxo-wb-0:157:741 [0] NCCL INFO Bucket 3.65726e+06-4.38871e+06 Count: 1
tcpxo-wb-0:157:741 [0] NCCL INFO Bucket 4.38871e+06-5.26646e+06 Count: 1
tcpxo-wb-0:157:741 [0] NCCL INFO Bucket 5.26646e+06-6.31975e+06 Count: 0
tcpxo-wb-0:157:741 [0] NCCL INFO Bucket 6.31975e+06-7.5837e+06 Count: 1
tcpxo-wb-0:157:741 [0] NCCL INFO Bucket 7.5837e+06-9.10044e+06 Count: 0
tcpxo-wb-0:157:741 [0] NCCL INFO Bucket 9.10044e+06-1.09205e+07 Count: 1
tcpxo-wb-0:157:741 [0] NCCL INFO NET/FasTrak 2026-08-02T13:31:22.383970348+00:00: DeregMr host memory for 0x78af6c0abf40 data:0x78af57e82000 size:524288.
tcpxo-wb-0:157:741 [0] NCCL INFO NET/FasTrak 2026-08-02T13:31:22.383973005+00:00: DeregMr[netdev=0] CUDA memory for comm 0x78af6c0abf40 with handle:8653318625366212674 data:0x78afa1e00000 size:4915200.
tcpxo-wb-0:157:741 [0] NCCL INFO NET/FasTrak 2026-08-02T13:31:22.384760698+00:00: DeregMr[netdev=0] CUDA memory for comm 0x78af6c0abf40 with handle:8653318625366213505 data:0x78afa22b0000 size:8388608.
tcpxo-wb-0:157:741 [0] NCCL INFO NET/FasTrak 2026-08-02T13:31:22.386206569+00:00: Closing Send comm 0x78af6c0abf40
tcpxo-wb-0:157:741 [0] NCCL INFO NET/FasTrak 2026-08-02T13:31:22.386211593+00:00: COMM STATS:
tcpxo-wb-0:157:741 [0] NCCL INFO request/offload_scheduled: 2560
tcpxo-wb-0:157:741 [0] NCCL INFO request/offload_completed: 2560
tcpxo-wb-0:157:741 [0] NCCL INFO request/offload_backlog_curr: 0
tcpxo-wb-0:157:741 [0] NCCL INFO request/offload_backlog_peak: 7
tcpxo-wb-0:157:741 [0] NCCL INFO request/offload_size_distribution:
tcpxo-wb-0:157:741 [0] NCCL INFO Min: 65536
tcpxo-wb-0:157:741 [0] NCCL INFO Max: 131072
tcpxo-wb-0:157:741 [0] NCCL INFO Avg: 129024
tcpxo-wb-0:157:741 [0] NCCL INFO Bucket 0-63107.2 Count: 0
tcpxo-wb-0:157:741 [0] NCCL INFO Bucket 63107.2-75728.6 Count: 80
tcpxo-wb-0:157:741 [0] NCCL INFO Bucket 75728.6-130859 Count: 0
tcpxo-wb-0:157:741 [0] NCCL INFO Bucket 130859-157031 Count: 2480
tcpxo-wb-0:157:741 [0] NCCL INFO Bucket 157031-2.41938e+06 Count: 0
tcpxo-wb-0:157:741 [0] NCCL INFO request/offload_duration_distribution:
tcpxo-wb-0:157:741 [0] NCCL INFO Min: 33645
tcpxo-wb-0:157:741 [0] NCCL INFO Max: 1.27328e+06
tcpxo-wb-0:157:741 [0] NCCL INFO Avg: 443751
tcpxo-wb-0:157:741 [0] NCCL INFO Bucket 0-29859.8 Count: 0
tcpxo-wb-0:157:741 [0] NCCL INFO Bucket 29859.8-35831.8 Count: 1
tcpxo-wb-0:157:741 [0] NCCL INFO Bucket 35831.8-42998.2 Count: 13
tcpxo-wb-0:157:741 [0] NCCL INFO Bucket 42998.2-51597.8 Count: 60
tcpxo-wb-0:157:741 [0] NCCL INFO Bucket 51597.8-61917.4 Count: 97
tcpxo-wb-0:157:741 [0] NCCL INFO Bucket 61917.4-74300.8 Count: 84
tcpxo-wb-0:157:741 [0] NCCL INFO Bucket 74300.8-89161 Count: 75
tcpxo-wb-0:157:741 [0] NCCL INFO Bucket 89161-106993 Count: 91
tcpxo-wb-0:157:741 [0] NCCL INFO Bucket 106993-128392 Count: 97
tcpxo-wb-0:157:741 [0] NCCL INFO Bucket 128392-154070 Count: 105
tcpxo-wb-0:157:741 [0] NCCL INFO Bucket 154070-184884 Count: 100
tcpxo-wb-0:157:741 [0] NCCL INFO Bucket 184884-221861 Count: 117
tcpxo-wb-0:157:741 [0] NCCL INFO Bucket 221861-266233 Count: 108
tcpxo-wb-0:157:741 [0] NCCL INFO Bucket 266233-319480 Count: 129
tcpxo-wb-0:157:741 [0] NCCL INFO Bucket 319480-383376 Count: 126
tcpxo-wb-0:157:741 [0] NCCL INFO Bucket 383376-460051 Count: 155
tcpxo-wb-0:157:741 [0] NCCL INFO Bucket 460051-552061 Count: 221
tcpxo-wb-0:157:741 [0] NCCL INFO Bucket 552061-662474 Count: 265
tcpxo-wb-0:157:741 [0] NCCL INFO Bucket 662474-794968 Count: 339
tcpxo-wb-0:157:741 [0] NCCL INFO Bucket 794968-953962 Count: 249
tcpxo-wb-0:157:741 [0] NCCL INFO Bucket 953962-1.14475e+06 Count: 122
tcpxo-wb-0:157:741 [0] NCCL INFO Bucket 1.14475e+06-1.37371e+06 Count: 6
tcpxo-wb-0:157:741 [0] NCCL INFO Bucket 1.37371e+06-1.02067e+07 Count: 0
tcpxo-wb-0:157:741 [0] NCCL INFO request/unpack_duration_distribution:
tcpxo-wb-0:157:741 [0] NCCL INFO Bucket 0-1.09205e+07 Count: 0
tcpxo-wb-0:157:741 [0] NCCL INFO request/offload_complete_age_distribution:
tcpxo-wb-0:157:741 [0] NCCL INFO Min: 88
tcpxo-wb-0:157:741 [0] NCCL INFO Max: 1.03333e+06
tcpxo-wb-0:157:741 [0] NCCL INFO Avg: 137941
tcpxo-wb-0:157:741 [0] NCCL INFO Bucket 0-100 Count: 17
tcpxo-wb-0:157:741 [0] NCCL INFO Bucket 100-120 Count: 40
tcpxo-wb-0:157:741 [0] NCCL INFO Bucket 120-144 Count: 0
tcpxo-wb-0:157:741 [0] NCCL INFO Bucket 144-172.8 Count: 2
tcpxo-wb-0:157:741 [0] NCCL INFO Bucket 172.8-207.36 Count: 0
tcpxo-wb-0:157:741 [0] NCCL INFO Bucket 207.36-248.832 Count: 5
tcpxo-wb-0:157:741 [0] NCCL INFO Bucket 248.832-298.598 Count: 38
tcpxo-wb-0:157:741 [0] NCCL INFO Bucket 298.598-358.318 Count: 10
tcpxo-wb-0:157:741 [0] NCCL INFO Bucket 358.318-429.982 Count: 18
tcpxo-wb-0:157:741 [0] NCCL INFO Bucket 429.982-515.978 Count: 22
tcpxo-wb-0:157:741 [0] NCCL INFO Bucket 515.978-619.174 Count: 21
tcpxo-wb-0:157:741 [0] NCCL INFO Bucket 619.174-743.008 Count: 25
tcpxo-wb-0:157:741 [0] NCCL INFO Bucket 743.008-891.61 Count: 40
tcpxo-wb-0:157:741 [0] NCCL INFO Bucket 891.61-1069.93 Count: 43
tcpxo-wb-0:157:741 [0] NCCL INFO Bucket 1069.93-1283.92 Count: 49
tcpxo-wb-0:157:741 [0] NCCL INFO Bucket 1283.92-1540.7 Count: 68
tcpxo-wb-0:157:741 [0] NCCL INFO Bucket 1540.7-1848.84 Count: 86
tcpxo-wb-0:157:741 [0] NCCL INFO Bucket 1848.84-2218.61 Count: 83
tcpxo-wb-0:157:741 [0] NCCL INFO Bucket 2218.61-2662.33 Count: 103
tcpxo-wb-0:157:741 [0] NCCL INFO Bucket 2662.33-3194.8 Count: 112
tcpxo-wb-0:157:741 [0] NCCL INFO Bucket 3194.8-3833.76 Count: 108
tcpxo-wb-0:157:741 [0] NCCL INFO Bucket 3833.76-4600.51 Count: 144
tcpxo-wb-0:157:741 [0] NCCL INFO Bucket 4600.51-5520.61 Count: 140
tcpxo-wb-0:157:741 [0] NCCL INFO Bucket 5520.61-6624.74 Count: 128
tcpxo-wb-0:157:741 [0] NCCL INFO Bucket 6624.74-7949.68 Count: 102
tcpxo-wb-0:157:741 [0] NCCL INFO Bucket 7949.68-9539.62 Count: 67
tcpxo-wb-0:157:741 [0] NCCL INFO Bucket 9539.62-11447.5 Count: 38
tcpxo-wb-0:157:741 [0] NCCL INFO Bucket 11447.5-13737.1 Count: 39
tcpxo-wb-0:157:741 [0] NCCL INFO Bucket 13737.1-16484.5 Count: 36
tcpxo-wb-0:157:741 [0] NCCL INFO Bucket 16484.5-19781.4 Count: 23
tcpxo-wb-0:157:741 [0] NCCL INFO Bucket 19781.4-23737.6 Count: 20
tcpxo-wb-0:157:741 [0] NCCL INFO Bucket 23737.6-28485.2 Count: 16
tcpxo-wb-0:157:741 [0] NCCL INFO Bucket 28485.2-34182.2 Count: 15
tcpxo-wb-0:157:741 [0] NCCL INFO Bucket 34182.2-41018.6 Count: 17
tcpxo-wb-0:157:741 [0] NCCL INFO Bucket 41018.6-49222.4 Count: 15
tcpxo-wb-0:157:741 [0] NCCL INFO Bucket 49222.4-59066.8 Count: 870
tcpxo-wb-0:157:741 [0] NCCL INFO request/unpack_num_iovs_distribution:
tcpxo-wb-0:157:741 [0] NCCL INFO Bucket 0-2116.47 Count: 0
tcpxo-wb-0:157:741 [0] NCCL INFO request/offload_interval_distribution:
tcpxo-wb-0:157:741 [0] NCCL INFO Min: 8846
tcpxo-wb-0:157:741 [0] NCCL INFO Max: 1.40127e+08
tcpxo-wb-0:157:741 [0] NCCL INFO Avg: 174402
tcpxo-wb-0:157:741 [0] NCCL INFO Bucket 0-7430.08 Count: 0
tcpxo-wb-0:157:741 [0] NCCL INFO Bucket 7430.08-8916.1 Count: 2
tcpxo-wb-0:157:741 [0] NCCL INFO Bucket 8916.1-10699.3 Count: 2
tcpxo-wb-0:157:741 [0] NCCL INFO Bucket 10699.3-12839.2 Count: 3
tcpxo-wb-0:157:741 [0] NCCL INFO Bucket 12839.2-15407 Count: 7
tcpxo-wb-0:157:741 [0] NCCL INFO Bucket 15407-18488.4 Count: 26
tcpxo-wb-0:157:741 [0] NCCL INFO Bucket 18488.4-22186.1 Count: 48
tcpxo-wb-0:157:741 [0] NCCL INFO Bucket 22186.1-26623.3 Count: 139
tcpxo-wb-0:157:741 [0] NCCL INFO Bucket 26623.3-31948 Count: 166
tcpxo-wb-0:157:741 [0] NCCL INFO Bucket 31948-38337.6 Count: 226
tcpxo-wb-0:157:741 [0] NCCL INFO Bucket 38337.6-46005.1 Count: 304
tcpxo-wb-0:157:741 [0] NCCL INFO Bucket 46005.1-55206.1 Count: 269
tcpxo-wb-0:157:741 [0] NCCL INFO Bucket 55206.1-66247.4 Count: 248
tcpxo-wb-0:157:741 [0] NCCL INFO Bucket 66247.4-79496.8 Count: 168
tcpxo-wb-0:157:741 [0] NCCL INFO Bucket 79496.8-95396.2 Count: 131
tcpxo-wb-0:157:741 [0] NCCL INFO Bucket 95396.2-114475 Count: 159
tcpxo-wb-0:157:741 [0] NCCL INFO Bucket 114475-137371 Count: 132
tcpxo-wb-0:157:741 [0] NCCL INFO Bucket 137371-164845 Count: 119
tcpxo-wb-0:157:741 [0] NCCL INFO Bucket 164845-197814 Count: 100
tcpxo-wb-0:157:741 [0] NCCL INFO Bucket 197814-237376 Count: 86
tcpxo-wb-0:157:741 [0] NCCL INFO Bucket 237376-284852 Count: 57
tcpxo-wb-0:157:741 [0] NCCL INFO Bucket 284852-341822 Count: 44
tcpxo-wb-0:157:741 [0] NCCL INFO Bucket 341822-410186 Count: 24
tcpxo-wb-0:157:741 [0] NCCL INFO Bucket 410186-492224 Count: 11
tcpxo-wb-0:157:741 [0] NCCL INFO Bucket 492224-590668 Count: 11
tcpxo-wb-0:157:741 [0] NCCL INFO Bucket 590668-708802 Count: 15
tcpxo-wb-0:157:741 [0] NCCL INFO Bucket 708802-850562 Count: 25
tcpxo-wb-0:157:741 [0] NCCL INFO Bucket 850562-1.02067e+06 Count: 17
tcpxo-wb-0:157:741 [0] NCCL INFO Bucket 1.02067e+06-1.22481e+06 Count: 5
tcpxo-wb-0:157:741 [0] NCCL INFO Bucket 1.22481e+06-1.46977e+06 Count: 7
tcpxo-wb-0:157:741 [0] NCCL INFO Bucket 1.46977e+06-1.76373e+06 Count: 2
tcpxo-wb-0:157:741 [0] NCCL INFO Bucket 1.76373e+06-2.11647e+06 Count: 1
tcpxo-wb-0:157:741 [0] NCCL INFO Bucket 2.11647e+06-3.04772e+06 Count: 0
tcpxo-wb-0:157:741 [0] NCCL INFO Bucket 3.04772e+06-3.65726e+06 Count: 2
tcpxo-wb-0:157:741 [0] NCCL INFO Bucket 3.65726e+06-4.38871e+06 Count: 0
tcpxo-wb-0:157:741 [0] NCCL INFO Bucket 4.38871e+06-5.26646e+06 Count: 2
tcpxo-wb-0:157:741 [0] NCCL INFO Bucket 5.26646e+06-6.31975e+06 Count: 0
tcpxo-wb-0:157:741 [0] NCCL INFO Bucket 6.31975e+06-7.5837e+06 Count: 1
tcpxo-wb-0:157:741 [0] NCCL INFO Bucket 7.5837e+06-9.10044e+06 Count: 0
tcpxo-wb-0:157:741 [0] NCCL INFO Bucket 9.10044e+06-1.09205e+07 Count: 1
tcpxo-wb-0:157:741 [0] NCCL INFO NET/FasTrak 2026-08-02T13:31:22.386285658+00:00: DeregMr host memory for 0x78af6c0af440 data:0x78af57f04000 size:524288.
tcpxo-wb-0:157:741 [0] NCCL INFO NET/FasTrak 2026-08-02T13:31:22.386288241+00:00: DeregMr[netdev=0] CUDA memory for comm 0x78af6c0af440 with handle:8653318625366214336 data:0x78afa2c00000 size:4915200.
tcpxo-wb-0:157:741 [0] NCCL INFO NET/FasTrak 2026-08-02T13:31:22.386998108+00:00: DeregMr[netdev=0] CUDA memory for comm 0x78af6c0af440 with handle:8653318625366215167 data:0x78afa30b0000 size:8388608.
tcpxo-wb-0:157:741 [0] NCCL INFO NET/FasTrak 2026-08-02T13:31:22.388701743+00:00: Closing Send comm 0x78af6c0af440
tcpxo-wb-0:157:741 [0] NCCL INFO NET/FasTrak 2026-08-02T13:31:22.38870987+00:00: COMM STATS:
tcpxo-wb-0:157:741 [0] NCCL INFO request/offload_scheduled: 2560
tcpxo-wb-0:157:741 [0] NCCL INFO request/offload_completed: 2560
tcpxo-wb-0:157:741 [0] NCCL INFO request/offload_backlog_curr: 0
tcpxo-wb-0:157:741 [0] NCCL INFO request/offload_backlog_peak: 7
tcpxo-wb-0:157:741 [0] NCCL INFO request/offload_size_distribution:
tcpxo-wb-0:157:741 [0] NCCL INFO Min: 65536
tcpxo-wb-0:157:741 [0] NCCL INFO Max: 131072
tcpxo-wb-0:157:741 [0] NCCL INFO Avg: 129024
tcpxo-wb-0:157:741 [0] NCCL INFO Bucket 0-63107.2 Count: 0
tcpxo-wb-0:157:741 [0] NCCL INFO Bucket 63107.2-75728.6 Count: 80
tcpxo-wb-0:157:741 [0] NCCL INFO Bucket 75728.6-130859 Count: 0
tcpxo-wb-0:157:741 [0] NCCL INFO Bucket 130859-157031 Count: 2480
tcpxo-wb-0:157:741 [0] NCCL INFO Bucket 157031-2.41938e+06 Count: 0
tcpxo-wb-0:157:741 [0] NCCL INFO request/offload_duration_distribution:
tcpxo-wb-0:157:741 [0] NCCL INFO Min: 34719
tcpxo-wb-0:157:741 [0] NCCL INFO Max: 1.39389e+06
tcpxo-wb-0:157:741 [0] NCCL INFO Avg: 505273
tcpxo-wb-0:157:741 [0] NCCL INFO Bucket 0-29859.8 Count: 0
tcpxo-wb-0:157:741 [0] NCCL INFO Bucket 29859.8-35831.8 Count: 1
tcpxo-wb-0:157:741 [0] NCCL INFO Bucket 35831.8-42998.2 Count: 13
tcpxo-wb-0:157:741 [0] NCCL INFO Bucket 42998.2-51597.8 Count: 18
tcpxo-wb-0:157:741 [0] NCCL INFO Bucket 51597.8-61917.4 Count: 44
tcpxo-wb-0:157:741 [0] NCCL INFO Bucket 61917.4-74300.8 Count: 73
tcpxo-wb-0:157:741 [0] NCCL INFO Bucket 74300.8-89161 Count: 103
tcpxo-wb-0:157:741 [0] NCCL INFO Bucket 89161-106993 Count: 67
tcpxo-wb-0:157:741 [0] NCCL INFO Bucket 106993-128392 Count: 59
tcpxo-wb-0:157:741 [0] NCCL INFO Bucket 128392-154070 Count: 77
tcpxo-wb-0:157:741 [0] NCCL INFO Bucket 154070-184884 Count: 127
tcpxo-wb-0:157:741 [0] NCCL INFO Bucket 184884-221861 Count: 138
tcpxo-wb-0:157:741 [0] NCCL INFO Bucket 221861-266233 Count: 103
tcpxo-wb-0:157:741 [0] NCCL INFO Bucket 266233-319480 Count: 84
tcpxo-wb-0:157:741 [0] NCCL INFO Bucket 319480-383376 Count: 100
tcpxo-wb-0:157:741 [0] NCCL INFO Bucket 383376-460051 Count: 139
tcpxo-wb-0:157:741 [0] NCCL INFO Bucket 460051-552061 Count: 203
tcpxo-wb-0:157:741 [0] NCCL INFO Bucket 552061-662474 Count: 271
tcpxo-wb-0:157:741 [0] NCCL INFO Bucket 662474-794968 Count: 403
tcpxo-wb-0:157:741 [0] NCCL INFO Bucket 794968-953962 Count: 357
tcpxo-wb-0:157:741 [0] NCCL INFO Bucket 953962-1.14475e+06 Count: 159
tcpxo-wb-0:157:741 [0] NCCL INFO Bucket 1.14475e+06-1.37371e+06 Count: 19
tcpxo-wb-0:157:741 [0] NCCL INFO Bucket 1.37371e+06-1.64845e+06 Count: 2
tcpxo-wb-0:157:741 [0] NCCL INFO Bucket 1.64845e+06-1.02067e+07 Count: 0
tcpxo-wb-0:157:741 [0] NCCL INFO request/unpack_duration_distribution:
tcpxo-wb-0:157:741 [0] NCCL INFO Bucket 0-1.09205e+07 Count: 0
tcpxo-wb-0:157:741 [0] NCCL INFO request/offload_complete_age_distribution:
tcpxo-wb-0:157:741 [0] NCCL INFO Min: 84
tcpxo-wb-0:157:741 [0] NCCL INFO Max: 981294
tcpxo-wb-0:157:741 [0] NCCL INFO Avg: 132644
tcpxo-wb-0:157:741 [0] NCCL INFO Bucket 0-100 Count: 15
tcpxo-wb-0:157:741 [0] NCCL INFO Bucket 100-120 Count: 37
tcpxo-wb-0:157:741 [0] NCCL INFO Bucket 120-144 Count: 2
tcpxo-wb-0:157:741 [0] NCCL INFO Bucket 144-172.8 Count: 0
tcpxo-wb-0:157:741 [0] NCCL INFO Bucket 172.8-207.36 Count: 1
tcpxo-wb-0:157:741 [0] NCCL INFO Bucket 207.36-248.832 Count: 5
tcpxo-wb-0:157:741 [0] NCCL INFO Bucket 248.832-298.598 Count: 32
tcpxo-wb-0:157:741 [0] NCCL INFO Bucket 298.598-358.318 Count: 6
tcpxo-wb-0:157:741 [0] NCCL INFO Bucket 358.318-429.982 Count: 19
tcpxo-wb-0:157:741 [0] NCCL INFO Bucket 429.982-515.978 Count: 20
tcpxo-wb-0:157:741 [0] NCCL INFO Bucket 515.978-619.174 Count: 23
tcpxo-wb-0:157:741 [0] NCCL INFO Bucket 619.174-743.008 Count: 34
tcpxo-wb-0:157:741 [0] NCCL INFO Bucket 743.008-891.61 Count: 39
tcpxo-wb-0:157:741 [0] NCCL INFO Bucket 891.61-1069.93 Count: 51
tcpxo-wb-0:157:741 [0] NCCL INFO Bucket 1069.93-1283.92 Count: 55
tcpxo-wb-0:157:741 [0] NCCL INFO Bucket 1283.92-1540.7 Count: 77
tcpxo-wb-0:157:741 [0] NCCL INFO Bucket 1540.7-1848.84 Count: 69
tcpxo-wb-0:157:741 [0] NCCL INFO Bucket 1848.84-2218.61 Count: 100
tcpxo-wb-0:157:741 [0] NCCL INFO Bucket 2218.61-2662.33 Count: 110
tcpxo-wb-0:157:741 [0] NCCL INFO Bucket 2662.33-3194.8 Count: 117
tcpxo-wb-0:157:741 [0] NCCL INFO Bucket 3194.8-3833.76 Count: 114
tcpxo-wb-0:157:741 [0] NCCL INFO Bucket 3833.76-4600.51 Count: 167
tcpxo-wb-0:157:741 [0] NCCL INFO Bucket 4600.51-5520.61 Count: 155
tcpxo-wb-0:157:741 [0] NCCL INFO Bucket 5520.61-6624.74 Count: 160
tcpxo-wb-0:157:741 [0] NCCL INFO Bucket 6624.74-7949.68 Count: 108
tcpxo-wb-0:157:741 [0] NCCL INFO Bucket 7949.68-9539.62 Count: 64
tcpxo-wb-0:157:741 [0] NCCL INFO Bucket 9539.62-11447.5 Count: 33
tcpxo-wb-0:157:741 [0] NCCL INFO Bucket 11447.5-13737.1 Count: 34
tcpxo-wb-0:157:741 [0] NCCL INFO Bucket 13737.1-16484.5 Count: 41
tcpxo-wb-0:157:741 [0] NCCL INFO Bucket 16484.5-19781.4 Count: 20
tcpxo-wb-0:157:741 [0] NCCL INFO Bucket 19781.4-23737.6 Count: 17
tcpxo-wb-0:157:741 [0] NCCL INFO Bucket 23737.6-28485.2 Count: 13
tcpxo-wb-0:157:741 [0] NCCL INFO Bucket 28485.2-34182.2 Count: 14
tcpxo-wb-0:157:741 [0] NCCL INFO Bucket 34182.2-41018.6 Count: 11
tcpxo-wb-0:157:741 [0] NCCL INFO Bucket 41018.6-49222.4 Count: 7
tcpxo-wb-0:157:741 [0] NCCL INFO Bucket 49222.4-59066.8 Count: 790
tcpxo-wb-0:157:741 [0] NCCL INFO request/unpack_num_iovs_distribution:
tcpxo-wb-0:157:741 [0] NCCL INFO Bucket 0-2116.47 Count: 0
tcpxo-wb-0:157:741 [0] NCCL INFO request/offload_interval_distribution:
tcpxo-wb-0:157:741 [0] NCCL INFO Min: 7101
tcpxo-wb-0:157:741 [0] NCCL INFO Max: 1.39861e+08
tcpxo-wb-0:157:741 [0] NCCL INFO Avg: 174238
tcpxo-wb-0:157:741 [0] NCCL INFO Bucket 0-6191.74 Count: 0
tcpxo-wb-0:157:741 [0] NCCL INFO Bucket 6191.74-7430.08 Count: 2
tcpxo-wb-0:157:741 [0] NCCL INFO Bucket 7430.08-8916.1 Count: 10
tcpxo-wb-0:157:741 [0] NCCL INFO Bucket 8916.1-10699.3 Count: 9
tcpxo-wb-0:157:741 [0] NCCL INFO Bucket 10699.3-12839.2 Count: 8
tcpxo-wb-0:157:741 [0] NCCL INFO Bucket 12839.2-15407 Count: 20
tcpxo-wb-0:157:741 [0] NCCL INFO Bucket 15407-18488.4 Count: 77
tcpxo-wb-0:157:741 [0] NCCL INFO Bucket 18488.4-22186.1 Count: 138
tcpxo-wb-0:157:741 [0] NCCL INFO Bucket 22186.1-26623.3 Count: 220
tcpxo-wb-0:157:741 [0] NCCL INFO Bucket 26623.3-31948 Count: 180
tcpxo-wb-0:157:741 [0] NCCL INFO Bucket 31948-38337.6 Count: 114
tcpxo-wb-0:157:741 [0] NCCL INFO Bucket 38337.6-46005.1 Count: 225
tcpxo-wb-0:157:741 [0] NCCL INFO Bucket 46005.1-55206.1 Count: 477
tcpxo-wb-0:157:741 [0] NCCL INFO Bucket 55206.1-66247.4 Count: 317
tcpxo-wb-0:157:741 [0] NCCL INFO Bucket 66247.4-79496.8 Count: 86
tcpxo-wb-0:157:741 [0] NCCL INFO Bucket 79496.8-95396.2 Count: 48
tcpxo-wb-0:157:741 [0] NCCL INFO Bucket 95396.2-114475 Count: 53
tcpxo-wb-0:157:741 [0] NCCL INFO Bucket 114475-137371 Count: 58
tcpxo-wb-0:157:741 [0] NCCL INFO Bucket 137371-164845 Count: 67
tcpxo-wb-0:157:741 [0] NCCL INFO Bucket 164845-197814 Count: 87
tcpxo-wb-0:157:741 [0] NCCL INFO Bucket 197814-237376 Count: 87
tcpxo-wb-0:157:741 [0] NCCL INFO Bucket 237376-284852 Count: 60
tcpxo-wb-0:157:741 [0] NCCL INFO Bucket 284852-341822 Count: 70
tcpxo-wb-0:157:741 [0] NCCL INFO Bucket 341822-410186 Count: 36
tcpxo-wb-0:157:741 [0] NCCL INFO Bucket 410186-492224 Count: 13
tcpxo-wb-0:157:741 [0] NCCL INFO Bucket 492224-590668 Count: 12
tcpxo-wb-0:157:741 [0] NCCL INFO Bucket 590668-708802 Count: 14
tcpxo-wb-0:157:741 [0] NCCL INFO Bucket 708802-850562 Count: 27
tcpxo-wb-0:157:741 [0] NCCL INFO Bucket 850562-1.02067e+06 Count: 8
tcpxo-wb-0:157:741 [0] NCCL INFO Bucket 1.02067e+06-1.22481e+06 Count: 13
tcpxo-wb-0:157:741 [0] NCCL INFO Bucket 1.22481e+06-1.46977e+06 Count: 5
tcpxo-wb-0:157:741 [0] NCCL INFO Bucket 1.46977e+06-1.76373e+06 Count: 8
tcpxo-wb-0:157:741 [0] NCCL INFO Bucket 1.76373e+06-2.11647e+06 Count: 4
tcpxo-wb-0:157:741 [0] NCCL INFO Bucket 2.11647e+06-2.53977e+06 Count: 1
tcpxo-wb-0:157:741 [0] NCCL INFO Bucket 2.53977e+06-3.04772e+06 Count: 0
tcpxo-wb-0:157:741 [0] NCCL INFO Bucket 3.04772e+06-3.65726e+06 Count: 2
tcpxo-wb-0:157:741 [0] NCCL INFO Bucket 3.65726e+06-4.38871e+06 Count: 1
tcpxo-wb-0:157:741 [0] NCCL INFO Bucket 4.38871e+06-5.26646e+06 Count: 1
tcpxo-wb-0:157:741 [0] NCCL INFO Bucket 5.26646e+06-6.31975e+06 Count: 0
tcpxo-wb-0:157:741 [0] NCCL INFO Bucket 6.31975e+06-7.5837e+06 Count: 1
tcpxo-wb-0:157:741 [0] NCCL INFO Bucket 7.5837e+06-9.10044e+06 Count: 0
tcpxo-wb-0:157:741 [0] NCCL INFO Bucket 9.10044e+06-1.09205e+07 Count: 1
tcpxo-wb-0:157:755 [0] NCCL INFO comm 0x56d6c569a190 rank 0 nranks 16 cudaDev 0 busId 4000 - Abort COMPLETE
tcpxo-wb-0:157:755 [0] NCCL INFO Unloading plugin libnccl-net.so
# world_size=16  backend=nccl  warmup=5 iters=15
#       size        count    time_ms   algbw_GBps   busbw_GBps
          8B            2      0.101         0.00         0.00
         16B            4      0.085         0.00         0.00
         32B            8      0.092         0.00         0.00
         64B           16      0.084         0.00         0.00
        128B           32      0.084         0.00         0.00
        256B           64      0.084         0.00         0.01
        512B          128      0.085         0.01         0.01
         1KB          256      0.085         0.01         0.02
         2KB          512      0.085         0.02         0.04
         4KB         1024      0.130         0.03         0.06
         8KB         2048      0.087         0.09         0.18
        16KB         4096      0.093         0.18         0.33
        32KB         8192      0.097         0.34         0.63
        64KB        16384      0.092         0.71         1.34
       128KB        32768      0.093         1.40         2.63
       256KB        65536      0.093         2.80         5.26
       512KB       131072      0.175         3.00         5.63
         1MB       262144      0.102        10.27        19.25
         2MB       524288      0.124        16.94        31.75
         4MB      1048576      0.140        30.06        56.36
         8MB      2097152      0.176        47.60        89.26
        16MB      4194304      0.261        64.32       120.60
        32MB      8388608      0.441        76.07       142.64
        64MB     16777216      0.660       101.67       190.63
       128MB     33554432      1.121       119.74       224.50
       256MB     67108864      1.961       136.92       256.73
       512MB    134217728      3.550       151.25       283.59
         1GB    268435456      6.558       163.73       306.98
         2GB    536870912     12.652       169.73       318.25
# done
tcpxo-wb-0:157:157 [0] NCCL INFO ENV/Plugin: Closing env plugin ncclEnvDefault
tcpxo-wb-0:157:717 [0] NCCL INFO NET/FasTrak 2026-08-02T13:31:22.712350718+00:00: SCTP handler shutdown signal received
tcpxo-wb-0:157:717 [0] NCCL INFO NET/FasTrak 2026-08-02T13:31:22.712440357+00:00: SCTP Closed
tcpxo-wb-0:157:717 [0] NCCL INFO NET/FasTrak 2026-08-02T13:31:22.712446322+00:00: Socket closed, handler exiting.
