WARNING: All log messages before absl::InitializeLog() is called are written to STDERR
I0000 00:00:1785676145.762067    1613 init.cc:112] Current time zone: UTC
tcpxo-wb-0:1613:1613 [0] NCCL INFO ENV/Plugin: Could not find: libnccl-env.so
tcpxo-wb-0:1613:1613 [0] NCCL INFO NCCL_SOCKET_IFNAME set to eth0
tcpxo-wb-0:1613:1613 [0] NCCL INFO cudaDriverVersion 13000
tcpxo-wb-0:1613:1613 [0] NCCL INFO NCCL version 2.28.7+cuda13.2
tcpxo-wb-0:1613:1613 [0] NCCL INFO NET/Plugin: Loaded net plugin config_checker_shim (v7)
tcpxo-wb-0:1613:1613 [0] NCCL INFO Successfully loaded external network plugin /usr/local/nvidia/lib64/libnccl-net.so
tcpxo-wb-0:1613:1613 [0] NCCL INFO NCCL/NET (shim) ver. 0.0.1.
tcpxo-wb-0:1613:1613 [0] NCCL INFO NCCL/NET (shim) activated shim layers, 'Guest Config Checker'

[2026-08-02 13:09:05] tcpxo-wb-0:1613:1613 [0] /build/nccl-shim/src/guest_config_checker.cc:101 NCCL WARN NCCL/NET (shim) mismatch recommended: NCCL_FASTRAK_LLCM_DEVICE_DIRECTORY=/dev/aperture_devices (expected unset)

[2026-08-02 13:09:05] tcpxo-wb-0:1613:1613 [0] /build/nccl-shim/src/guest_config_checker.cc:101 NCCL WARN NCCL/NET (shim) mismatch recommended: NCCL_LIB_DIR=/usr/local/nvidia/lib64 (expected unset)

[2026-08-02 13:09:05] tcpxo-wb-0:1613:1613 [0] /build/nccl-shim/src/guest_config_checker.cc:101 NCCL WARN NCCL/NET (shim) mismatch recommended: cpu affinity settings not subset, curr=0xffff,ffffffff,ffffffff,ffffffff,ffffffff,ffffffff,ffffffff (expected 0xffffffff,00000000)
tcpxo-wb-0:1613:1613 [0] NCCL INFO NCCL/NET (shim) loading net plugin at libnccl-net_internal.so
tcpxo-wb-0:1613:1613 [0] NCCL INFO NET/FasTrak 2026-08-02T13:09:05.762101607+00:00: Initializing network FasTrak, version: 1.0.17
tcpxo-wb-0:1613:1613 [0] NCCL INFO NET/FasTrak 2026-08-02T13:09:05.762112882+00:00: No environment variable NCCL_FASTRAK_RAIL_ALIGNED set, using default 1.
tcpxo-wb-0:1613:1613 [0] NCCL INFO NET/FasTrak 2026-08-02T13:09:05.762116364+00:00: No environment variable NCCL_FASTRAK_PLUGIN_CONNECT_TIMEOUT_MS set, using default 300000.
tcpxo-wb-0:1613:1613 [0] NCCL INFO NET/FasTrak 2026-08-02T13:09:05.762118649+00:00: No environment variable NCCL_FASTRAK_DATA_TRANSFER_TIMEOUT_MS set, using default 7200000.
tcpxo-wb-0:1613:1613 [0] NCCL INFO NET/FasTrak 2026-08-02T13:09:05.762120558+00:00: No environment variable NCCL_FASTRAK_ALLOW_NIC_SUBSET set, using default 0.
tcpxo-wb-0:1613:1613 [0] NCCL INFO NET/FasTrak 2026-08-02T13:09:05.762122419+00:00: No environment variable NCCL_FASTRAK_LOG_CONNECTION_INFO set, using default 0.
tcpxo-wb-0:1613:1613 [0] NCCL INFO NET/FasTrak 2026-08-02T13:09:05.762124442+00:00: NCCL_FASTRAK_PLUGIN_ACCEPT_TIMEOUT_MS set by environment to 600000.
tcpxo-wb-0:1613:1613 [0] NCCL INFO NET/FasTrak 2026-08-02T13:09:05.762126388+00:00: NCCL_FASTRAK_NUM_FLOWS set by environment to 2.
tcpxo-wb-0:1613:1613 [0] NCCL INFO NET/FasTrak 2026-08-02T13:09:05.762128345+00:00: No environment variable NCCL_FASTRAK_RXDM_INIT_TIMEOUT set, using default 30.
tcpxo-wb-0:1613:1613 [0] NCCL INFO NET/FasTrak 2026-08-02T13:09:05.762130178+00:00: No environment variable NCCL_FASTRAK_DUMP_COMM_STATS set, using default 1.
tcpxo-wb-0:1613:1613 [0] NCCL INFO NET/FasTrak 2026-08-02T13:09:05.762132377+00:00: No environment variable NCCL_FASTRAK_ENABLE set, using default 1.
tcpxo-wb-0:1613:1613 [0] NCCL INFO NET/FasTrak 2026-08-02T13:09:05.762134295+00:00: No environment variable NCCL_FASTRAK_DATA_TRANSFER_SLOWNESS_MS set, using default 300000.
tcpxo-wb-0:1613:1613 [0] NCCL INFO NET/FasTrak 2026-08-02T13:09:05.762136224+00:00: NCCL_FASTRAK_ENABLE_HOTPATH_LOGGING set by environment to 0.
tcpxo-wb-0:1613:1613 [0] NCCL INFO NET/FasTrak 2026-08-02T13:09:05.762138249+00:00: No environment variable NCCL_FASTRAK_CLOSE_SEND_ON_DONE set, using default 0.
tcpxo-wb-0:1613:1613 [0] NCCL INFO NET/FasTrak 2026-08-02T13:09:05.762140065+00:00: No environment variable NCCL_FASTRAK_CACHE_MR set, using default 1.
tcpxo-wb-0:1613:1613 [0] NCCL INFO NET/FasTrak 2026-08-02T13:09:05.762141764+00:00: NCCL_FASTRAK_USE_LLCM set by environment to 1.
tcpxo-wb-0:1613:1613 [0] NCCL INFO NET/FasTrak 2026-08-02T13:09:05.762143567+00:00: No environment variable NCCL_FASTRAK_ENABLE_SEND_STATS set, using default 0.
tcpxo-wb-0:1613:1613 [0] NCCL INFO NET/FasTrak 2026-08-02T13:09:05.762145295+00:00: No environment variable NCCL_FASTRAK_SEND_STATS_INTERVAL set, using default 1000000.
tcpxo-wb-0:1613:1613 [0] NCCL INFO NET/FasTrak 2026-08-02T13:09:05.762151549+00:00: No environment variable NCCL_NET_PLUGIN_TELEMETRY_MODE set, using default 0.
tcpxo-wb-0:1613:1613 [0] NCCL INFO NET/FasTrak 2026-08-02T13:09:05.762154182+00:00: Using abstract UDS address: rxdm_uds_nic_mapping
tcpxo-wb-0:1613:1613 [0] NCCL INFO NET/FasTrak 2026-08-02T13:09:05.762180461+00:00: RxDM ready
tcpxo-wb-0:1613:1613 [0] NCCL INFO NET/FasTrak 2026-08-02T13:09:05.762567555+00:00: Using interface eth0 as ctrl dev
tcpxo-wb-0:1613:1613 [0] NCCL INFO NET/FasTrak 2026-08-02T13:09:05.762822027+00:00: Using [0]eth1:192.169.0.3<0>[1]eth2:192.169.1.3<0>[2]eth3:192.169.2.3<0>[3]eth4:192.169.3.3<0>[4]eth5:192.169.4.3<0>[5]eth6:192.169.5.3<0>[6]eth7:192.169.6.3<0>[7]eth8:192.169.7.3<0>
tcpxo-wb-0:1613:1613 [0] NCCL INFO NET/FasTrak 2026-08-02T13:09:05.762829401+00:00: Initialize nccl shim on device:0 during Init.
tcpxo-wb-0:1613:1613 [0] NCCL INFO NET/FasTrak 2026-08-02T13:09:05.763717663+00:00: Match: PCI address 0000:04:00.0
tcpxo-wb-0:1613:1613 [0] NCCL INFO NET/FasTrak 2026-08-02T13:09:05.763768177+00:00: Match: PCI address 0000:0c:00.0
tcpxo-wb-0:1613:1613 [0] NCCL INFO NET/FasTrak 2026-08-02T13:09:05.76386626+00:00: Match: PCI address 0000:0c:00.0
tcpxo-wb-0:1613:1613 [0] NCCL INFO NET/FasTrak 2026-08-02T13:09:05.764048457+00:00: Match: PCI address 0000:0c:00.0
tcpxo-wb-0:1613:1613 [0] NCCL INFO NET/FasTrak 2026-08-02T13:09:05.764129074+00:00: Match: PCI address 0000:0b:00.0
tcpxo-wb-0:1613:1613 [0] NCCL INFO NET/FasTrak 2026-08-02T13:09:05.764538088+00:00: Match: PCI address 0000:84:00.0
tcpxo-wb-0:1613:1613 [0] NCCL INFO NET/FasTrak 2026-08-02T13:09:05.764953888+00:00: Match: PCI address 0000:04:00.0
tcpxo-wb-0:1613:1613 [0] NCCL INFO NET/FasTrak 2026-08-02T13:09:05.765297204+00:00: Match: PCI address 0000:05:00.0
tcpxo-wb-0:1613:1613 [0] NCCL INFO NET/FasTrak 2026-08-02T13:09:05.765455488+00:00: Match: PCI address 0000:0b:00.0
tcpxo-wb-0:1613:1613 [0] NCCL INFO NET/FasTrak 2026-08-02T13:09:05.765706252+00:00: Match: PCI address 0000:0c:00.0
tcpxo-wb-0:1613:1613 [0] NCCL INFO NET/FasTrak 2026-08-02T13:09:05.765839921+00:00: Match: PCI address 0000:0b:00.0
tcpxo-wb-0:1613:1613 [0] NCCL INFO NET/FasTrak 2026-08-02T13:09:05.766260531+00:00: Match: PCI address 0000:84:00.0
tcpxo-wb-0:1613:1613 [0] NCCL INFO NET/FasTrak 2026-08-02T13:09:05.766324425+00:00: Match: PCI address 0000:8c:00.0
tcpxo-wb-0:1613:1613 [0] NCCL INFO NET/FasTrak 2026-08-02T13:09:05.766455142+00:00: Match: PCI address 0000:8c:00.0
tcpxo-wb-0:1613:1613 [0] NCCL INFO NET/FasTrak 2026-08-02T13:09:05.766674514+00:00: Match: PCI address 0000:8c:00.0
tcpxo-wb-0:1613:1613 [0] NCCL INFO NET/FasTrak 2026-08-02T13:09:05.766783547+00:00: Match: PCI address 0000:8b:00.0
tcpxo-wb-0:1613:1613 [0] NCCL INFO NET/FasTrak 2026-08-02T13:09:05.767525407+00:00: Match: PCI address 0000:04:00.0
tcpxo-wb-0:1613:1613 [0] NCCL INFO NET/FasTrak 2026-08-02T13:09:05.767938741+00:00: Match: PCI address 0000:05:00.0
tcpxo-wb-0:1613:1613 [0] NCCL INFO NET/FasTrak 2026-08-02T13:09:05.768059098+00:00: Match: PCI address 0000:0b:00.0
tcpxo-wb-0:1613:1613 [0] NCCL INFO NET/FasTrak 2026-08-02T13:09:05.768412628+00:00: Match: PCI address 0000:84:00.0
tcpxo-wb-0:1613:1613 [0] NCCL INFO NET/FasTrak 2026-08-02T13:09:05.768832369+00:00: Match: PCI address 0000:85:00.0
tcpxo-wb-0:1613:1613 [0] NCCL INFO NET/FasTrak 2026-08-02T13:09:05.768933002+00:00: Match: PCI address 0000:8b:00.0
tcpxo-wb-0:1613:1613 [0] NCCL INFO NET/FasTrak 2026-08-02T13:09:05.769458103+00:00: Match: PCI address 0000:8c:00.0
tcpxo-wb-0:1613:1613 [0] NCCL INFO NET/FasTrak 2026-08-02T13:09:05.769565666+00:00: Match: PCI address 0000:8b:00.0
tcpxo-wb-0:1613:1613 [0] NCCL INFO NET/FasTrak 2026-08-02T13:09:05.77032026+00:00: Match: PCI address 0000:84:00.0
tcpxo-wb-0:1613:1613 [0] NCCL INFO NET/FasTrak 2026-08-02T13:09:05.770763176+00:00: Match: PCI address 0000:85:00.0
tcpxo-wb-0:1613:1613 [0] NCCL INFO NET/FasTrak 2026-08-02T13:09:05.770874583+00:00: Match: PCI address 0000:8b:00.0
tcpxo-wb-0:1613:1613 [0] NCCL INFO NET/FasTrak 2026-08-02T13:09:05.77152173+00:00: Match: PCI address 0000:05:00.0
tcpxo-wb-0:1613:1613 [0] NCCL INFO NET/FasTrak 2026-08-02T13:09:05.771687803+00:00: Match: PCI address 0000:05:00.0
tcpxo-wb-0:1613:1613 [0] NCCL INFO NET/FasTrak 2026-08-02T13:09:05.772094678+00:00: Match: PCI address 0000:04:00.0
tcpxo-wb-0:1613:1613 [0] NCCL INFO NET/FasTrak 2026-08-02T13:09:05.772208344+00:00: Match: PCI address 0000:85:00.0
tcpxo-wb-0:1613:1613 [0] NCCL INFO NET/FasTrak 2026-08-02T13:09:05.772279814+00:00: Match: PCI address 0000:85:00.0
tcpxo-wb-0:1613:1613 [0] NCCL INFO NET/FasTrak 2026-08-02T13:09:05.772517953+00:00: GetPciAddrToFastrakIdxMap: Found GPUs:
tcpxo-wb-0:1613:1613 [0] NCCL INFO NET/FasTrak 2026-08-02T13:09:05.772521772+00:00: 	FasTrak IDX: [0]. PCI addr: [0000:04:00.0]
tcpxo-wb-0:1613:1613 [0] NCCL INFO NET/FasTrak 2026-08-02T13:09:05.772525256+00:00: 	FasTrak IDX: [1]. PCI addr: [0000:05:00.0]
tcpxo-wb-0:1613:1613 [0] NCCL INFO NET/FasTrak 2026-08-02T13:09:05.772527794+00:00: 	FasTrak IDX: [2]. PCI addr: [0000:0b:00.0]
tcpxo-wb-0:1613:1613 [0] NCCL INFO NET/FasTrak 2026-08-02T13:09:05.772529552+00:00: 	FasTrak IDX: [3]. PCI addr: [0000:0c:00.0]
tcpxo-wb-0:1613:1613 [0] NCCL INFO NET/FasTrak 2026-08-02T13:09:05.772531296+00:00: 	FasTrak IDX: [4]. PCI addr: [0000:84:00.0]
tcpxo-wb-0:1613:1613 [0] NCCL INFO NET/FasTrak 2026-08-02T13:09:05.77253287+00:00: 	FasTrak IDX: [5]. PCI addr: [0000:85:00.0]
tcpxo-wb-0:1613:1613 [0] NCCL INFO NET/FasTrak 2026-08-02T13:09:05.772534446+00:00: 	FasTrak IDX: [6]. PCI addr: [0000:8b:00.0]
tcpxo-wb-0:1613:1613 [0] NCCL INFO NET/FasTrak 2026-08-02T13:09:05.772535989+00:00: 	FasTrak IDX: [7]. PCI addr: [0000:8c:00.0]
tcpxo-wb-0:1613:1613 [0] NCCL INFO NET/FasTrak 2026-08-02T13:09:05.772538237+00:00: NcclShim::Create: GPU PCI addr: 0000:04:00.0, FasTrak idx: 0
tcpxo-wb-0:1613:1613 [0] NCCL INFO NET/FasTrak 2026-08-02T13:09:05.772541298+00:00: Using abstract UDS address: rxdm_uds_nic_mapping
tcpxo-wb-0:1613:1613 [0] NCCL INFO NET/FasTrak 2026-08-02T13:09:05.772654511+00:00: Discovered GPU PCI 0000:0c:00.0, closest NIC is eth4 (address 192.169.3.3, index 3)
tcpxo-wb-0:1613:1613 [0] NCCL INFO NET/FasTrak 2026-08-02T13:09:05.772667997+00:00: Discovered GPU PCI 0000:8b:00.0, closest NIC is eth7 (address 192.169.6.3, index 6)
tcpxo-wb-0:1613:1613 [0] NCCL INFO NET/FasTrak 2026-08-02T13:09:05.772672714+00:00: Discovered GPU PCI 0000:04:00.0, closest NIC is eth1 (address 192.169.0.3, index 0)
tcpxo-wb-0:1613:1613 [0] NCCL INFO NET/FasTrak 2026-08-02T13:09:05.772677606+00:00: Discovered GPU PCI 0000:05:00.0, closest NIC is eth2 (address 192.169.1.3, index 1)
tcpxo-wb-0:1613:1613 [0] NCCL INFO NET/FasTrak 2026-08-02T13:09:05.772683157+00:00: Discovered GPU PCI 0000:84:00.0, closest NIC is eth5 (address 192.169.4.3, index 4)
tcpxo-wb-0:1613:1613 [0] NCCL INFO NET/FasTrak 2026-08-02T13:09:05.772687957+00:00: Discovered GPU PCI 0000:0b:00.0, closest NIC is eth3 (address 192.169.2.3, index 2)
tcpxo-wb-0:1613:1613 [0] NCCL INFO NET/FasTrak 2026-08-02T13:09:05.772692614+00:00: Discovered GPU PCI 0000:85:00.0, closest NIC is eth6 (address 192.169.5.3, index 5)
tcpxo-wb-0:1613:1613 [0] NCCL INFO NET/FasTrak 2026-08-02T13:09:05.772696793+00:00: Discovered GPU PCI 0000:8c:00.0, closest NIC is eth8 (address 192.169.7.3, index 7)
tcpxo-wb-0:1613:1613 [0] NCCL INFO NET/FasTrak 2026-08-02T13:09:05.772700024+00:00: Initialized shim for GPU with CUDA index 0, FasTrak index 0, and pci_path: 0000:04:00.0, the corresponding closest net device is: 0 (eth1)
tcpxo-wb-0:1613:1613 [0] NCCL INFO NET/FasTrak 2026-08-02T13:09:05.772704599+00:00: Creating Buf op uds client  on server: rxdm_uds_buf_op:192.169.0.3
tcpxo-wb-0:1613:1613 [0] NCCL INFO NET/FasTrak 2026-08-02T13:09:05.772707272+00:00: Using abstract UDS address: rxdm_uds_buf_op:192.169.0.3
tcpxo-wb-0:1613:1613 [0] NCCL INFO NET/FasTrak 2026-08-02T13:09:05.772887449+00:00: Initializing DxsClient (src_addr=192.169.0.3:0, dxs_addr=169.254.169.254:55555, llcm=true)
tcpxo-wb-0:1613:1613 [0] NCCL INFO NET/FasTrak 2026-08-02T13:09:05.7730985+00:00: Binding to interface: eth1
tcpxo-wb-0:1613:1613 [0] NCCL INFO NET/FasTrak 2026-08-02T13:09:05.773110674+00:00: DxsClient connected (src_addr=192.169.0.3:56709, socket_fd=122)
tcpxo-wb-0:1613:2170 [0] NCCL INFO NET/FasTrak 2026-08-02T13:09:05.775526613+00:00: SCTP Connected
tcpxo-wb-0:1613:1613 [0] NCCL INFO NET/FasTrak 2026-08-02T13:09:05.829431122+00:00: DxsClient initialized.
tcpxo-wb-0:1613:1613 [0] NCCL INFO NET/FasTrak 2026-08-02T13:09:05.82946065+00:00: DXS Client initialized on IP addr 192.169.0.3
tcpxo-wb-0:1613:1613 [0] NCCL INFO NET/FasTrak 2026-08-02T13:09:05.829464609+00:00: Buffer Manager Client initialized on IP addr 192.169.0.3
tcpxo-wb-0:1613:1613 [0] NCCL INFO NET/FasTrak 2026-08-02T13:09:05.82946733+00:00: GPUViz is disabled
tcpxo-wb-0:1613:1613 [0] NCCL INFO NET/FasTrak 2026-08-02T13:09:05.829469497+00:00: Plugin initialized for 0000:04:00.0.
tcpxo-wb-0:1613:1613 [0] NCCL INFO NET/FasTrak 2026-08-02T13:09:05.829471514+00:00: Using 2 total flows
tcpxo-wb-0:1613:1613 [0] NCCL INFO Initialized NET plugin FasTrak
tcpxo-wb-0:1613:1613 [0] NCCL INFO NET/FasTrak 2026-08-02T13:09:05.82949914+00:00: props: netDeviceType 0, netDeviceVersion 7
tcpxo-wb-0:1613:1613 [0] NCCL INFO Assigned NET plugin FasTrak to comm
tcpxo-wb-0:1613:1613 [0] NCCL INFO Using network FasTrak
tcpxo-wb-0:1613:1613 [0] NCCL INFO DMA-BUF is available on GPU device 0
tcpxo-wb-0:1613:1613 [0] NCCL INFO ncclCommInitRankConfig comm 0x5cff228b8290 rank 0 nranks 16 cudaDev 0 nvmlDev 0 busId 4000 commId 0x7dc4cb7bc903c0e4 - Init START
tcpxo-wb-0:1613:1613 [0] NCCL INFO RAS client listening socket at 127.0.0.1<28028>
tcpxo-wb-0:1613:1613 [0] NCCL INFO MNNVL busId 0x4000 fabric UUID 0.0 cliqueId 0x0 state 3 healthMask 0x0
tcpxo-wb-0:1613:1613 [0] NCCL INFO NET/FasTrak 2026-08-02T13:09:06.782498924+00:00: props: netDeviceType 0, netDeviceVersion 7
tcpxo-wb-0:1613:1613 [0] NCCL INFO NET/FasTrak : GPU Direct RDMA Enabled for HCA 0 'eth1'
tcpxo-wb-0:1613:1613 [0] NCCL INFO NET/FasTrak 2026-08-02T13:09:06.782682378+00:00: props: netDeviceType 0, netDeviceVersion 7
tcpxo-wb-0:1613:1613 [0] NCCL INFO NET/FasTrak : GPU Direct RDMA Enabled for HCA 1 'eth2'
tcpxo-wb-0:1613:1613 [0] NCCL INFO NET/FasTrak 2026-08-02T13:09:06.782806344+00:00: props: netDeviceType 0, netDeviceVersion 7
tcpxo-wb-0:1613:1613 [0] NCCL INFO NET/FasTrak : GPU Direct RDMA Enabled for HCA 2 'eth3'
tcpxo-wb-0:1613:1613 [0] NCCL INFO NET/FasTrak 2026-08-02T13:09:06.782988872+00:00: props: netDeviceType 0, netDeviceVersion 7
tcpxo-wb-0:1613:1613 [0] NCCL INFO NET/FasTrak : GPU Direct RDMA Enabled for HCA 3 'eth4'
tcpxo-wb-0:1613:1613 [0] NCCL INFO NET/FasTrak 2026-08-02T13:09:06.783106684+00:00: props: netDeviceType 0, netDeviceVersion 7
tcpxo-wb-0:1613:1613 [0] NCCL INFO NET/FasTrak : GPU Direct RDMA Enabled for HCA 4 'eth5'
tcpxo-wb-0:1613:1613 [0] NCCL INFO NET/FasTrak 2026-08-02T13:09:06.783296409+00:00: props: netDeviceType 0, netDeviceVersion 7
tcpxo-wb-0:1613:1613 [0] NCCL INFO NET/FasTrak : GPU Direct RDMA Enabled for HCA 5 'eth6'
tcpxo-wb-0:1613:1613 [0] NCCL INFO NET/FasTrak 2026-08-02T13:09:06.783425872+00:00: props: netDeviceType 0, netDeviceVersion 7
tcpxo-wb-0:1613:1613 [0] NCCL INFO NET/FasTrak : GPU Direct RDMA Enabled for HCA 6 'eth7'
tcpxo-wb-0:1613:1613 [0] NCCL INFO NET/FasTrak 2026-08-02T13:09:06.783609952+00:00: props: netDeviceType 0, netDeviceVersion 7
tcpxo-wb-0:1613:1613 [0] NCCL INFO NET/FasTrak : GPU Direct RDMA Enabled for HCA 7 'eth8'
tcpxo-wb-0:1613:1613 [0] NCCL INFO NCCL_NET_GDR_LEVEL set by environment to PIX
tcpxo-wb-0:1613:1613 [0] NCCL INFO GPU Direct RDMA Enabled for GPU 0 / HCA 0 (distance 4 <= 4), read 0 mode Default
tcpxo-wb-0:1613:1613 [0] NCCL INFO GPU Direct RDMA Enabled for GPU 1 / HCA 0 (distance 4 <= 4), read 0 mode Default
tcpxo-wb-0:1613:1613 [0] NCCL INFO GPU Direct RDMA Enabled for GPU 2 / HCA 0 (distance 4 <= 4), read 0 mode Default
tcpxo-wb-0:1613:1613 [0] NCCL INFO GPU Direct RDMA Enabled for GPU 3 / HCA 0 (distance 4 <= 4), read 0 mode Default
tcpxo-wb-0:1613:1613 [0] NCCL INFO GPU Direct RDMA Enabled for GPU 4 / HCA 0 (distance 4 <= 4), read 0 mode Default
tcpxo-wb-0:1613:1613 [0] NCCL INFO GPU Direct RDMA Enabled for GPU 5 / HCA 0 (distance 4 <= 4), read 0 mode Default
tcpxo-wb-0:1613:1613 [0] NCCL INFO GPU Direct RDMA Enabled for GPU 6 / HCA 0 (distance 4 <= 4), read 0 mode Default
tcpxo-wb-0:1613:1613 [0] NCCL INFO GPU Direct RDMA Enabled for GPU 7 / HCA 0 (distance 4 <= 4), read 0 mode Default
tcpxo-wb-0:1613:1613 [0] NCCL INFO GPU Direct RDMA Enabled for GPU 0 / HCA 1 (distance 4 <= 4), read 0 mode Default
tcpxo-wb-0:1613:1613 [0] NCCL INFO GPU Direct RDMA Enabled for GPU 1 / HCA 1 (distance 4 <= 4), read 0 mode Default
tcpxo-wb-0:1613:1613 [0] NCCL INFO GPU Direct RDMA Enabled for GPU 2 / HCA 1 (distance 4 <= 4), read 0 mode Default
tcpxo-wb-0:1613:1613 [0] NCCL INFO GPU Direct RDMA Enabled for GPU 3 / HCA 1 (distance 4 <= 4), read 0 mode Default
tcpxo-wb-0:1613:1613 [0] NCCL INFO GPU Direct RDMA Enabled for GPU 4 / HCA 1 (distance 4 <= 4), read 0 mode Default
tcpxo-wb-0:1613:1613 [0] NCCL INFO GPU Direct RDMA Enabled for GPU 5 / HCA 1 (distance 4 <= 4), read 0 mode Default
tcpxo-wb-0:1613:1613 [0] NCCL INFO GPU Direct RDMA Enabled for GPU 6 / HCA 1 (distance 4 <= 4), read 0 mode Default
tcpxo-wb-0:1613:1613 [0] NCCL INFO GPU Direct RDMA Enabled for GPU 7 / HCA 1 (distance 4 <= 4), read 0 mode Default
tcpxo-wb-0:1613:1613 [0] NCCL INFO GPU Direct RDMA Enabled for GPU 0 / HCA 2 (distance 4 <= 4), read 0 mode Default
tcpxo-wb-0:1613:1613 [0] NCCL INFO GPU Direct RDMA Enabled for GPU 1 / HCA 2 (distance 4 <= 4), read 0 mode Default
tcpxo-wb-0:1613:1613 [0] NCCL INFO GPU Direct RDMA Enabled for GPU 2 / HCA 2 (distance 4 <= 4), read 0 mode Default
tcpxo-wb-0:1613:1613 [0] NCCL INFO GPU Direct RDMA Enabled for GPU 3 / HCA 2 (distance 4 <= 4), read 0 mode Default
tcpxo-wb-0:1613:1613 [0] NCCL INFO GPU Direct RDMA Enabled for GPU 4 / HCA 2 (distance 4 <= 4), read 0 mode Default
tcpxo-wb-0:1613:1613 [0] NCCL INFO GPU Direct RDMA Enabled for GPU 5 / HCA 2 (distance 4 <= 4), read 0 mode Default
tcpxo-wb-0:1613:1613 [0] NCCL INFO GPU Direct RDMA Enabled for GPU 6 / HCA 2 (distance 4 <= 4), read 0 mode Default
tcpxo-wb-0:1613:1613 [0] NCCL INFO GPU Direct RDMA Enabled for GPU 7 / HCA 2 (distance 4 <= 4), read 0 mode Default
tcpxo-wb-0:1613:1613 [0] NCCL INFO GPU Direct RDMA Enabled for GPU 0 / HCA 3 (distance 4 <= 4), read 0 mode Default
tcpxo-wb-0:1613:1613 [0] NCCL INFO GPU Direct RDMA Enabled for GPU 1 / HCA 3 (distance 4 <= 4), read 0 mode Default
tcpxo-wb-0:1613:1613 [0] NCCL INFO GPU Direct RDMA Enabled for GPU 2 / HCA 3 (distance 4 <= 4), read 0 mode Default
tcpxo-wb-0:1613:1613 [0] NCCL INFO GPU Direct RDMA Enabled for GPU 3 / HCA 3 (distance 4 <= 4), read 0 mode Default
tcpxo-wb-0:1613:1613 [0] NCCL INFO GPU Direct RDMA Enabled for GPU 4 / HCA 3 (distance 4 <= 4), read 0 mode Default
tcpxo-wb-0:1613:1613 [0] NCCL INFO GPU Direct RDMA Enabled for GPU 5 / HCA 3 (distance 4 <= 4), read 0 mode Default
tcpxo-wb-0:1613:1613 [0] NCCL INFO GPU Direct RDMA Enabled for GPU 6 / HCA 3 (distance 4 <= 4), read 0 mode Default
tcpxo-wb-0:1613:1613 [0] NCCL INFO GPU Direct RDMA Enabled for GPU 7 / HCA 3 (distance 4 <= 4), read 0 mode Default
tcpxo-wb-0:1613:1613 [0] NCCL INFO GPU Direct RDMA Enabled for GPU 0 / HCA 4 (distance 4 <= 4), read 0 mode Default
tcpxo-wb-0:1613:1613 [0] NCCL INFO GPU Direct RDMA Enabled for GPU 1 / HCA 4 (distance 4 <= 4), read 0 mode Default
tcpxo-wb-0:1613:1613 [0] NCCL INFO GPU Direct RDMA Enabled for GPU 2 / HCA 4 (distance 4 <= 4), read 0 mode Default
tcpxo-wb-0:1613:1613 [0] NCCL INFO GPU Direct RDMA Enabled for GPU 3 / HCA 4 (distance 4 <= 4), read 0 mode Default
tcpxo-wb-0:1613:1613 [0] NCCL INFO GPU Direct RDMA Enabled for GPU 4 / HCA 4 (distance 4 <= 4), read 0 mode Default
tcpxo-wb-0:1613:1613 [0] NCCL INFO GPU Direct RDMA Enabled for GPU 5 / HCA 4 (distance 4 <= 4), read 0 mode Default
tcpxo-wb-0:1613:1613 [0] NCCL INFO GPU Direct RDMA Enabled for GPU 6 / HCA 4 (distance 4 <= 4), read 0 mode Default
tcpxo-wb-0:1613:1613 [0] NCCL INFO GPU Direct RDMA Enabled for GPU 7 / HCA 4 (distance 4 <= 4), read 0 mode Default
tcpxo-wb-0:1613:1613 [0] NCCL INFO GPU Direct RDMA Enabled for GPU 0 / HCA 5 (distance 4 <= 4), read 0 mode Default
tcpxo-wb-0:1613:1613 [0] NCCL INFO GPU Direct RDMA Enabled for GPU 1 / HCA 5 (distance 4 <= 4), read 0 mode Default
tcpxo-wb-0:1613:1613 [0] NCCL INFO GPU Direct RDMA Enabled for GPU 2 / HCA 5 (distance 4 <= 4), read 0 mode Default
tcpxo-wb-0:1613:1613 [0] NCCL INFO GPU Direct RDMA Enabled for GPU 3 / HCA 5 (distance 4 <= 4), read 0 mode Default
tcpxo-wb-0:1613:1613 [0] NCCL INFO GPU Direct RDMA Enabled for GPU 4 / HCA 5 (distance 4 <= 4), read 0 mode Default
tcpxo-wb-0:1613:1613 [0] NCCL INFO GPU Direct RDMA Enabled for GPU 5 / HCA 5 (distance 4 <= 4), read 0 mode Default
tcpxo-wb-0:1613:1613 [0] NCCL INFO GPU Direct RDMA Enabled for GPU 6 / HCA 5 (distance 4 <= 4), read 0 mode Default
tcpxo-wb-0:1613:1613 [0] NCCL INFO GPU Direct RDMA Enabled for GPU 7 / HCA 5 (distance 4 <= 4), read 0 mode Default
tcpxo-wb-0:1613:1613 [0] NCCL INFO GPU Direct RDMA Enabled for GPU 0 / HCA 6 (distance 4 <= 4), read 0 mode Default
tcpxo-wb-0:1613:1613 [0] NCCL INFO GPU Direct RDMA Enabled for GPU 1 / HCA 6 (distance 4 <= 4), read 0 mode Default
tcpxo-wb-0:1613:1613 [0] NCCL INFO GPU Direct RDMA Enabled for GPU 2 / HCA 6 (distance 4 <= 4), read 0 mode Default
tcpxo-wb-0:1613:1613 [0] NCCL INFO GPU Direct RDMA Enabled for GPU 3 / HCA 6 (distance 4 <= 4), read 0 mode Default
tcpxo-wb-0:1613:1613 [0] NCCL INFO GPU Direct RDMA Enabled for GPU 4 / HCA 6 (distance 4 <= 4), read 0 mode Default
tcpxo-wb-0:1613:1613 [0] NCCL INFO GPU Direct RDMA Enabled for GPU 5 / HCA 6 (distance 4 <= 4), read 0 mode Default
tcpxo-wb-0:1613:1613 [0] NCCL INFO GPU Direct RDMA Enabled for GPU 6 / HCA 6 (distance 4 <= 4), read 0 mode Default
tcpxo-wb-0:1613:1613 [0] NCCL INFO GPU Direct RDMA Enabled for GPU 7 / HCA 6 (distance 4 <= 4), read 0 mode Default
tcpxo-wb-0:1613:1613 [0] NCCL INFO GPU Direct RDMA Enabled for GPU 0 / HCA 7 (distance 4 <= 4), read 0 mode Default
tcpxo-wb-0:1613:1613 [0] NCCL INFO GPU Direct RDMA Enabled for GPU 1 / HCA 7 (distance 4 <= 4), read 0 mode Default
tcpxo-wb-0:1613:1613 [0] NCCL INFO GPU Direct RDMA Enabled for GPU 2 / HCA 7 (distance 4 <= 4), read 0 mode Default
tcpxo-wb-0:1613:1613 [0] NCCL INFO GPU Direct RDMA Enabled for GPU 3 / HCA 7 (distance 4 <= 4), read 0 mode Default
tcpxo-wb-0:1613:1613 [0] NCCL INFO GPU Direct RDMA Enabled for GPU 4 / HCA 7 (distance 4 <= 4), read 0 mode Default
tcpxo-wb-0:1613:1613 [0] NCCL INFO GPU Direct RDMA Enabled for GPU 5 / HCA 7 (distance 4 <= 4), read 0 mode Default
tcpxo-wb-0:1613:1613 [0] NCCL INFO GPU Direct RDMA Enabled for GPU 6 / HCA 7 (distance 4 <= 4), read 0 mode Default
tcpxo-wb-0:1613:1613 [0] NCCL INFO GPU Direct RDMA Enabled for GPU 7 / HCA 7 (distance 4 <= 4), read 0 mode Default
tcpxo-wb-0:1613:1613 [0] NCCL INFO GPU Direct RDMA Enabled for GPU 0 / HCA 0 (distance 4 <= 4), read 0 mode Default
tcpxo-wb-0:1613:1613 [0] NCCL INFO GPU Direct RDMA Enabled for GPU 1 / HCA 0 (distance 4 <= 4), read 0 mode Default
tcpxo-wb-0:1613:1613 [0] NCCL INFO GPU Direct RDMA Enabled for GPU 2 / HCA 0 (distance 4 <= 4), read 0 mode Default
tcpxo-wb-0:1613:1613 [0] NCCL INFO GPU Direct RDMA Enabled for GPU 3 / HCA 0 (distance 4 <= 4), read 0 mode Default
tcpxo-wb-0:1613:1613 [0] NCCL INFO GPU Direct RDMA Enabled for GPU 4 / HCA 0 (distance 4 <= 4), read 0 mode Default
tcpxo-wb-0:1613:1613 [0] NCCL INFO GPU Direct RDMA Enabled for GPU 5 / HCA 0 (distance 4 <= 4), read 0 mode Default
tcpxo-wb-0:1613:1613 [0] NCCL INFO GPU Direct RDMA Enabled for GPU 6 / HCA 0 (distance 4 <= 4), read 0 mode Default
tcpxo-wb-0:1613:1613 [0] NCCL INFO GPU Direct RDMA Enabled for GPU 7 / HCA 0 (distance 4 <= 4), read 0 mode Default
tcpxo-wb-0:1613:1613 [0] NCCL INFO GPU Direct RDMA Enabled for GPU 0 / HCA 1 (distance 4 <= 4), read 0 mode Default
tcpxo-wb-0:1613:1613 [0] NCCL INFO GPU Direct RDMA Enabled for GPU 1 / HCA 1 (distance 4 <= 4), read 0 mode Default
tcpxo-wb-0:1613:1613 [0] NCCL INFO GPU Direct RDMA Enabled for GPU 2 / HCA 1 (distance 4 <= 4), read 0 mode Default
tcpxo-wb-0:1613:1613 [0] NCCL INFO GPU Direct RDMA Enabled for GPU 3 / HCA 1 (distance 4 <= 4), read 0 mode Default
tcpxo-wb-0:1613:1613 [0] NCCL INFO GPU Direct RDMA Enabled for GPU 4 / HCA 1 (distance 4 <= 4), read 0 mode Default
tcpxo-wb-0:1613:1613 [0] NCCL INFO GPU Direct RDMA Enabled for GPU 5 / HCA 1 (distance 4 <= 4), read 0 mode Default
tcpxo-wb-0:1613:1613 [0] NCCL INFO GPU Direct RDMA Enabled for GPU 6 / HCA 1 (distance 4 <= 4), read 0 mode Default
tcpxo-wb-0:1613:1613 [0] NCCL INFO GPU Direct RDMA Enabled for GPU 7 / HCA 1 (distance 4 <= 4), read 0 mode Default
tcpxo-wb-0:1613:1613 [0] NCCL INFO GPU Direct RDMA Enabled for GPU 0 / HCA 2 (distance 4 <= 4), read 0 mode Default
tcpxo-wb-0:1613:1613 [0] NCCL INFO GPU Direct RDMA Enabled for GPU 1 / HCA 2 (distance 4 <= 4), read 0 mode Default
tcpxo-wb-0:1613:1613 [0] NCCL INFO GPU Direct RDMA Enabled for GPU 2 / HCA 2 (distance 4 <= 4), read 0 mode Default
tcpxo-wb-0:1613:1613 [0] NCCL INFO GPU Direct RDMA Enabled for GPU 3 / HCA 2 (distance 4 <= 4), read 0 mode Default
tcpxo-wb-0:1613:1613 [0] NCCL INFO GPU Direct RDMA Enabled for GPU 4 / HCA 2 (distance 4 <= 4), read 0 mode Default
tcpxo-wb-0:1613:1613 [0] NCCL INFO GPU Direct RDMA Enabled for GPU 5 / HCA 2 (distance 4 <= 4), read 0 mode Default
tcpxo-wb-0:1613:1613 [0] NCCL INFO GPU Direct RDMA Enabled for GPU 6 / HCA 2 (distance 4 <= 4), read 0 mode Default
tcpxo-wb-0:1613:1613 [0] NCCL INFO GPU Direct RDMA Enabled for GPU 7 / HCA 2 (distance 4 <= 4), read 0 mode Default
tcpxo-wb-0:1613:1613 [0] NCCL INFO GPU Direct RDMA Enabled for GPU 0 / HCA 3 (distance 4 <= 4), read 0 mode Default
tcpxo-wb-0:1613:1613 [0] NCCL INFO GPU Direct RDMA Enabled for GPU 1 / HCA 3 (distance 4 <= 4), read 0 mode Default
tcpxo-wb-0:1613:1613 [0] NCCL INFO GPU Direct RDMA Enabled for GPU 2 / HCA 3 (distance 4 <= 4), read 0 mode Default
tcpxo-wb-0:1613:1613 [0] NCCL INFO GPU Direct RDMA Enabled for GPU 3 / HCA 3 (distance 4 <= 4), read 0 mode Default
tcpxo-wb-0:1613:1613 [0] NCCL INFO GPU Direct RDMA Enabled for GPU 4 / HCA 3 (distance 4 <= 4), read 0 mode Default
tcpxo-wb-0:1613:1613 [0] NCCL INFO GPU Direct RDMA Enabled for GPU 5 / HCA 3 (distance 4 <= 4), read 0 mode Default
tcpxo-wb-0:1613:1613 [0] NCCL INFO GPU Direct RDMA Enabled for GPU 6 / HCA 3 (distance 4 <= 4), read 0 mode Default
tcpxo-wb-0:1613:1613 [0] NCCL INFO GPU Direct RDMA Enabled for GPU 7 / HCA 3 (distance 4 <= 4), read 0 mode Default
tcpxo-wb-0:1613:1613 [0] NCCL INFO GPU Direct RDMA Enabled for GPU 0 / HCA 4 (distance 4 <= 4), read 0 mode Default
tcpxo-wb-0:1613:1613 [0] NCCL INFO GPU Direct RDMA Enabled for GPU 1 / HCA 4 (distance 4 <= 4), read 0 mode Default
tcpxo-wb-0:1613:1613 [0] NCCL INFO GPU Direct RDMA Enabled for GPU 2 / HCA 4 (distance 4 <= 4), read 0 mode Default
tcpxo-wb-0:1613:1613 [0] NCCL INFO GPU Direct RDMA Enabled for GPU 3 / HCA 4 (distance 4 <= 4), read 0 mode Default
tcpxo-wb-0:1613:1613 [0] NCCL INFO GPU Direct RDMA Enabled for GPU 4 / HCA 4 (distance 4 <= 4), read 0 mode Default
tcpxo-wb-0:1613:1613 [0] NCCL INFO GPU Direct RDMA Enabled for GPU 5 / HCA 4 (distance 4 <= 4), read 0 mode Default
tcpxo-wb-0:1613:1613 [0] NCCL INFO GPU Direct RDMA Enabled for GPU 6 / HCA 4 (distance 4 <= 4), read 0 mode Default
tcpxo-wb-0:1613:1613 [0] NCCL INFO GPU Direct RDMA Enabled for GPU 7 / HCA 4 (distance 4 <= 4), read 0 mode Default
tcpxo-wb-0:1613:1613 [0] NCCL INFO GPU Direct RDMA Enabled for GPU 0 / HCA 5 (distance 4 <= 4), read 0 mode Default
tcpxo-wb-0:1613:1613 [0] NCCL INFO GPU Direct RDMA Enabled for GPU 1 / HCA 5 (distance 4 <= 4), read 0 mode Default
tcpxo-wb-0:1613:1613 [0] NCCL INFO GPU Direct RDMA Enabled for GPU 2 / HCA 5 (distance 4 <= 4), read 0 mode Default
tcpxo-wb-0:1613:1613 [0] NCCL INFO GPU Direct RDMA Enabled for GPU 3 / HCA 5 (distance 4 <= 4), read 0 mode Default
tcpxo-wb-0:1613:1613 [0] NCCL INFO GPU Direct RDMA Enabled for GPU 4 / HCA 5 (distance 4 <= 4), read 0 mode Default
tcpxo-wb-0:1613:1613 [0] NCCL INFO GPU Direct RDMA Enabled for GPU 5 / HCA 5 (distance 4 <= 4), read 0 mode Default
tcpxo-wb-0:1613:1613 [0] NCCL INFO GPU Direct RDMA Enabled for GPU 6 / HCA 5 (distance 4 <= 4), read 0 mode Default
tcpxo-wb-0:1613:1613 [0] NCCL INFO GPU Direct RDMA Enabled for GPU 7 / HCA 5 (distance 4 <= 4), read 0 mode Default
tcpxo-wb-0:1613:1613 [0] NCCL INFO GPU Direct RDMA Enabled for GPU 0 / HCA 6 (distance 4 <= 4), read 0 mode Default
tcpxo-wb-0:1613:1613 [0] NCCL INFO GPU Direct RDMA Enabled for GPU 1 / HCA 6 (distance 4 <= 4), read 0 mode Default
tcpxo-wb-0:1613:1613 [0] NCCL INFO GPU Direct RDMA Enabled for GPU 2 / HCA 6 (distance 4 <= 4), read 0 mode Default
tcpxo-wb-0:1613:1613 [0] NCCL INFO GPU Direct RDMA Enabled for GPU 3 / HCA 6 (distance 4 <= 4), read 0 mode Default
tcpxo-wb-0:1613:1613 [0] NCCL INFO GPU Direct RDMA Enabled for GPU 4 / HCA 6 (distance 4 <= 4), read 0 mode Default
tcpxo-wb-0:1613:1613 [0] NCCL INFO GPU Direct RDMA Enabled for GPU 5 / HCA 6 (distance 4 <= 4), read 0 mode Default
tcpxo-wb-0:1613:1613 [0] NCCL INFO GPU Direct RDMA Enabled for GPU 6 / HCA 6 (distance 4 <= 4), read 0 mode Default
tcpxo-wb-0:1613:1613 [0] NCCL INFO GPU Direct RDMA Enabled for GPU 7 / HCA 6 (distance 4 <= 4), read 0 mode Default
tcpxo-wb-0:1613:1613 [0] NCCL INFO GPU Direct RDMA Enabled for GPU 0 / HCA 7 (distance 4 <= 4), read 0 mode Default
tcpxo-wb-0:1613:1613 [0] NCCL INFO GPU Direct RDMA Enabled for GPU 1 / HCA 7 (distance 4 <= 4), read 0 mode Default
tcpxo-wb-0:1613:1613 [0] NCCL INFO GPU Direct RDMA Enabled for GPU 2 / HCA 7 (distance 4 <= 4), read 0 mode Default
tcpxo-wb-0:1613:1613 [0] NCCL INFO GPU Direct RDMA Enabled for GPU 3 / HCA 7 (distance 4 <= 4), read 0 mode Default
tcpxo-wb-0:1613:1613 [0] NCCL INFO GPU Direct RDMA Enabled for GPU 4 / HCA 7 (distance 4 <= 4), read 0 mode Default
tcpxo-wb-0:1613:1613 [0] NCCL INFO GPU Direct RDMA Enabled for GPU 5 / HCA 7 (distance 4 <= 4), read 0 mode Default
tcpxo-wb-0:1613:1613 [0] NCCL INFO GPU Direct RDMA Enabled for GPU 6 / HCA 7 (distance 4 <= 4), read 0 mode Default
tcpxo-wb-0:1613:1613 [0] NCCL INFO GPU Direct RDMA Enabled for GPU 7 / HCA 7 (distance 4 <= 4), read 0 mode Default
tcpxo-wb-0:1613:1613 [0] NCCL INFO ncclTopoGetCpuAffinity: Affinity for GPU 0 is 0-51,104-155. (GPU affinity = 0-51,104-155 ; CPU affinity = 0-207).
tcpxo-wb-0:1613:1613 [0] NCCL INFO NVLS multicast support is available on dev 0 (NVLS_NCHANNELS 16)
tcpxo-wb-0:1613:1613 [0] NCCL INFO comm 0x5cff228b8290 rank 0 nRanks 16 nNodes 2 localRanks 8 localRank 0 MNNVL 0
tcpxo-wb-0:1613:1613 [0] NCCL INFO NVLS Head  0:  0  8
tcpxo-wb-0:1613:1613 [0] NCCL INFO NVLS Head  1:  1  9
tcpxo-wb-0:1613:1613 [0] NCCL INFO NVLS Head  2:  2 10
tcpxo-wb-0:1613:1613 [0] NCCL INFO NVLS Head  3:  3 11
tcpxo-wb-0:1613:1613 [0] NCCL INFO NVLS Head  4:  4 12
tcpxo-wb-0:1613:1613 [0] NCCL INFO NVLS Head  5:  5 13
tcpxo-wb-0:1613:1613 [0] NCCL INFO NVLS Head  6:  6 14
tcpxo-wb-0:1613:1613 [0] NCCL INFO NVLS Head  7:  7 15
tcpxo-wb-0:1613:1613 [0] NCCL INFO Channel 00/16 :  0  7  6  5  4  3  2  1  8 15 14 13 12 11 10  9
tcpxo-wb-0:1613:1613 [0] NCCL INFO Channel 01/16 :  0  9 10 11 12 13 14 15  8  1  2  3  4  5  6  7
tcpxo-wb-0:1613:1613 [0] NCCL INFO Channel 02/16 :  0  7  6  5  4  3 10  9  8 15 14 13 12 11  2  1
tcpxo-wb-0:1613:1613 [0] NCCL INFO Channel 03/16 :  0  1  2 11 12 13 14 15  8  9 10  3  4  5  6  7
tcpxo-wb-0:1613:1613 [0] NCCL INFO Channel 04/16 :  0  7  6  5 12 11 10  9  8 15 14 13  4  3  2  1
tcpxo-wb-0:1613:1613 [0] NCCL INFO Channel 05/16 :  0  1  2  3  4 13 14 15  8  9 10 11 12  5  6  7
tcpxo-wb-0:1613:1613 [0] NCCL INFO Channel 06/16 :  0  7 14 13 12 11 10  9  8 15  6  5  4  3  2  1
tcpxo-wb-0:1613:1613 [0] NCCL INFO Channel 07/16 :  0  1  2  3  4  5  6 15  8  9 10 11 12 13 14  7
tcpxo-wb-0:1613:1613 [0] NCCL INFO Channel 08/16 :  0  7  6  5  4  3  2  1  8 15 14 13 12 11 10  9
tcpxo-wb-0:1613:1613 [0] NCCL INFO Channel 09/16 :  0  9 10 11 12 13 14 15  8  1  2  3  4  5  6  7
tcpxo-wb-0:1613:1613 [0] NCCL INFO Channel 10/16 :  0  7  6  5  4  3 10  9  8 15 14 13 12 11  2  1
tcpxo-wb-0:1613:1613 [0] NCCL INFO Channel 11/16 :  0  1  2 11 12 13 14 15  8  9 10  3  4  5  6  7
tcpxo-wb-0:1613:1613 [0] NCCL INFO Channel 12/16 :  0  7  6  5 12 11 10  9  8 15 14 13  4  3  2  1
tcpxo-wb-0:1613:1613 [0] NCCL INFO Channel 13/16 :  0  1  2  3  4 13 14 15  8  9 10 11 12  5  6  7
tcpxo-wb-0:1613:1613 [0] NCCL INFO Channel 14/16 :  0  7 14 13 12 11 10  9  8 15  6  5  4  3  2  1
tcpxo-wb-0:1613:1613 [0] NCCL INFO Channel 15/16 :  0  1  2  3  4  5  6 15  8  9 10 11 12 13 14  7
tcpxo-wb-0:1613:1613 [0] NCCL INFO Trees [0] 1/8/-1->0->-1 [1] 7/-1/-1->0->1 [2] 1/-1/-1->0->7 [3] 7/-1/-1->0->1 [4] 1/-1/-1->0->7 [5] 7/-1/-1->0->1 [6] 1/-1/-1->0->7 [7] -1/-1/-1->0->1 [8] 1/-1/-1->0->8 [9] 7/-1/-1->0->1 [10] 1/-1/-1->0->7 [11] 7/-1/-1->0->1 [12] 1/-1/-1->0->7 [13] 7/-1/-1->0->1 [14] 1/-1/-1->0->7 [15] -1/-1/-1->0->1
tcpxo-wb-0:1613:1613 [0] NCCL INFO P2P Chunksize set to 524288
tcpxo-wb-0:1613:1613 [0] NCCL INFO PROFILER/Plugin: Could not find: libnccl-profiler.so
tcpxo-wb-0:1613:1613 [0] NCCL INFO Check P2P Type isAllDirectP2p 1 directMode 0 isAllCudaP2p 1
tcpxo-wb-0:1613:2197 [0] NCCL INFO [Proxy Service] Device 0 CPU core 5
tcpxo-wb-0:1613:2198 [0] NCCL INFO [Proxy Service UDS] Device 0 CPU core 6
tcpxo-wb-0:1613:2197 [0] NCCL INFO New proxy send connection 0 from local rank 5, transport 0
tcpxo-wb-0:1613:2197 [0] NCCL INFO New proxy send connection 1 from local rank 6, transport 0
tcpxo-wb-0:1613:2197 [0] NCCL INFO New proxy send connection 2 from local rank 2, transport 0
tcpxo-wb-0:1613:2197 [0] NCCL INFO New proxy send connection 3 from local rank 7, transport 0
tcpxo-wb-0:1613:2197 [0] NCCL INFO New proxy send connection 4 from local rank 3, transport 0
tcpxo-wb-0:1613:2197 [0] NCCL INFO New proxy send connection 5 from local rank 1, transport 0
tcpxo-wb-0:1613:2197 [0] NCCL INFO New proxy send connection 6 from local rank 4, transport 0
tcpxo-wb-0:1613:1613 [0] NCCL INFO TUNER/Plugin: Using GcpTunerPlugin_v2 (v2)
tcpxo-wb-0:1613:1613 [0] NCCL INFO Successfully loaded external tuner plugin /usr/local/nvidia/lib64/libnccl-tuner.so
tcpxo-wb-0:1613:1613 [0] NCCL INFO Using tuner config: '/usr/local/nvidia/lib64/a3plus_tuner_config.textproto'
tcpxo-wb-0:1613:1613 [0] NCCL INFO tuner_v2 ver. ... initialized for nNodes:2 nRanks:16
tcpxo-wb-0:1613:1613 [0] NCCL INFO threadThresholds 8/8/64 | 128/8/64 | 512 | 512
tcpxo-wb-0:1613:1613 [0] NCCL INFO 16 coll channels, 16 collnet channels, 16 nvls channels, 16 p2p channels, 2 p2p channels per peer
tcpxo-wb-0:1613:1613 [0] NCCL INFO CC Off, workFifoBytes 1048576
tcpxo-wb-0:1613:1613 [0] NCCL INFO ncclCommInitRankConfig comm 0x5cff228b8290 rank 0 nranks 16 cudaDev 0 nvmlDev 0 busId 4000 commId 0x7dc4cb7bc903c0e4 - Init COMPLETE
tcpxo-wb-0:1613:1613 [0] NCCL INFO Init timings - ncclCommInitRankConfig: rank 0 nranks 16 total 1.76 (kernels 0.28, alloc 0.99, bootstrap 0.01, allgathers 0.01, topo 0.08, graphs 0.15, connections 0.25, rest 0.00)
tcpxo-wb-0:1613:1613 [0] NCCL INFO Channel 00/0 : 0[0] -> 1[1] via P2P/CUMEM
tcpxo-wb-0:1613:2197 [0] NCCL INFO New proxy send connection 7 from local rank 0, transport 0
tcpxo-wb-0:1613:1613 [0] NCCL INFO Connected to proxy localRank 0 -> connection 0x7d13540052b8
tcpxo-wb-0:1613:1613 [0] NCCL INFO Channel 01/0 : 0[0] -> 1[1] via P2P/CUMEM
tcpxo-wb-0:1613:2197 [0] NCCL INFO New proxy send connection 8 from local rank 0, transport 0
tcpxo-wb-0:1613:1613 [0] NCCL INFO Connected to proxy localRank 0 -> connection 0x7d1354005330
tcpxo-wb-0:1613:1613 [0] NCCL INFO Channel 02/0 : 0[0] -> 1[1] via P2P/CUMEM
tcpxo-wb-0:1613:2197 [0] NCCL INFO New proxy send connection 9 from local rank 0, transport 0
tcpxo-wb-0:1613:1613 [0] NCCL INFO Connected to proxy localRank 0 -> connection 0x7d13540053a8
tcpxo-wb-0:1613:1613 [0] NCCL INFO Channel 03/0 : 0[0] -> 1[1] via P2P/CUMEM
tcpxo-wb-0:1613:2197 [0] NCCL INFO New proxy send connection 10 from local rank 0, transport 0
tcpxo-wb-0:1613:1613 [0] NCCL INFO Connected to proxy localRank 0 -> connection 0x7d1354005420
tcpxo-wb-0:1613:1613 [0] NCCL INFO Channel 04/0 : 0[0] -> 1[1] via P2P/CUMEM
tcpxo-wb-0:1613:2197 [0] NCCL INFO New proxy send connection 11 from local rank 0, transport 0
tcpxo-wb-0:1613:1613 [0] NCCL INFO Connected to proxy localRank 0 -> connection 0x7d1354005498
tcpxo-wb-0:1613:1613 [0] NCCL INFO Channel 05/0 : 0[0] -> 1[1] via P2P/CUMEM
tcpxo-wb-0:1613:2197 [0] NCCL INFO New proxy send connection 12 from local rank 0, transport 0
tcpxo-wb-0:1613:1613 [0] NCCL INFO Connected to proxy localRank 0 -> connection 0x7d1354005510
tcpxo-wb-0:1613:1613 [0] NCCL INFO Channel 06/0 : 0[0] -> 1[1] via P2P/CUMEM
tcpxo-wb-0:1613:2197 [0] NCCL INFO New proxy send connection 13 from local rank 0, transport 0
tcpxo-wb-0:1613:1613 [0] NCCL INFO Connected to proxy localRank 0 -> connection 0x7d1354005588
tcpxo-wb-0:1613:1613 [0] NCCL INFO Channel 07/0 : 0[0] -> 1[1] via P2P/CUMEM
tcpxo-wb-0:1613:2197 [0] NCCL INFO New proxy send connection 14 from local rank 0, transport 0
tcpxo-wb-0:1613:1613 [0] NCCL INFO Connected to proxy localRank 0 -> connection 0x7d1354005600
tcpxo-wb-0:1613:1613 [0] NCCL INFO Channel 08/0 : 0[0] -> 1[1] via P2P/CUMEM
tcpxo-wb-0:1613:2197 [0] NCCL INFO New proxy send connection 15 from local rank 0, transport 0
tcpxo-wb-0:1613:1613 [0] NCCL INFO Connected to proxy localRank 0 -> connection 0x7d1354005678
tcpxo-wb-0:1613:1613 [0] NCCL INFO Channel 09/0 : 0[0] -> 1[1] via P2P/CUMEM
tcpxo-wb-0:1613:2197 [0] NCCL INFO New proxy send connection 16 from local rank 0, transport 0
tcpxo-wb-0:1613:1613 [0] NCCL INFO Connected to proxy localRank 0 -> connection 0x7d13540056f0
tcpxo-wb-0:1613:1613 [0] NCCL INFO Channel 10/0 : 0[0] -> 1[1] via P2P/CUMEM
tcpxo-wb-0:1613:2197 [0] NCCL INFO New proxy send connection 17 from local rank 0, transport 0
tcpxo-wb-0:1613:1613 [0] NCCL INFO Connected to proxy localRank 0 -> connection 0x7d1354005768
tcpxo-wb-0:1613:1613 [0] NCCL INFO Channel 11/0 : 0[0] -> 1[1] via P2P/CUMEM
tcpxo-wb-0:1613:2197 [0] NCCL INFO New proxy send connection 18 from local rank 0, transport 0
tcpxo-wb-0:1613:1613 [0] NCCL INFO Connected to proxy localRank 0 -> connection 0x7d13540057e0
tcpxo-wb-0:1613:1613 [0] NCCL INFO Channel 12/0 : 0[0] -> 1[1] via P2P/CUMEM
tcpxo-wb-0:1613:2197 [0] NCCL INFO New proxy send connection 19 from local rank 0, transport 0
tcpxo-wb-0:1613:1613 [0] NCCL INFO Connected to proxy localRank 0 -> connection 0x7d1354005858
tcpxo-wb-0:1613:1613 [0] NCCL INFO Channel 13/0 : 0[0] -> 1[1] via P2P/CUMEM
tcpxo-wb-0:1613:2197 [0] NCCL INFO New proxy send connection 20 from local rank 0, transport 0
tcpxo-wb-0:1613:1613 [0] NCCL INFO Connected to proxy localRank 0 -> connection 0x7d13540058d0
tcpxo-wb-0:1613:1613 [0] NCCL INFO Channel 14/0 : 0[0] -> 1[1] via P2P/CUMEM
tcpxo-wb-0:1613:2197 [0] NCCL INFO New proxy send connection 21 from local rank 0, transport 0
tcpxo-wb-0:1613:1613 [0] NCCL INFO Connected to proxy localRank 0 -> connection 0x7d1354005948
tcpxo-wb-0:1613:1613 [0] NCCL INFO Channel 15/0 : 0[0] -> 1[1] via P2P/CUMEM
tcpxo-wb-0:1613:2197 [0] NCCL INFO New proxy send connection 22 from local rank 0, transport 0
tcpxo-wb-0:1613:1613 [0] NCCL INFO Connected to proxy localRank 0 -> connection 0x7d13540059c0
tcpxo-wb-0:1613:1613 [0] NCCL INFO Channel 01/0 : 0[0] -> 7[7] via P2P/CUMEM
tcpxo-wb-0:1613:2197 [0] NCCL INFO New proxy send connection 23 from local rank 0, transport 0
tcpxo-wb-0:1613:1613 [0] NCCL INFO Connected to proxy localRank 0 -> connection 0x7d1354005a38
tcpxo-wb-0:1613:1613 [0] NCCL INFO Channel 02/0 : 0[0] -> 7[7] via P2P/CUMEM
tcpxo-wb-0:1613:2197 [0] NCCL INFO New proxy send connection 24 from local rank 0, transport 0
tcpxo-wb-0:1613:1613 [0] NCCL INFO Connected to proxy localRank 0 -> connection 0x7d1354005ab0
tcpxo-wb-0:1613:1613 [0] NCCL INFO Channel 03/0 : 0[0] -> 7[7] via P2P/CUMEM
tcpxo-wb-0:1613:2197 [0] NCCL INFO New proxy send connection 25 from local rank 0, transport 0
tcpxo-wb-0:1613:1613 [0] NCCL INFO Connected to proxy localRank 0 -> connection 0x7d1354005b28
tcpxo-wb-0:1613:1613 [0] NCCL INFO Channel 04/0 : 0[0] -> 7[7] via P2P/CUMEM
tcpxo-wb-0:1613:2197 [0] NCCL INFO New proxy send connection 26 from local rank 0, transport 0
tcpxo-wb-0:1613:1613 [0] NCCL INFO Connected to proxy localRank 0 -> connection 0x7d1354005ba0
tcpxo-wb-0:1613:1613 [0] NCCL INFO Channel 05/0 : 0[0] -> 7[7] via P2P/CUMEM
tcpxo-wb-0:1613:2197 [0] NCCL INFO New proxy send connection 27 from local rank 0, transport 0
tcpxo-wb-0:1613:1613 [0] NCCL INFO Connected to proxy localRank 0 -> connection 0x7d1354005c18
tcpxo-wb-0:1613:1613 [0] NCCL INFO Channel 06/0 : 0[0] -> 7[7] via P2P/CUMEM
tcpxo-wb-0:1613:2197 [0] NCCL INFO New proxy send connection 28 from local rank 0, transport 0
tcpxo-wb-0:1613:1613 [0] NCCL INFO Connected to proxy localRank 0 -> connection 0x7d1354005c90
tcpxo-wb-0:1613:1613 [0] NCCL INFO Channel 09/0 : 0[0] -> 7[7] via P2P/CUMEM
tcpxo-wb-0:1613:2197 [0] NCCL INFO New proxy send connection 29 from local rank 0, transport 0
tcpxo-wb-0:1613:1613 [0] NCCL INFO Connected to proxy localRank 0 -> connection 0x7d1354005d08
tcpxo-wb-0:1613:1613 [0] NCCL INFO Channel 10/0 : 0[0] -> 7[7] via P2P/CUMEM
tcpxo-wb-0:1613:2197 [0] NCCL INFO New proxy send connection 30 from local rank 0, transport 0
tcpxo-wb-0:1613:1613 [0] NCCL INFO Connected to proxy localRank 0 -> connection 0x7d1354005d80
tcpxo-wb-0:1613:1613 [0] NCCL INFO Channel 11/0 : 0[0] -> 7[7] via P2P/CUMEM
tcpxo-wb-0:1613:2197 [0] NCCL INFO New proxy send connection 31 from local rank 0, transport 0
tcpxo-wb-0:1613:1613 [0] NCCL INFO Connected to proxy localRank 0 -> connection 0x7d1354005df8
tcpxo-wb-0:1613:1613 [0] NCCL INFO Channel 12/0 : 0[0] -> 7[7] via P2P/CUMEM
tcpxo-wb-0:1613:2197 [0] NCCL INFO New proxy send connection 32 from local rank 0, transport 0
tcpxo-wb-0:1613:1613 [0] NCCL INFO Connected to proxy localRank 0 -> connection 0x7d1354005e70
tcpxo-wb-0:1613:1613 [0] NCCL INFO Channel 13/0 : 0[0] -> 7[7] via P2P/CUMEM
tcpxo-wb-0:1613:2197 [0] NCCL INFO New proxy send connection 33 from local rank 0, transport 0
tcpxo-wb-0:1613:1613 [0] NCCL INFO Connected to proxy localRank 0 -> connection 0x7d1354005ee8
tcpxo-wb-0:1613:1613 [0] NCCL INFO Channel 14/0 : 0[0] -> 7[7] via P2P/CUMEM
tcpxo-wb-0:1613:2197 [0] NCCL INFO New proxy send connection 34 from local rank 0, transport 0
tcpxo-wb-0:1613:1613 [0] NCCL INFO Connected to proxy localRank 0 -> connection 0x7d1354005f60
tcpxo-wb-0:1613:1613 [0] NCCL INFO GPU Direct RDMA Enabled for GPU 0 / HCA 0 (distance 4 <= 4), read 0 mode Default
tcpxo-wb-0:1613:1613 [0] NCCL INFO NET/FasTrak 2026-08-02T13:09:07.287175319+00:00: props: netDeviceType 0, netDeviceVersion 7
tcpxo-wb-0:1613:2197 [0] NCCL INFO New proxy recv connection 35 from local rank 0, transport 2
tcpxo-wb-0:1613:1613 [0] NCCL INFO Connected to proxy localRank 0 -> connection 0x7d1354005fd8
tcpxo-wb-0:1613:2197 [0] NCCL INFO NET/FasTrak 2026-08-02T13:09:07.30474087+00:00: props: netDeviceType 0, netDeviceVersion 7
tcpxo-wb-0:1613:2205 [0] NCCL INFO [Proxy Progress] Device 0 CPU core 133
tcpxo-wb-0:1613:2197 [0] NCCL INFO NET/FasTrak 2026-08-02T13:09:07.305609161+00:00: DXS listen socket ready for flow ID 0, port 9
tcpxo-wb-0:1613:2197 [0] NCCL INFO NET/FasTrak 2026-08-02T13:09:07.305620454+00:00: DXS listen socket ready for flow ID 1, port 10
tcpxo-wb-0:1613:2197 [0] NCCL INFO NET/FasTrak 2026-08-02T13:09:07.305623849+00:00: DXS listening on 192.169.0.3 (eth1) for GPU 0000:04:00.0, ctrl listening on 10.20.2.26<59265>
tcpxo-wb-0:1613:1613 [0] NCCL INFO Channel 00/0 : 8[0] -> 0[0] [receive] via NET/FasTrak/0/GDRDMA
tcpxo-wb-0:1613:1613 [0] NCCL INFO GPU Direct RDMA Enabled for GPU 0 / HCA 0 (distance 4 <= 4), read 0 mode Default
tcpxo-wb-0:1613:1613 [0] NCCL INFO NET/FasTrak 2026-08-02T13:09:07.305655064+00:00: props: netDeviceType 0, netDeviceVersion 7
tcpxo-wb-0:1613:2197 [0] NCCL INFO New proxy recv connection 36 from local rank 0, transport 2
tcpxo-wb-0:1613:1613 [0] NCCL INFO Connected to proxy localRank 0 -> connection 0x7d1354006050
tcpxo-wb-0:1613:2197 [0] NCCL INFO NET/FasTrak 2026-08-02T13:09:07.305724889+00:00: props: netDeviceType 0, netDeviceVersion 7
tcpxo-wb-0:1613:2197 [0] NCCL INFO NET/FasTrak 2026-08-02T13:09:07.306688866+00:00: DXS listen socket ready for flow ID 0, port 3
tcpxo-wb-0:1613:2197 [0] NCCL INFO NET/FasTrak 2026-08-02T13:09:07.306693262+00:00: DXS listen socket ready for flow ID 1, port 4
tcpxo-wb-0:1613:2197 [0] NCCL INFO NET/FasTrak 2026-08-02T13:09:07.306713647+00:00: DXS listening on 192.169.0.3 (eth1) for GPU 0000:04:00.0, ctrl listening on 10.20.2.26<47205>
tcpxo-wb-0:1613:1613 [0] NCCL INFO Channel 08/0 : 8[0] -> 0[0] [receive] via NET/FasTrak/0/GDRDMA
tcpxo-wb-0:1613:1613 [0] NCCL INFO GPU Direct RDMA Enabled for GPU 0 / HCA 0 (distance 4 <= 4), read 1 mode Default
tcpxo-wb-0:1613:2197 [0] NCCL INFO New proxy send connection 37 from local rank 0, transport 2
tcpxo-wb-0:1613:1613 [0] NCCL INFO Connected to proxy localRank 0 -> connection 0x7d13540060c8
tcpxo-wb-0:1613:2197 [0] NCCL INFO NET/FasTrak 2026-08-02T13:09:07.306785534+00:00: props: netDeviceType 0, netDeviceVersion 7
tcpxo-wb-0:1613:1613 [0] NCCL INFO Channel 00/0 : 0[0] -> 8[0] [send] via NET/FasTrak/0/GDRDMA
tcpxo-wb-0:1613:1613 [0] NCCL INFO GPU Direct RDMA Enabled for GPU 0 / HCA 0 (distance 4 <= 4), read 1 mode Default
tcpxo-wb-0:1613:2197 [0] NCCL INFO New proxy send connection 38 from local rank 0, transport 2
tcpxo-wb-0:1613:1613 [0] NCCL INFO Connected to proxy localRank 0 -> connection 0x7d1354006140
tcpxo-wb-0:1613:2197 [0] NCCL INFO NET/FasTrak 2026-08-02T13:09:07.306855533+00:00: props: netDeviceType 0, netDeviceVersion 7
tcpxo-wb-0:1613:1613 [0] NCCL INFO Channel 08/0 : 0[0] -> 8[0] [send] via NET/FasTrak/0/GDRDMA
tcpxo-wb-0:1613:2197 [0] NCCL INFO New proxy recv connection 39 from local rank 0, transport 0
tcpxo-wb-0:1613:1613 [0] NCCL INFO Connected to proxy localRank 0 -> connection 0x7d13540061b8
tcpxo-wb-0:1613:2197 [0] NCCL INFO New proxy recv connection 40 from local rank 0, transport 0
tcpxo-wb-0:1613:1613 [0] NCCL INFO Connected to proxy localRank 0 -> connection 0x7d1354006230
tcpxo-wb-0:1613:2197 [0] NCCL INFO New proxy recv connection 41 from local rank 0, transport 0
tcpxo-wb-0:1613:1613 [0] NCCL INFO Connected to proxy localRank 0 -> connection 0x7d13540062a8
tcpxo-wb-0:1613:2197 [0] NCCL INFO New proxy recv connection 42 from local rank 0, transport 0
tcpxo-wb-0:1613:1613 [0] NCCL INFO Connected to proxy localRank 0 -> connection 0x7d1354006320
tcpxo-wb-0:1613:2197 [0] NCCL INFO New proxy recv connection 43 from local rank 0, transport 0
tcpxo-wb-0:1613:1613 [0] NCCL INFO Connected to proxy localRank 0 -> connection 0x7d1354006398
tcpxo-wb-0:1613:2197 [0] NCCL INFO New proxy recv connection 44 from local rank 0, transport 0
tcpxo-wb-0:1613:1613 [0] NCCL INFO Connected to proxy localRank 0 -> connection 0x7d1354006410
tcpxo-wb-0:1613:2197 [0] NCCL INFO New proxy recv connection 45 from local rank 0, transport 0
tcpxo-wb-0:1613:1613 [0] NCCL INFO Connected to proxy localRank 0 -> connection 0x7d1354006488
tcpxo-wb-0:1613:2197 [0] NCCL INFO New proxy recv connection 46 from local rank 0, transport 0
tcpxo-wb-0:1613:1613 [0] NCCL INFO Connected to proxy localRank 0 -> connection 0x7d1354006500
tcpxo-wb-0:1613:2197 [0] NCCL INFO New proxy recv connection 47 from local rank 0, transport 0
tcpxo-wb-0:1613:1613 [0] NCCL INFO Connected to proxy localRank 0 -> connection 0x7d1354006578
tcpxo-wb-0:1613:2197 [0] NCCL INFO New proxy recv connection 48 from local rank 0, transport 0
tcpxo-wb-0:1613:1613 [0] NCCL INFO Connected to proxy localRank 0 -> connection 0x7d13540065f0
tcpxo-wb-0:1613:2197 [0] NCCL INFO New proxy recv connection 49 from local rank 0, transport 0
tcpxo-wb-0:1613:1613 [0] NCCL INFO Connected to proxy localRank 0 -> connection 0x7d1354006668
tcpxo-wb-0:1613:2197 [0] NCCL INFO New proxy recv connection 50 from local rank 0, transport 0
tcpxo-wb-0:1613:1613 [0] NCCL INFO Connected to proxy localRank 0 -> connection 0x7d13540066e0
tcpxo-wb-0:1613:2197 [0] NCCL INFO New proxy recv connection 51 from local rank 0, transport 0
tcpxo-wb-0:1613:1613 [0] NCCL INFO Connected to proxy localRank 0 -> connection 0x7d1354006758
tcpxo-wb-0:1613:2197 [0] NCCL INFO New proxy recv connection 52 from local rank 0, transport 0
tcpxo-wb-0:1613:1613 [0] NCCL INFO Connected to proxy localRank 0 -> connection 0x7d13540067d0
tcpxo-wb-0:1613:2197 [0] NCCL INFO New proxy recv connection 53 from local rank 0, transport 0
tcpxo-wb-0:1613:1613 [0] NCCL INFO Connected to proxy localRank 0 -> connection 0x7d1354006848
tcpxo-wb-0:1613:2197 [0] NCCL INFO New proxy recv connection 54 from local rank 0, transport 0
tcpxo-wb-0:1613:1613 [0] NCCL INFO Connected to proxy localRank 0 -> connection 0x7d13540068c0
tcpxo-wb-0:1613:2197 [0] NCCL INFO New proxy recv connection 55 from local rank 0, transport 0
tcpxo-wb-0:1613:1613 [0] NCCL INFO Connected to proxy localRank 0 -> connection 0x7d1354006938
tcpxo-wb-0:1613:2197 [0] NCCL INFO New proxy recv connection 56 from local rank 0, transport 0
tcpxo-wb-0:1613:1613 [0] NCCL INFO Connected to proxy localRank 0 -> connection 0x7d13540069b0
tcpxo-wb-0:1613:2197 [0] NCCL INFO New proxy recv connection 57 from local rank 0, transport 0
tcpxo-wb-0:1613:1613 [0] NCCL INFO Connected to proxy localRank 0 -> connection 0x7d1354006a28
tcpxo-wb-0:1613:2197 [0] NCCL INFO New proxy recv connection 58 from local rank 0, transport 0
tcpxo-wb-0:1613:1613 [0] NCCL INFO Connected to proxy localRank 0 -> connection 0x7d1354006aa0
tcpxo-wb-0:1613:2197 [0] NCCL INFO New proxy recv connection 59 from local rank 0, transport 0
tcpxo-wb-0:1613:1613 [0] NCCL INFO Connected to proxy localRank 0 -> connection 0x7d1354006b18
tcpxo-wb-0:1613:2197 [0] NCCL INFO New proxy recv connection 60 from local rank 0, transport 0
tcpxo-wb-0:1613:1613 [0] NCCL INFO Connected to proxy localRank 0 -> connection 0x7d1354006b90
tcpxo-wb-0:1613:2197 [0] NCCL INFO New proxy recv connection 61 from local rank 0, transport 0
tcpxo-wb-0:1613:1613 [0] NCCL INFO Connected to proxy localRank 0 -> connection 0x7d1354006c08
tcpxo-wb-0:1613:2197 [0] NCCL INFO New proxy recv connection 62 from local rank 0, transport 0
tcpxo-wb-0:1613:1613 [0] NCCL INFO Connected to proxy localRank 0 -> connection 0x7d1354006c80
tcpxo-wb-0:1613:2197 [0] NCCL INFO New proxy recv connection 63 from local rank 0, transport 0
tcpxo-wb-0:1613:1613 [0] NCCL INFO Connected to proxy localRank 0 -> connection 0x7d1354006cf8
tcpxo-wb-0:1613:2197 [0] NCCL INFO New proxy recv connection 64 from local rank 0, transport 0
tcpxo-wb-0:1613:1613 [0] NCCL INFO Connected to proxy localRank 0 -> connection 0x7d1354006d70
tcpxo-wb-0:1613:2197 [0] NCCL INFO New proxy recv connection 65 from local rank 0, transport 0
tcpxo-wb-0:1613:1613 [0] NCCL INFO Connected to proxy localRank 0 -> connection 0x7d1354006de8
tcpxo-wb-0:1613:2197 [0] NCCL INFO New proxy recv connection 66 from local rank 0, transport 0
tcpxo-wb-0:1613:1613 [0] NCCL INFO Connected to proxy localRank 0 -> connection 0x7d1354006e60
tcpxo-wb-0:1613:1613 [0] NCCL INFO Connected to proxy localRank 1 -> connection 0x78cfb0006c08
tcpxo-wb-0:1613:1613 [0] NCCL INFO Connected to proxy localRank 7 -> connection 0x7d9304006bd8
tcpxo-wb-0:1613:2197 [0] NCCL INFO NET/FasTrak 2026-08-02T13:09:07.690984793+00:00: DXS flow ID 0 connecting to 192.169.0.4:26 comm_trace_id:0x3f700001 comm_idx:0x1 on net_dev:0
tcpxo-wb-0:1613:2197 [0] NCCL INFO NET/FasTrak 2026-08-02T13:09:07.691039442+00:00: DXS flow ID 1 connecting to 192.169.0.4:25 comm_trace_id:0x3f700001 comm_idx:0x1 on net_dev:0
tcpxo-wb-0:1613:2197 [0] NCCL INFO NET/FasTrak 2026-08-02T13:09:07.691067786+00:00: Async accepting for comm:0x7d1354065950 comm_idx:0x2.
tcpxo-wb-0:1613:2197 [0] NCCL INFO NET/FasTrak 2026-08-02T13:09:07.691102602+00:00: DXS flow ID 0 connecting to 192.169.0.4:28 comm_trace_id:0x73b00003 comm_idx:0x3 on net_dev:0
tcpxo-wb-0:1613:2197 [0] NCCL INFO NET/FasTrak 2026-08-02T13:09:07.691109793+00:00: DXS flow ID 1 connecting to 192.169.0.4:27 comm_trace_id:0x73b00003 comm_idx:0x3 on net_dev:0
tcpxo-wb-0:1613:2197 [0] NCCL INFO NET/FasTrak 2026-08-02T13:09:07.691135267+00:00: Async accepting for comm:0x7d1354069030 comm_idx:0x4.
tcpxo-wb-0:1613:2197 [0] NCCL INFO NET/FasTrak 2026-08-02T13:09:07.693164034+00:00: All DXS flows accepted for comm:0x7d1354069030 comm_trace_id:0x0 on gpu_pci:0000:04:00.0 on comm_idx:4.
tcpxo-wb-0:1613:2197 [0] NCCL INFO NET/FasTrak 2026-08-02T13:09:07.693168501+00:00: Allocate recv dev handle for comm:0x7d1354069030 on gpu_pci:0000:04:00.0
tcpxo-wb-0:1613:2197 [0] NCCL INFO NET/FasTrak 2026-08-02T13:09:07.693171036+00:00: Linearized: comm 0x7d1354069030, createRecvDevComm 0x7d13b9ffc480
tcpxo-wb-0:1613:2197 [0] NCCL INFO NET/FasTrak 2026-08-02T13:09:07.696337498+00:00: RegMr[netdev=0] CUDA memory for comm 0x7d1354069030 with handle:8653318625366212665 for data:0x31d4000000 size:524288
tcpxo-wb-0:1613:2197 [0] NCCL INFO NET/FasTrak 2026-08-02T13:09:07.697399084+00:00: RegMr[netdev=0] CUDA memory for comm 0x7d1354069030 with handle:8653318625366213496 for data:0x31d4080000 size:4915200
tcpxo-wb-0:1613:2197 [0] NCCL INFO NET/FasTrak 2026-08-02T13:09:07.698477201+00:00: RegMr[netdev=0] CUDA memory for comm 0x7d1354069030 with handle:8653318625366214327 for data:0x31d4530000 size:8388608
tcpxo-wb-0:1613:2197 [0] NCCL INFO NET/FasTrak 2026-08-02T13:09:07.698505346+00:00: All DXS flows connected to 192.169.0.4 comm:0x7d1354063f70 comm_trace_id:0x3f700001 comm_idx:0x1 on net_dev:0 (Local IP: 192.169.0.3)
tcpxo-wb-0:1613:2197 [0] NCCL INFO NET/FasTrak 2026-08-02T13:09:07.698509204+00:00: Allocate send dev handle, comm 0x7d1354063f70
tcpxo-wb-0:1613:2197 [0] NCCL INFO NET/FasTrak 2026-08-02T13:09:07.698511464+00:00: Comm 0x7d1354063f70, createSendDevComm 0x7d13b9ffc4d8
tcpxo-wb-0:1613:2197 [0] NCCL INFO NET/FasTrak 2026-08-02T13:09:07.699320584+00:00: Registering host memory for 0x7d1354063f70 data:0x7d1391b22200 size:524288
tcpxo-wb-0:1613:2197 [0] NCCL INFO NET/FasTrak 2026-08-02T13:09:07.700618409+00:00: RegMr[netdev=0] CUDA memory for comm 0x7d1354063f70 with handle:8653318625366215158 for data:0x31d5000000 size:4915200
tcpxo-wb-0:1613:2197 [0] NCCL INFO NET/FasTrak 2026-08-02T13:09:07.703831502+00:00: RegMr[netdev=0] CUDA memory for comm 0x7d1354063f70 with handle:8653318625366215989 for data:0x31d54b0000 size:8388608
tcpxo-wb-0:1613:2197 [0] NCCL INFO NET/FasTrak 2026-08-02T13:09:07.70385686+00:00: All DXS flows accepted for comm:0x7d1354065950 comm_trace_id:0x0 on gpu_pci:0000:04:00.0 on comm_idx:2.
tcpxo-wb-0:1613:2197 [0] NCCL INFO NET/FasTrak 2026-08-02T13:09:07.703860204+00:00: Allocate recv dev handle for comm:0x7d1354065950 on gpu_pci:0000:04:00.0
tcpxo-wb-0:1613:2197 [0] NCCL INFO NET/FasTrak 2026-08-02T13:09:07.70386243+00:00: Linearized: comm 0x7d1354065950, createRecvDevComm 0x7d13b9ffc480
tcpxo-wb-0:1613:2197 [0] NCCL INFO NET/FasTrak 2026-08-02T13:09:07.712378978+00:00: RegMr[netdev=0] CUDA memory for comm 0x7d1354065950 with handle:8653318625366212724 for data:0x31d6000000 size:524288
tcpxo-wb-0:1613:2197 [0] NCCL INFO NET/FasTrak 2026-08-02T13:09:07.716651405+00:00: RegMr[netdev=0] CUDA memory for comm 0x7d1354065950 with handle:8653318625366213555 for data:0x31d6080000 size:4915200
tcpxo-wb-0:1613:2197 [0] NCCL INFO NET/FasTrak 2026-08-02T13:09:07.717728668+00:00: RegMr[netdev=0] CUDA memory for comm 0x7d1354065950 with handle:8653318625366214386 for data:0x31d6530000 size:8388608
tcpxo-wb-0:1613:2197 [0] NCCL INFO NET/FasTrak 2026-08-02T13:09:07.717745661+00:00: All DXS flows connected to 192.169.0.4 comm:0x7d13540673b0 comm_trace_id:0x73b00003 comm_idx:0x3 on net_dev:0 (Local IP: 192.169.0.3)
tcpxo-wb-0:1613:2197 [0] NCCL INFO NET/FasTrak 2026-08-02T13:09:07.717748928+00:00: Allocate send dev handle, comm 0x7d13540673b0
tcpxo-wb-0:1613:2197 [0] NCCL INFO NET/FasTrak 2026-08-02T13:09:07.717751087+00:00: Comm 0x7d13540673b0, createSendDevComm 0x7d13b9ffc4d8
tcpxo-wb-0:1613:2197 [0] NCCL INFO NET/FasTrak 2026-08-02T13:09:07.727402401+00:00: Registering host memory for 0x7d13540673b0 data:0x31d7e00000 size:524288
tcpxo-wb-0:1613:2197 [0] NCCL INFO NET/FasTrak 2026-08-02T13:09:07.729475382+00:00: RegMr[netdev=0] CUDA memory for comm 0x7d13540673b0 with handle:8653318625366215217 for data:0x31d7000000 size:4915200
tcpxo-wb-0:1613:2197 [0] NCCL INFO NET/FasTrak 2026-08-02T13:09:07.731609375+00:00: RegMr[netdev=0] CUDA memory for comm 0x7d13540673b0 with handle:8653318625366216048 for data:0x31d74b0000 size:8388608
tcpxo-wb-0:1613:1613 [0] NCCL INFO Connected all trees
tcpxo-wb-0:1613:1613 [0] NCCL INFO NVLS comm 0x5cff228b8290 headRank 0 nHeads 8 nvlsRanks 8 buffSize 1048576 nvlsPerRankSize 33554432 nvlsTotalSize 268435456
tcpxo-wb-0:1613:1613 [0] NCCL INFO GPU Direct RDMA Enabled for GPU 0 / HCA 0 (distance 4 <= 4), read 0 mode Default
tcpxo-wb-0:1613:1613 [0] NCCL INFO NET/FasTrak 2026-08-02T13:09:08.245334471+00:00: props: netDeviceType 0, netDeviceVersion 7
tcpxo-wb-0:1613:2197 [0] NCCL INFO New proxy recv connection 67 from local rank 0, transport 2
tcpxo-wb-0:1613:1613 [0] NCCL INFO Connected to proxy localRank 0 -> connection 0x7d1354006ed8
tcpxo-wb-0:1613:2197 [0] NCCL INFO NET/FasTrak 2026-08-02T13:09:08.245693142+00:00: props: netDeviceType 0, netDeviceVersion 7
tcpxo-wb-0:1613:2197 [0] NCCL INFO NET/FasTrak 2026-08-02T13:09:08.24615284+00:00: DXS listen socket ready for flow ID 0, port 23
tcpxo-wb-0:1613:2197 [0] NCCL INFO NET/FasTrak 2026-08-02T13:09:08.24615981+00:00: DXS listen socket ready for flow ID 1, port 24
tcpxo-wb-0:1613:2197 [0] NCCL INFO NET/FasTrak 2026-08-02T13:09:08.246162408+00:00: DXS listening on 192.169.0.3 (eth1) for GPU 0000:04:00.0, ctrl listening on 10.20.2.26<60009>
tcpxo-wb-0:1613:1613 [0] NCCL INFO Channel 01/0 : 8[0] -> 0[0] [receive] via NET/FasTrak/0/GDRDMA
tcpxo-wb-0:1613:1613 [0] NCCL INFO GPU Direct RDMA Enabled for GPU 0 / HCA 0 (distance 4 <= 4), read 0 mode Default
tcpxo-wb-0:1613:1613 [0] NCCL INFO NET/FasTrak 2026-08-02T13:09:08.246192548+00:00: props: netDeviceType 0, netDeviceVersion 7
tcpxo-wb-0:1613:2197 [0] NCCL INFO New proxy recv connection 68 from local rank 0, transport 2
tcpxo-wb-0:1613:1613 [0] NCCL INFO Connected to proxy localRank 0 -> connection 0x7d1354006f50
tcpxo-wb-0:1613:2197 [0] NCCL INFO NET/FasTrak 2026-08-02T13:09:08.24627073+00:00: props: netDeviceType 0, netDeviceVersion 7
tcpxo-wb-0:1613:2197 [0] NCCL INFO NET/FasTrak 2026-08-02T13:09:08.247222573+00:00: DXS listen socket ready for flow ID 0, port 5
tcpxo-wb-0:1613:2197 [0] NCCL INFO NET/FasTrak 2026-08-02T13:09:08.247226955+00:00: DXS listen socket ready for flow ID 1, port 6
tcpxo-wb-0:1613:2197 [0] NCCL INFO NET/FasTrak 2026-08-02T13:09:08.247230347+00:00: DXS listening on 192.169.0.3 (eth1) for GPU 0000:04:00.0, ctrl listening on 10.20.2.26<41635>
tcpxo-wb-0:1613:1613 [0] NCCL INFO Channel 02/0 : 8[0] -> 0[0] [receive] via NET/FasTrak/0/GDRDMA
tcpxo-wb-0:1613:1613 [0] NCCL INFO GPU Direct RDMA Enabled for GPU 0 / HCA 0 (distance 4 <= 4), read 0 mode Default
tcpxo-wb-0:1613:1613 [0] NCCL INFO NET/FasTrak 2026-08-02T13:09:08.247256455+00:00: props: netDeviceType 0, netDeviceVersion 7
tcpxo-wb-0:1613:2197 [0] NCCL INFO New proxy recv connection 69 from local rank 0, transport 2
tcpxo-wb-0:1613:1613 [0] NCCL INFO Connected to proxy localRank 0 -> connection 0x7d1354006fc8
tcpxo-wb-0:1613:2197 [0] NCCL INFO NET/FasTrak 2026-08-02T13:09:08.247331955+00:00: props: netDeviceType 0, netDeviceVersion 7
tcpxo-wb-0:1613:2197 [0] NCCL INFO NET/FasTrak 2026-08-02T13:09:08.248296215+00:00: DXS listen socket ready for flow ID 0, port 11
tcpxo-wb-0:1613:2197 [0] NCCL INFO NET/FasTrak 2026-08-02T13:09:08.248300707+00:00: DXS listen socket ready for flow ID 1, port 12
tcpxo-wb-0:1613:2197 [0] NCCL INFO NET/FasTrak 2026-08-02T13:09:08.248303831+00:00: DXS listening on 192.169.0.3 (eth1) for GPU 0000:04:00.0, ctrl listening on 10.20.2.26<38263>
tcpxo-wb-0:1613:1613 [0] NCCL INFO Channel 03/0 : 8[0] -> 0[0] [receive] via NET/FasTrak/0/GDRDMA
tcpxo-wb-0:1613:1613 [0] NCCL INFO GPU Direct RDMA Enabled for GPU 0 / HCA 0 (distance 4 <= 4), read 0 mode Default
tcpxo-wb-0:1613:1613 [0] NCCL INFO NET/FasTrak 2026-08-02T13:09:08.24832946+00:00: props: netDeviceType 0, netDeviceVersion 7
tcpxo-wb-0:1613:2197 [0] NCCL INFO New proxy recv connection 70 from local rank 0, transport 2
tcpxo-wb-0:1613:1613 [0] NCCL INFO Connected to proxy localRank 0 -> connection 0x7d1354007040
tcpxo-wb-0:1613:2197 [0] NCCL INFO NET/FasTrak 2026-08-02T13:09:08.248403118+00:00: props: netDeviceType 0, netDeviceVersion 7
tcpxo-wb-0:1613:2197 [0] NCCL INFO NET/FasTrak 2026-08-02T13:09:08.249373414+00:00: DXS listen socket ready for flow ID 0, port 7
tcpxo-wb-0:1613:2197 [0] NCCL INFO NET/FasTrak 2026-08-02T13:09:08.249377387+00:00: DXS listen socket ready for flow ID 1, port 8
tcpxo-wb-0:1613:2197 [0] NCCL INFO NET/FasTrak 2026-08-02T13:09:08.249396281+00:00: DXS listening on 192.169.0.3 (eth1) for GPU 0000:04:00.0, ctrl listening on 10.20.2.26<60679>
tcpxo-wb-0:1613:1613 [0] NCCL INFO Channel 04/0 : 8[0] -> 0[0] [receive] via NET/FasTrak/0/GDRDMA
tcpxo-wb-0:1613:1613 [0] NCCL INFO GPU Direct RDMA Enabled for GPU 0 / HCA 0 (distance 4 <= 4), read 0 mode Default
tcpxo-wb-0:1613:1613 [0] NCCL INFO NET/FasTrak 2026-08-02T13:09:08.24941995+00:00: props: netDeviceType 0, netDeviceVersion 7
tcpxo-wb-0:1613:2197 [0] NCCL INFO New proxy recv connection 71 from local rank 0, transport 2
tcpxo-wb-0:1613:1613 [0] NCCL INFO Connected to proxy localRank 0 -> connection 0x7d13540070b8
tcpxo-wb-0:1613:2197 [0] NCCL INFO NET/FasTrak 2026-08-02T13:09:08.24948043+00:00: props: netDeviceType 0, netDeviceVersion 7
tcpxo-wb-0:1613:2197 [0] NCCL INFO NET/FasTrak 2026-08-02T13:09:08.250441564+00:00: DXS listen socket ready for flow ID 0, port 1
tcpxo-wb-0:1613:2197 [0] NCCL INFO NET/FasTrak 2026-08-02T13:09:08.250445633+00:00: DXS listen socket ready for flow ID 1, port 2
tcpxo-wb-0:1613:2197 [0] NCCL INFO NET/FasTrak 2026-08-02T13:09:08.250447424+00:00: DXS listening on 192.169.0.3 (eth1) for GPU 0000:04:00.0, ctrl listening on 10.20.2.26<43533>
tcpxo-wb-0:1613:1613 [0] NCCL INFO Channel 05/0 : 8[0] -> 0[0] [receive] via NET/FasTrak/0/GDRDMA
tcpxo-wb-0:1613:1613 [0] NCCL INFO GPU Direct RDMA Enabled for GPU 0 / HCA 0 (distance 4 <= 4), read 0 mode Default
tcpxo-wb-0:1613:1613 [0] NCCL INFO NET/FasTrak 2026-08-02T13:09:08.250469057+00:00: props: netDeviceType 0, netDeviceVersion 7
tcpxo-wb-0:1613:2197 [0] NCCL INFO New proxy recv connection 72 from local rank 0, transport 2
tcpxo-wb-0:1613:1613 [0] NCCL INFO Connected to proxy localRank 0 -> connection 0x7d1354007130
tcpxo-wb-0:1613:2197 [0] NCCL INFO NET/FasTrak 2026-08-02T13:09:08.250523824+00:00: props: netDeviceType 0, netDeviceVersion 7
tcpxo-wb-0:1613:2197 [0] NCCL INFO NET/FasTrak 2026-08-02T13:09:08.251509759+00:00: DXS listen socket ready for flow ID 0, port 19
tcpxo-wb-0:1613:2197 [0] NCCL INFO NET/FasTrak 2026-08-02T13:09:08.251520312+00:00: DXS listen socket ready for flow ID 1, port 20
tcpxo-wb-0:1613:2197 [0] NCCL INFO NET/FasTrak 2026-08-02T13:09:08.251522168+00:00: DXS listening on 192.169.0.3 (eth1) for GPU 0000:04:00.0, ctrl listening on 10.20.2.26<41121>
tcpxo-wb-0:1613:1613 [0] NCCL INFO Channel 06/0 : 8[0] -> 0[0] [receive] via NET/FasTrak/0/GDRDMA
tcpxo-wb-0:1613:1613 [0] NCCL INFO GPU Direct RDMA Enabled for GPU 0 / HCA 0 (distance 4 <= 4), read 0 mode Default
tcpxo-wb-0:1613:1613 [0] NCCL INFO NET/FasTrak 2026-08-02T13:09:08.251543383+00:00: props: netDeviceType 0, netDeviceVersion 7
tcpxo-wb-0:1613:2197 [0] NCCL INFO New proxy recv connection 73 from local rank 0, transport 2
tcpxo-wb-0:1613:1613 [0] NCCL INFO Connected to proxy localRank 0 -> connection 0x7d13540071a8
tcpxo-wb-0:1613:2197 [0] NCCL INFO NET/FasTrak 2026-08-02T13:09:08.251599447+00:00: props: netDeviceType 0, netDeviceVersion 7
tcpxo-wb-0:1613:2197 [0] NCCL INFO NET/FasTrak 2026-08-02T13:09:08.252579973+00:00: DXS listen socket ready for flow ID 0, port 18
tcpxo-wb-0:1613:2197 [0] NCCL INFO NET/FasTrak 2026-08-02T13:09:08.252583624+00:00: DXS listen socket ready for flow ID 1, port 17
tcpxo-wb-0:1613:2197 [0] NCCL INFO NET/FasTrak 2026-08-02T13:09:08.252585465+00:00: DXS listening on 192.169.0.3 (eth1) for GPU 0000:04:00.0, ctrl listening on 10.20.2.26<33449>
tcpxo-wb-0:1613:1613 [0] NCCL INFO Channel 07/0 : 8[0] -> 0[0] [receive] via NET/FasTrak/0/GDRDMA
tcpxo-wb-0:1613:1613 [0] NCCL INFO GPU Direct RDMA Enabled for GPU 0 / HCA 0 (distance 4 <= 4), read 0 mode Default
tcpxo-wb-0:1613:1613 [0] NCCL INFO NET/FasTrak 2026-08-02T13:09:08.252606996+00:00: props: netDeviceType 0, netDeviceVersion 7
tcpxo-wb-0:1613:2197 [0] NCCL INFO New proxy recv connection 74 from local rank 0, transport 2
tcpxo-wb-0:1613:1613 [0] NCCL INFO Connected to proxy localRank 0 -> connection 0x7d1354007220
tcpxo-wb-0:1613:2197 [0] NCCL INFO NET/FasTrak 2026-08-02T13:09:08.252662833+00:00: props: netDeviceType 0, netDeviceVersion 7
tcpxo-wb-0:1613:2197 [0] NCCL INFO NET/FasTrak 2026-08-02T13:09:08.253650229+00:00: DXS listen socket ready for flow ID 0, port 30
tcpxo-wb-0:1613:2197 [0] NCCL INFO NET/FasTrak 2026-08-02T13:09:08.253653895+00:00: DXS listen socket ready for flow ID 1, port 29
tcpxo-wb-0:1613:2197 [0] NCCL INFO NET/FasTrak 2026-08-02T13:09:08.253655645+00:00: DXS listening on 192.169.0.3 (eth1) for GPU 0000:04:00.0, ctrl listening on 10.20.2.26<47223>
tcpxo-wb-0:1613:1613 [0] NCCL INFO Channel 09/0 : 8[0] -> 0[0] [receive] via NET/FasTrak/0/GDRDMA
tcpxo-wb-0:1613:1613 [0] NCCL INFO GPU Direct RDMA Enabled for GPU 0 / HCA 0 (distance 4 <= 4), read 0 mode Default
tcpxo-wb-0:1613:1613 [0] NCCL INFO NET/FasTrak 2026-08-02T13:09:08.253675936+00:00: props: netDeviceType 0, netDeviceVersion 7
tcpxo-wb-0:1613:2197 [0] NCCL INFO New proxy recv connection 75 from local rank 0, transport 2
tcpxo-wb-0:1613:1613 [0] NCCL INFO Connected to proxy localRank 0 -> connection 0x7d1354007298
tcpxo-wb-0:1613:2197 [0] NCCL INFO NET/FasTrak 2026-08-02T13:09:08.25373429+00:00: props: netDeviceType 0, netDeviceVersion 7
tcpxo-wb-0:1613:2197 [0] NCCL INFO NET/FasTrak 2026-08-02T13:09:08.254718191+00:00: DXS listen socket ready for flow ID 0, port 32
tcpxo-wb-0:1613:2197 [0] NCCL INFO NET/FasTrak 2026-08-02T13:09:08.254722777+00:00: DXS listen socket ready for flow ID 1, port 31
tcpxo-wb-0:1613:2197 [0] NCCL INFO NET/FasTrak 2026-08-02T13:09:08.254724533+00:00: DXS listening on 192.169.0.3 (eth1) for GPU 0000:04:00.0, ctrl listening on 10.20.2.26<59871>
tcpxo-wb-0:1613:1613 [0] NCCL INFO Channel 10/0 : 8[0] -> 0[0] [receive] via NET/FasTrak/0/GDRDMA
tcpxo-wb-0:1613:1613 [0] NCCL INFO GPU Direct RDMA Enabled for GPU 0 / HCA 0 (distance 4 <= 4), read 0 mode Default
tcpxo-wb-0:1613:1613 [0] NCCL INFO NET/FasTrak 2026-08-02T13:09:08.254746096+00:00: props: netDeviceType 0, netDeviceVersion 7
tcpxo-wb-0:1613:2197 [0] NCCL INFO New proxy recv connection 76 from local rank 0, transport 2
tcpxo-wb-0:1613:1613 [0] NCCL INFO Connected to proxy localRank 0 -> connection 0x7d1354007310
tcpxo-wb-0:1613:2197 [0] NCCL INFO NET/FasTrak 2026-08-02T13:09:08.254803982+00:00: props: netDeviceType 0, netDeviceVersion 7
tcpxo-wb-0:1613:2197 [0] NCCL INFO NET/FasTrak 2026-08-02T13:09:08.255786485+00:00: DXS listen socket ready for flow ID 0, port 16
tcpxo-wb-0:1613:2197 [0] NCCL INFO NET/FasTrak 2026-08-02T13:09:08.255790743+00:00: DXS listen socket ready for flow ID 1, port 15
tcpxo-wb-0:1613:2197 [0] NCCL INFO NET/FasTrak 2026-08-02T13:09:08.255792528+00:00: DXS listening on 192.169.0.3 (eth1) for GPU 0000:04:00.0, ctrl listening on 10.20.2.26<39839>
tcpxo-wb-0:1613:1613 [0] NCCL INFO Channel 11/0 : 8[0] -> 0[0] [receive] via NET/FasTrak/0/GDRDMA
tcpxo-wb-0:1613:1613 [0] NCCL INFO GPU Direct RDMA Enabled for GPU 0 / HCA 0 (distance 4 <= 4), read 0 mode Default
tcpxo-wb-0:1613:1613 [0] NCCL INFO NET/FasTrak 2026-08-02T13:09:08.255815252+00:00: props: netDeviceType 0, netDeviceVersion 7
tcpxo-wb-0:1613:2197 [0] NCCL INFO New proxy recv connection 77 from local rank 0, transport 2
tcpxo-wb-0:1613:1613 [0] NCCL INFO Connected to proxy localRank 0 -> connection 0x7d1354007388
tcpxo-wb-0:1613:2197 [0] NCCL INFO NET/FasTrak 2026-08-02T13:09:08.255878769+00:00: props: netDeviceType 0, netDeviceVersion 7
tcpxo-wb-0:1613:2197 [0] NCCL INFO NET/FasTrak 2026-08-02T13:09:08.25685619+00:00: DXS listen socket ready for flow ID 0, port 22
tcpxo-wb-0:1613:2197 [0] NCCL INFO NET/FasTrak 2026-08-02T13:09:08.256860124+00:00: DXS listen socket ready for flow ID 1, port 21
tcpxo-wb-0:1613:2197 [0] NCCL INFO NET/FasTrak 2026-08-02T13:09:08.256861883+00:00: DXS listening on 192.169.0.3 (eth1) for GPU 0000:04:00.0, ctrl listening on 10.20.2.26<50601>
tcpxo-wb-0:1613:1613 [0] NCCL INFO Channel 12/0 : 8[0] -> 0[0] [receive] via NET/FasTrak/0/GDRDMA
tcpxo-wb-0:1613:1613 [0] NCCL INFO GPU Direct RDMA Enabled for GPU 0 / HCA 0 (distance 4 <= 4), read 0 mode Default
tcpxo-wb-0:1613:1613 [0] NCCL INFO NET/FasTrak 2026-08-02T13:09:08.256882805+00:00: props: netDeviceType 0, netDeviceVersion 7
tcpxo-wb-0:1613:2197 [0] NCCL INFO New proxy recv connection 78 from local rank 0, transport 2
tcpxo-wb-0:1613:1613 [0] NCCL INFO Connected to proxy localRank 0 -> connection 0x7d1354007400
tcpxo-wb-0:1613:2197 [0] NCCL INFO NET/FasTrak 2026-08-02T13:09:08.256961561+00:00: props: netDeviceType 0, netDeviceVersion 7
tcpxo-wb-0:1613:2197 [0] NCCL INFO NET/FasTrak 2026-08-02T13:09:08.25792631+00:00: DXS listen socket ready for flow ID 0, port 26
tcpxo-wb-0:1613:2197 [0] NCCL INFO NET/FasTrak 2026-08-02T13:09:08.257930064+00:00: DXS listen socket ready for flow ID 1, port 25
tcpxo-wb-0:1613:2197 [0] NCCL INFO NET/FasTrak 2026-08-02T13:09:08.257931946+00:00: DXS listening on 192.169.0.3 (eth1) for GPU 0000:04:00.0, ctrl listening on 10.20.2.26<43003>
tcpxo-wb-0:1613:1613 [0] NCCL INFO Channel 13/0 : 8[0] -> 0[0] [receive] via NET/FasTrak/0/GDRDMA
tcpxo-wb-0:1613:1613 [0] NCCL INFO GPU Direct RDMA Enabled for GPU 0 / HCA 0 (distance 4 <= 4), read 0 mode Default
tcpxo-wb-0:1613:1613 [0] NCCL INFO NET/FasTrak 2026-08-02T13:09:08.257953831+00:00: props: netDeviceType 0, netDeviceVersion 7
tcpxo-wb-0:1613:2197 [0] NCCL INFO New proxy recv connection 79 from local rank 0, transport 2
tcpxo-wb-0:1613:1613 [0] NCCL INFO Connected to proxy localRank 0 -> connection 0x7d1354007478
tcpxo-wb-0:1613:2197 [0] NCCL INFO NET/FasTrak 2026-08-02T13:09:08.258008037+00:00: props: netDeviceType 0, netDeviceVersion 7
tcpxo-wb-0:1613:2197 [0] NCCL INFO NET/FasTrak 2026-08-02T13:09:08.258994202+00:00: DXS listen socket ready for flow ID 0, port 28
tcpxo-wb-0:1613:2197 [0] NCCL INFO NET/FasTrak 2026-08-02T13:09:08.258997923+00:00: DXS listen socket ready for flow ID 1, port 27
tcpxo-wb-0:1613:2197 [0] NCCL INFO NET/FasTrak 2026-08-02T13:09:08.258999671+00:00: DXS listening on 192.169.0.3 (eth1) for GPU 0000:04:00.0, ctrl listening on 10.20.2.26<40349>
tcpxo-wb-0:1613:1613 [0] NCCL INFO Channel 14/0 : 8[0] -> 0[0] [receive] via NET/FasTrak/0/GDRDMA
tcpxo-wb-0:1613:1613 [0] NCCL INFO GPU Direct RDMA Enabled for GPU 0 / HCA 0 (distance 4 <= 4), read 0 mode Default
tcpxo-wb-0:1613:1613 [0] NCCL INFO NET/FasTrak 2026-08-02T13:09:08.25902143+00:00: props: netDeviceType 0, netDeviceVersion 7
tcpxo-wb-0:1613:2197 [0] NCCL INFO New proxy recv connection 80 from local rank 0, transport 2
tcpxo-wb-0:1613:1613 [0] NCCL INFO Connected to proxy localRank 0 -> connection 0x7d13540074f0
tcpxo-wb-0:1613:2197 [0] NCCL INFO NET/FasTrak 2026-08-02T13:09:08.259076104+00:00: props: netDeviceType 0, netDeviceVersion 7
tcpxo-wb-0:1613:2197 [0] NCCL INFO NET/FasTrak 2026-08-02T13:09:08.26006418+00:00: DXS listen socket ready for flow ID 0, port 14
tcpxo-wb-0:1613:2197 [0] NCCL INFO NET/FasTrak 2026-08-02T13:09:08.260068073+00:00: DXS listen socket ready for flow ID 1, port 13
tcpxo-wb-0:1613:2197 [0] NCCL INFO NET/FasTrak 2026-08-02T13:09:08.260069852+00:00: DXS listening on 192.169.0.3 (eth1) for GPU 0000:04:00.0, ctrl listening on 10.20.2.26<39971>
tcpxo-wb-0:1613:1613 [0] NCCL INFO Channel 15/0 : 8[0] -> 0[0] [receive] via NET/FasTrak/0/GDRDMA
tcpxo-wb-0:1613:1613 [0] NCCL INFO GPU Direct RDMA Enabled for GPU 0 / HCA 0 (distance 4 <= 4), read 1 mode Default
tcpxo-wb-0:1613:2197 [0] NCCL INFO New proxy send connection 81 from local rank 0, transport 2
tcpxo-wb-0:1613:1613 [0] NCCL INFO Connected to proxy localRank 0 -> connection 0x7d1354007568
tcpxo-wb-0:1613:2197 [0] NCCL INFO NET/FasTrak 2026-08-02T13:09:08.260136498+00:00: props: netDeviceType 0, netDeviceVersion 7
tcpxo-wb-0:1613:1613 [0] NCCL INFO Channel 01/0 : 0[0] -> 8[0] [send] via NET/FasTrak/0/GDRDMA
tcpxo-wb-0:1613:1613 [0] NCCL INFO GPU Direct RDMA Enabled for GPU 0 / HCA 0 (distance 4 <= 4), read 1 mode Default
tcpxo-wb-0:1613:2197 [0] NCCL INFO New proxy send connection 82 from local rank 0, transport 2
tcpxo-wb-0:1613:1613 [0] NCCL INFO Connected to proxy localRank 0 -> connection 0x7d13540075e0
tcpxo-wb-0:1613:2197 [0] NCCL INFO NET/FasTrak 2026-08-02T13:09:08.260196184+00:00: props: netDeviceType 0, netDeviceVersion 7
tcpxo-wb-0:1613:1613 [0] NCCL INFO Channel 02/0 : 0[0] -> 8[0] [send] via NET/FasTrak/0/GDRDMA
tcpxo-wb-0:1613:1613 [0] NCCL INFO GPU Direct RDMA Enabled for GPU 0 / HCA 0 (distance 4 <= 4), read 1 mode Default
tcpxo-wb-0:1613:2197 [0] NCCL INFO New proxy send connection 83 from local rank 0, transport 2
tcpxo-wb-0:1613:1613 [0] NCCL INFO Connected to proxy localRank 0 -> connection 0x7d1354007658
tcpxo-wb-0:1613:2197 [0] NCCL INFO NET/FasTrak 2026-08-02T13:09:08.260266658+00:00: props: netDeviceType 0, netDeviceVersion 7
tcpxo-wb-0:1613:1613 [0] NCCL INFO Channel 03/0 : 0[0] -> 8[0] [send] via NET/FasTrak/0/GDRDMA
tcpxo-wb-0:1613:1613 [0] NCCL INFO GPU Direct RDMA Enabled for GPU 0 / HCA 0 (distance 4 <= 4), read 1 mode Default
tcpxo-wb-0:1613:2197 [0] NCCL INFO New proxy send connection 84 from local rank 0, transport 2
tcpxo-wb-0:1613:1613 [0] NCCL INFO Connected to proxy localRank 0 -> connection 0x7d13540076d0
tcpxo-wb-0:1613:2197 [0] NCCL INFO NET/FasTrak 2026-08-02T13:09:08.260348397+00:00: props: netDeviceType 0, netDeviceVersion 7
tcpxo-wb-0:1613:1613 [0] NCCL INFO Channel 04/0 : 0[0] -> 8[0] [send] via NET/FasTrak/0/GDRDMA
tcpxo-wb-0:1613:1613 [0] NCCL INFO GPU Direct RDMA Enabled for GPU 0 / HCA 0 (distance 4 <= 4), read 1 mode Default
tcpxo-wb-0:1613:2197 [0] NCCL INFO New proxy send connection 85 from local rank 0, transport 2
tcpxo-wb-0:1613:1613 [0] NCCL INFO Connected to proxy localRank 0 -> connection 0x7d1354007748
tcpxo-wb-0:1613:2197 [0] NCCL INFO NET/FasTrak 2026-08-02T13:09:08.260425283+00:00: props: netDeviceType 0, netDeviceVersion 7
tcpxo-wb-0:1613:1613 [0] NCCL INFO Channel 05/0 : 0[0] -> 8[0] [send] via NET/FasTrak/0/GDRDMA
tcpxo-wb-0:1613:1613 [0] NCCL INFO GPU Direct RDMA Enabled for GPU 0 / HCA 0 (distance 4 <= 4), read 1 mode Default
tcpxo-wb-0:1613:2197 [0] NCCL INFO New proxy send connection 86 from local rank 0, transport 2
tcpxo-wb-0:1613:1613 [0] NCCL INFO Connected to proxy localRank 0 -> connection 0x7d13540077c0
tcpxo-wb-0:1613:2197 [0] NCCL INFO NET/FasTrak 2026-08-02T13:09:08.260492977+00:00: props: netDeviceType 0, netDeviceVersion 7
tcpxo-wb-0:1613:1613 [0] NCCL INFO Channel 06/0 : 0[0] -> 8[0] [send] via NET/FasTrak/0/GDRDMA
tcpxo-wb-0:1613:1613 [0] NCCL INFO GPU Direct RDMA Enabled for GPU 0 / HCA 0 (distance 4 <= 4), read 1 mode Default
tcpxo-wb-0:1613:2197 [0] NCCL INFO New proxy send connection 87 from local rank 0, transport 2
tcpxo-wb-0:1613:1613 [0] NCCL INFO Connected to proxy localRank 0 -> connection 0x7d1354007838
tcpxo-wb-0:1613:2197 [0] NCCL INFO NET/FasTrak 2026-08-02T13:09:08.260553958+00:00: props: netDeviceType 0, netDeviceVersion 7
tcpxo-wb-0:1613:1613 [0] NCCL INFO Channel 07/0 : 0[0] -> 8[0] [send] via NET/FasTrak/0/GDRDMA
tcpxo-wb-0:1613:1613 [0] NCCL INFO GPU Direct RDMA Enabled for GPU 0 / HCA 0 (distance 4 <= 4), read 1 mode Default
tcpxo-wb-0:1613:2197 [0] NCCL INFO New proxy send connection 88 from local rank 0, transport 2
tcpxo-wb-0:1613:1613 [0] NCCL INFO Connected to proxy localRank 0 -> connection 0x7d13540078b0
tcpxo-wb-0:1613:2197 [0] NCCL INFO NET/FasTrak 2026-08-02T13:09:08.260618781+00:00: props: netDeviceType 0, netDeviceVersion 7
tcpxo-wb-0:1613:1613 [0] NCCL INFO Channel 09/0 : 0[0] -> 8[0] [send] via NET/FasTrak/0/GDRDMA
tcpxo-wb-0:1613:1613 [0] NCCL INFO GPU Direct RDMA Enabled for GPU 0 / HCA 0 (distance 4 <= 4), read 1 mode Default
tcpxo-wb-0:1613:2197 [0] NCCL INFO New proxy send connection 89 from local rank 0, transport 2
tcpxo-wb-0:1613:1613 [0] NCCL INFO Connected to proxy localRank 0 -> connection 0x7d1354007928
tcpxo-wb-0:1613:2197 [0] NCCL INFO NET/FasTrak 2026-08-02T13:09:08.260683227+00:00: props: netDeviceType 0, netDeviceVersion 7
tcpxo-wb-0:1613:1613 [0] NCCL INFO Channel 10/0 : 0[0] -> 8[0] [send] via NET/FasTrak/0/GDRDMA
tcpxo-wb-0:1613:1613 [0] NCCL INFO GPU Direct RDMA Enabled for GPU 0 / HCA 0 (distance 4 <= 4), read 1 mode Default
tcpxo-wb-0:1613:2197 [0] NCCL INFO New proxy send connection 90 from local rank 0, transport 2
tcpxo-wb-0:1613:1613 [0] NCCL INFO Connected to proxy localRank 0 -> connection 0x7d13540079a0
tcpxo-wb-0:1613:2197 [0] NCCL INFO NET/FasTrak 2026-08-02T13:09:08.260749089+00:00: props: netDeviceType 0, netDeviceVersion 7
tcpxo-wb-0:1613:1613 [0] NCCL INFO Channel 11/0 : 0[0] -> 8[0] [send] via NET/FasTrak/0/GDRDMA
tcpxo-wb-0:1613:1613 [0] NCCL INFO GPU Direct RDMA Enabled for GPU 0 / HCA 0 (distance 4 <= 4), read 1 mode Default
tcpxo-wb-0:1613:2197 [0] NCCL INFO New proxy send connection 91 from local rank 0, transport 2
tcpxo-wb-0:1613:1613 [0] NCCL INFO Connected to proxy localRank 0 -> connection 0x7d1354007a18
tcpxo-wb-0:1613:2197 [0] NCCL INFO NET/FasTrak 2026-08-02T13:09:08.260810358+00:00: props: netDeviceType 0, netDeviceVersion 7
tcpxo-wb-0:1613:1613 [0] NCCL INFO Channel 12/0 : 0[0] -> 8[0] [send] via NET/FasTrak/0/GDRDMA
tcpxo-wb-0:1613:1613 [0] NCCL INFO GPU Direct RDMA Enabled for GPU 0 / HCA 0 (distance 4 <= 4), read 1 mode Default
tcpxo-wb-0:1613:2197 [0] NCCL INFO New proxy send connection 92 from local rank 0, transport 2
tcpxo-wb-0:1613:1613 [0] NCCL INFO Connected to proxy localRank 0 -> connection 0x7d1354007a90
tcpxo-wb-0:1613:2197 [0] NCCL INFO NET/FasTrak 2026-08-02T13:09:08.260875453+00:00: props: netDeviceType 0, netDeviceVersion 7
tcpxo-wb-0:1613:1613 [0] NCCL INFO Channel 13/0 : 0[0] -> 8[0] [send] via NET/FasTrak/0/GDRDMA
tcpxo-wb-0:1613:1613 [0] NCCL INFO GPU Direct RDMA Enabled for GPU 0 / HCA 0 (distance 4 <= 4), read 1 mode Default
tcpxo-wb-0:1613:2197 [0] NCCL INFO New proxy send connection 93 from local rank 0, transport 2
tcpxo-wb-0:1613:1613 [0] NCCL INFO Connected to proxy localRank 0 -> connection 0x7d1354007b08
tcpxo-wb-0:1613:2197 [0] NCCL INFO NET/FasTrak 2026-08-02T13:09:08.260938433+00:00: props: netDeviceType 0, netDeviceVersion 7
tcpxo-wb-0:1613:1613 [0] NCCL INFO Channel 14/0 : 0[0] -> 8[0] [send] via NET/FasTrak/0/GDRDMA
tcpxo-wb-0:1613:1613 [0] NCCL INFO GPU Direct RDMA Enabled for GPU 0 / HCA 0 (distance 4 <= 4), read 1 mode Default
tcpxo-wb-0:1613:2197 [0] NCCL INFO New proxy send connection 94 from local rank 0, transport 2
tcpxo-wb-0:1613:1613 [0] NCCL INFO Connected to proxy localRank 0 -> connection 0x7d1354007b80
tcpxo-wb-0:1613:2197 [0] NCCL INFO NET/FasTrak 2026-08-02T13:09:08.261009282+00:00: props: netDeviceType 0, netDeviceVersion 7
tcpxo-wb-0:1613:1613 [0] NCCL INFO Channel 15/0 : 0[0] -> 8[0] [send] via NET/FasTrak/0/GDRDMA
tcpxo-wb-0:1613:2197 [0] NCCL INFO NET/FasTrak 2026-08-02T13:09:08.262435088+00:00: DXS flow ID 0 connecting to 192.169.0.4:1 comm_trace_id:0x37100005 comm_idx:0x5 on net_dev:0
tcpxo-wb-0:1613:2197 [0] NCCL INFO NET/FasTrak 2026-08-02T13:09:08.262478207+00:00: DXS flow ID 1 connecting to 192.169.0.4:2 comm_trace_id:0x37100005 comm_idx:0x5 on net_dev:0
tcpxo-wb-0:1613:2197 [0] NCCL INFO NET/FasTrak 2026-08-02T13:09:08.26252037+00:00: Async accepting for comm:0x7d1354084ff0 comm_idx:0x6.
tcpxo-wb-0:1613:2197 [0] NCCL INFO NET/FasTrak 2026-08-02T13:09:08.262538417+00:00: DXS flow ID 0 connecting to 192.169.0.4:3 comm_trace_id:0x66800007 comm_idx:0x7 on net_dev:0
tcpxo-wb-0:1613:2197 [0] NCCL INFO NET/FasTrak 2026-08-02T13:09:08.262545327+00:00: DXS flow ID 1 connecting to 192.169.0.4:4 comm_trace_id:0x66800007 comm_idx:0x7 on net_dev:0
tcpxo-wb-0:1613:2197 [0] NCCL INFO NET/FasTrak 2026-08-02T13:09:08.262560247+00:00: Async accepting for comm:0x7d13540884b0 comm_idx:0x8.
tcpxo-wb-0:1613:2197 [0] NCCL INFO NET/FasTrak 2026-08-02T13:09:08.262573145+00:00: DXS flow ID 0 connecting to 192.169.0.4:8 comm_trace_id:0x9c400009 comm_idx:0x9 on net_dev:0
tcpxo-wb-0:1613:2197 [0] NCCL INFO NET/FasTrak 2026-08-02T13:09:08.262580888+00:00: DXS flow ID 1 connecting to 192.169.0.4:7 comm_trace_id:0x9c400009 comm_idx:0x9 on net_dev:0
tcpxo-wb-0:1613:2197 [0] NCCL INFO NET/FasTrak 2026-08-02T13:09:08.262593323+00:00: Async accepting for comm:0x7d135408b930 comm_idx:0xa.
tcpxo-wb-0:1613:2197 [0] NCCL INFO NET/FasTrak 2026-08-02T13:09:08.262606587+00:00: DXS flow ID 0 connecting to 192.169.0.4:10 comm_trace_id:0xd0c0000b comm_idx:0xb on net_dev:0
tcpxo-wb-0:1613:2197 [0] NCCL INFO NET/FasTrak 2026-08-02T13:09:08.262615327+00:00: DXS flow ID 1 connecting to 192.169.0.4:9 comm_trace_id:0xd0c0000b comm_idx:0xb on net_dev:0
tcpxo-wb-0:1613:2197 [0] NCCL INFO NET/FasTrak 2026-08-02T13:09:08.262644672+00:00: Async accepting for comm:0x7d135408f050 comm_idx:0xc.
tcpxo-wb-0:1613:2197 [0] NCCL INFO NET/FasTrak 2026-08-02T13:09:08.26265739+00:00: DXS flow ID 0 connecting to 192.169.0.4:12 comm_trace_id:0x810000d comm_idx:0xd on net_dev:0
tcpxo-wb-0:1613:2197 [0] NCCL INFO NET/FasTrak 2026-08-02T13:09:08.262663277+00:00: DXS flow ID 1 connecting to 192.169.0.4:11 comm_trace_id:0x810000d comm_idx:0xd on net_dev:0
tcpxo-wb-0:1613:2197 [0] NCCL INFO NET/FasTrak 2026-08-02T13:09:08.262676157+00:00: Async accepting for comm:0x7d1354092730 comm_idx:0xe.
tcpxo-wb-0:1613:2197 [0] NCCL INFO NET/FasTrak 2026-08-02T13:09:08.262689675+00:00: DXS flow ID 0 connecting to 192.169.0.4:14 comm_trace_id:0x41f0000f comm_idx:0xf on net_dev:0
tcpxo-wb-0:1613:2197 [0] NCCL INFO NET/FasTrak 2026-08-02T13:09:08.262699169+00:00: DXS flow ID 1 connecting to 192.169.0.4:13 comm_trace_id:0x41f0000f comm_idx:0xf on net_dev:0
tcpxo-wb-0:1613:2197 [0] NCCL INFO NET/FasTrak 2026-08-02T13:09:08.26271403+00:00: Async accepting for comm:0x7d1354095c80 comm_idx:0x10.
tcpxo-wb-0:1613:2197 [0] NCCL INFO NET/FasTrak 2026-08-02T13:09:08.262729671+00:00: DXS flow ID 0 connecting to 192.169.0.4:16 comm_trace_id:0x74100011 comm_idx:0x11 on net_dev:0
tcpxo-wb-0:1613:2197 [0] NCCL INFO NET/FasTrak 2026-08-02T13:09:08.262737353+00:00: DXS flow ID 1 connecting to 192.169.0.4:15 comm_trace_id:0x74100011 comm_idx:0x11 on net_dev:0
tcpxo-wb-0:1613:2197 [0] NCCL INFO NET/FasTrak 2026-08-02T13:09:08.262751+00:00: Async accepting for comm:0x7d1354099330 comm_idx:0x12.
tcpxo-wb-0:1613:2197 [0] NCCL INFO NET/FasTrak 2026-08-02T13:09:08.26276299+00:00: DXS flow ID 0 connecting to 192.169.0.4:18 comm_trace_id:0xaaf00013 comm_idx:0x13 on net_dev:0
tcpxo-wb-0:1613:2197 [0] NCCL INFO NET/FasTrak 2026-08-02T13:09:08.262768785+00:00: DXS flow ID 1 connecting to 192.169.0.4:17 comm_trace_id:0xaaf00013 comm_idx:0x13 on net_dev:0
tcpxo-wb-0:1613:2197 [0] NCCL INFO NET/FasTrak 2026-08-02T13:09:08.2627828+00:00: Async accepting for comm:0x7d135409c850 comm_idx:0x14.
tcpxo-wb-0:1613:2197 [0] NCCL INFO NET/FasTrak 2026-08-02T13:09:08.262797337+00:00: DXS flow ID 0 connecting to 192.169.0.4:20 comm_trace_id:0xe0100015 comm_idx:0x15 on net_dev:0
tcpxo-wb-0:1613:2197 [0] NCCL INFO NET/FasTrak 2026-08-02T13:09:08.262808888+00:00: DXS flow ID 1 connecting to 192.169.0.4:19 comm_trace_id:0xe0100015 comm_idx:0x15 on net_dev:0
tcpxo-wb-0:1613:2197 [0] NCCL INFO NET/FasTrak 2026-08-02T13:09:08.262825468+00:00: Async accepting for comm:0x7d135409fdd0 comm_idx:0x16.
tcpxo-wb-0:1613:2197 [0] NCCL INFO NET/FasTrak 2026-08-02T13:09:08.262842187+00:00: DXS flow ID 0 connecting to 192.169.0.4:22 comm_trace_id:0x15600017 comm_idx:0x17 on net_dev:0
tcpxo-wb-0:1613:2197 [0] NCCL INFO NET/FasTrak 2026-08-02T13:09:08.262849301+00:00: DXS flow ID 1 connecting to 192.169.0.4:21 comm_trace_id:0x15600017 comm_idx:0x17 on net_dev:0
tcpxo-wb-0:1613:2197 [0] NCCL INFO NET/FasTrak 2026-08-02T13:09:08.26286474+00:00: Async accepting for comm:0x7d13540a3450 comm_idx:0x18.
tcpxo-wb-0:1613:2197 [0] NCCL INFO NET/FasTrak 2026-08-02T13:09:08.262882838+00:00: DXS flow ID 0 connecting to 192.169.0.4:24 comm_trace_id:0x4c100019 comm_idx:0x19 on net_dev:0
tcpxo-wb-0:1613:2197 [0] NCCL INFO NET/FasTrak 2026-08-02T13:09:08.262887548+00:00: DXS flow ID 1 connecting to 192.169.0.4:23 comm_trace_id:0x4c100019 comm_idx:0x19 on net_dev:0
tcpxo-wb-0:1613:2197 [0] NCCL INFO NET/FasTrak 2026-08-02T13:09:08.26290392+00:00: Async accepting for comm:0x7d13540a6dc0 comm_idx:0x1a.
tcpxo-wb-0:1613:2197 [0] NCCL INFO NET/FasTrak 2026-08-02T13:09:08.26291904+00:00: DXS flow ID 0 connecting to 192.169.0.4:6 comm_trace_id:0x8580001b comm_idx:0x1b on net_dev:0
tcpxo-wb-0:1613:2197 [0] NCCL INFO NET/FasTrak 2026-08-02T13:09:08.262924558+00:00: DXS flow ID 1 connecting to 192.169.0.4:5 comm_trace_id:0x8580001b comm_idx:0x1b on net_dev:0
tcpxo-wb-0:1613:2197 [0] NCCL INFO NET/FasTrak 2026-08-02T13:09:08.262942494+00:00: Async accepting for comm:0x7d13540a9f20 comm_idx:0x1c.
tcpxo-wb-0:1613:2197 [0] NCCL INFO NET/FasTrak 2026-08-02T13:09:08.262964058+00:00: DXS flow ID 0 connecting to 192.169.0.4:25 comm_trace_id:0xbc80001d comm_idx:0x1d on net_dev:0
tcpxo-wb-0:1613:2197 [0] NCCL INFO NET/FasTrak 2026-08-02T13:09:08.262974808+00:00: DXS flow ID 1 connecting to 192.169.0.4:26 comm_trace_id:0xbc80001d comm_idx:0x1d on net_dev:0
tcpxo-wb-0:1613:2197 [0] NCCL INFO NET/FasTrak 2026-08-02T13:09:08.262991905+00:00: Async accepting for comm:0x7d13540ad9c0 comm_idx:0x1e.
tcpxo-wb-0:1613:2197 [0] NCCL INFO NET/FasTrak 2026-08-02T13:09:08.26300969+00:00: DXS flow ID 0 connecting to 192.169.0.4:27 comm_trace_id:0xf180001f comm_idx:0x1f on net_dev:0
tcpxo-wb-0:1613:2197 [0] NCCL INFO NET/FasTrak 2026-08-02T13:09:08.26301394+00:00: DXS flow ID 1 connecting to 192.169.0.4:28 comm_trace_id:0xf180001f comm_idx:0x1f on net_dev:0
tcpxo-wb-0:1613:2197 [0] NCCL INFO NET/FasTrak 2026-08-02T13:09:08.263042807+00:00: Async accepting for comm:0x7d13540b0ee0 comm_idx:0x20.
tcpxo-wb-0:1613:2197 [0] NCCL INFO NET/FasTrak 2026-08-02T13:09:08.278195646+00:00: All DXS flows connected to 192.169.0.4 comm:0x7d1354083710 comm_trace_id:0x37100005 comm_idx:0x5 on net_dev:0 (Local IP: 192.169.0.3)
tcpxo-wb-0:1613:2197 [0] NCCL INFO NET/FasTrak 2026-08-02T13:09:08.278203475+00:00: Allocate send dev handle, comm 0x7d1354083710
tcpxo-wb-0:1613:2197 [0] NCCL INFO NET/FasTrak 2026-08-02T13:09:08.278205858+00:00: Comm 0x7d1354083710, createSendDevComm 0x7d13b9ffc4d8
tcpxo-wb-0:1613:2197 [0] NCCL INFO NET/FasTrak 2026-08-02T13:09:08.278486303+00:00: Registering host memory for 0x7d1354083710 data:0x31d7e82000 size:524288
tcpxo-wb-0:1613:2197 [0] NCCL INFO NET/FasTrak 2026-08-02T13:09:08.281041854+00:00: RegMr[netdev=0] CUDA memory for comm 0x7d1354083710 with handle:8653318625366212955 for data:0x7d1384000000 size:4915200
tcpxo-wb-0:1613:2197 [0] NCCL INFO NET/FasTrak 2026-08-02T13:09:08.281963256+00:00: RegMr[netdev=0] CUDA memory for comm 0x7d1354083710 with handle:8653318625366213786 for data:0x7d13844b0000 size:8388608
tcpxo-wb-0:1613:2197 [0] NCCL INFO NET/FasTrak 2026-08-02T13:09:08.281999826+00:00: All DXS flows accepted for comm:0x7d1354084ff0 comm_trace_id:0x0 on gpu_pci:0000:04:00.0 on comm_idx:6.
tcpxo-wb-0:1613:2197 [0] NCCL INFO NET/FasTrak 2026-08-02T13:09:08.282003929+00:00: Allocate recv dev handle for comm:0x7d1354084ff0 on gpu_pci:0000:04:00.0
tcpxo-wb-0:1613:2197 [0] NCCL INFO NET/FasTrak 2026-08-02T13:09:08.282006484+00:00: Linearized: comm 0x7d1354084ff0, createRecvDevComm 0x7d13b9ffc480
tcpxo-wb-0:1613:2197 [0] NCCL INFO NET/FasTrak 2026-08-02T13:09:08.283025929+00:00: RegMr[netdev=0] CUDA memory for comm 0x7d1354084ff0 with handle:8653318625366214617 for data:0x7d1384e00000 size:524288
tcpxo-wb-0:1613:2197 [0] NCCL INFO NET/FasTrak 2026-08-02T13:09:08.284111125+00:00: RegMr[netdev=0] CUDA memory for comm 0x7d1354084ff0 with handle:8653318625366215448 for data:0x7d1384e80000 size:4915200
tcpxo-wb-0:1613:2197 [0] NCCL INFO NET/FasTrak 2026-08-02T13:09:08.285190138+00:00: RegMr[netdev=0] CUDA memory for comm 0x7d1354084ff0 with handle:8653318625366216279 for data:0x7d1385330000 size:8388608
tcpxo-wb-0:1613:2197 [0] NCCL INFO NET/FasTrak 2026-08-02T13:09:08.285208938+00:00: All DXS flows connected to 192.169.0.4 comm:0x7d1354086680 comm_trace_id:0x66800007 comm_idx:0x7 on net_dev:0 (Local IP: 192.169.0.3)
tcpxo-wb-0:1613:2197 [0] NCCL INFO NET/FasTrak 2026-08-02T13:09:08.285212222+00:00: Allocate send dev handle, comm 0x7d1354086680
tcpxo-wb-0:1613:2197 [0] NCCL INFO NET/FasTrak 2026-08-02T13:09:08.285214433+00:00: Comm 0x7d1354086680, createSendDevComm 0x7d13b9ffc4d8
tcpxo-wb-0:1613:2197 [0] NCCL INFO NET/FasTrak 2026-08-02T13:09:08.285747012+00:00: Registering host memory for 0x7d1354086680 data:0x31d7f04000 size:524288
tcpxo-wb-0:1613:2197 [0] NCCL INFO NET/FasTrak 2026-08-02T13:09:08.286261474+00:00: RegMr[netdev=0] CUDA memory for comm 0x7d1354086680 with handle:8653318625366213014 for data:0x7d1385c00000 size:4915200
tcpxo-wb-0:1613:2197 [0] NCCL INFO NET/FasTrak 2026-08-02T13:09:08.287335498+00:00: RegMr[netdev=0] CUDA memory for comm 0x7d1354086680 with handle:8653318625366213845 for data:0x7d13860b0000 size:8388608
tcpxo-wb-0:1613:2197 [0] NCCL INFO NET/FasTrak 2026-08-02T13:09:08.287385279+00:00: All DXS flows accepted for comm:0x7d13540884b0 comm_trace_id:0x0 on gpu_pci:0000:04:00.0 on comm_idx:8.
tcpxo-wb-0:1613:2197 [0] NCCL INFO NET/FasTrak 2026-08-02T13:09:08.287389979+00:00: Allocate recv dev handle for comm:0x7d13540884b0 on gpu_pci:0000:04:00.0
tcpxo-wb-0:1613:2197 [0] NCCL INFO NET/FasTrak 2026-08-02T13:09:08.287391805+00:00: Linearized: comm 0x7d13540884b0, createRecvDevComm 0x7d13b9ffc480
tcpxo-wb-0:1613:2197 [0] NCCL INFO NET/FasTrak 2026-08-02T13:09:08.288414346+00:00: RegMr[netdev=0] CUDA memory for comm 0x7d13540884b0 with handle:8653318625366214676 for data:0x7d1386a00000 size:524288
tcpxo-wb-0:1613:2197 [0] NCCL INFO NET/FasTrak 2026-08-02T13:09:08.289489833+00:00: RegMr[netdev=0] CUDA memory for comm 0x7d13540884b0 with handle:8653318625366215507 for data:0x7d1386a80000 size:4915200
tcpxo-wb-0:1613:2197 [0] NCCL INFO NET/FasTrak 2026-08-02T13:09:08.290565265+00:00: RegMr[netdev=0] CUDA memory for comm 0x7d13540884b0 with handle:8653318625366216338 for data:0x7d1386f30000 size:8388608
tcpxo-wb-0:1613:2197 [0] NCCL INFO NET/FasTrak 2026-08-02T13:09:08.290581014+00:00: All DXS flows connected to 192.169.0.4 comm:0x7d1354089c40 comm_trace_id:0x9c400009 comm_idx:0x9 on net_dev:0 (Local IP: 192.169.0.3)
tcpxo-wb-0:1613:2197 [0] NCCL INFO NET/FasTrak 2026-08-02T13:09:08.290583799+00:00: Allocate send dev handle, comm 0x7d1354089c40
tcpxo-wb-0:1613:2197 [0] NCCL INFO NET/FasTrak 2026-08-02T13:09:08.290585728+00:00: Comm 0x7d1354089c40, createSendDevComm 0x7d13b9ffc4d8
tcpxo-wb-0:1613:2197 [0] NCCL INFO NET/FasTrak 2026-08-02T13:09:08.292027104+00:00: Registering host memory for 0x7d1354089c40 data:0x7d1343a00000 size:524288
tcpxo-wb-0:1613:2197 [0] NCCL INFO NET/FasTrak 2026-08-02T13:09:08.292723165+00:00: RegMr[netdev=0] CUDA memory for comm 0x7d1354089c40 with handle:8653318625366213073 for data:0x7d1387800000 size:4915200
tcpxo-wb-0:1613:2197 [0] NCCL INFO NET/FasTrak 2026-08-02T13:09:08.293799087+00:00: RegMr[netdev=0] CUDA memory for comm 0x7d1354089c40 with handle:8653318625366213904 for data:0x7d1387cb0000 size:8388608
tcpxo-wb-0:1613:2197 [0] NCCL INFO NET/FasTrak 2026-08-02T13:09:08.293840055+00:00: All DXS flows connected to 192.169.0.4 comm:0x7d135408d0c0 comm_trace_id:0xd0c0000b comm_idx:0xb on net_dev:0 (Local IP: 192.169.0.3)
tcpxo-wb-0:1613:2197 [0] NCCL INFO NET/FasTrak 2026-08-02T13:09:08.293842757+00:00: Allocate send dev handle, comm 0x7d135408d0c0
tcpxo-wb-0:1613:2197 [0] NCCL INFO NET/FasTrak 2026-08-02T13:09:08.293844549+00:00: Comm 0x7d135408d0c0, createSendDevComm 0x7d13b9ffc4d8
tcpxo-wb-0:1613:2197 [0] NCCL INFO NET/FasTrak 2026-08-02T13:09:08.294098874+00:00: Registering host memory for 0x7d135408d0c0 data:0x7d1343a82000 size:524288
tcpxo-wb-0:1613:2197 [0] NCCL INFO NET/FasTrak 2026-08-02T13:09:08.294873359+00:00: RegMr[netdev=0] CUDA memory for comm 0x7d135408d0c0 with handle:8653318625366214735 for data:0x7d1388600000 size:4915200
tcpxo-wb-0:1613:2197 [0] NCCL INFO NET/FasTrak 2026-08-02T13:09:08.295955636+00:00: RegMr[netdev=0] CUDA memory for comm 0x7d135408d0c0 with handle:8653318625366215566 for data:0x7d1388ab0000 size:8388608
tcpxo-wb-0:1613:2197 [0] NCCL INFO NET/FasTrak 2026-08-02T13:09:08.295981043+00:00: All DXS flows connected to 192.169.0.4 comm:0x7d1354090810 comm_trace_id:0x810000d comm_idx:0xd on net_dev:0 (Local IP: 192.169.0.3)
tcpxo-wb-0:1613:2197 [0] NCCL INFO NET/FasTrak 2026-08-02T13:09:08.295983509+00:00: Allocate send dev handle, comm 0x7d1354090810
tcpxo-wb-0:1613:2197 [0] NCCL INFO NET/FasTrak 2026-08-02T13:09:08.295985376+00:00: Comm 0x7d1354090810, createSendDevComm 0x7d13b9ffc4d8
tcpxo-wb-0:1613:2197 [0] NCCL INFO NET/FasTrak 2026-08-02T13:09:08.296782039+00:00: Registering host memory for 0x7d1354090810 data:0x7d1343b04000 size:524288
tcpxo-wb-0:1613:2197 [0] NCCL INFO NET/FasTrak 2026-08-02T13:09:08.2970247+00:00: RegMr[netdev=0] CUDA memory for comm 0x7d1354090810 with handle:8653318625366216397 for data:0x7d1389400000 size:4915200
tcpxo-wb-0:1613:2197 [0] NCCL INFO NET/FasTrak 2026-08-02T13:09:08.298107694+00:00: RegMr[netdev=0] CUDA memory for comm 0x7d1354090810 with handle:8653318625366213132 for data:0x7d13898b0000 size:8388608
tcpxo-wb-0:1613:2197 [0] NCCL INFO NET/FasTrak 2026-08-02T13:09:08.298141311+00:00: All DXS flows connected to 192.169.0.4 comm:0x7d13540941f0 comm_trace_id:0x41f0000f comm_idx:0xf on net_dev:0 (Local IP: 192.169.0.3)
tcpxo-wb-0:1613:2197 [0] NCCL INFO NET/FasTrak 2026-08-02T13:09:08.298144619+00:00: Allocate send dev handle, comm 0x7d13540941f0
tcpxo-wb-0:1613:2197 [0] NCCL INFO NET/FasTrak 2026-08-02T13:09:08.298146381+00:00: Comm 0x7d13540941f0, createSendDevComm 0x7d13b9ffc4d8
tcpxo-wb-0:1613:2197 [0] NCCL INFO NET/FasTrak 2026-08-02T13:09:08.299426996+00:00: Registering host memory for 0x7d13540941f0 data:0x7d1343c00000 size:524288
tcpxo-wb-0:1613:2197 [0] NCCL INFO NET/FasTrak 2026-08-02T13:09:08.300254244+00:00: RegMr[netdev=0] CUDA memory for comm 0x7d13540941f0 with handle:8653318625366213963 for data:0x7d138a200000 size:4915200
tcpxo-wb-0:1613:2197 [0] NCCL INFO NET/FasTrak 2026-08-02T13:09:08.301336828+00:00: RegMr[netdev=0] CUDA memory for comm 0x7d13540941f0 with handle:8653318625366214794 for data:0x7d138a6b0000 size:8388608
tcpxo-wb-0:1613:2197 [0] NCCL INFO NET/FasTrak 2026-08-02T13:09:08.301382539+00:00: All DXS flows connected to 192.169.0.4 comm:0x7d1354097410 comm_trace_id:0x74100011 comm_idx:0x11 on net_dev:0 (Local IP: 192.169.0.3)
tcpxo-wb-0:1613:2197 [0] NCCL INFO NET/FasTrak 2026-08-02T13:09:08.301386396+00:00: Allocate send dev handle, comm 0x7d1354097410
tcpxo-wb-0:1613:2197 [0] NCCL INFO NET/FasTrak 2026-08-02T13:09:08.301388444+00:00: Comm 0x7d1354097410, createSendDevComm 0x7d13b9ffc4d8
tcpxo-wb-0:1613:2197 [0] NCCL INFO NET/FasTrak 2026-08-02T13:09:08.301791956+00:00: Registering host memory for 0x7d1354097410 data:0x7d1343c82000 size:524288
tcpxo-wb-0:1613:2197 [0] NCCL INFO NET/FasTrak 2026-08-02T13:09:08.302427384+00:00: RegMr[netdev=0] CUDA memory for comm 0x7d1354097410 with handle:8653318625366215625 for data:0x7d138b000000 size:4915200
tcpxo-wb-0:1613:2197 [0] NCCL INFO NET/FasTrak 2026-08-02T13:09:08.303498474+00:00: RegMr[netdev=0] CUDA memory for comm 0x7d1354097410 with handle:8653318625366216456 for data:0x7d138b4b0000 size:8388608
tcpxo-wb-0:1613:2197 [0] NCCL INFO NET/FasTrak 2026-08-02T13:09:08.303529835+00:00: All DXS flows connected to 192.169.0.4 comm:0x7d135409aaf0 comm_trace_id:0xaaf00013 comm_idx:0x13 on net_dev:0 (Local IP: 192.169.0.3)
tcpxo-wb-0:1613:2197 [0] NCCL INFO NET/FasTrak 2026-08-02T13:09:08.303532457+00:00: Allocate send dev handle, comm 0x7d135409aaf0
tcpxo-wb-0:1613:2197 [0] NCCL INFO NET/FasTrak 2026-08-02T13:09:08.303534318+00:00: Comm 0x7d135409aaf0, createSendDevComm 0x7d13b9ffc4d8
tcpxo-wb-0:1613:2197 [0] NCCL INFO NET/FasTrak 2026-08-02T13:09:08.30402191+00:00: Registering host memory for 0x7d135409aaf0 data:0x7d1343d04000 size:524288
tcpxo-wb-0:1613:2197 [0] NCCL INFO NET/FasTrak 2026-08-02T13:09:08.304574175+00:00: RegMr[netdev=0] CUDA memory for comm 0x7d135409aaf0 with handle:8653318625366213191 for data:0x7d138be00000 size:4915200
tcpxo-wb-0:1613:2197 [0] NCCL INFO NET/FasTrak 2026-08-02T13:09:08.305647956+00:00: RegMr[netdev=0] CUDA memory for comm 0x7d135409aaf0 with handle:8653318625366214022 for data:0x7d138c2b0000 size:8388608
tcpxo-wb-0:1613:2197 [0] NCCL INFO NET/FasTrak 2026-08-02T13:09:08.305674389+00:00: All DXS flows connected to 192.169.0.4 comm:0x7d135409e010 comm_trace_id:0xe0100015 comm_idx:0x15 on net_dev:0 (Local IP: 192.169.0.3)
tcpxo-wb-0:1613:2197 [0] NCCL INFO NET/FasTrak 2026-08-02T13:09:08.305676781+00:00: Allocate send dev handle, comm 0x7d135409e010
tcpxo-wb-0:1613:2197 [0] NCCL INFO NET/FasTrak 2026-08-02T13:09:08.30567865+00:00: Comm 0x7d135409e010, createSendDevComm 0x7d13b9ffc4d8
tcpxo-wb-0:1613:2197 [0] NCCL INFO NET/FasTrak 2026-08-02T13:09:08.306897589+00:00: Registering host memory for 0x7d135409e010 data:0x7d1343e00000 size:524288
tcpxo-wb-0:1613:2197 [0] NCCL INFO NET/FasTrak 2026-08-02T13:09:08.307787382+00:00: RegMr[netdev=0] CUDA memory for comm 0x7d135409e010 with handle:8653318625366214853 for data:0x7d138cc00000 size:4915200
tcpxo-wb-0:1613:2197 [0] NCCL INFO NET/FasTrak 2026-08-02T13:09:08.308858963+00:00: RegMr[netdev=0] CUDA memory for comm 0x7d135409e010 with handle:8653318625366215684 for data:0x7d138d0b0000 size:8388608
tcpxo-wb-0:1613:2197 [0] NCCL INFO NET/FasTrak 2026-08-02T13:09:08.308898199+00:00: All DXS flows connected to 192.169.0.4 comm:0x7d13540a1560 comm_trace_id:0x15600017 comm_idx:0x17 on net_dev:0 (Local IP: 192.169.0.3)
tcpxo-wb-0:1613:2197 [0] NCCL INFO NET/FasTrak 2026-08-02T13:09:08.308901053+00:00: Allocate send dev handle, comm 0x7d13540a1560
tcpxo-wb-0:1613:2197 [0] NCCL INFO NET/FasTrak 2026-08-02T13:09:08.308903084+00:00: Comm 0x7d13540a1560, createSendDevComm 0x7d13b9ffc4d8
tcpxo-wb-0:1613:2197 [0] NCCL INFO NET/FasTrak 2026-08-02T13:09:08.309250419+00:00: Registering host memory for 0x7d13540a1560 data:0x7d1343e82000 size:524288
tcpxo-wb-0:1613:2197 [0] NCCL INFO NET/FasTrak 2026-08-02T13:09:08.309935001+00:00: RegMr[netdev=0] CUDA memory for comm 0x7d13540a1560 with handle:8653318625366216515 for data:0x7d138da00000 size:4915200
tcpxo-wb-0:1613:2197 [0] NCCL INFO NET/FasTrak 2026-08-02T13:09:08.311031802+00:00: RegMr[netdev=0] CUDA memory for comm 0x7d13540a1560 with handle:8653318625366213250 for data:0x7d138deb0000 size:8388608
tcpxo-wb-0:1613:2197 [0] NCCL INFO NET/FasTrak 2026-08-02T13:09:08.311100664+00:00: All DXS flows connected to 192.169.0.4 comm:0x7d13540a4c10 comm_trace_id:0x4c100019 comm_idx:0x19 on net_dev:0 (Local IP: 192.169.0.3)
tcpxo-wb-0:1613:2197 [0] NCCL INFO NET/FasTrak 2026-08-02T13:09:08.311106103+00:00: Allocate send dev handle, comm 0x7d13540a4c10
tcpxo-wb-0:1613:2197 [0] NCCL INFO NET/FasTrak 2026-08-02T13:09:08.311109723+00:00: Comm 0x7d13540a4c10, createSendDevComm 0x7d13b9ffc4d8
tcpxo-wb-0:1613:2197 [0] NCCL INFO NET/FasTrak 2026-08-02T13:09:08.311430929+00:00: Registering host memory for 0x7d13540a4c10 data:0x7d1343f04000 size:524288
tcpxo-wb-0:1613:2197 [0] NCCL INFO NET/FasTrak 2026-08-02T13:09:08.312074748+00:00: RegMr[netdev=0] CUDA memory for comm 0x7d13540a4c10 with handle:8653318625366214081 for data:0x7d138e800000 size:4915200
tcpxo-wb-0:1613:2197 [0] NCCL INFO NET/FasTrak 2026-08-02T13:09:08.313155848+00:00: RegMr[netdev=0] CUDA memory for comm 0x7d13540a4c10 with handle:8653318625366214912 for data:0x7d138ecb0000 size:8388608
tcpxo-wb-0:1613:2197 [0] NCCL INFO NET/FasTrak 2026-08-02T13:09:08.313190268+00:00: All DXS flows connected to 192.169.0.4 comm:0x7d13540a8580 comm_trace_id:0x8580001b comm_idx:0x1b on net_dev:0 (Local IP: 192.169.0.3)
tcpxo-wb-0:1613:2197 [0] NCCL INFO NET/FasTrak 2026-08-02T13:09:08.313193196+00:00: Allocate send dev handle, comm 0x7d13540a8580
tcpxo-wb-0:1613:2197 [0] NCCL INFO NET/FasTrak 2026-08-02T13:09:08.31319543+00:00: Comm 0x7d13540a8580, createSendDevComm 0x7d13b9ffc4d8
tcpxo-wb-0:1613:2197 [0] NCCL INFO NET/FasTrak 2026-08-02T13:09:08.314637463+00:00: Registering host memory for 0x7d13540a8580 data:0xa1be00000 size:524288
tcpxo-wb-0:1613:2197 [0] NCCL INFO NET/FasTrak 2026-08-02T13:09:08.315291434+00:00: RegMr[netdev=0] CUDA memory for comm 0x7d13540a8580 with handle:8653318625366215743 for data:0x7d138f600000 size:4915200
tcpxo-wb-0:1613:2197 [0] NCCL INFO NET/FasTrak 2026-08-02T13:09:08.31637333+00:00: RegMr[netdev=0] CUDA memory for comm 0x7d13540a8580 with handle:8653318625366216574 for data:0x7d138fab0000 size:8388608
tcpxo-wb-0:1613:2197 [0] NCCL INFO NET/FasTrak 2026-08-02T13:09:08.316418821+00:00: All DXS flows connected to 192.169.0.4 comm:0x7d13540abc80 comm_trace_id:0xbc80001d comm_idx:0x1d on net_dev:0 (Local IP: 192.169.0.3)
tcpxo-wb-0:1613:2197 [0] NCCL INFO NET/FasTrak 2026-08-02T13:09:08.316421863+00:00: Allocate send dev handle, comm 0x7d13540abc80
tcpxo-wb-0:1613:2197 [0] NCCL INFO NET/FasTrak 2026-08-02T13:09:08.316423982+00:00: Comm 0x7d13540abc80, createSendDevComm 0x7d13b9ffc4d8
tcpxo-wb-0:1613:2197 [0] NCCL INFO NET/FasTrak 2026-08-02T13:09:08.316736053+00:00: Registering host memory for 0x7d13540abc80 data:0xa1be82000 size:524288
tcpxo-wb-0:1613:2197 [0] NCCL INFO NET/FasTrak 2026-08-02T13:09:08.317428354+00:00: RegMr[netdev=0] CUDA memory for comm 0x7d13540abc80 with handle:8653318625366213309 for data:0x7d1390400000 size:4915200
tcpxo-wb-0:1613:2197 [0] NCCL INFO NET/FasTrak 2026-08-02T13:09:08.318507758+00:00: RegMr[netdev=0] CUDA memory for comm 0x7d13540abc80 with handle:8653318625366214140 for data:0x7d13908b0000 size:8388608
tcpxo-wb-0:1613:2197 [0] NCCL INFO NET/FasTrak 2026-08-02T13:09:08.318539988+00:00: All DXS flows connected to 192.169.0.4 comm:0x7d13540af180 comm_trace_id:0xf180001f comm_idx:0x1f on net_dev:0 (Local IP: 192.169.0.3)
tcpxo-wb-0:1613:2197 [0] NCCL INFO NET/FasTrak 2026-08-02T13:09:08.318542681+00:00: Allocate send dev handle, comm 0x7d13540af180
tcpxo-wb-0:1613:2197 [0] NCCL INFO NET/FasTrak 2026-08-02T13:09:08.318544721+00:00: Comm 0x7d13540af180, createSendDevComm 0x7d13b9ffc4d8
tcpxo-wb-0:1613:2197 [0] NCCL INFO NET/FasTrak 2026-08-02T13:09:08.318798076+00:00: Registering host memory for 0x7d13540af180 data:0xa1bf04000 size:524288
tcpxo-wb-0:1613:2197 [0] NCCL INFO NET/FasTrak 2026-08-02T13:09:08.319584329+00:00: RegMr[netdev=0] CUDA memory for comm 0x7d13540af180 with handle:8653318625366214971 for data:0x31d8000000 size:4915200
tcpxo-wb-0:1613:2197 [0] NCCL INFO NET/FasTrak 2026-08-02T13:09:08.320658398+00:00: RegMr[netdev=0] CUDA memory for comm 0x7d13540af180 with handle:8653318625366215802 for data:0x31d84b0000 size:8388608
tcpxo-wb-0:1613:2197 [0] NCCL INFO NET/FasTrak 2026-08-02T13:09:08.320696497+00:00: All DXS flows accepted for comm:0x7d135408b930 comm_trace_id:0x0 on gpu_pci:0000:04:00.0 on comm_idx:10.
tcpxo-wb-0:1613:2197 [0] NCCL INFO NET/FasTrak 2026-08-02T13:09:08.320699234+00:00: Allocate recv dev handle for comm:0x7d135408b930 on gpu_pci:0000:04:00.0
tcpxo-wb-0:1613:2197 [0] NCCL INFO NET/FasTrak 2026-08-02T13:09:08.320701375+00:00: Linearized: comm 0x7d135408b930, createRecvDevComm 0x7d13b9ffc480
tcpxo-wb-0:1613:2197 [0] NCCL INFO NET/FasTrak 2026-08-02T13:09:08.321735474+00:00: RegMr[netdev=0] CUDA memory for comm 0x7d135408b930 with handle:8653318625366216633 for data:0x31d8e00000 size:524288
tcpxo-wb-0:1613:2197 [0] NCCL INFO NET/FasTrak 2026-08-02T13:09:08.322803731+00:00: RegMr[netdev=0] CUDA memory for comm 0x7d135408b930 with handle:8653318625366213368 for data:0x31d8e80000 size:4915200
tcpxo-wb-0:1613:2197 [0] NCCL INFO NET/FasTrak 2026-08-02T13:09:08.32387504+00:00: RegMr[netdev=0] CUDA memory for comm 0x7d135408b930 with handle:8653318625366214199 for data:0x31d9330000 size:8388608
tcpxo-wb-0:1613:2197 [0] NCCL INFO NET/FasTrak 2026-08-02T13:09:08.323908915+00:00: All DXS flows accepted for comm:0x7d1354099330 comm_trace_id:0x0 on gpu_pci:0000:04:00.0 on comm_idx:18.
tcpxo-wb-0:1613:2197 [0] NCCL INFO NET/FasTrak 2026-08-02T13:09:08.323918837+00:00: Allocate recv dev handle for comm:0x7d1354099330 on gpu_pci:0000:04:00.0
tcpxo-wb-0:1613:2197 [0] NCCL INFO NET/FasTrak 2026-08-02T13:09:08.323920791+00:00: Linearized: comm 0x7d1354099330, createRecvDevComm 0x7d13b9ffc480
tcpxo-wb-0:1613:2197 [0] NCCL INFO NET/FasTrak 2026-08-02T13:09:08.324948677+00:00: RegMr[netdev=0] CUDA memory for comm 0x7d1354099330 with handle:8653318625366215030 for data:0x31da000000 size:524288
tcpxo-wb-0:1613:2197 [0] NCCL INFO NET/FasTrak 2026-08-02T13:09:08.326025969+00:00: RegMr[netdev=0] CUDA memory for comm 0x7d1354099330 with handle:8653318625366215861 for data:0x31da080000 size:4915200
tcpxo-wb-0:1613:2197 [0] NCCL INFO NET/FasTrak 2026-08-02T13:09:08.327091802+00:00: RegMr[netdev=0] CUDA memory for comm 0x7d1354099330 with handle:8653318625366216692 for data:0x31da530000 size:8388608
tcpxo-wb-0:1613:2197 [0] NCCL INFO NET/FasTrak 2026-08-02T13:09:08.327145086+00:00: All DXS flows accepted for comm:0x7d135408f050 comm_trace_id:0x0 on gpu_pci:0000:04:00.0 on comm_idx:12.
tcpxo-wb-0:1613:2197 [0] NCCL INFO NET/FasTrak 2026-08-02T13:09:08.327148184+00:00: Allocate recv dev handle for comm:0x7d135408f050 on gpu_pci:0000:04:00.0
tcpxo-wb-0:1613:2197 [0] NCCL INFO NET/FasTrak 2026-08-02T13:09:08.327165817+00:00: Linearized: comm 0x7d135408f050, createRecvDevComm 0x7d13b9ffc480
tcpxo-wb-0:1613:2197 [0] NCCL INFO NET/FasTrak 2026-08-02T13:09:08.328165126+00:00: RegMr[netdev=0] CUDA memory for comm 0x7d135408f050 with handle:8653318625366213427 for data:0x31dae00000 size:524288
tcpxo-wb-0:1613:2197 [0] NCCL INFO NET/FasTrak 2026-08-02T13:09:08.329241498+00:00: RegMr[netdev=0] CUDA memory for comm 0x7d135408f050 with handle:8653318625366214258 for data:0x31dae80000 size:4915200
tcpxo-wb-0:1613:2197 [0] NCCL INFO NET/FasTrak 2026-08-02T13:09:08.330310506+00:00: RegMr[netdev=0] CUDA memory for comm 0x7d135408f050 with handle:8653318625366215089 for data:0x31db330000 size:8388608
tcpxo-wb-0:1613:2197 [0] NCCL INFO NET/FasTrak 2026-08-02T13:09:08.33032825+00:00: All DXS flows accepted for comm:0x7d1354092730 comm_trace_id:0x0 on gpu_pci:0000:04:00.0 on comm_idx:14.
tcpxo-wb-0:1613:2197 [0] NCCL INFO NET/FasTrak 2026-08-02T13:09:08.330330984+00:00: Allocate recv dev handle for comm:0x7d1354092730 on gpu_pci:0000:04:00.0
tcpxo-wb-0:1613:2197 [0] NCCL INFO NET/FasTrak 2026-08-02T13:09:08.330333054+00:00: Linearized: comm 0x7d1354092730, createRecvDevComm 0x7d13b9ffc480
tcpxo-wb-0:1613:2197 [0] NCCL INFO NET/FasTrak 2026-08-02T13:09:08.331385541+00:00: RegMr[netdev=0] CUDA memory for comm 0x7d1354092730 with handle:8653318625366215920 for data:0x31dc000000 size:524288
tcpxo-wb-0:1613:2197 [0] NCCL INFO NET/FasTrak 2026-08-02T13:09:08.332427122+00:00: RegMr[netdev=0] CUDA memory for comm 0x7d1354092730 with handle:8653318625366212655 for data:0x31dc080000 size:4915200
tcpxo-wb-0:1613:2197 [0] NCCL INFO NET/FasTrak 2026-08-02T13:09:08.333500471+00:00: RegMr[netdev=0] CUDA memory for comm 0x7d1354092730 with handle:8653318625366213486 for data:0x31dc530000 size:8388608
tcpxo-wb-0:1613:2197 [0] NCCL INFO NET/FasTrak 2026-08-02T13:09:08.333515931+00:00: All DXS flows accepted for comm:0x7d1354095c80 comm_trace_id:0x0 on gpu_pci:0000:04:00.0 on comm_idx:16.
tcpxo-wb-0:1613:2197 [0] NCCL INFO NET/FasTrak 2026-08-02T13:09:08.333518744+00:00: Allocate recv dev handle for comm:0x7d1354095c80 on gpu_pci:0000:04:00.0
tcpxo-wb-0:1613:2197 [0] NCCL INFO NET/FasTrak 2026-08-02T13:09:08.333520853+00:00: Linearized: comm 0x7d1354095c80, createRecvDevComm 0x7d13b9ffc480
tcpxo-wb-0:1613:2197 [0] NCCL INFO NET/FasTrak 2026-08-02T13:09:08.33458211+00:00: RegMr[netdev=0] CUDA memory for comm 0x7d1354095c80 with handle:8653318625366214317 for data:0x31dce00000 size:524288
tcpxo-wb-0:1613:2197 [0] NCCL INFO NET/FasTrak 2026-08-02T13:09:08.335652599+00:00: RegMr[netdev=0] CUDA memory for comm 0x7d1354095c80 with handle:8653318625366215148 for data:0x31dce80000 size:4915200
tcpxo-wb-0:1613:2197 [0] NCCL INFO NET/FasTrak 2026-08-02T13:09:08.336725867+00:00: RegMr[netdev=0] CUDA memory for comm 0x7d1354095c80 with handle:8653318625366215979 for data:0x31dd330000 size:8388608
tcpxo-wb-0:1613:2197 [0] NCCL INFO NET/FasTrak 2026-08-02T13:09:08.336740766+00:00: All DXS flows accepted for comm:0x7d135409c850 comm_trace_id:0x0 on gpu_pci:0000:04:00.0 on comm_idx:20.
tcpxo-wb-0:1613:2197 [0] NCCL INFO NET/FasTrak 2026-08-02T13:09:08.336743246+00:00: Allocate recv dev handle for comm:0x7d135409c850 on gpu_pci:0000:04:00.0
tcpxo-wb-0:1613:2197 [0] NCCL INFO NET/FasTrak 2026-08-02T13:09:08.336745131+00:00: Linearized: comm 0x7d135409c850, createRecvDevComm 0x7d13b9ffc480
tcpxo-wb-0:1613:2197 [0] NCCL INFO NET/FasTrak 2026-08-02T13:09:08.33779783+00:00: RegMr[netdev=0] CUDA memory for comm 0x7d135409c850 with handle:8653318625366212714 for data:0x31de000000 size:524288
tcpxo-wb-0:1613:2197 [0] NCCL INFO NET/FasTrak 2026-08-02T13:09:08.338868638+00:00: RegMr[netdev=0] CUDA memory for comm 0x7d135409c850 with handle:8653318625366213545 for data:0x31de080000 size:4915200
tcpxo-wb-0:1613:2197 [0] NCCL INFO NET/FasTrak 2026-08-02T13:09:08.33994151+00:00: RegMr[netdev=0] CUDA memory for comm 0x7d135409c850 with handle:8653318625366214376 for data:0x31de530000 size:8388608
tcpxo-wb-0:1613:2197 [0] NCCL INFO NET/FasTrak 2026-08-02T13:09:08.339979684+00:00: All DXS flows accepted for comm:0x7d135409fdd0 comm_trace_id:0x0 on gpu_pci:0000:04:00.0 on comm_idx:22.
tcpxo-wb-0:1613:2197 [0] NCCL INFO NET/FasTrak 2026-08-02T13:09:08.339982249+00:00: Allocate recv dev handle for comm:0x7d135409fdd0 on gpu_pci:0000:04:00.0
tcpxo-wb-0:1613:2197 [0] NCCL INFO NET/FasTrak 2026-08-02T13:09:08.339984057+00:00: Linearized: comm 0x7d135409fdd0, createRecvDevComm 0x7d13b9ffc480
tcpxo-wb-0:1613:2197 [0] NCCL INFO NET/FasTrak 2026-08-02T13:09:08.34101658+00:00: RegMr[netdev=0] CUDA memory for comm 0x7d135409fdd0 with handle:8653318625366215207 for data:0x31dee00000 size:524288
tcpxo-wb-0:1613:2197 [0] NCCL INFO NET/FasTrak 2026-08-02T13:09:08.342090819+00:00: RegMr[netdev=0] CUDA memory for comm 0x7d135409fdd0 with handle:8653318625366216038 for data:0x31dee80000 size:4915200
tcpxo-wb-0:1613:2197 [0] NCCL INFO NET/FasTrak 2026-08-02T13:09:08.343165182+00:00: RegMr[netdev=0] CUDA memory for comm 0x7d135409fdd0 with handle:8653318625366212773 for data:0x31df330000 size:8388608
tcpxo-wb-0:1613:2197 [0] NCCL INFO NET/FasTrak 2026-08-02T13:09:08.343180188+00:00: All DXS flows accepted for comm:0x7d13540a3450 comm_trace_id:0x0 on gpu_pci:0000:04:00.0 on comm_idx:24.
tcpxo-wb-0:1613:2197 [0] NCCL INFO NET/FasTrak 2026-08-02T13:09:08.343182603+00:00: Allocate recv dev handle for comm:0x7d13540a3450 on gpu_pci:0000:04:00.0
tcpxo-wb-0:1613:2197 [0] NCCL INFO NET/FasTrak 2026-08-02T13:09:08.343184503+00:00: Linearized: comm 0x7d13540a3450, createRecvDevComm 0x7d13b9ffc480
tcpxo-wb-0:1613:2197 [0] NCCL INFO NET/FasTrak 2026-08-02T13:09:08.344232737+00:00: RegMr[netdev=0] CUDA memory for comm 0x7d13540a3450 with handle:8653318625366213604 for data:0x3200000000 size:524288
tcpxo-wb-0:1613:2197 [0] NCCL INFO NET/FasTrak 2026-08-02T13:09:08.345307352+00:00: RegMr[netdev=0] CUDA memory for comm 0x7d13540a3450 with handle:8653318625366214435 for data:0x3200080000 size:4915200
tcpxo-wb-0:1613:2197 [0] NCCL INFO NET/FasTrak 2026-08-02T13:09:08.346383348+00:00: RegMr[netdev=0] CUDA memory for comm 0x7d13540a3450 with handle:8653318625366215266 for data:0x3200530000 size:8388608
tcpxo-wb-0:1613:2197 [0] NCCL INFO NET/FasTrak 2026-08-02T13:09:08.346401178+00:00: All DXS flows accepted for comm:0x7d13540a6dc0 comm_trace_id:0x0 on gpu_pci:0000:04:00.0 on comm_idx:26.
tcpxo-wb-0:1613:2197 [0] NCCL INFO NET/FasTrak 2026-08-02T13:09:08.346403671+00:00: Allocate recv dev handle for comm:0x7d13540a6dc0 on gpu_pci:0000:04:00.0
tcpxo-wb-0:1613:2197 [0] NCCL INFO NET/FasTrak 2026-08-02T13:09:08.346405485+00:00: Linearized: comm 0x7d13540a6dc0, createRecvDevComm 0x7d13b9ffc480
tcpxo-wb-0:1613:2197 [0] NCCL INFO NET/FasTrak 2026-08-02T13:09:08.34742143+00:00: RegMr[netdev=0] CUDA memory for comm 0x7d13540a6dc0 with handle:8653318625366216097 for data:0x3200e00000 size:524288
tcpxo-wb-0:1613:2197 [0] NCCL INFO NET/FasTrak 2026-08-02T13:09:08.348501593+00:00: RegMr[netdev=0] CUDA memory for comm 0x7d13540a6dc0 with handle:8653318625366212832 for data:0x3200e80000 size:4915200
tcpxo-wb-0:1613:2197 [0] NCCL INFO NET/FasTrak 2026-08-02T13:09:08.349580129+00:00: RegMr[netdev=0] CUDA memory for comm 0x7d13540a6dc0 with handle:8653318625366213663 for data:0x3201330000 size:8388608
tcpxo-wb-0:1613:2197 [0] NCCL INFO NET/FasTrak 2026-08-02T13:09:08.34959723+00:00: All DXS flows accepted for comm:0x7d13540a9f20 comm_trace_id:0x0 on gpu_pci:0000:04:00.0 on comm_idx:28.
tcpxo-wb-0:1613:2197 [0] NCCL INFO NET/FasTrak 2026-08-02T13:09:08.349599844+00:00: Allocate recv dev handle for comm:0x7d13540a9f20 on gpu_pci:0000:04:00.0
tcpxo-wb-0:1613:2197 [0] NCCL INFO NET/FasTrak 2026-08-02T13:09:08.349601722+00:00: Linearized: comm 0x7d13540a9f20, createRecvDevComm 0x7d13b9ffc480
tcpxo-wb-0:1613:2197 [0] NCCL INFO NET/FasTrak 2026-08-02T13:09:08.350656377+00:00: RegMr[netdev=0] CUDA memory for comm 0x7d13540a9f20 with handle:8653318625366214494 for data:0x3202000000 size:524288
tcpxo-wb-0:1613:2197 [0] NCCL INFO NET/FasTrak 2026-08-02T13:09:08.351727614+00:00: RegMr[netdev=0] CUDA memory for comm 0x7d13540a9f20 with handle:8653318625366215325 for data:0x3202080000 size:4915200
tcpxo-wb-0:1613:2197 [0] NCCL INFO NET/FasTrak 2026-08-02T13:09:08.352799651+00:00: RegMr[netdev=0] CUDA memory for comm 0x7d13540a9f20 with handle:8653318625366216156 for data:0x3202530000 size:8388608
tcpxo-wb-0:1613:2197 [0] NCCL INFO NET/FasTrak 2026-08-02T13:09:08.352817496+00:00: All DXS flows accepted for comm:0x7d13540ad9c0 comm_trace_id:0x0 on gpu_pci:0000:04:00.0 on comm_idx:30.
tcpxo-wb-0:1613:2197 [0] NCCL INFO NET/FasTrak 2026-08-02T13:09:08.352819993+00:00: Allocate recv dev handle for comm:0x7d13540ad9c0 on gpu_pci:0000:04:00.0
tcpxo-wb-0:1613:2197 [0] NCCL INFO NET/FasTrak 2026-08-02T13:09:08.352821839+00:00: Linearized: comm 0x7d13540ad9c0, createRecvDevComm 0x7d13b9ffc480
tcpxo-wb-0:1613:2197 [0] NCCL INFO NET/FasTrak 2026-08-02T13:09:08.353871519+00:00: RegMr[netdev=0] CUDA memory for comm 0x7d13540ad9c0 with handle:8653318625366212891 for data:0x3202e00000 size:524288
tcpxo-wb-0:1613:2197 [0] NCCL INFO NET/FasTrak 2026-08-02T13:09:08.354944602+00:00: RegMr[netdev=0] CUDA memory for comm 0x7d13540ad9c0 with handle:8653318625366213722 for data:0x3202e80000 size:4915200
tcpxo-wb-0:1613:2197 [0] NCCL INFO NET/FasTrak 2026-08-02T13:09:08.356017942+00:00: RegMr[netdev=0] CUDA memory for comm 0x7d13540ad9c0 with handle:8653318625366214553 for data:0x3203330000 size:8388608
tcpxo-wb-0:1613:2197 [0] NCCL INFO NET/FasTrak 2026-08-02T13:09:08.356032535+00:00: All DXS flows accepted for comm:0x7d13540b0ee0 comm_trace_id:0x0 on gpu_pci:0000:04:00.0 on comm_idx:32.
tcpxo-wb-0:1613:2197 [0] NCCL INFO NET/FasTrak 2026-08-02T13:09:08.356035163+00:00: Allocate recv dev handle for comm:0x7d13540b0ee0 on gpu_pci:0000:04:00.0
tcpxo-wb-0:1613:2197 [0] NCCL INFO NET/FasTrak 2026-08-02T13:09:08.356036966+00:00: Linearized: comm 0x7d13540b0ee0, createRecvDevComm 0x7d13b9ffc480
tcpxo-wb-0:1613:2197 [0] NCCL INFO NET/FasTrak 2026-08-02T13:09:08.357092199+00:00: RegMr[netdev=0] CUDA memory for comm 0x7d13540b0ee0 with handle:8653318625366215384 for data:0x3204000000 size:524288
tcpxo-wb-0:1613:2197 [0] NCCL INFO NET/FasTrak 2026-08-02T13:09:08.358168424+00:00: RegMr[netdev=0] CUDA memory for comm 0x7d13540b0ee0 with handle:8653318625366216215 for data:0x3204080000 size:4915200
tcpxo-wb-0:1613:2197 [0] NCCL INFO NET/FasTrak 2026-08-02T13:09:08.359242136+00:00: RegMr[netdev=0] CUDA memory for comm 0x7d13540b0ee0 with handle:8653318625366212950 for data:0x3204530000 size:8388608
tcpxo-wb-0:1613:1613 [0] NCCL INFO Connected NVLS tree
tcpxo-wb-0:1613:2207 [0] NCCL INFO comm 0x5cff228b8290 rank 0 nRanks 16 cudaDev 0 busId 4000 - Abort START
tcpxo-wb-0:1613:2207 [0] NCCL INFO socketProgressOpt: abort called
tcpxo-wb-0:1613:2207 [0] NCCL INFO misc/socket.cc:64 -> 3
tcpxo-wb-0:1613:2207 [0] NCCL INFO misc/socket.cc:81 -> 3
tcpxo-wb-0:1613:2207 [0] NCCL INFO misc/socket.cc:868 -> 3
tcpxo-wb-0:1613:2207 [0] NCCL INFO socketProgressOpt: abort called
tcpxo-wb-0:1613:2207 [0] NCCL INFO misc/socket.cc:64 -> 3
tcpxo-wb-0:1613:2207 [0] NCCL INFO misc/socket.cc:81 -> 3
tcpxo-wb-0:1613:2207 [0] NCCL INFO misc/socket.cc:868 -> 3
tcpxo-wb-0:1613:2207 [0] NCCL INFO socketProgressOpt: abort called
tcpxo-wb-0:1613:2207 [0] NCCL INFO misc/socket.cc:64 -> 3
tcpxo-wb-0:1613:2207 [0] NCCL INFO misc/socket.cc:81 -> 3
tcpxo-wb-0:1613:2207 [0] NCCL INFO misc/socket.cc:868 -> 3
tcpxo-wb-0:1613:2207 [0] NCCL INFO TUNER/Plugin: Closing tuner: 'GcpTunerPlugin_v2'
tcpxo-wb-0:1613:2197 [0] NCCL INFO socketProgressOpt: abort called
tcpxo-wb-0:1613:2197 [0] NCCL INFO misc/socket.cc:943 -> 3
tcpxo-wb-0:1613:2197 [0] NCCL INFO socketProgressOpt: abort called
tcpxo-wb-0:1613:2197 [0] NCCL INFO misc/socket.cc:943 -> 3
tcpxo-wb-0:1613:2197 [0] NCCL INFO socketProgressOpt: abort called
tcpxo-wb-0:1613:2197 [0] NCCL INFO misc/socket.cc:943 -> 3
tcpxo-wb-0:1613:2197 [0] NCCL INFO socketProgressOpt: abort called
tcpxo-wb-0:1613:2197 [0] NCCL INFO misc/socket.cc:943 -> 3
tcpxo-wb-0:1613:2197 [0] NCCL INFO socketProgressOpt: abort called
tcpxo-wb-0:1613:2197 [0] NCCL INFO misc/socket.cc:943 -> 3
tcpxo-wb-0:1613:2197 [0] NCCL INFO socketProgressOpt: abort called
tcpxo-wb-0:1613:2197 [0] NCCL INFO misc/socket.cc:943 -> 3
tcpxo-wb-0:1613:2197 [0] NCCL INFO NET/FasTrak 2026-08-02T13:09:08.95507925+00:00: DeregMr[netdev=0] CUDA memory for comm 0x7d1354065950 with handle:8653318625366212724 data:0x31d6000000 size:524288.
tcpxo-wb-0:1613:2197 [0] NCCL INFO NET/FasTrak 2026-08-02T13:09:08.9563984+00:00: DeregMr[netdev=0] CUDA memory for comm 0x7d1354065950 with handle:8653318625366213555 data:0x31d6080000 size:4915200.
tcpxo-wb-0:1613:2197 [0] NCCL INFO NET/FasTrak 2026-08-02T13:09:08.957397556+00:00: DeregMr[netdev=0] CUDA memory for comm 0x7d1354065950 with handle:8653318625366214386 data:0x31d6530000 size:8388608.
tcpxo-wb-0:1613:2197 [0] NCCL INFO NET/FasTrak 2026-08-02T13:09:08.959465055+00:00: Closing Recv comm 0x7d1354065950
tcpxo-wb-0:1613:2197 [0] NCCL INFO NET/FasTrak 2026-08-02T13:09:08.959472521+00:00: COMM STATS:
tcpxo-wb-0:1613:2197 [0] NCCL INFO request/offload_scheduled: 6370
tcpxo-wb-0:1613:2197 [0] NCCL INFO request/offload_completed: 6370
tcpxo-wb-0:1613:2197 [0] NCCL INFO request/offload_backlog_curr: 0
tcpxo-wb-0:1613:2197 [0] NCCL INFO request/offload_backlog_peak: 7
tcpxo-wb-0:1613:2197 [0] NCCL INFO request/offload_size_distribution:
tcpxo-wb-0:1613:2197 [0] NCCL INFO Min: 2048
tcpxo-wb-0:1613:2197 [0] NCCL INFO Max: 1.04858e+06
tcpxo-wb-0:1613:2197 [0] NCCL INFO Avg: 480515
tcpxo-wb-0:1613:2197 [0] NCCL INFO Bucket 0-4096 Count: 190
tcpxo-wb-0:1613:2197 [0] NCCL INFO Bucket 4096-4915.2 Count: 20
tcpxo-wb-0:1613:2197 [0] NCCL INFO Bucket 4915.2-5898.24 Count: 0
tcpxo-wb-0:1613:2197 [0] NCCL INFO Bucket 5898.24-7077.89 Count: 20
tcpxo-wb-0:1613:2197 [0] NCCL INFO Bucket 7077.89-10192.2 Count: 0
tcpxo-wb-0:1613:2197 [0] NCCL INFO Bucket 10192.2-12230.6 Count: 100
tcpxo-wb-0:1613:2197 [0] NCCL INFO Bucket 12230.6-14676.7 Count: 20
tcpxo-wb-0:1613:2197 [0] NCCL INFO Bucket 14676.7-17612.1 Count: 20
tcpxo-wb-0:1613:2197 [0] NCCL INFO Bucket 17612.1-21134.5 Count: 260
tcpxo-wb-0:1613:2197 [0] NCCL INFO Bucket 21134.5-25361.4 Count: 20
tcpxo-wb-0:1613:2197 [0] NCCL INFO Bucket 25361.4-30433.6 Count: 0
tcpxo-wb-0:1613:2197 [0] NCCL INFO Bucket 30433.6-36520.3 Count: 20
tcpxo-wb-0:1613:2197 [0] NCCL INFO Bucket 36520.3-43824.4 Count: 140
tcpxo-wb-0:1613:2197 [0] NCCL INFO Bucket 43824.4-52589.3 Count: 0
tcpxo-wb-0:1613:2197 [0] NCCL INFO Bucket 52589.3-63107.2 Count: 20
tcpxo-wb-0:1613:2197 [0] NCCL INFO Bucket 63107.2-75728.6 Count: 80
tcpxo-wb-0:1613:2197 [0] NCCL INFO Bucket 75728.6-90874.3 Count: 420
tcpxo-wb-0:1613:2197 [0] NCCL INFO Bucket 90874.3-130859 Count: 0
tcpxo-wb-0:1613:2197 [0] NCCL INFO Bucket 130859-157031 Count: 2480
tcpxo-wb-0:1613:2197 [0] NCCL INFO Bucket 157031-972293 Count: 0
tcpxo-wb-0:1613:2197 [0] NCCL INFO Bucket 972293-1.16675e+06 Count: 2560
tcpxo-wb-0:1613:2197 [0] NCCL INFO Bucket 1.16675e+06-2.41938e+06 Count: 0
tcpxo-wb-0:1613:2197 [0] NCCL INFO request/offload_duration_distribution:
tcpxo-wb-0:1613:2197 [0] NCCL INFO Min: 15534
tcpxo-wb-0:1613:2197 [0] NCCL INFO Max: 6.84018e+06
tcpxo-wb-0:1613:2197 [0] NCCL INFO Avg: 387659
tcpxo-wb-0:1613:2197 [0] NCCL INFO Bucket 0-14400 Count: 0
tcpxo-wb-0:1613:2197 [0] NCCL INFO Bucket 14400-17280 Count: 3
tcpxo-wb-0:1613:2197 [0] NCCL INFO Bucket 17280-20736 Count: 2
tcpxo-wb-0:1613:2197 [0] NCCL INFO Bucket 20736-24883.2 Count: 2
tcpxo-wb-0:1613:2197 [0] NCCL INFO Bucket 24883.2-29859.8 Count: 4
tcpxo-wb-0:1613:2197 [0] NCCL INFO Bucket 29859.8-35831.8 Count: 2
tcpxo-wb-0:1613:2197 [0] NCCL INFO Bucket 35831.8-42998.2 Count: 4
tcpxo-wb-0:1613:2197 [0] NCCL INFO Bucket 42998.2-51597.8 Count: 14
tcpxo-wb-0:1613:2197 [0] NCCL INFO Bucket 51597.8-61917.4 Count: 72
tcpxo-wb-0:1613:2197 [0] NCCL INFO Bucket 61917.4-74300.8 Count: 294
tcpxo-wb-0:1613:2197 [0] NCCL INFO Bucket 74300.8-89161 Count: 227
tcpxo-wb-0:1613:2197 [0] NCCL INFO Bucket 89161-106993 Count: 227
tcpxo-wb-0:1613:2197 [0] NCCL INFO Bucket 106993-128392 Count: 190
tcpxo-wb-0:1613:2197 [0] NCCL INFO Bucket 128392-154070 Count: 151
tcpxo-wb-0:1613:2197 [0] NCCL INFO Bucket 154070-184884 Count: 706
tcpxo-wb-0:1613:2197 [0] NCCL INFO Bucket 184884-221861 Count: 889
tcpxo-wb-0:1613:2197 [0] NCCL INFO Bucket 221861-266233 Count: 613
tcpxo-wb-0:1613:2197 [0] NCCL INFO Bucket 266233-319480 Count: 502
tcpxo-wb-0:1613:2197 [0] NCCL INFO Bucket 319480-383376 Count: 324
tcpxo-wb-0:1613:2197 [0] NCCL INFO Bucket 383376-460051 Count: 415
tcpxo-wb-0:1613:2197 [0] NCCL INFO Bucket 460051-552061 Count: 438
tcpxo-wb-0:1613:2197 [0] NCCL INFO Bucket 552061-662474 Count: 370
tcpxo-wb-0:1613:2197 [0] NCCL INFO Bucket 662474-794968 Count: 263
tcpxo-wb-0:1613:2197 [0] NCCL INFO Bucket 794968-953962 Count: 143
tcpxo-wb-0:1613:2197 [0] NCCL INFO Bucket 953962-1.14475e+06 Count: 159
tcpxo-wb-0:1613:2197 [0] NCCL INFO Bucket 1.14475e+06-1.37371e+06 Count: 211
tcpxo-wb-0:1613:2197 [0] NCCL INFO Bucket 1.37371e+06-1.64845e+06 Count: 101
tcpxo-wb-0:1613:2197 [0] NCCL INFO Bucket 1.64845e+06-1.97814e+06 Count: 23
tcpxo-wb-0:1613:2197 [0] NCCL INFO Bucket 1.97814e+06-2.37376e+06 Count: 6
tcpxo-wb-0:1613:2197 [0] NCCL INFO Bucket 2.37376e+06-2.84852e+06 Count: 0
tcpxo-wb-0:1613:2197 [0] NCCL INFO Bucket 2.84852e+06-3.41822e+06 Count: 2
tcpxo-wb-0:1613:2197 [0] NCCL INFO Bucket 3.41822e+06-4.10186e+06 Count: 1
tcpxo-wb-0:1613:2197 [0] NCCL INFO Bucket 4.10186e+06-5.90668e+06 Count: 0
tcpxo-wb-0:1613:2197 [0] NCCL INFO Bucket 5.90668e+06-7.08802e+06 Count: 12
tcpxo-wb-0:1613:2197 [0] NCCL INFO Bucket 7.08802e+06-1.02067e+07 Count: 0
tcpxo-wb-0:1613:2197 [0] NCCL INFO request/unpack_duration_distribution:
tcpxo-wb-0:1613:2197 [0] NCCL INFO Bucket 0-1.09205e+07 Count: 0
tcpxo-wb-0:1613:2197 [0] NCCL INFO request/offload_complete_age_distribution:
tcpxo-wb-0:1613:2197 [0] NCCL INFO Min: 80
tcpxo-wb-0:1613:2197 [0] NCCL INFO Max: 387472
tcpxo-wb-0:1613:2197 [0] NCCL INFO Avg: 14405.9
tcpxo-wb-0:1613:2197 [0] NCCL INFO Bucket 0-100 Count: 1014
tcpxo-wb-0:1613:2197 [0] NCCL INFO Bucket 100-120 Count: 464
tcpxo-wb-0:1613:2197 [0] NCCL INFO Bucket 120-144 Count: 153
tcpxo-wb-0:1613:2197 [0] NCCL INFO Bucket 144-172.8 Count: 38
tcpxo-wb-0:1613:2197 [0] NCCL INFO Bucket 172.8-207.36 Count: 12
tcpxo-wb-0:1613:2197 [0] NCCL INFO Bucket 207.36-248.832 Count: 11
tcpxo-wb-0:1613:2197 [0] NCCL INFO Bucket 248.832-298.598 Count: 171
tcpxo-wb-0:1613:2197 [0] NCCL INFO Bucket 298.598-358.318 Count: 72
tcpxo-wb-0:1613:2197 [0] NCCL INFO Bucket 358.318-429.982 Count: 122
tcpxo-wb-0:1613:2197 [0] NCCL INFO Bucket 429.982-515.978 Count: 431
tcpxo-wb-0:1613:2197 [0] NCCL INFO Bucket 515.978-619.174 Count: 497
tcpxo-wb-0:1613:2197 [0] NCCL INFO Bucket 619.174-743.008 Count: 465
tcpxo-wb-0:1613:2197 [0] NCCL INFO Bucket 743.008-891.61 Count: 359
tcpxo-wb-0:1613:2197 [0] NCCL INFO Bucket 891.61-1069.93 Count: 108
tcpxo-wb-0:1613:2197 [0] NCCL INFO Bucket 1069.93-1283.92 Count: 84
tcpxo-wb-0:1613:2197 [0] NCCL INFO Bucket 1283.92-1540.7 Count: 110
tcpxo-wb-0:1613:2197 [0] NCCL INFO Bucket 1540.7-1848.84 Count: 91
tcpxo-wb-0:1613:2197 [0] NCCL INFO Bucket 1848.84-2218.61 Count: 124
tcpxo-wb-0:1613:2197 [0] NCCL INFO Bucket 2218.61-2662.33 Count: 129
tcpxo-wb-0:1613:2197 [0] NCCL INFO Bucket 2662.33-3194.8 Count: 147
tcpxo-wb-0:1613:2197 [0] NCCL INFO Bucket 3194.8-3833.76 Count: 180
tcpxo-wb-0:1613:2197 [0] NCCL INFO Bucket 3833.76-4600.51 Count: 211
tcpxo-wb-0:1613:2197 [0] NCCL INFO Bucket 4600.51-5520.61 Count: 213
tcpxo-wb-0:1613:2197 [0] NCCL INFO Bucket 5520.61-6624.74 Count: 199
tcpxo-wb-0:1613:2197 [0] NCCL INFO Bucket 6624.74-7949.68 Count: 117
tcpxo-wb-0:1613:2197 [0] NCCL INFO Bucket 7949.68-9539.62 Count: 64
tcpxo-wb-0:1613:2197 [0] NCCL INFO Bucket 9539.62-11447.5 Count: 48
tcpxo-wb-0:1613:2197 [0] NCCL INFO Bucket 11447.5-13737.1 Count: 40
tcpxo-wb-0:1613:2197 [0] NCCL INFO Bucket 13737.1-16484.5 Count: 33
tcpxo-wb-0:1613:2197 [0] NCCL INFO Bucket 16484.5-19781.4 Count: 24
tcpxo-wb-0:1613:2197 [0] NCCL INFO Bucket 19781.4-23737.6 Count: 25
tcpxo-wb-0:1613:2197 [0] NCCL INFO Bucket 23737.6-28485.2 Count: 13
tcpxo-wb-0:1613:2197 [0] NCCL INFO Bucket 28485.2-34182.2 Count: 18
tcpxo-wb-0:1613:2197 [0] NCCL INFO Bucket 34182.2-41018.6 Count: 16
tcpxo-wb-0:1613:2197 [0] NCCL INFO Bucket 41018.6-49222.4 Count: 23
tcpxo-wb-0:1613:2197 [0] NCCL INFO Bucket 49222.4-59066.8 Count: 544
tcpxo-wb-0:1613:2197 [0] NCCL INFO request/unpack_num_iovs_distribution:
tcpxo-wb-0:1613:2197 [0] NCCL INFO Bucket 0-2116.47 Count: 0
tcpxo-wb-0:1613:2197 [0] NCCL INFO request/offload_interval_distribution:
tcpxo-wb-0:1613:2197 [0] NCCL INFO Min: 713
tcpxo-wb-0:1613:2197 [0] NCCL INFO Max: 3.60558e+08
tcpxo-wb-0:1613:2197 [0] NCCL INFO Avg: 196303
tcpxo-wb-0:1613:2197 [0] NCCL INFO Bucket 0-1000 Count: 402
tcpxo-wb-0:1613:2197 [0] NCCL INFO Bucket 1000-1200 Count: 162
tcpxo-wb-0:1613:2197 [0] NCCL INFO Bucket 1200-1440 Count: 157
tcpxo-wb-0:1613:2197 [0] NCCL INFO Bucket 1440-1728 Count: 41
tcpxo-wb-0:1613:2197 [0] NCCL INFO Bucket 1728-2073.6 Count: 15
tcpxo-wb-0:1613:2197 [0] NCCL INFO Bucket 2073.6-2488.32 Count: 4
tcpxo-wb-0:1613:2197 [0] NCCL INFO Bucket 2488.32-2985.98 Count: 6
tcpxo-wb-0:1613:2197 [0] NCCL INFO Bucket 2985.98-3583.18 Count: 39
tcpxo-wb-0:1613:2197 [0] NCCL INFO Bucket 3583.18-4299.82 Count: 89
tcpxo-wb-0:1613:2197 [0] NCCL INFO Bucket 4299.82-5159.78 Count: 109
tcpxo-wb-0:1613:2197 [0] NCCL INFO Bucket 5159.78-6191.74 Count: 156
tcpxo-wb-0:1613:2197 [0] NCCL INFO Bucket 6191.74-7430.08 Count: 115
tcpxo-wb-0:1613:2197 [0] NCCL INFO Bucket 7430.08-8916.1 Count: 85
tcpxo-wb-0:1613:2197 [0] NCCL INFO Bucket 8916.1-10699.3 Count: 81
tcpxo-wb-0:1613:2197 [0] NCCL INFO Bucket 10699.3-12839.2 Count: 89
tcpxo-wb-0:1613:2197 [0] NCCL INFO Bucket 12839.2-15407 Count: 29
tcpxo-wb-0:1613:2197 [0] NCCL INFO Bucket 15407-18488.4 Count: 23
tcpxo-wb-0:1613:2197 [0] NCCL INFO Bucket 18488.4-22186.1 Count: 49
tcpxo-wb-0:1613:2197 [0] NCCL INFO Bucket 22186.1-26623.3 Count: 82
tcpxo-wb-0:1613:2197 [0] NCCL INFO Bucket 26623.3-31948 Count: 91
tcpxo-wb-0:1613:2197 [0] NCCL INFO Bucket 31948-38337.6 Count: 130
tcpxo-wb-0:1613:2197 [0] NCCL INFO Bucket 38337.6-46005.1 Count: 212
tcpxo-wb-0:1613:2197 [0] NCCL INFO Bucket 46005.1-55206.1 Count: 182
tcpxo-wb-0:1613:2197 [0] NCCL INFO Bucket 55206.1-66247.4 Count: 156
tcpxo-wb-0:1613:2197 [0] NCCL INFO Bucket 66247.4-79496.8 Count: 281
tcpxo-wb-0:1613:2197 [0] NCCL INFO Bucket 79496.8-95396.2 Count: 2393
tcpxo-wb-0:1613:2197 [0] NCCL INFO Bucket 95396.2-114475 Count: 356
tcpxo-wb-0:1613:2197 [0] NCCL INFO Bucket 114475-137371 Count: 161
tcpxo-wb-0:1613:2197 [0] NCCL INFO Bucket 137371-164845 Count: 155
tcpxo-wb-0:1613:2197 [0] NCCL INFO Bucket 164845-197814 Count: 112
tcpxo-wb-0:1613:2197 [0] NCCL INFO Bucket 197814-237376 Count: 86
tcpxo-wb-0:1613:2197 [0] NCCL INFO Bucket 237376-284852 Count: 56
tcpxo-wb-0:1613:2197 [0] NCCL INFO Bucket 284852-341822 Count: 32
tcpxo-wb-0:1613:2197 [0] NCCL INFO Bucket 341822-410186 Count: 20
tcpxo-wb-0:1613:2197 [0] NCCL INFO Bucket 410186-492224 Count: 16
tcpxo-wb-0:1613:2197 [0] NCCL INFO Bucket 492224-590668 Count: 19
tcpxo-wb-0:1613:2197 [0] NCCL INFO Bucket 590668-708802 Count: 60
tcpxo-wb-0:1613:2197 [0] NCCL INFO Bucket 708802-850562 Count: 27
tcpxo-wb-0:1613:2197 [0] NCCL INFO Bucket 850562-1.02067e+06 Count: 23
tcpxo-wb-0:1613:2197 [0] NCCL INFO Bucket 1.02067e+06-1.22481e+06 Count: 26
tcpxo-wb-0:1613:2197 [0] NCCL INFO Bucket 1.22481e+06-1.46977e+06 Count: 18
tcpxo-wb-0:1613:2197 [0] NCCL INFO Bucket 1.46977e+06-1.76373e+06 Count: 7
tcpxo-wb-0:1613:2197 [0] NCCL INFO Bucket 1.76373e+06-2.11647e+06 Count: 2
tcpxo-wb-0:1613:2197 [0] NCCL INFO Bucket 2.11647e+06-2.53977e+06 Count: 1
tcpxo-wb-0:1613:2197 [0] NCCL INFO Bucket 2.53977e+06-3.04772e+06 Count: 2
tcpxo-wb-0:1613:2197 [0] NCCL INFO Bucket 3.04772e+06-3.65726e+06 Count: 5
tcpxo-wb-0:1613:2197 [0] NCCL INFO Bucket 3.65726e+06-4.38871e+06 Count: 0
tcpxo-wb-0:1613:2197 [0] NCCL INFO Bucket 4.38871e+06-5.26646e+06 Count: 2
tcpxo-wb-0:1613:2197 [0] NCCL INFO Bucket 5.26646e+06-6.31975e+06 Count: 1
tcpxo-wb-0:1613:2197 [0] NCCL INFO Bucket 6.31975e+06-7.5837e+06 Count: 2
tcpxo-wb-0:1613:2197 [0] NCCL INFO Bucket 7.5837e+06-9.10044e+06 Count: 1
tcpxo-wb-0:1613:2197 [0] NCCL INFO Bucket 9.10044e+06-1.09205e+07 Count: 2
tcpxo-wb-0:1613:2197 [0] NCCL INFO NET/FasTrak 2026-08-02T13:09:08.959620844+00:00: DeregMr[netdev=0] CUDA memory for comm 0x7d1354069030 with handle:8653318625366212665 data:0x31d4000000 size:524288.
tcpxo-wb-0:1613:2197 [0] NCCL INFO NET/FasTrak 2026-08-02T13:09:08.960676237+00:00: DeregMr[netdev=0] CUDA memory for comm 0x7d1354069030 with handle:8653318625366213496 data:0x31d4080000 size:4915200.
tcpxo-wb-0:1613:2197 [0] NCCL INFO NET/FasTrak 2026-08-02T13:09:08.961753878+00:00: DeregMr[netdev=0] CUDA memory for comm 0x7d1354069030 with handle:8653318625366214327 data:0x31d4530000 size:8388608.
tcpxo-wb-0:1613:2197 [0] NCCL INFO NET/FasTrak 2026-08-02T13:09:08.963227931+00:00: Closing Recv comm 0x7d1354069030
tcpxo-wb-0:1613:2197 [0] NCCL INFO NET/FasTrak 2026-08-02T13:09:08.963234213+00:00: COMM STATS:
tcpxo-wb-0:1613:2197 [0] NCCL INFO request/offload_scheduled: 6060
tcpxo-wb-0:1613:2197 [0] NCCL INFO request/offload_completed: 6060
tcpxo-wb-0:1613:2197 [0] NCCL INFO request/offload_backlog_curr: 0
tcpxo-wb-0:1613:2197 [0] NCCL INFO request/offload_backlog_peak: 7
tcpxo-wb-0:1613:2197 [0] NCCL INFO request/offload_size_distribution:
tcpxo-wb-0:1613:2197 [0] NCCL INFO Min: 10240
tcpxo-wb-0:1613:2197 [0] NCCL INFO Max: 1.04858e+06
tcpxo-wb-0:1613:2197 [0] NCCL INFO Avg: 504862
tcpxo-wb-0:1613:2197 [0] NCCL INFO Bucket 0-10192.2 Count: 0
tcpxo-wb-0:1613:2197 [0] NCCL INFO Bucket 10192.2-12230.6 Count: 20
tcpxo-wb-0:1613:2197 [0] NCCL INFO Bucket 12230.6-14676.7 Count: 20
tcpxo-wb-0:1613:2197 [0] NCCL INFO Bucket 14676.7-17612.1 Count: 20
tcpxo-wb-0:1613:2197 [0] NCCL INFO Bucket 17612.1-21134.5 Count: 260
tcpxo-wb-0:1613:2197 [0] NCCL INFO Bucket 21134.5-25361.4 Count: 20
tcpxo-wb-0:1613:2197 [0] NCCL INFO Bucket 25361.4-30433.6 Count: 0
tcpxo-wb-0:1613:2197 [0] NCCL INFO Bucket 30433.6-36520.3 Count: 20
tcpxo-wb-0:1613:2197 [0] NCCL INFO Bucket 36520.3-43824.4 Count: 140
tcpxo-wb-0:1613:2197 [0] NCCL INFO Bucket 43824.4-52589.3 Count: 0
tcpxo-wb-0:1613:2197 [0] NCCL INFO Bucket 52589.3-63107.2 Count: 20
tcpxo-wb-0:1613:2197 [0] NCCL INFO Bucket 63107.2-75728.6 Count: 80
tcpxo-wb-0:1613:2197 [0] NCCL INFO Bucket 75728.6-90874.3 Count: 420
tcpxo-wb-0:1613:2197 [0] NCCL INFO Bucket 90874.3-130859 Count: 0
tcpxo-wb-0:1613:2197 [0] NCCL INFO Bucket 130859-157031 Count: 2480
tcpxo-wb-0:1613:2197 [0] NCCL INFO Bucket 157031-972293 Count: 0
tcpxo-wb-0:1613:2197 [0] NCCL INFO Bucket 972293-1.16675e+06 Count: 2560
tcpxo-wb-0:1613:2197 [0] NCCL INFO Bucket 1.16675e+06-2.41938e+06 Count: 0
tcpxo-wb-0:1613:2197 [0] NCCL INFO request/offload_duration_distribution:
tcpxo-wb-0:1613:2197 [0] NCCL INFO Min: 51731
tcpxo-wb-0:1613:2197 [0] NCCL INFO Max: 7.58867e+06
tcpxo-wb-0:1613:2197 [0] NCCL INFO Avg: 557763
tcpxo-wb-0:1613:2197 [0] NCCL INFO Bucket 0-51597.8 Count: 0
tcpxo-wb-0:1613:2197 [0] NCCL INFO Bucket 51597.8-61917.4 Count: 7
tcpxo-wb-0:1613:2197 [0] NCCL INFO Bucket 61917.4-74300.8 Count: 61
tcpxo-wb-0:1613:2197 [0] NCCL INFO Bucket 74300.8-89161 Count: 213
tcpxo-wb-0:1613:2197 [0] NCCL INFO Bucket 89161-106993 Count: 206
tcpxo-wb-0:1613:2197 [0] NCCL INFO Bucket 106993-128392 Count: 202
tcpxo-wb-0:1613:2197 [0] NCCL INFO Bucket 128392-154070 Count: 155
tcpxo-wb-0:1613:2197 [0] NCCL INFO Bucket 154070-184884 Count: 229
tcpxo-wb-0:1613:2197 [0] NCCL INFO Bucket 184884-221861 Count: 160
tcpxo-wb-0:1613:2197 [0] NCCL INFO Bucket 221861-266233 Count: 194
tcpxo-wb-0:1613:2197 [0] NCCL INFO Bucket 266233-319480 Count: 225
tcpxo-wb-0:1613:2197 [0] NCCL INFO Bucket 319480-383376 Count: 222
tcpxo-wb-0:1613:2197 [0] NCCL INFO Bucket 383376-460051 Count: 243
tcpxo-wb-0:1613:2197 [0] NCCL INFO Bucket 460051-552061 Count: 383
tcpxo-wb-0:1613:2197 [0] NCCL INFO Bucket 552061-662474 Count: 2268
tcpxo-wb-0:1613:2197 [0] NCCL INFO Bucket 662474-794968 Count: 598
tcpxo-wb-0:1613:2197 [0] NCCL INFO Bucket 794968-953962 Count: 224
tcpxo-wb-0:1613:2197 [0] NCCL INFO Bucket 953962-1.14475e+06 Count: 159
tcpxo-wb-0:1613:2197 [0] NCCL INFO Bucket 1.14475e+06-1.37371e+06 Count: 118
tcpxo-wb-0:1613:2197 [0] NCCL INFO Bucket 1.37371e+06-1.64845e+06 Count: 87
tcpxo-wb-0:1613:2197 [0] NCCL INFO Bucket 1.64845e+06-1.97814e+06 Count: 82
tcpxo-wb-0:1613:2197 [0] NCCL INFO Bucket 1.97814e+06-2.37376e+06 Count: 10
tcpxo-wb-0:1613:2197 [0] NCCL INFO Bucket 2.37376e+06-2.84852e+06 Count: 2
tcpxo-wb-0:1613:2197 [0] NCCL INFO Bucket 2.84852e+06-5.90668e+06 Count: 0
tcpxo-wb-0:1613:2197 [0] NCCL INFO Bucket 5.90668e+06-7.08802e+06 Count: 6
tcpxo-wb-0:1613:2197 [0] NCCL INFO Bucket 7.08802e+06-8.50562e+06 Count: 6
tcpxo-wb-0:1613:2197 [0] NCCL INFO Bucket 8.50562e+06-1.02067e+07 Count: 0
tcpxo-wb-0:1613:2197 [0] NCCL INFO request/unpack_duration_distribution:
tcpxo-wb-0:1613:2197 [0] NCCL INFO Bucket 0-1.09205e+07 Count: 0
tcpxo-wb-0:1613:2197 [0] NCCL INFO request/offload_complete_age_distribution:
tcpxo-wb-0:1613:2197 [0] NCCL INFO Min: 80
tcpxo-wb-0:1613:2197 [0] NCCL INFO Max: 593169
tcpxo-wb-0:1613:2197 [0] NCCL INFO Avg: 21230.2
tcpxo-wb-0:1613:2197 [0] NCCL INFO Bucket 0-100 Count: 534
tcpxo-wb-0:1613:2197 [0] NCCL INFO Bucket 100-120 Count: 258
tcpxo-wb-0:1613:2197 [0] NCCL INFO Bucket 120-144 Count: 48
tcpxo-wb-0:1613:2197 [0] NCCL INFO Bucket 144-172.8 Count: 11
tcpxo-wb-0:1613:2197 [0] NCCL INFO Bucket 172.8-207.36 Count: 2
tcpxo-wb-0:1613:2197 [0] NCCL INFO Bucket 207.36-248.832 Count: 254
tcpxo-wb-0:1613:2197 [0] NCCL INFO Bucket 248.832-298.598 Count: 580
tcpxo-wb-0:1613:2197 [0] NCCL INFO Bucket 298.598-358.318 Count: 179
tcpxo-wb-0:1613:2197 [0] NCCL INFO Bucket 358.318-429.982 Count: 476
tcpxo-wb-0:1613:2197 [0] NCCL INFO Bucket 429.982-515.978 Count: 494
tcpxo-wb-0:1613:2197 [0] NCCL INFO Bucket 515.978-619.174 Count: 685
tcpxo-wb-0:1613:2197 [0] NCCL INFO Bucket 619.174-743.008 Count: 69
tcpxo-wb-0:1613:2197 [0] NCCL INFO Bucket 743.008-891.61 Count: 62
tcpxo-wb-0:1613:2197 [0] NCCL INFO Bucket 891.61-1069.93 Count: 76
tcpxo-wb-0:1613:2197 [0] NCCL INFO Bucket 1069.93-1283.92 Count: 65
tcpxo-wb-0:1613:2197 [0] NCCL INFO Bucket 1283.92-1540.7 Count: 103
tcpxo-wb-0:1613:2197 [0] NCCL INFO Bucket 1540.7-1848.84 Count: 91
tcpxo-wb-0:1613:2197 [0] NCCL INFO Bucket 1848.84-2218.61 Count: 110
tcpxo-wb-0:1613:2197 [0] NCCL INFO Bucket 2218.61-2662.33 Count: 128
tcpxo-wb-0:1613:2197 [0] NCCL INFO Bucket 2662.33-3194.8 Count: 140
tcpxo-wb-0:1613:2197 [0] NCCL INFO Bucket 3194.8-3833.76 Count: 168
tcpxo-wb-0:1613:2197 [0] NCCL INFO Bucket 3833.76-4600.51 Count: 194
tcpxo-wb-0:1613:2197 [0] NCCL INFO Bucket 4600.51-5520.61 Count: 190
tcpxo-wb-0:1613:2197 [0] NCCL INFO Bucket 5520.61-6624.74 Count: 168
tcpxo-wb-0:1613:2197 [0] NCCL INFO Bucket 6624.74-7949.68 Count: 123
tcpxo-wb-0:1613:2197 [0] NCCL INFO Bucket 7949.68-9539.62 Count: 67
tcpxo-wb-0:1613:2197 [0] NCCL INFO Bucket 9539.62-11447.5 Count: 51
tcpxo-wb-0:1613:2197 [0] NCCL INFO Bucket 11447.5-13737.1 Count: 39
tcpxo-wb-0:1613:2197 [0] NCCL INFO Bucket 13737.1-16484.5 Count: 33
tcpxo-wb-0:1613:2197 [0] NCCL INFO Bucket 16484.5-19781.4 Count: 24
tcpxo-wb-0:1613:2197 [0] NCCL INFO Bucket 19781.4-23737.6 Count: 18
tcpxo-wb-0:1613:2197 [0] NCCL INFO Bucket 23737.6-28485.2 Count: 10
tcpxo-wb-0:1613:2197 [0] NCCL INFO Bucket 28485.2-34182.2 Count: 13
tcpxo-wb-0:1613:2197 [0] NCCL INFO Bucket 34182.2-41018.6 Count: 18
tcpxo-wb-0:1613:2197 [0] NCCL INFO Bucket 41018.6-49222.4 Count: 16
tcpxo-wb-0:1613:2197 [0] NCCL INFO Bucket 49222.4-59066.8 Count: 563
tcpxo-wb-0:1613:2197 [0] NCCL INFO request/unpack_num_iovs_distribution:
tcpxo-wb-0:1613:2197 [0] NCCL INFO Bucket 0-2116.47 Count: 0
tcpxo-wb-0:1613:2197 [0] NCCL INFO request/offload_interval_distribution:
tcpxo-wb-0:1613:2197 [0] NCCL INFO Min: 606
tcpxo-wb-0:1613:2197 [0] NCCL INFO Max: 4.01376e+08
tcpxo-wb-0:1613:2197 [0] NCCL INFO Avg: 205089
tcpxo-wb-0:1613:2197 [0] NCCL INFO Bucket 0-1000 Count: 580
tcpxo-wb-0:1613:2197 [0] NCCL INFO Bucket 1000-1200 Count: 106
tcpxo-wb-0:1613:2197 [0] NCCL INFO Bucket 1200-1440 Count: 74
tcpxo-wb-0:1613:2197 [0] NCCL INFO Bucket 1440-1728 Count: 26
tcpxo-wb-0:1613:2197 [0] NCCL INFO Bucket 1728-2073.6 Count: 10
tcpxo-wb-0:1613:2197 [0] NCCL INFO Bucket 2073.6-2488.32 Count: 2
tcpxo-wb-0:1613:2197 [0] NCCL INFO Bucket 2488.32-2985.98 Count: 23
tcpxo-wb-0:1613:2197 [0] NCCL INFO Bucket 2985.98-3583.18 Count: 46
tcpxo-wb-0:1613:2197 [0] NCCL INFO Bucket 3583.18-4299.82 Count: 85
tcpxo-wb-0:1613:2197 [0] NCCL INFO Bucket 4299.82-5159.78 Count: 106
tcpxo-wb-0:1613:2197 [0] NCCL INFO Bucket 5159.78-6191.74 Count: 124
tcpxo-wb-0:1613:2197 [0] NCCL INFO Bucket 6191.74-7430.08 Count: 122
tcpxo-wb-0:1613:2197 [0] NCCL INFO Bucket 7430.08-8916.1 Count: 93
tcpxo-wb-0:1613:2197 [0] NCCL INFO Bucket 8916.1-10699.3 Count: 70
tcpxo-wb-0:1613:2197 [0] NCCL INFO Bucket 10699.3-12839.2 Count: 58
tcpxo-wb-0:1613:2197 [0] NCCL INFO Bucket 12839.2-15407 Count: 34
tcpxo-wb-0:1613:2197 [0] NCCL INFO Bucket 15407-18488.4 Count: 25
tcpxo-wb-0:1613:2197 [0] NCCL INFO Bucket 18488.4-22186.1 Count: 52
tcpxo-wb-0:1613:2197 [0] NCCL INFO Bucket 22186.1-26623.3 Count: 83
tcpxo-wb-0:1613:2197 [0] NCCL INFO Bucket 26623.3-31948 Count: 94
tcpxo-wb-0:1613:2197 [0] NCCL INFO Bucket 31948-38337.6 Count: 145
tcpxo-wb-0:1613:2197 [0] NCCL INFO Bucket 38337.6-46005.1 Count: 162
tcpxo-wb-0:1613:2197 [0] NCCL INFO Bucket 46005.1-55206.1 Count: 238
tcpxo-wb-0:1613:2197 [0] NCCL INFO Bucket 55206.1-66247.4 Count: 370
tcpxo-wb-0:1613:2197 [0] NCCL INFO Bucket 66247.4-79496.8 Count: 632
tcpxo-wb-0:1613:2197 [0] NCCL INFO Bucket 79496.8-95396.2 Count: 988
tcpxo-wb-0:1613:2197 [0] NCCL INFO Bucket 95396.2-114475 Count: 645
tcpxo-wb-0:1613:2197 [0] NCCL INFO Bucket 114475-137371 Count: 395
tcpxo-wb-0:1613:2197 [0] NCCL INFO Bucket 137371-164845 Count: 145
tcpxo-wb-0:1613:2197 [0] NCCL INFO Bucket 164845-197814 Count: 99
tcpxo-wb-0:1613:2197 [0] NCCL INFO Bucket 197814-237376 Count: 80
tcpxo-wb-0:1613:2197 [0] NCCL INFO Bucket 237376-284852 Count: 57
tcpxo-wb-0:1613:2197 [0] NCCL INFO Bucket 284852-341822 Count: 36
tcpxo-wb-0:1613:2197 [0] NCCL INFO Bucket 341822-410186 Count: 35
tcpxo-wb-0:1613:2197 [0] NCCL INFO Bucket 410186-492224 Count: 35
tcpxo-wb-0:1613:2197 [0] NCCL INFO Bucket 492224-590668 Count: 36
tcpxo-wb-0:1613:2197 [0] NCCL INFO Bucket 590668-708802 Count: 53
tcpxo-wb-0:1613:2197 [0] NCCL INFO Bucket 708802-850562 Count: 23
tcpxo-wb-0:1613:2197 [0] NCCL INFO Bucket 850562-1.02067e+06 Count: 14
tcpxo-wb-0:1613:2197 [0] NCCL INFO Bucket 1.02067e+06-1.22481e+06 Count: 12
tcpxo-wb-0:1613:2197 [0] NCCL INFO Bucket 1.22481e+06-1.46977e+06 Count: 27
tcpxo-wb-0:1613:2197 [0] NCCL INFO Bucket 1.46977e+06-1.76373e+06 Count: 6
tcpxo-wb-0:1613:2197 [0] NCCL INFO Bucket 1.76373e+06-2.11647e+06 Count: 2
tcpxo-wb-0:1613:2197 [0] NCCL INFO Bucket 2.11647e+06-2.53977e+06 Count: 1
tcpxo-wb-0:1613:2197 [0] NCCL INFO Bucket 2.53977e+06-3.04772e+06 Count: 2
tcpxo-wb-0:1613:2197 [0] NCCL INFO Bucket 3.04772e+06-3.65726e+06 Count: 1
tcpxo-wb-0:1613:2197 [0] NCCL INFO Bucket 3.65726e+06-4.38871e+06 Count: 1
tcpxo-wb-0:1613:2197 [0] NCCL INFO Bucket 4.38871e+06-5.26646e+06 Count: 2
tcpxo-wb-0:1613:2197 [0] NCCL INFO Bucket 5.26646e+06-6.31975e+06 Count: 1
tcpxo-wb-0:1613:2197 [0] NCCL INFO Bucket 6.31975e+06-7.5837e+06 Count: 2
tcpxo-wb-0:1613:2197 [0] NCCL INFO Bucket 7.5837e+06-9.10044e+06 Count: 0
tcpxo-wb-0:1613:2197 [0] NCCL INFO Bucket 9.10044e+06-1.09205e+07 Count: 2
tcpxo-wb-0:1613:2197 [0] NCCL INFO NET/FasTrak 2026-08-02T13:09:08.963338127+00:00: DeregMr host memory for 0x7d1354063f70 data:0x7d1391b22200 size:524288.
tcpxo-wb-0:1613:2197 [0] NCCL INFO NET/FasTrak 2026-08-02T13:09:08.963341215+00:00: DeregMr[netdev=0] CUDA memory for comm 0x7d1354063f70 with handle:8653318625366215158 data:0x31d5000000 size:4915200.
tcpxo-wb-0:1613:2197 [0] NCCL INFO NET/FasTrak 2026-08-02T13:09:08.963895602+00:00: DeregMr[netdev=0] CUDA memory for comm 0x7d1354063f70 with handle:8653318625366215989 data:0x31d54b0000 size:8388608.
tcpxo-wb-0:1613:2197 [0] NCCL INFO NET/FasTrak 2026-08-02T13:09:08.965411722+00:00: Closing Send comm 0x7d1354063f70
tcpxo-wb-0:1613:2197 [0] NCCL INFO NET/FasTrak 2026-08-02T13:09:08.965417911+00:00: COMM STATS:
tcpxo-wb-0:1613:2197 [0] NCCL INFO request/offload_scheduled: 6370
tcpxo-wb-0:1613:2197 [0] NCCL INFO request/offload_completed: 6370
tcpxo-wb-0:1613:2197 [0] NCCL INFO request/offload_backlog_curr: 0
tcpxo-wb-0:1613:2197 [0] NCCL INFO request/offload_backlog_peak: 7
tcpxo-wb-0:1613:2197 [0] NCCL INFO request/offload_size_distribution:
tcpxo-wb-0:1613:2197 [0] NCCL INFO Min: 2048
tcpxo-wb-0:1613:2197 [0] NCCL INFO Max: 1.04858e+06
tcpxo-wb-0:1613:2197 [0] NCCL INFO Avg: 480515
tcpxo-wb-0:1613:2197 [0] NCCL INFO Bucket 0-4096 Count: 190
tcpxo-wb-0:1613:2197 [0] NCCL INFO Bucket 4096-4915.2 Count: 20
tcpxo-wb-0:1613:2197 [0] NCCL INFO Bucket 4915.2-5898.24 Count: 0
tcpxo-wb-0:1613:2197 [0] NCCL INFO Bucket 5898.24-7077.89 Count: 20
tcpxo-wb-0:1613:2197 [0] NCCL INFO Bucket 7077.89-10192.2 Count: 0
tcpxo-wb-0:1613:2197 [0] NCCL INFO Bucket 10192.2-12230.6 Count: 100
tcpxo-wb-0:1613:2197 [0] NCCL INFO Bucket 12230.6-14676.7 Count: 20
tcpxo-wb-0:1613:2197 [0] NCCL INFO Bucket 14676.7-17612.1 Count: 20
tcpxo-wb-0:1613:2197 [0] NCCL INFO Bucket 17612.1-21134.5 Count: 260
tcpxo-wb-0:1613:2197 [0] NCCL INFO Bucket 21134.5-25361.4 Count: 20
tcpxo-wb-0:1613:2197 [0] NCCL INFO Bucket 25361.4-30433.6 Count: 0
tcpxo-wb-0:1613:2197 [0] NCCL INFO Bucket 30433.6-36520.3 Count: 20
tcpxo-wb-0:1613:2197 [0] NCCL INFO Bucket 36520.3-43824.4 Count: 140
tcpxo-wb-0:1613:2197 [0] NCCL INFO Bucket 43824.4-52589.3 Count: 0
tcpxo-wb-0:1613:2197 [0] NCCL INFO Bucket 52589.3-63107.2 Count: 20
tcpxo-wb-0:1613:2197 [0] NCCL INFO Bucket 63107.2-75728.6 Count: 80
tcpxo-wb-0:1613:2197 [0] NCCL INFO Bucket 75728.6-90874.3 Count: 420
tcpxo-wb-0:1613:2197 [0] NCCL INFO Bucket 90874.3-130859 Count: 0
tcpxo-wb-0:1613:2197 [0] NCCL INFO Bucket 130859-157031 Count: 2480
tcpxo-wb-0:1613:2197 [0] NCCL INFO Bucket 157031-972293 Count: 0
tcpxo-wb-0:1613:2197 [0] NCCL INFO Bucket 972293-1.16675e+06 Count: 2560
tcpxo-wb-0:1613:2197 [0] NCCL INFO Bucket 1.16675e+06-2.41938e+06 Count: 0
tcpxo-wb-0:1613:2197 [0] NCCL INFO request/offload_duration_distribution:
tcpxo-wb-0:1613:2197 [0] NCCL INFO Min: 22869
tcpxo-wb-0:1613:2197 [0] NCCL INFO Max: 1.1991e+06
tcpxo-wb-0:1613:2197 [0] NCCL INFO Avg: 237172
tcpxo-wb-0:1613:2197 [0] NCCL INFO Bucket 0-20736 Count: 0
tcpxo-wb-0:1613:2197 [0] NCCL INFO Bucket 20736-24883.2 Count: 197
tcpxo-wb-0:1613:2197 [0] NCCL INFO Bucket 24883.2-29859.8 Count: 381
tcpxo-wb-0:1613:2197 [0] NCCL INFO Bucket 29859.8-35831.8 Count: 369
tcpxo-wb-0:1613:2197 [0] NCCL INFO Bucket 35831.8-42998.2 Count: 269
tcpxo-wb-0:1613:2197 [0] NCCL INFO Bucket 42998.2-51597.8 Count: 80
tcpxo-wb-0:1613:2197 [0] NCCL INFO Bucket 51597.8-61917.4 Count: 78
tcpxo-wb-0:1613:2197 [0] NCCL INFO Bucket 61917.4-74300.8 Count: 98
tcpxo-wb-0:1613:2197 [0] NCCL INFO Bucket 74300.8-89161 Count: 86
tcpxo-wb-0:1613:2197 [0] NCCL INFO Bucket 89161-106993 Count: 373
tcpxo-wb-0:1613:2197 [0] NCCL INFO Bucket 106993-128392 Count: 881
tcpxo-wb-0:1613:2197 [0] NCCL INFO Bucket 128392-154070 Count: 718
tcpxo-wb-0:1613:2197 [0] NCCL INFO Bucket 154070-184884 Count: 380
tcpxo-wb-0:1613:2197 [0] NCCL INFO Bucket 184884-221861 Count: 498
tcpxo-wb-0:1613:2197 [0] NCCL INFO Bucket 221861-266233 Count: 404
tcpxo-wb-0:1613:2197 [0] NCCL INFO Bucket 266233-319480 Count: 109
tcpxo-wb-0:1613:2197 [0] NCCL INFO Bucket 319480-383376 Count: 138
tcpxo-wb-0:1613:2197 [0] NCCL INFO Bucket 383376-460051 Count: 181
tcpxo-wb-0:1613:2197 [0] NCCL INFO Bucket 460051-552061 Count: 233
tcpxo-wb-0:1613:2197 [0] NCCL INFO Bucket 552061-662474 Count: 289
tcpxo-wb-0:1613:2197 [0] NCCL INFO Bucket 662474-794968 Count: 283
tcpxo-wb-0:1613:2197 [0] NCCL INFO Bucket 794968-953962 Count: 258
tcpxo-wb-0:1613:2197 [0] NCCL INFO Bucket 953962-1.14475e+06 Count: 65
tcpxo-wb-0:1613:2197 [0] NCCL INFO Bucket 1.14475e+06-1.37371e+06 Count: 2
tcpxo-wb-0:1613:2197 [0] NCCL INFO Bucket 1.37371e+06-1.02067e+07 Count: 0
tcpxo-wb-0:1613:2197 [0] NCCL INFO request/unpack_duration_distribution:
tcpxo-wb-0:1613:2197 [0] NCCL INFO Bucket 0-1.09205e+07 Count: 0
tcpxo-wb-0:1613:2197 [0] NCCL INFO request/offload_complete_age_distribution:
tcpxo-wb-0:1613:2197 [0] NCCL INFO Min: 74
tcpxo-wb-0:1613:2197 [0] NCCL INFO Max: 1.01529e+06
tcpxo-wb-0:1613:2197 [0] NCCL INFO Avg: 52204.9
tcpxo-wb-0:1613:2197 [0] NCCL INFO Bucket 0-100 Count: 759
tcpxo-wb-0:1613:2197 [0] NCCL INFO Bucket 100-120 Count: 197
tcpxo-wb-0:1613:2197 [0] NCCL INFO Bucket 120-144 Count: 41
tcpxo-wb-0:1613:2197 [0] NCCL INFO Bucket 144-172.8 Count: 9
tcpxo-wb-0:1613:2197 [0] NCCL INFO Bucket 172.8-207.36 Count: 15
tcpxo-wb-0:1613:2197 [0] NCCL INFO Bucket 207.36-248.832 Count: 1029
tcpxo-wb-0:1613:2197 [0] NCCL INFO Bucket 248.832-298.598 Count: 573
tcpxo-wb-0:1613:2197 [0] NCCL INFO Bucket 298.598-358.318 Count: 52
tcpxo-wb-0:1613:2197 [0] NCCL INFO Bucket 358.318-429.982 Count: 91
tcpxo-wb-0:1613:2197 [0] NCCL INFO Bucket 429.982-515.978 Count: 149
tcpxo-wb-0:1613:2197 [0] NCCL INFO Bucket 515.978-619.174 Count: 276
tcpxo-wb-0:1613:2197 [0] NCCL INFO Bucket 619.174-743.008 Count: 441
tcpxo-wb-0:1613:2197 [0] NCCL INFO Bucket 743.008-891.61 Count: 295
tcpxo-wb-0:1613:2197 [0] NCCL INFO Bucket 891.61-1069.93 Count: 79
tcpxo-wb-0:1613:2197 [0] NCCL INFO Bucket 1069.93-1283.92 Count: 96
tcpxo-wb-0:1613:2197 [0] NCCL INFO Bucket 1283.92-1540.7 Count: 102
tcpxo-wb-0:1613:2197 [0] NCCL INFO Bucket 1540.7-1848.84 Count: 102
tcpxo-wb-0:1613:2197 [0] NCCL INFO Bucket 1848.84-2218.61 Count: 107
tcpxo-wb-0:1613:2197 [0] NCCL INFO Bucket 2218.61-2662.33 Count: 109
tcpxo-wb-0:1613:2197 [0] NCCL INFO Bucket 2662.33-3194.8 Count: 136
tcpxo-wb-0:1613:2197 [0] NCCL INFO Bucket 3194.8-3833.76 Count: 150
tcpxo-wb-0:1613:2197 [0] NCCL INFO Bucket 3833.76-4600.51 Count: 145
tcpxo-wb-0:1613:2197 [0] NCCL INFO Bucket 4600.51-5520.61 Count: 135
tcpxo-wb-0:1613:2197 [0] NCCL INFO Bucket 5520.61-6624.74 Count: 122
tcpxo-wb-0:1613:2197 [0] NCCL INFO Bucket 6624.74-7949.68 Count: 93
tcpxo-wb-0:1613:2197 [0] NCCL INFO Bucket 7949.68-9539.62 Count: 59
tcpxo-wb-0:1613:2197 [0] NCCL INFO Bucket 9539.62-11447.5 Count: 31
tcpxo-wb-0:1613:2197 [0] NCCL INFO Bucket 11447.5-13737.1 Count: 34
tcpxo-wb-0:1613:2197 [0] NCCL INFO Bucket 13737.1-16484.5 Count: 23
tcpxo-wb-0:1613:2197 [0] NCCL INFO Bucket 16484.5-19781.4 Count: 16
tcpxo-wb-0:1613:2197 [0] NCCL INFO Bucket 19781.4-23737.6 Count: 13
tcpxo-wb-0:1613:2197 [0] NCCL INFO Bucket 23737.6-28485.2 Count: 6
tcpxo-wb-0:1613:2197 [0] NCCL INFO Bucket 28485.2-34182.2 Count: 14
tcpxo-wb-0:1613:2197 [0] NCCL INFO Bucket 34182.2-41018.6 Count: 20
tcpxo-wb-0:1613:2197 [0] NCCL INFO Bucket 41018.6-49222.4 Count: 11
tcpxo-wb-0:1613:2197 [0] NCCL INFO Bucket 49222.4-59066.8 Count: 840
tcpxo-wb-0:1613:2197 [0] NCCL INFO request/unpack_num_iovs_distribution:
tcpxo-wb-0:1613:2197 [0] NCCL INFO Bucket 0-2116.47 Count: 0
tcpxo-wb-0:1613:2197 [0] NCCL INFO request/offload_interval_distribution:
tcpxo-wb-0:1613:2197 [0] NCCL INFO Min: 922
tcpxo-wb-0:1613:2197 [0] NCCL INFO Max: 3.61888e+08
tcpxo-wb-0:1613:2197 [0] NCCL INFO Avg: 196412
tcpxo-wb-0:1613:2197 [0] NCCL INFO Bucket 0-1000 Count: 1
tcpxo-wb-0:1613:2197 [0] NCCL INFO Bucket 1000-1440 Count: 0
tcpxo-wb-0:1613:2197 [0] NCCL INFO Bucket 1440-1728 Count: 1
tcpxo-wb-0:1613:2197 [0] NCCL INFO Bucket 1728-2073.6 Count: 2
tcpxo-wb-0:1613:2197 [0] NCCL INFO Bucket 2073.6-2488.32 Count: 1
tcpxo-wb-0:1613:2197 [0] NCCL INFO Bucket 2488.32-2985.98 Count: 1
tcpxo-wb-0:1613:2197 [0] NCCL INFO Bucket 2985.98-3583.18 Count: 2
tcpxo-wb-0:1613:2197 [0] NCCL INFO Bucket 3583.18-4299.82 Count: 24
tcpxo-wb-0:1613:2197 [0] NCCL INFO Bucket 4299.82-5159.78 Count: 118
tcpxo-wb-0:1613:2197 [0] NCCL INFO Bucket 5159.78-6191.74 Count: 134
tcpxo-wb-0:1613:2197 [0] NCCL INFO Bucket 6191.74-7430.08 Count: 91
tcpxo-wb-0:1613:2197 [0] NCCL INFO Bucket 7430.08-8916.1 Count: 9
tcpxo-wb-0:1613:2197 [0] NCCL INFO Bucket 8916.1-10699.3 Count: 270
tcpxo-wb-0:1613:2197 [0] NCCL INFO Bucket 10699.3-12839.2 Count: 122
tcpxo-wb-0:1613:2197 [0] NCCL INFO Bucket 12839.2-15407 Count: 8
tcpxo-wb-0:1613:2197 [0] NCCL INFO Bucket 15407-18488.4 Count: 15
tcpxo-wb-0:1613:2197 [0] NCCL INFO Bucket 18488.4-22186.1 Count: 53
tcpxo-wb-0:1613:2197 [0] NCCL INFO Bucket 22186.1-26623.3 Count: 150
tcpxo-wb-0:1613:2197 [0] NCCL INFO Bucket 26623.3-31948 Count: 182
tcpxo-wb-0:1613:2197 [0] NCCL INFO Bucket 31948-38337.6 Count: 241
tcpxo-wb-0:1613:2197 [0] NCCL INFO Bucket 38337.6-46005.1 Count: 325
tcpxo-wb-0:1613:2197 [0] NCCL INFO Bucket 46005.1-55206.1 Count: 253
tcpxo-wb-0:1613:2197 [0] NCCL INFO Bucket 55206.1-66247.4 Count: 200
tcpxo-wb-0:1613:2197 [0] NCCL INFO Bucket 66247.4-79496.8 Count: 347
tcpxo-wb-0:1613:2197 [0] NCCL INFO Bucket 79496.8-95396.2 Count: 2606
tcpxo-wb-0:1613:2197 [0] NCCL INFO Bucket 95396.2-114475 Count: 414
tcpxo-wb-0:1613:2197 [0] NCCL INFO Bucket 114475-137371 Count: 159
tcpxo-wb-0:1613:2197 [0] NCCL INFO Bucket 137371-164845 Count: 166
tcpxo-wb-0:1613:2197 [0] NCCL INFO Bucket 164845-197814 Count: 131
tcpxo-wb-0:1613:2197 [0] NCCL INFO Bucket 197814-237376 Count: 88
tcpxo-wb-0:1613:2197 [0] NCCL INFO Bucket 237376-284852 Count: 58
tcpxo-wb-0:1613:2197 [0] NCCL INFO Bucket 284852-341822 Count: 40
tcpxo-wb-0:1613:2197 [0] NCCL INFO Bucket 341822-410186 Count: 16
tcpxo-wb-0:1613:2197 [0] NCCL INFO Bucket 410186-492224 Count: 18
tcpxo-wb-0:1613:2197 [0] NCCL INFO Bucket 492224-590668 Count: 16
tcpxo-wb-0:1613:2197 [0] NCCL INFO Bucket 590668-708802 Count: 15
tcpxo-wb-0:1613:2197 [0] NCCL INFO Bucket 708802-850562 Count: 22
tcpxo-wb-0:1613:2197 [0] NCCL INFO Bucket 850562-1.02067e+06 Count: 19
tcpxo-wb-0:1613:2197 [0] NCCL INFO Bucket 1.02067e+06-1.22481e+06 Count: 21
tcpxo-wb-0:1613:2197 [0] NCCL INFO Bucket 1.22481e+06-1.46977e+06 Count: 12
tcpxo-wb-0:1613:2197 [0] NCCL INFO Bucket 1.46977e+06-1.76373e+06 Count: 3
tcpxo-wb-0:1613:2197 [0] NCCL INFO Bucket 1.76373e+06-2.11647e+06 Count: 0
tcpxo-wb-0:1613:2197 [0] NCCL INFO Bucket 2.11647e+06-2.53977e+06 Count: 3
tcpxo-wb-0:1613:2197 [0] NCCL INFO Bucket 2.53977e+06-3.04772e+06 Count: 1
tcpxo-wb-0:1613:2197 [0] NCCL INFO Bucket 3.04772e+06-3.65726e+06 Count: 4
tcpxo-wb-0:1613:2197 [0] NCCL INFO Bucket 3.65726e+06-4.38871e+06 Count: 2
tcpxo-wb-0:1613:2197 [0] NCCL INFO Bucket 4.38871e+06-5.26646e+06 Count: 0
tcpxo-wb-0:1613:2197 [0] NCCL INFO Bucket 5.26646e+06-6.31975e+06 Count: 1
tcpxo-wb-0:1613:2197 [0] NCCL INFO Bucket 6.31975e+06-7.5837e+06 Count: 1
tcpxo-wb-0:1613:2197 [0] NCCL INFO Bucket 7.5837e+06-9.10044e+06 Count: 1
tcpxo-wb-0:1613:2197 [0] NCCL INFO Bucket 9.10044e+06-1.09205e+07 Count: 3
tcpxo-wb-0:1613:2197 [0] NCCL INFO NET/FasTrak 2026-08-02T13:09:08.965511676+00:00: DeregMr host memory for 0x7d13540673b0 data:0x31d7e00000 size:524288.
tcpxo-wb-0:1613:2197 [0] NCCL INFO NET/FasTrak 2026-08-02T13:09:08.965514713+00:00: DeregMr[netdev=0] CUDA memory for comm 0x7d13540673b0 with handle:8653318625366215217 data:0x31d7000000 size:4915200.
tcpxo-wb-0:1613:2197 [0] NCCL INFO NET/FasTrak 2026-08-02T13:09:08.966142391+00:00: DeregMr[netdev=0] CUDA memory for comm 0x7d13540673b0 with handle:8653318625366216048 data:0x31d74b0000 size:8388608.
tcpxo-wb-0:1613:2197 [0] NCCL INFO NET/FasTrak 2026-08-02T13:09:08.967950462+00:00: Closing Send comm 0x7d13540673b0
tcpxo-wb-0:1613:2197 [0] NCCL INFO NET/FasTrak 2026-08-02T13:09:08.967974021+00:00: COMM STATS:
tcpxo-wb-0:1613:2197 [0] NCCL INFO request/offload_scheduled: 6060
tcpxo-wb-0:1613:2197 [0] NCCL INFO request/offload_completed: 6060
tcpxo-wb-0:1613:2197 [0] NCCL INFO request/offload_backlog_curr: 0
tcpxo-wb-0:1613:2197 [0] NCCL INFO request/offload_backlog_peak: 7
tcpxo-wb-0:1613:2197 [0] NCCL INFO request/offload_size_distribution:
tcpxo-wb-0:1613:2197 [0] NCCL INFO Min: 10240
tcpxo-wb-0:1613:2197 [0] NCCL INFO Max: 1.04858e+06
tcpxo-wb-0:1613:2197 [0] NCCL INFO Avg: 504862
tcpxo-wb-0:1613:2197 [0] NCCL INFO Bucket 0-10192.2 Count: 0
tcpxo-wb-0:1613:2197 [0] NCCL INFO Bucket 10192.2-12230.6 Count: 20
tcpxo-wb-0:1613:2197 [0] NCCL INFO Bucket 12230.6-14676.7 Count: 20
tcpxo-wb-0:1613:2197 [0] NCCL INFO Bucket 14676.7-17612.1 Count: 20
tcpxo-wb-0:1613:2197 [0] NCCL INFO Bucket 17612.1-21134.5 Count: 260
tcpxo-wb-0:1613:2197 [0] NCCL INFO Bucket 21134.5-25361.4 Count: 20
tcpxo-wb-0:1613:2197 [0] NCCL INFO Bucket 25361.4-30433.6 Count: 0
tcpxo-wb-0:1613:2197 [0] NCCL INFO Bucket 30433.6-36520.3 Count: 20
tcpxo-wb-0:1613:2197 [0] NCCL INFO Bucket 36520.3-43824.4 Count: 140
tcpxo-wb-0:1613:2197 [0] NCCL INFO Bucket 43824.4-52589.3 Count: 0
tcpxo-wb-0:1613:2197 [0] NCCL INFO Bucket 52589.3-63107.2 Count: 20
tcpxo-wb-0:1613:2197 [0] NCCL INFO Bucket 63107.2-75728.6 Count: 80
tcpxo-wb-0:1613:2197 [0] NCCL INFO Bucket 75728.6-90874.3 Count: 420
tcpxo-wb-0:1613:2197 [0] NCCL INFO Bucket 90874.3-130859 Count: 0
tcpxo-wb-0:1613:2197 [0] NCCL INFO Bucket 130859-157031 Count: 2480
tcpxo-wb-0:1613:2197 [0] NCCL INFO Bucket 157031-972293 Count: 0
tcpxo-wb-0:1613:2197 [0] NCCL INFO Bucket 972293-1.16675e+06 Count: 2560
tcpxo-wb-0:1613:2197 [0] NCCL INFO Bucket 1.16675e+06-2.41938e+06 Count: 0
tcpxo-wb-0:1613:2197 [0] NCCL INFO request/offload_duration_distribution:
tcpxo-wb-0:1613:2197 [0] NCCL INFO Min: 25776
tcpxo-wb-0:1613:2197 [0] NCCL INFO Max: 1.06377e+06
tcpxo-wb-0:1613:2197 [0] NCCL INFO Avg: 384934
tcpxo-wb-0:1613:2197 [0] NCCL INFO Bucket 0-24883.2 Count: 0
tcpxo-wb-0:1613:2197 [0] NCCL INFO Bucket 24883.2-29859.8 Count: 219
tcpxo-wb-0:1613:2197 [0] NCCL INFO Bucket 29859.8-35831.8 Count: 252
tcpxo-wb-0:1613:2197 [0] NCCL INFO Bucket 35831.8-42998.2 Count: 276
tcpxo-wb-0:1613:2197 [0] NCCL INFO Bucket 42998.2-51597.8 Count: 216
tcpxo-wb-0:1613:2197 [0] NCCL INFO Bucket 51597.8-61917.4 Count: 170
tcpxo-wb-0:1613:2197 [0] NCCL INFO Bucket 61917.4-74300.8 Count: 144
tcpxo-wb-0:1613:2197 [0] NCCL INFO Bucket 74300.8-89161 Count: 88
tcpxo-wb-0:1613:2197 [0] NCCL INFO Bucket 89161-106993 Count: 126
tcpxo-wb-0:1613:2197 [0] NCCL INFO Bucket 106993-128392 Count: 114
tcpxo-wb-0:1613:2197 [0] NCCL INFO Bucket 128392-154070 Count: 106
tcpxo-wb-0:1613:2197 [0] NCCL INFO Bucket 154070-184884 Count: 170
tcpxo-wb-0:1613:2197 [0] NCCL INFO Bucket 184884-221861 Count: 193
tcpxo-wb-0:1613:2197 [0] NCCL INFO Bucket 221861-266233 Count: 261
tcpxo-wb-0:1613:2197 [0] NCCL INFO Bucket 266233-319480 Count: 292
tcpxo-wb-0:1613:2197 [0] NCCL INFO Bucket 319480-383376 Count: 259
tcpxo-wb-0:1613:2197 [0] NCCL INFO Bucket 383376-460051 Count: 288
tcpxo-wb-0:1613:2197 [0] NCCL INFO Bucket 460051-552061 Count: 400
tcpxo-wb-0:1613:2197 [0] NCCL INFO Bucket 552061-662474 Count: 1784
tcpxo-wb-0:1613:2197 [0] NCCL INFO Bucket 662474-794968 Count: 674
tcpxo-wb-0:1613:2197 [0] NCCL INFO Bucket 794968-953962 Count: 21
tcpxo-wb-0:1613:2197 [0] NCCL INFO Bucket 953962-1.14475e+06 Count: 7
tcpxo-wb-0:1613:2197 [0] NCCL INFO Bucket 1.14475e+06-1.02067e+07 Count: 0
tcpxo-wb-0:1613:2197 [0] NCCL INFO request/unpack_duration_distribution:
tcpxo-wb-0:1613:2197 [0] NCCL INFO Bucket 0-1.09205e+07 Count: 0
tcpxo-wb-0:1613:2197 [0] NCCL INFO request/offload_complete_age_distribution:
tcpxo-wb-0:1613:2197 [0] NCCL INFO Min: 73
tcpxo-wb-0:1613:2197 [0] NCCL INFO Max: 786618
tcpxo-wb-0:1613:2197 [0] NCCL INFO Avg: 25920.6
tcpxo-wb-0:1613:2197 [0] NCCL INFO Bucket 0-100 Count: 569
tcpxo-wb-0:1613:2197 [0] NCCL INFO Bucket 100-120 Count: 117
tcpxo-wb-0:1613:2197 [0] NCCL INFO Bucket 120-144 Count: 29
tcpxo-wb-0:1613:2197 [0] NCCL INFO Bucket 144-172.8 Count: 4
tcpxo-wb-0:1613:2197 [0] NCCL INFO Bucket 172.8-207.36 Count: 14
tcpxo-wb-0:1613:2197 [0] NCCL INFO Bucket 207.36-248.832 Count: 432
tcpxo-wb-0:1613:2197 [0] NCCL INFO Bucket 248.832-298.598 Count: 303
tcpxo-wb-0:1613:2197 [0] NCCL INFO Bucket 298.598-358.318 Count: 382
tcpxo-wb-0:1613:2197 [0] NCCL INFO Bucket 358.318-429.982 Count: 833
tcpxo-wb-0:1613:2197 [0] NCCL INFO Bucket 429.982-515.978 Count: 126
tcpxo-wb-0:1613:2197 [0] NCCL INFO Bucket 515.978-619.174 Count: 128
tcpxo-wb-0:1613:2197 [0] NCCL INFO Bucket 619.174-743.008 Count: 272
tcpxo-wb-0:1613:2197 [0] NCCL INFO Bucket 743.008-891.61 Count: 286
tcpxo-wb-0:1613:2197 [0] NCCL INFO Bucket 891.61-1069.93 Count: 97
tcpxo-wb-0:1613:2197 [0] NCCL INFO Bucket 1069.93-1283.92 Count: 96
tcpxo-wb-0:1613:2197 [0] NCCL INFO Bucket 1283.92-1540.7 Count: 110
tcpxo-wb-0:1613:2197 [0] NCCL INFO Bucket 1540.7-1848.84 Count: 113
tcpxo-wb-0:1613:2197 [0] NCCL INFO Bucket 1848.84-2218.61 Count: 143
tcpxo-wb-0:1613:2197 [0] NCCL INFO Bucket 2218.61-2662.33 Count: 123
tcpxo-wb-0:1613:2197 [0] NCCL INFO Bucket 2662.33-3194.8 Count: 142
tcpxo-wb-0:1613:2197 [0] NCCL INFO Bucket 3194.8-3833.76 Count: 134
tcpxo-wb-0:1613:2197 [0] NCCL INFO Bucket 3833.76-4600.51 Count: 179
tcpxo-wb-0:1613:2197 [0] NCCL INFO Bucket 4600.51-5520.61 Count: 163
tcpxo-wb-0:1613:2197 [0] NCCL INFO Bucket 5520.61-6624.74 Count: 138
tcpxo-wb-0:1613:2197 [0] NCCL INFO Bucket 6624.74-7949.68 Count: 101
tcpxo-wb-0:1613:2197 [0] NCCL INFO Bucket 7949.68-9539.62 Count: 63
tcpxo-wb-0:1613:2197 [0] NCCL INFO Bucket 9539.62-11447.5 Count: 55
tcpxo-wb-0:1613:2197 [0] NCCL INFO Bucket 11447.5-13737.1 Count: 45
tcpxo-wb-0:1613:2197 [0] NCCL INFO Bucket 13737.1-16484.5 Count: 38
tcpxo-wb-0:1613:2197 [0] NCCL INFO Bucket 16484.5-19781.4 Count: 21
tcpxo-wb-0:1613:2197 [0] NCCL INFO Bucket 19781.4-23737.6 Count: 25
tcpxo-wb-0:1613:2197 [0] NCCL INFO Bucket 23737.6-28485.2 Count: 24
tcpxo-wb-0:1613:2197 [0] NCCL INFO Bucket 28485.2-34182.2 Count: 24
tcpxo-wb-0:1613:2197 [0] NCCL INFO Bucket 34182.2-41018.6 Count: 34
tcpxo-wb-0:1613:2197 [0] NCCL INFO Bucket 41018.6-49222.4 Count: 25
tcpxo-wb-0:1613:2197 [0] NCCL INFO Bucket 49222.4-59066.8 Count: 672
tcpxo-wb-0:1613:2197 [0] NCCL INFO request/unpack_num_iovs_distribution:
tcpxo-wb-0:1613:2197 [0] NCCL INFO Bucket 0-2116.47 Count: 0
tcpxo-wb-0:1613:2197 [0] NCCL INFO request/offload_interval_distribution:
tcpxo-wb-0:1613:2197 [0] NCCL INFO Min: 789
tcpxo-wb-0:1613:2197 [0] NCCL INFO Max: 4.01487e+08
tcpxo-wb-0:1613:2197 [0] NCCL INFO Avg: 204996
tcpxo-wb-0:1613:2197 [0] NCCL INFO Bucket 0-1000 Count: 10
tcpxo-wb-0:1613:2197 [0] NCCL INFO Bucket 1000-1200 Count: 0
tcpxo-wb-0:1613:2197 [0] NCCL INFO Bucket 1200-1440 Count: 3
tcpxo-wb-0:1613:2197 [0] NCCL INFO Bucket 1440-1728 Count: 1
tcpxo-wb-0:1613:2197 [0] NCCL INFO Bucket 1728-2073.6 Count: 1
tcpxo-wb-0:1613:2197 [0] NCCL INFO Bucket 2073.6-2488.32 Count: 1
tcpxo-wb-0:1613:2197 [0] NCCL INFO Bucket 2488.32-2985.98 Count: 24
tcpxo-wb-0:1613:2197 [0] NCCL INFO Bucket 2985.98-3583.18 Count: 130
tcpxo-wb-0:1613:2197 [0] NCCL INFO Bucket 3583.18-4299.82 Count: 81
tcpxo-wb-0:1613:2197 [0] NCCL INFO Bucket 4299.82-5159.78 Count: 119
tcpxo-wb-0:1613:2197 [0] NCCL INFO Bucket 5159.78-6191.74 Count: 113
tcpxo-wb-0:1613:2197 [0] NCCL INFO Bucket 6191.74-7430.08 Count: 253
tcpxo-wb-0:1613:2197 [0] NCCL INFO Bucket 7430.08-8916.1 Count: 31
tcpxo-wb-0:1613:2197 [0] NCCL INFO Bucket 8916.1-10699.3 Count: 10
tcpxo-wb-0:1613:2197 [0] NCCL INFO Bucket 10699.3-12839.2 Count: 8
tcpxo-wb-0:1613:2197 [0] NCCL INFO Bucket 12839.2-15407 Count: 6
tcpxo-wb-0:1613:2197 [0] NCCL INFO Bucket 15407-18488.4 Count: 13
tcpxo-wb-0:1613:2197 [0] NCCL INFO Bucket 18488.4-22186.1 Count: 30
tcpxo-wb-0:1613:2197 [0] NCCL INFO Bucket 22186.1-26623.3 Count: 117
tcpxo-wb-0:1613:2197 [0] NCCL INFO Bucket 26623.3-31948 Count: 145
tcpxo-wb-0:1613:2197 [0] NCCL INFO Bucket 31948-38337.6 Count: 208
tcpxo-wb-0:1613:2197 [0] NCCL INFO Bucket 38337.6-46005.1 Count: 358
tcpxo-wb-0:1613:2197 [0] NCCL INFO Bucket 46005.1-55206.1 Count: 561
tcpxo-wb-0:1613:2197 [0] NCCL INFO Bucket 55206.1-66247.4 Count: 651
tcpxo-wb-0:1613:2197 [0] NCCL INFO Bucket 66247.4-79496.8 Count: 715
tcpxo-wb-0:1613:2197 [0] NCCL INFO Bucket 79496.8-95396.2 Count: 783
tcpxo-wb-0:1613:2197 [0] NCCL INFO Bucket 95396.2-114475 Count: 607
tcpxo-wb-0:1613:2197 [0] NCCL INFO Bucket 114475-137371 Count: 405
tcpxo-wb-0:1613:2197 [0] NCCL INFO Bucket 137371-164845 Count: 186
tcpxo-wb-0:1613:2197 [0] NCCL INFO Bucket 164845-197814 Count: 114
tcpxo-wb-0:1613:2197 [0] NCCL INFO Bucket 197814-237376 Count: 93
tcpxo-wb-0:1613:2197 [0] NCCL INFO Bucket 237376-284852 Count: 65
tcpxo-wb-0:1613:2197 [0] NCCL INFO Bucket 284852-341822 Count: 49
tcpxo-wb-0:1613:2197 [0] NCCL INFO Bucket 341822-410186 Count: 39
tcpxo-wb-0:1613:2197 [0] NCCL INFO Bucket 410186-492224 Count: 19
tcpxo-wb-0:1613:2197 [0] NCCL INFO Bucket 492224-590668 Count: 25
tcpxo-wb-0:1613:2197 [0] NCCL INFO Bucket 590668-708802 Count: 18
tcpxo-wb-0:1613:2197 [0] NCCL INFO Bucket 708802-850562 Count: 14
tcpxo-wb-0:1613:2197 [0] NCCL INFO Bucket 850562-1.02067e+06 Count: 16
tcpxo-wb-0:1613:2197 [0] NCCL INFO Bucket 1.02067e+06-1.22481e+06 Count: 3
tcpxo-wb-0:1613:2197 [0] NCCL INFO Bucket 1.22481e+06-1.46977e+06 Count: 4
tcpxo-wb-0:1613:2197 [0] NCCL INFO Bucket 1.46977e+06-1.76373e+06 Count: 0
tcpxo-wb-0:1613:2197 [0] NCCL INFO Bucket 1.76373e+06-2.11647e+06 Count: 15
tcpxo-wb-0:1613:2197 [0] NCCL INFO Bucket 2.11647e+06-2.53977e+06 Count: 7
tcpxo-wb-0:1613:2197 [0] NCCL INFO Bucket 2.53977e+06-3.04772e+06 Count: 1
tcpxo-wb-0:1613:2197 [0] NCCL INFO Bucket 3.04772e+06-3.65726e+06 Count: 1
tcpxo-wb-0:1613:2197 [0] NCCL INFO Bucket 3.65726e+06-4.38871e+06 Count: 2
tcpxo-wb-0:1613:2197 [0] NCCL INFO Bucket 4.38871e+06-5.26646e+06 Count: 0
tcpxo-wb-0:1613:2197 [0] NCCL INFO Bucket 5.26646e+06-6.31975e+06 Count: 1
tcpxo-wb-0:1613:2197 [0] NCCL INFO Bucket 6.31975e+06-7.5837e+06 Count: 1
tcpxo-wb-0:1613:2197 [0] NCCL INFO Bucket 7.5837e+06-9.10044e+06 Count: 0
tcpxo-wb-0:1613:2197 [0] NCCL INFO Bucket 9.10044e+06-1.09205e+07 Count: 3
tcpxo-wb-0:1613:2197 [0] NCCL INFO NET/FasTrak 2026-08-02T13:09:08.978390191+00:00: DeregMr[netdev=0] CUDA memory for comm 0x7d1354084ff0 with handle:8653318625366214617 data:0x7d1384e00000 size:524288.
tcpxo-wb-0:1613:2197 [0] NCCL INFO NET/FasTrak 2026-08-02T13:09:08.979056501+00:00: DeregMr[netdev=0] CUDA memory for comm 0x7d1354084ff0 with handle:8653318625366215448 data:0x7d1384e80000 size:4915200.
tcpxo-wb-0:1613:2197 [0] NCCL INFO NET/FasTrak 2026-08-02T13:09:08.980078074+00:00: DeregMr[netdev=0] CUDA memory for comm 0x7d1354084ff0 with handle:8653318625366216279 data:0x7d1385330000 size:8388608.
tcpxo-wb-0:1613:2197 [0] NCCL INFO NET/FasTrak 2026-08-02T13:09:08.981388641+00:00: Closing Recv comm 0x7d1354084ff0
tcpxo-wb-0:1613:2197 [0] NCCL INFO NET/FasTrak 2026-08-02T13:09:08.981396313+00:00: COMM STATS:
tcpxo-wb-0:1613:2197 [0] NCCL INFO request/offload_scheduled: 2560
tcpxo-wb-0:1613:2197 [0] NCCL INFO request/offload_completed: 2560
tcpxo-wb-0:1613:2197 [0] NCCL INFO request/offload_backlog_curr: 0
tcpxo-wb-0:1613:2197 [0] NCCL INFO request/offload_backlog_peak: 7
tcpxo-wb-0:1613:2197 [0] NCCL INFO request/offload_size_distribution:
tcpxo-wb-0:1613:2197 [0] NCCL INFO Min: 65536
tcpxo-wb-0:1613:2197 [0] NCCL INFO Max: 131072
tcpxo-wb-0:1613:2197 [0] NCCL INFO Avg: 129024
tcpxo-wb-0:1613:2197 [0] NCCL INFO Bucket 0-63107.2 Count: 0
tcpxo-wb-0:1613:2197 [0] NCCL INFO Bucket 63107.2-75728.6 Count: 80
tcpxo-wb-0:1613:2197 [0] NCCL INFO Bucket 75728.6-130859 Count: 0
tcpxo-wb-0:1613:2197 [0] NCCL INFO Bucket 130859-157031 Count: 2480
tcpxo-wb-0:1613:2197 [0] NCCL INFO Bucket 157031-2.41938e+06 Count: 0
tcpxo-wb-0:1613:2197 [0] NCCL INFO request/offload_duration_distribution:
tcpxo-wb-0:1613:2197 [0] NCCL INFO Min: 151340
tcpxo-wb-0:1613:2197 [0] NCCL INFO Max: 6.92074e+06
tcpxo-wb-0:1613:2197 [0] NCCL INFO Avg: 758193
tcpxo-wb-0:1613:2197 [0] NCCL INFO Bucket 0-128392 Count: 0
tcpxo-wb-0:1613:2197 [0] NCCL INFO Bucket 128392-154070 Count: 1
tcpxo-wb-0:1613:2197 [0] NCCL INFO Bucket 154070-184884 Count: 0
tcpxo-wb-0:1613:2197 [0] NCCL INFO Bucket 184884-221861 Count: 7
tcpxo-wb-0:1613:2197 [0] NCCL INFO Bucket 221861-266233 Count: 20
tcpxo-wb-0:1613:2197 [0] NCCL INFO Bucket 266233-319480 Count: 89
tcpxo-wb-0:1613:2197 [0] NCCL INFO Bucket 319480-383376 Count: 237
tcpxo-wb-0:1613:2197 [0] NCCL INFO Bucket 383376-460051 Count: 386
tcpxo-wb-0:1613:2197 [0] NCCL INFO Bucket 460051-552061 Count: 458
tcpxo-wb-0:1613:2197 [0] NCCL INFO Bucket 552061-662474 Count: 379
tcpxo-wb-0:1613:2197 [0] NCCL INFO Bucket 662474-794968 Count: 240
tcpxo-wb-0:1613:2197 [0] NCCL INFO Bucket 794968-953962 Count: 220
tcpxo-wb-0:1613:2197 [0] NCCL INFO Bucket 953962-1.14475e+06 Count: 160
tcpxo-wb-0:1613:2197 [0] NCCL INFO Bucket 1.14475e+06-1.37371e+06 Count: 73
tcpxo-wb-0:1613:2197 [0] NCCL INFO Bucket 1.37371e+06-1.64845e+06 Count: 101
tcpxo-wb-0:1613:2197 [0] NCCL INFO Bucket 1.64845e+06-1.97814e+06 Count: 78
tcpxo-wb-0:1613:2197 [0] NCCL INFO Bucket 1.97814e+06-2.37376e+06 Count: 57
tcpxo-wb-0:1613:2197 [0] NCCL INFO Bucket 2.37376e+06-2.84852e+06 Count: 37
tcpxo-wb-0:1613:2197 [0] NCCL INFO Bucket 2.84852e+06-3.41822e+06 Count: 12
tcpxo-wb-0:1613:2197 [0] NCCL INFO Bucket 3.41822e+06-4.10186e+06 Count: 1
tcpxo-wb-0:1613:2197 [0] NCCL INFO Bucket 4.10186e+06-5.90668e+06 Count: 0
tcpxo-wb-0:1613:2197 [0] NCCL INFO Bucket 5.90668e+06-7.08802e+06 Count: 4
tcpxo-wb-0:1613:2197 [0] NCCL INFO Bucket 7.08802e+06-1.02067e+07 Count: 0
tcpxo-wb-0:1613:2197 [0] NCCL INFO request/unpack_duration_distribution:
tcpxo-wb-0:1613:2197 [0] NCCL INFO Bucket 0-1.09205e+07 Count: 0
tcpxo-wb-0:1613:2197 [0] NCCL INFO request/offload_complete_age_distribution:
tcpxo-wb-0:1613:2197 [0] NCCL INFO Min: 92
tcpxo-wb-0:1613:2197 [0] NCCL INFO Max: 290526
tcpxo-wb-0:1613:2197 [0] NCCL INFO Avg: 13197.4
tcpxo-wb-0:1613:2197 [0] NCCL INFO Bucket 0-100 Count: 21
tcpxo-wb-0:1613:2197 [0] NCCL INFO Bucket 100-120 Count: 48
tcpxo-wb-0:1613:2197 [0] NCCL INFO Bucket 120-144 Count: 5
tcpxo-wb-0:1613:2197 [0] NCCL INFO Bucket 144-172.8 Count: 2
tcpxo-wb-0:1613:2197 [0] NCCL INFO Bucket 172.8-207.36 Count: 0
tcpxo-wb-0:1613:2197 [0] NCCL INFO Bucket 207.36-248.832 Count: 21
tcpxo-wb-0:1613:2197 [0] NCCL INFO Bucket 248.832-298.598 Count: 39
tcpxo-wb-0:1613:2197 [0] NCCL INFO Bucket 298.598-358.318 Count: 15
tcpxo-wb-0:1613:2197 [0] NCCL INFO Bucket 358.318-429.982 Count: 47
tcpxo-wb-0:1613:2197 [0] NCCL INFO Bucket 429.982-515.978 Count: 34
tcpxo-wb-0:1613:2197 [0] NCCL INFO Bucket 515.978-619.174 Count: 23
tcpxo-wb-0:1613:2197 [0] NCCL INFO Bucket 619.174-743.008 Count: 37
tcpxo-wb-0:1613:2197 [0] NCCL INFO Bucket 743.008-891.61 Count: 35
tcpxo-wb-0:1613:2197 [0] NCCL INFO Bucket 891.61-1069.93 Count: 49
tcpxo-wb-0:1613:2197 [0] NCCL INFO Bucket 1069.93-1283.92 Count: 63
tcpxo-wb-0:1613:2197 [0] NCCL INFO Bucket 1283.92-1540.7 Count: 74
tcpxo-wb-0:1613:2197 [0] NCCL INFO Bucket 1540.7-1848.84 Count: 96
tcpxo-wb-0:1613:2197 [0] NCCL INFO Bucket 1848.84-2218.61 Count: 121
tcpxo-wb-0:1613:2197 [0] NCCL INFO Bucket 2218.61-2662.33 Count: 124
tcpxo-wb-0:1613:2197 [0] NCCL INFO Bucket 2662.33-3194.8 Count: 134
tcpxo-wb-0:1613:2197 [0] NCCL INFO Bucket 3194.8-3833.76 Count: 179
tcpxo-wb-0:1613:2197 [0] NCCL INFO Bucket 3833.76-4600.51 Count: 222
tcpxo-wb-0:1613:2197 [0] NCCL INFO Bucket 4600.51-5520.61 Count: 235
tcpxo-wb-0:1613:2197 [0] NCCL INFO Bucket 5520.61-6624.74 Count: 204
tcpxo-wb-0:1613:2197 [0] NCCL INFO Bucket 6624.74-7949.68 Count: 125
tcpxo-wb-0:1613:2197 [0] NCCL INFO Bucket 7949.68-9539.62 Count: 74
tcpxo-wb-0:1613:2197 [0] NCCL INFO Bucket 9539.62-11447.5 Count: 53
tcpxo-wb-0:1613:2197 [0] NCCL INFO Bucket 11447.5-13737.1 Count: 41
tcpxo-wb-0:1613:2197 [0] NCCL INFO Bucket 13737.1-16484.5 Count: 32
tcpxo-wb-0:1613:2197 [0] NCCL INFO Bucket 16484.5-19781.4 Count: 37
tcpxo-wb-0:1613:2197 [0] NCCL INFO Bucket 19781.4-23737.6 Count: 34
tcpxo-wb-0:1613:2197 [0] NCCL INFO Bucket 23737.6-28485.2 Count: 24
tcpxo-wb-0:1613:2197 [0] NCCL INFO Bucket 28485.2-34182.2 Count: 38
tcpxo-wb-0:1613:2197 [0] NCCL INFO Bucket 34182.2-41018.6 Count: 28
tcpxo-wb-0:1613:2197 [0] NCCL INFO Bucket 41018.6-49222.4 Count: 46
tcpxo-wb-0:1613:2197 [0] NCCL INFO Bucket 49222.4-59066.8 Count: 200
tcpxo-wb-0:1613:2197 [0] NCCL INFO request/unpack_num_iovs_distribution:
tcpxo-wb-0:1613:2197 [0] NCCL INFO Bucket 0-2116.47 Count: 0
tcpxo-wb-0:1613:2197 [0] NCCL INFO request/offload_interval_distribution:
tcpxo-wb-0:1613:2197 [0] NCCL INFO Min: 2057
tcpxo-wb-0:1613:2197 [0] NCCL INFO Max: 9.76828e+07
tcpxo-wb-0:1613:2197 [0] NCCL INFO Avg: 159431
tcpxo-wb-0:1613:2197 [0] NCCL INFO Bucket 0-1728 Count: 0
tcpxo-wb-0:1613:2197 [0] NCCL INFO Bucket 1728-2073.6 Count: 1
tcpxo-wb-0:1613:2197 [0] NCCL INFO Bucket 2073.6-2488.32 Count: 4
tcpxo-wb-0:1613:2197 [0] NCCL INFO Bucket 2488.32-2985.98 Count: 28
tcpxo-wb-0:1613:2197 [0] NCCL INFO Bucket 2985.98-3583.18 Count: 88
tcpxo-wb-0:1613:2197 [0] NCCL INFO Bucket 3583.18-4299.82 Count: 113
tcpxo-wb-0:1613:2197 [0] NCCL INFO Bucket 4299.82-5159.78 Count: 133
tcpxo-wb-0:1613:2197 [0] NCCL INFO Bucket 5159.78-6191.74 Count: 119
tcpxo-wb-0:1613:2197 [0] NCCL INFO Bucket 6191.74-7430.08 Count: 82
tcpxo-wb-0:1613:2197 [0] NCCL INFO Bucket 7430.08-8916.1 Count: 42
tcpxo-wb-0:1613:2197 [0] NCCL INFO Bucket 8916.1-10699.3 Count: 39
tcpxo-wb-0:1613:2197 [0] NCCL INFO Bucket 10699.3-12839.2 Count: 81
tcpxo-wb-0:1613:2197 [0] NCCL INFO Bucket 12839.2-15407 Count: 148
tcpxo-wb-0:1613:2197 [0] NCCL INFO Bucket 15407-18488.4 Count: 114
tcpxo-wb-0:1613:2197 [0] NCCL INFO Bucket 18488.4-22186.1 Count: 130
tcpxo-wb-0:1613:2197 [0] NCCL INFO Bucket 22186.1-26623.3 Count: 79
tcpxo-wb-0:1613:2197 [0] NCCL INFO Bucket 26623.3-31948 Count: 33
tcpxo-wb-0:1613:2197 [0] NCCL INFO Bucket 31948-38337.6 Count: 21
tcpxo-wb-0:1613:2197 [0] NCCL INFO Bucket 38337.6-46005.1 Count: 63
tcpxo-wb-0:1613:2197 [0] NCCL INFO Bucket 46005.1-55206.1 Count: 89
tcpxo-wb-0:1613:2197 [0] NCCL INFO Bucket 55206.1-66247.4 Count: 113
tcpxo-wb-0:1613:2197 [0] NCCL INFO Bucket 66247.4-79496.8 Count: 124
tcpxo-wb-0:1613:2197 [0] NCCL INFO Bucket 79496.8-95396.2 Count: 134
tcpxo-wb-0:1613:2197 [0] NCCL INFO Bucket 95396.2-114475 Count: 136
tcpxo-wb-0:1613:2197 [0] NCCL INFO Bucket 114475-137371 Count: 128
tcpxo-wb-0:1613:2197 [0] NCCL INFO Bucket 137371-164845 Count: 122
tcpxo-wb-0:1613:2197 [0] NCCL INFO Bucket 164845-197814 Count: 80
tcpxo-wb-0:1613:2197 [0] NCCL INFO Bucket 197814-237376 Count: 69
tcpxo-wb-0:1613:2197 [0] NCCL INFO Bucket 237376-284852 Count: 45
tcpxo-wb-0:1613:2197 [0] NCCL INFO Bucket 284852-341822 Count: 28
tcpxo-wb-0:1613:2197 [0] NCCL INFO Bucket 341822-410186 Count: 40
tcpxo-wb-0:1613:2197 [0] NCCL INFO Bucket 410186-492224 Count: 17
tcpxo-wb-0:1613:2197 [0] NCCL INFO Bucket 492224-590668 Count: 14
tcpxo-wb-0:1613:2197 [0] NCCL INFO Bucket 590668-708802 Count: 20
tcpxo-wb-0:1613:2197 [0] NCCL INFO Bucket 708802-850562 Count: 13
tcpxo-wb-0:1613:2197 [0] NCCL INFO Bucket 850562-1.02067e+06 Count: 12
tcpxo-wb-0:1613:2197 [0] NCCL INFO Bucket 1.02067e+06-1.22481e+06 Count: 25
tcpxo-wb-0:1613:2197 [0] NCCL INFO Bucket 1.22481e+06-1.46977e+06 Count: 12
tcpxo-wb-0:1613:2197 [0] NCCL INFO Bucket 1.46977e+06-1.76373e+06 Count: 7
tcpxo-wb-0:1613:2197 [0] NCCL INFO Bucket 1.76373e+06-2.11647e+06 Count: 3
tcpxo-wb-0:1613:2197 [0] NCCL INFO Bucket 2.11647e+06-2.53977e+06 Count: 3
tcpxo-wb-0:1613:2197 [0] NCCL INFO Bucket 2.53977e+06-3.04772e+06 Count: 2
tcpxo-wb-0:1613:2197 [0] NCCL INFO Bucket 3.04772e+06-3.65726e+06 Count: 1
tcpxo-wb-0:1613:2197 [0] NCCL INFO Bucket 3.65726e+06-4.38871e+06 Count: 1
tcpxo-wb-0:1613:2197 [0] NCCL INFO Bucket 4.38871e+06-5.26646e+06 Count: 1
tcpxo-wb-0:1613:2197 [0] NCCL INFO Bucket 5.26646e+06-6.31975e+06 Count: 1
tcpxo-wb-0:1613:2197 [0] NCCL INFO Bucket 6.31975e+06-7.5837e+06 Count: 1
tcpxo-wb-0:1613:2197 [0] NCCL INFO Bucket 7.5837e+06-9.10044e+06 Count: 0
tcpxo-wb-0:1613:2197 [0] NCCL INFO Bucket 9.10044e+06-1.09205e+07 Count: 1
tcpxo-wb-0:1613:2197 [0] NCCL INFO NET/FasTrak 2026-08-02T13:09:08.981532621+00:00: DeregMr[netdev=0] CUDA memory for comm 0x7d13540884b0 with handle:8653318625366214676 data:0x7d1386a00000 size:524288.
tcpxo-wb-0:1613:2197 [0] NCCL INFO NET/FasTrak 2026-08-02T13:09:08.982182116+00:00: DeregMr[netdev=0] CUDA memory for comm 0x7d13540884b0 with handle:8653318625366215507 data:0x7d1386a80000 size:4915200.
tcpxo-wb-0:1613:2197 [0] NCCL INFO NET/FasTrak 2026-08-02T13:09:08.98325429+00:00: DeregMr[netdev=0] CUDA memory for comm 0x7d13540884b0 with handle:8653318625366216338 data:0x7d1386f30000 size:8388608.
tcpxo-wb-0:1613:2197 [0] NCCL INFO NET/FasTrak 2026-08-02T13:09:08.984491514+00:00: Closing Recv comm 0x7d13540884b0
tcpxo-wb-0:1613:2197 [0] NCCL INFO NET/FasTrak 2026-08-02T13:09:08.984498221+00:00: COMM STATS:
tcpxo-wb-0:1613:2197 [0] NCCL INFO request/offload_scheduled: 2560
tcpxo-wb-0:1613:2197 [0] NCCL INFO request/offload_completed: 2560
tcpxo-wb-0:1613:2197 [0] NCCL INFO request/offload_backlog_curr: 0
tcpxo-wb-0:1613:2197 [0] NCCL INFO request/offload_backlog_peak: 7
tcpxo-wb-0:1613:2197 [0] NCCL INFO request/offload_size_distribution:
tcpxo-wb-0:1613:2197 [0] NCCL INFO Min: 65536
tcpxo-wb-0:1613:2197 [0] NCCL INFO Max: 131072
tcpxo-wb-0:1613:2197 [0] NCCL INFO Avg: 129024
tcpxo-wb-0:1613:2197 [0] NCCL INFO Bucket 0-63107.2 Count: 0
tcpxo-wb-0:1613:2197 [0] NCCL INFO Bucket 63107.2-75728.6 Count: 80
tcpxo-wb-0:1613:2197 [0] NCCL INFO Bucket 75728.6-130859 Count: 0
tcpxo-wb-0:1613:2197 [0] NCCL INFO Bucket 130859-157031 Count: 2480
tcpxo-wb-0:1613:2197 [0] NCCL INFO Bucket 157031-2.41938e+06 Count: 0
tcpxo-wb-0:1613:2197 [0] NCCL INFO request/offload_duration_distribution:
tcpxo-wb-0:1613:2197 [0] NCCL INFO Min: 52174
tcpxo-wb-0:1613:2197 [0] NCCL INFO Max: 6.83765e+06
tcpxo-wb-0:1613:2197 [0] NCCL INFO Avg: 694517
tcpxo-wb-0:1613:2197 [0] NCCL INFO Bucket 0-51597.8 Count: 0
tcpxo-wb-0:1613:2197 [0] NCCL INFO Bucket 51597.8-61917.4 Count: 1
tcpxo-wb-0:1613:2197 [0] NCCL INFO Bucket 61917.4-74300.8 Count: 7
tcpxo-wb-0:1613:2197 [0] NCCL INFO Bucket 74300.8-89161 Count: 8
tcpxo-wb-0:1613:2197 [0] NCCL INFO Bucket 89161-106993 Count: 8
tcpxo-wb-0:1613:2197 [0] NCCL INFO Bucket 106993-128392 Count: 11
tcpxo-wb-0:1613:2197 [0] NCCL INFO Bucket 128392-154070 Count: 14
tcpxo-wb-0:1613:2197 [0] NCCL INFO Bucket 154070-184884 Count: 32
tcpxo-wb-0:1613:2197 [0] NCCL INFO Bucket 184884-221861 Count: 50
tcpxo-wb-0:1613:2197 [0] NCCL INFO Bucket 221861-266233 Count: 76
tcpxo-wb-0:1613:2197 [0] NCCL INFO Bucket 266233-319480 Count: 117
tcpxo-wb-0:1613:2197 [0] NCCL INFO Bucket 319480-383376 Count: 143
tcpxo-wb-0:1613:2197 [0] NCCL INFO Bucket 383376-460051 Count: 220
tcpxo-wb-0:1613:2197 [0] NCCL INFO Bucket 460051-552061 Count: 302
tcpxo-wb-0:1613:2197 [0] NCCL INFO Bucket 552061-662474 Count: 376
tcpxo-wb-0:1613:2197 [0] NCCL INFO Bucket 662474-794968 Count: 397
tcpxo-wb-0:1613:2197 [0] NCCL INFO Bucket 794968-953962 Count: 345
tcpxo-wb-0:1613:2197 [0] NCCL INFO Bucket 953962-1.14475e+06 Count: 231
tcpxo-wb-0:1613:2197 [0] NCCL INFO Bucket 1.14475e+06-1.37371e+06 Count: 100
tcpxo-wb-0:1613:2197 [0] NCCL INFO Bucket 1.37371e+06-1.64845e+06 Count: 60
tcpxo-wb-0:1613:2197 [0] NCCL INFO Bucket 1.64845e+06-1.97814e+06 Count: 42
tcpxo-wb-0:1613:2197 [0] NCCL INFO Bucket 1.97814e+06-2.37376e+06 Count: 12
tcpxo-wb-0:1613:2197 [0] NCCL INFO Bucket 2.37376e+06-2.84852e+06 Count: 4
tcpxo-wb-0:1613:2197 [0] NCCL INFO Bucket 2.84852e+06-5.90668e+06 Count: 0
tcpxo-wb-0:1613:2197 [0] NCCL INFO Bucket 5.90668e+06-7.08802e+06 Count: 4
tcpxo-wb-0:1613:2197 [0] NCCL INFO Bucket 7.08802e+06-1.02067e+07 Count: 0
tcpxo-wb-0:1613:2197 [0] NCCL INFO request/unpack_duration_distribution:
tcpxo-wb-0:1613:2197 [0] NCCL INFO Bucket 0-1.09205e+07 Count: 0
tcpxo-wb-0:1613:2197 [0] NCCL INFO request/offload_complete_age_distribution:
tcpxo-wb-0:1613:2197 [0] NCCL INFO Min: 91
tcpxo-wb-0:1613:2197 [0] NCCL INFO Max: 909525
tcpxo-wb-0:1613:2197 [0] NCCL INFO Avg: 113314
tcpxo-wb-0:1613:2197 [0] NCCL INFO Bucket 0-100 Count: 23
tcpxo-wb-0:1613:2197 [0] NCCL INFO Bucket 100-120 Count: 32
tcpxo-wb-0:1613:2197 [0] NCCL INFO Bucket 120-144 Count: 7
tcpxo-wb-0:1613:2197 [0] NCCL INFO Bucket 144-207.36 Count: 0
tcpxo-wb-0:1613:2197 [0] NCCL INFO Bucket 207.36-248.832 Count: 11
tcpxo-wb-0:1613:2197 [0] NCCL INFO Bucket 248.832-298.598 Count: 30
tcpxo-wb-0:1613:2197 [0] NCCL INFO Bucket 298.598-358.318 Count: 9
tcpxo-wb-0:1613:2197 [0] NCCL INFO Bucket 358.318-429.982 Count: 26
tcpxo-wb-0:1613:2197 [0] NCCL INFO Bucket 429.982-515.978 Count: 29
tcpxo-wb-0:1613:2197 [0] NCCL INFO Bucket 515.978-619.174 Count: 31
tcpxo-wb-0:1613:2197 [0] NCCL INFO Bucket 619.174-743.008 Count: 24
tcpxo-wb-0:1613:2197 [0] NCCL INFO Bucket 743.008-891.61 Count: 34
tcpxo-wb-0:1613:2197 [0] NCCL INFO Bucket 891.61-1069.93 Count: 51
tcpxo-wb-0:1613:2197 [0] NCCL INFO Bucket 1069.93-1283.92 Count: 62
tcpxo-wb-0:1613:2197 [0] NCCL INFO Bucket 1283.92-1540.7 Count: 63
tcpxo-wb-0:1613:2197 [0] NCCL INFO Bucket 1540.7-1848.84 Count: 78
tcpxo-wb-0:1613:2197 [0] NCCL INFO Bucket 1848.84-2218.61 Count: 91
tcpxo-wb-0:1613:2197 [0] NCCL INFO Bucket 2218.61-2662.33 Count: 103
tcpxo-wb-0:1613:2197 [0] NCCL INFO Bucket 2662.33-3194.8 Count: 151
tcpxo-wb-0:1613:2197 [0] NCCL INFO Bucket 3194.8-3833.76 Count: 132
tcpxo-wb-0:1613:2197 [0] NCCL INFO Bucket 3833.76-4600.51 Count: 182
tcpxo-wb-0:1613:2197 [0] NCCL INFO Bucket 4600.51-5520.61 Count: 159
tcpxo-wb-0:1613:2197 [0] NCCL INFO Bucket 5520.61-6624.74 Count: 158
tcpxo-wb-0:1613:2197 [0] NCCL INFO Bucket 6624.74-7949.68 Count: 81
tcpxo-wb-0:1613:2197 [0] NCCL INFO Bucket 7949.68-9539.62 Count: 48
tcpxo-wb-0:1613:2197 [0] NCCL INFO Bucket 9539.62-11447.5 Count: 25
tcpxo-wb-0:1613:2197 [0] NCCL INFO Bucket 11447.5-13737.1 Count: 32
tcpxo-wb-0:1613:2197 [0] NCCL INFO Bucket 13737.1-16484.5 Count: 25
tcpxo-wb-0:1613:2197 [0] NCCL INFO Bucket 16484.5-19781.4 Count: 6
tcpxo-wb-0:1613:2197 [0] NCCL INFO Bucket 19781.4-23737.6 Count: 5
tcpxo-wb-0:1613:2197 [0] NCCL INFO Bucket 23737.6-28485.2 Count: 7
tcpxo-wb-0:1613:2197 [0] NCCL INFO Bucket 28485.2-34182.2 Count: 10
tcpxo-wb-0:1613:2197 [0] NCCL INFO Bucket 34182.2-41018.6 Count: 7
tcpxo-wb-0:1613:2197 [0] NCCL INFO Bucket 41018.6-49222.4 Count: 11
tcpxo-wb-0:1613:2197 [0] NCCL INFO Bucket 49222.4-59066.8 Count: 817
tcpxo-wb-0:1613:2197 [0] NCCL INFO request/unpack_num_iovs_distribution:
tcpxo-wb-0:1613:2197 [0] NCCL INFO Bucket 0-2116.47 Count: 0
tcpxo-wb-0:1613:2197 [0] NCCL INFO request/offload_interval_distribution:
tcpxo-wb-0:1613:2197 [0] NCCL INFO Min: 2276
tcpxo-wb-0:1613:2197 [0] NCCL INFO Max: 9.76441e+07
tcpxo-wb-0:1613:2197 [0] NCCL INFO Avg: 159269
tcpxo-wb-0:1613:2197 [0] NCCL INFO Bucket 0-2073.6 Count: 0
tcpxo-wb-0:1613:2197 [0] NCCL INFO Bucket 2073.6-2488.32 Count: 3
tcpxo-wb-0:1613:2197 [0] NCCL INFO Bucket 2488.32-2985.98 Count: 13
tcpxo-wb-0:1613:2197 [0] NCCL INFO Bucket 2985.98-3583.18 Count: 67
tcpxo-wb-0:1613:2197 [0] NCCL INFO Bucket 3583.18-4299.82 Count: 105
tcpxo-wb-0:1613:2197 [0] NCCL INFO Bucket 4299.82-5159.78 Count: 115
tcpxo-wb-0:1613:2197 [0] NCCL INFO Bucket 5159.78-6191.74 Count: 107
tcpxo-wb-0:1613:2197 [0] NCCL INFO Bucket 6191.74-7430.08 Count: 95
tcpxo-wb-0:1613:2197 [0] NCCL INFO Bucket 7430.08-8916.1 Count: 63
tcpxo-wb-0:1613:2197 [0] NCCL INFO Bucket 8916.1-10699.3 Count: 44
tcpxo-wb-0:1613:2197 [0] NCCL INFO Bucket 10699.3-12839.2 Count: 44
tcpxo-wb-0:1613:2197 [0] NCCL INFO Bucket 12839.2-15407 Count: 21
tcpxo-wb-0:1613:2197 [0] NCCL INFO Bucket 15407-18488.4 Count: 28
tcpxo-wb-0:1613:2197 [0] NCCL INFO Bucket 18488.4-22186.1 Count: 34
tcpxo-wb-0:1613:2197 [0] NCCL INFO Bucket 22186.1-26623.3 Count: 58
tcpxo-wb-0:1613:2197 [0] NCCL INFO Bucket 26623.3-31948 Count: 111
tcpxo-wb-0:1613:2197 [0] NCCL INFO Bucket 31948-38337.6 Count: 115
tcpxo-wb-0:1613:2197 [0] NCCL INFO Bucket 38337.6-46005.1 Count: 287
tcpxo-wb-0:1613:2197 [0] NCCL INFO Bucket 46005.1-55206.1 Count: 211
tcpxo-wb-0:1613:2197 [0] NCCL INFO Bucket 55206.1-66247.4 Count: 91
tcpxo-wb-0:1613:2197 [0] NCCL INFO Bucket 66247.4-79496.8 Count: 93
tcpxo-wb-0:1613:2197 [0] NCCL INFO Bucket 79496.8-95396.2 Count: 90
tcpxo-wb-0:1613:2197 [0] NCCL INFO Bucket 95396.2-114475 Count: 102
tcpxo-wb-0:1613:2197 [0] NCCL INFO Bucket 114475-137371 Count: 105
tcpxo-wb-0:1613:2197 [0] NCCL INFO Bucket 137371-164845 Count: 82
tcpxo-wb-0:1613:2197 [0] NCCL INFO Bucket 164845-197814 Count: 90
tcpxo-wb-0:1613:2197 [0] NCCL INFO Bucket 197814-237376 Count: 89
tcpxo-wb-0:1613:2197 [0] NCCL INFO Bucket 237376-284852 Count: 77
tcpxo-wb-0:1613:2197 [0] NCCL INFO Bucket 284852-341822 Count: 42
tcpxo-wb-0:1613:2197 [0] NCCL INFO Bucket 341822-410186 Count: 30
tcpxo-wb-0:1613:2197 [0] NCCL INFO Bucket 410186-492224 Count: 25
tcpxo-wb-0:1613:2197 [0] NCCL INFO Bucket 492224-590668 Count: 26
tcpxo-wb-0:1613:2197 [0] NCCL INFO Bucket 590668-708802 Count: 27
tcpxo-wb-0:1613:2197 [0] NCCL INFO Bucket 708802-850562 Count: 16
tcpxo-wb-0:1613:2197 [0] NCCL INFO Bucket 850562-1.02067e+06 Count: 16
tcpxo-wb-0:1613:2197 [0] NCCL INFO Bucket 1.02067e+06-1.22481e+06 Count: 16
tcpxo-wb-0:1613:2197 [0] NCCL INFO Bucket 1.22481e+06-1.46977e+06 Count: 8
tcpxo-wb-0:1613:2197 [0] NCCL INFO Bucket 1.46977e+06-1.76373e+06 Count: 6
tcpxo-wb-0:1613:2197 [0] NCCL INFO Bucket 1.76373e+06-2.11647e+06 Count: 1
tcpxo-wb-0:1613:2197 [0] NCCL INFO Bucket 2.11647e+06-2.53977e+06 Count: 0
tcpxo-wb-0:1613:2197 [0] NCCL INFO Bucket 2.53977e+06-3.04772e+06 Count: 1
tcpxo-wb-0:1613:2197 [0] NCCL INFO Bucket 3.04772e+06-3.65726e+06 Count: 1
tcpxo-wb-0:1613:2197 [0] NCCL INFO Bucket 3.65726e+06-4.38871e+06 Count: 0
tcpxo-wb-0:1613:2197 [0] NCCL INFO Bucket 4.38871e+06-5.26646e+06 Count: 2
tcpxo-wb-0:1613:2197 [0] NCCL INFO Bucket 5.26646e+06-6.31975e+06 Count: 1
tcpxo-wb-0:1613:2197 [0] NCCL INFO Bucket 6.31975e+06-7.5837e+06 Count: 1
tcpxo-wb-0:1613:2197 [0] NCCL INFO Bucket 7.5837e+06-9.10044e+06 Count: 0
tcpxo-wb-0:1613:2197 [0] NCCL INFO Bucket 9.10044e+06-1.09205e+07 Count: 1
tcpxo-wb-0:1613:2197 [0] NCCL INFO NET/FasTrak 2026-08-02T13:09:08.984604078+00:00: DeregMr[netdev=0] CUDA memory for comm 0x7d135408b930 with handle:8653318625366216633 data:0x31d8e00000 size:524288.
tcpxo-wb-0:1613:2197 [0] NCCL INFO NET/FasTrak 2026-08-02T13:09:08.98542096+00:00: DeregMr[netdev=0] CUDA memory for comm 0x7d135408b930 with handle:8653318625366213368 data:0x31d8e80000 size:4915200.
tcpxo-wb-0:1613:2197 [0] NCCL INFO NET/FasTrak 2026-08-02T13:09:08.986484308+00:00: DeregMr[netdev=0] CUDA memory for comm 0x7d135408b930 with handle:8653318625366214199 data:0x31d9330000 size:8388608.
tcpxo-wb-0:1613:2197 [0] NCCL INFO NET/FasTrak 2026-08-02T13:09:08.98778097+00:00: Closing Recv comm 0x7d135408b930
tcpxo-wb-0:1613:2197 [0] NCCL INFO NET/FasTrak 2026-08-02T13:09:08.987786628+00:00: COMM STATS:
tcpxo-wb-0:1613:2197 [0] NCCL INFO request/offload_scheduled: 2560
tcpxo-wb-0:1613:2197 [0] NCCL INFO request/offload_completed: 2560
tcpxo-wb-0:1613:2197 [0] NCCL INFO request/offload_backlog_curr: 0
tcpxo-wb-0:1613:2197 [0] NCCL INFO request/offload_backlog_peak: 7
tcpxo-wb-0:1613:2197 [0] NCCL INFO request/offload_size_distribution:
tcpxo-wb-0:1613:2197 [0] NCCL INFO Min: 65536
tcpxo-wb-0:1613:2197 [0] NCCL INFO Max: 131072
tcpxo-wb-0:1613:2197 [0] NCCL INFO Avg: 129024
tcpxo-wb-0:1613:2197 [0] NCCL INFO Bucket 0-63107.2 Count: 0
tcpxo-wb-0:1613:2197 [0] NCCL INFO Bucket 63107.2-75728.6 Count: 80
tcpxo-wb-0:1613:2197 [0] NCCL INFO Bucket 75728.6-130859 Count: 0
tcpxo-wb-0:1613:2197 [0] NCCL INFO Bucket 130859-157031 Count: 2480
tcpxo-wb-0:1613:2197 [0] NCCL INFO Bucket 157031-2.41938e+06 Count: 0
tcpxo-wb-0:1613:2197 [0] NCCL INFO request/offload_duration_distribution:
tcpxo-wb-0:1613:2197 [0] NCCL INFO Min: 116487
tcpxo-wb-0:1613:2197 [0] NCCL INFO Max: 6.97677e+06
tcpxo-wb-0:1613:2197 [0] NCCL INFO Avg: 687359
tcpxo-wb-0:1613:2197 [0] NCCL INFO Bucket 0-106993 Count: 0
tcpxo-wb-0:1613:2197 [0] NCCL INFO Bucket 106993-128392 Count: 4
tcpxo-wb-0:1613:2197 [0] NCCL INFO Bucket 128392-154070 Count: 10
tcpxo-wb-0:1613:2197 [0] NCCL INFO Bucket 154070-184884 Count: 20
tcpxo-wb-0:1613:2197 [0] NCCL INFO Bucket 184884-221861 Count: 53
tcpxo-wb-0:1613:2197 [0] NCCL INFO Bucket 221861-266233 Count: 70
tcpxo-wb-0:1613:2197 [0] NCCL INFO Bucket 266233-319480 Count: 123
tcpxo-wb-0:1613:2197 [0] NCCL INFO Bucket 319480-383376 Count: 218
tcpxo-wb-0:1613:2197 [0] NCCL INFO Bucket 383376-460051 Count: 285
tcpxo-wb-0:1613:2197 [0] NCCL INFO Bucket 460051-552061 Count: 355
tcpxo-wb-0:1613:2197 [0] NCCL INFO Bucket 552061-662474 Count: 399
tcpxo-wb-0:1613:2197 [0] NCCL INFO Bucket 662474-794968 Count: 330
tcpxo-wb-0:1613:2197 [0] NCCL INFO Bucket 794968-953962 Count: 232
tcpxo-wb-0:1613:2197 [0] NCCL INFO Bucket 953962-1.14475e+06 Count: 142
tcpxo-wb-0:1613:2197 [0] NCCL INFO Bucket 1.14475e+06-1.37371e+06 Count: 131
tcpxo-wb-0:1613:2197 [0] NCCL INFO Bucket 1.37371e+06-1.64845e+06 Count: 130
tcpxo-wb-0:1613:2197 [0] NCCL INFO Bucket 1.64845e+06-1.97814e+06 Count: 46
tcpxo-wb-0:1613:2197 [0] NCCL INFO Bucket 1.97814e+06-2.37376e+06 Count: 8
tcpxo-wb-0:1613:2197 [0] NCCL INFO Bucket 2.37376e+06-5.90668e+06 Count: 0
tcpxo-wb-0:1613:2197 [0] NCCL INFO Bucket 5.90668e+06-7.08802e+06 Count: 4
tcpxo-wb-0:1613:2197 [0] NCCL INFO Bucket 7.08802e+06-1.02067e+07 Count: 0
tcpxo-wb-0:1613:2197 [0] NCCL INFO request/unpack_duration_distribution:
tcpxo-wb-0:1613:2197 [0] NCCL INFO Bucket 0-1.09205e+07 Count: 0
tcpxo-wb-0:1613:2197 [0] NCCL INFO request/offload_complete_age_distribution:
tcpxo-wb-0:1613:2197 [0] NCCL INFO Min: 93
tcpxo-wb-0:1613:2197 [0] NCCL INFO Max: 489900
tcpxo-wb-0:1613:2197 [0] NCCL INFO Avg: 65547.7
tcpxo-wb-0:1613:2197 [0] NCCL INFO Bucket 0-100 Count: 22
tcpxo-wb-0:1613:2197 [0] NCCL INFO Bucket 100-120 Count: 31
tcpxo-wb-0:1613:2197 [0] NCCL INFO Bucket 120-144 Count: 4
tcpxo-wb-0:1613:2197 [0] NCCL INFO Bucket 144-172.8 Count: 1
tcpxo-wb-0:1613:2197 [0] NCCL INFO Bucket 172.8-207.36 Count: 1
tcpxo-wb-0:1613:2197 [0] NCCL INFO Bucket 207.36-248.832 Count: 9
tcpxo-wb-0:1613:2197 [0] NCCL INFO Bucket 248.832-298.598 Count: 25
tcpxo-wb-0:1613:2197 [0] NCCL INFO Bucket 298.598-358.318 Count: 8
tcpxo-wb-0:1613:2197 [0] NCCL INFO Bucket 358.318-429.982 Count: 30
tcpxo-wb-0:1613:2197 [0] NCCL INFO Bucket 429.982-515.978 Count: 21
tcpxo-wb-0:1613:2197 [0] NCCL INFO Bucket 515.978-619.174 Count: 21
tcpxo-wb-0:1613:2197 [0] NCCL INFO Bucket 619.174-743.008 Count: 30
tcpxo-wb-0:1613:2197 [0] NCCL INFO Bucket 743.008-891.61 Count: 28
tcpxo-wb-0:1613:2197 [0] NCCL INFO Bucket 891.61-1069.93 Count: 31
tcpxo-wb-0:1613:2197 [0] NCCL INFO Bucket 1069.93-1283.92 Count: 60
tcpxo-wb-0:1613:2197 [0] NCCL INFO Bucket 1283.92-1540.7 Count: 71
tcpxo-wb-0:1613:2197 [0] NCCL INFO Bucket 1540.7-1848.84 Count: 92
tcpxo-wb-0:1613:2197 [0] NCCL INFO Bucket 1848.84-2218.61 Count: 87
tcpxo-wb-0:1613:2197 [0] NCCL INFO Bucket 2218.61-2662.33 Count: 90
tcpxo-wb-0:1613:2197 [0] NCCL INFO Bucket 2662.33-3194.8 Count: 139
tcpxo-wb-0:1613:2197 [0] NCCL INFO Bucket 3194.8-3833.76 Count: 152
tcpxo-wb-0:1613:2197 [0] NCCL INFO Bucket 3833.76-4600.51 Count: 156
tcpxo-wb-0:1613:2197 [0] NCCL INFO Bucket 4600.51-5520.61 Count: 152
tcpxo-wb-0:1613:2197 [0] NCCL INFO Bucket 5520.61-6624.74 Count: 128
tcpxo-wb-0:1613:2197 [0] NCCL INFO Bucket 6624.74-7949.68 Count: 87
tcpxo-wb-0:1613:2197 [0] NCCL INFO Bucket 7949.68-9539.62 Count: 34
tcpxo-wb-0:1613:2197 [0] NCCL INFO Bucket 9539.62-11447.5 Count: 23
tcpxo-wb-0:1613:2197 [0] NCCL INFO Bucket 11447.5-13737.1 Count: 25
tcpxo-wb-0:1613:2197 [0] NCCL INFO Bucket 13737.1-16484.5 Count: 25
tcpxo-wb-0:1613:2197 [0] NCCL INFO Bucket 16484.5-19781.4 Count: 9
tcpxo-wb-0:1613:2197 [0] NCCL INFO Bucket 19781.4-23737.6 Count: 15
tcpxo-wb-0:1613:2197 [0] NCCL INFO Bucket 23737.6-28485.2 Count: 15
tcpxo-wb-0:1613:2197 [0] NCCL INFO Bucket 28485.2-34182.2 Count: 10
tcpxo-wb-0:1613:2197 [0] NCCL INFO Bucket 34182.2-41018.6 Count: 15
tcpxo-wb-0:1613:2197 [0] NCCL INFO Bucket 41018.6-49222.4 Count: 15
tcpxo-wb-0:1613:2197 [0] NCCL INFO Bucket 49222.4-59066.8 Count: 898
tcpxo-wb-0:1613:2197 [0] NCCL INFO request/unpack_num_iovs_distribution:
tcpxo-wb-0:1613:2197 [0] NCCL INFO Bucket 0-2116.47 Count: 0
tcpxo-wb-0:1613:2197 [0] NCCL INFO request/offload_interval_distribution:
tcpxo-wb-0:1613:2197 [0] NCCL INFO Min: 2184
tcpxo-wb-0:1613:2197 [0] NCCL INFO Max: 9.76129e+07
tcpxo-wb-0:1613:2197 [0] NCCL INFO Avg: 159604
tcpxo-wb-0:1613:2197 [0] NCCL INFO Bucket 0-2073.6 Count: 0
tcpxo-wb-0:1613:2197 [0] NCCL INFO Bucket 2073.6-2488.32 Count: 7
tcpxo-wb-0:1613:2197 [0] NCCL INFO Bucket 2488.32-2985.98 Count: 56
tcpxo-wb-0:1613:2197 [0] NCCL INFO Bucket 2985.98-3583.18 Count: 114
tcpxo-wb-0:1613:2197 [0] NCCL INFO Bucket 3583.18-4299.82 Count: 121
tcpxo-wb-0:1613:2197 [0] NCCL INFO Bucket 4299.82-5159.78 Count: 153
tcpxo-wb-0:1613:2197 [0] NCCL INFO Bucket 5159.78-6191.74 Count: 108
tcpxo-wb-0:1613:2197 [0] NCCL INFO Bucket 6191.74-7430.08 Count: 56
tcpxo-wb-0:1613:2197 [0] NCCL INFO Bucket 7430.08-8916.1 Count: 20
tcpxo-wb-0:1613:2197 [0] NCCL INFO Bucket 8916.1-10699.3 Count: 27
tcpxo-wb-0:1613:2197 [0] NCCL INFO Bucket 10699.3-12839.2 Count: 80
tcpxo-wb-0:1613:2197 [0] NCCL INFO Bucket 12839.2-15407 Count: 140
tcpxo-wb-0:1613:2197 [0] NCCL INFO Bucket 15407-18488.4 Count: 126
tcpxo-wb-0:1613:2197 [0] NCCL INFO Bucket 18488.4-22186.1 Count: 92
tcpxo-wb-0:1613:2197 [0] NCCL INFO Bucket 22186.1-26623.3 Count: 49
tcpxo-wb-0:1613:2197 [0] NCCL INFO Bucket 26623.3-31948 Count: 28
tcpxo-wb-0:1613:2197 [0] NCCL INFO Bucket 31948-38337.6 Count: 26
tcpxo-wb-0:1613:2197 [0] NCCL INFO Bucket 38337.6-46005.1 Count: 102
tcpxo-wb-0:1613:2197 [0] NCCL INFO Bucket 46005.1-55206.1 Count: 171
tcpxo-wb-0:1613:2197 [0] NCCL INFO Bucket 55206.1-66247.4 Count: 131
tcpxo-wb-0:1613:2197 [0] NCCL INFO Bucket 66247.4-79496.8 Count: 58
tcpxo-wb-0:1613:2197 [0] NCCL INFO Bucket 79496.8-95396.2 Count: 75
tcpxo-wb-0:1613:2197 [0] NCCL INFO Bucket 95396.2-114475 Count: 86
tcpxo-wb-0:1613:2197 [0] NCCL INFO Bucket 114475-137371 Count: 128
tcpxo-wb-0:1613:2197 [0] NCCL INFO Bucket 137371-164845 Count: 126
tcpxo-wb-0:1613:2197 [0] NCCL INFO Bucket 164845-197814 Count: 100
tcpxo-wb-0:1613:2197 [0] NCCL INFO Bucket 197814-237376 Count: 75
tcpxo-wb-0:1613:2197 [0] NCCL INFO Bucket 237376-284852 Count: 63
tcpxo-wb-0:1613:2197 [0] NCCL INFO Bucket 284852-341822 Count: 36
tcpxo-wb-0:1613:2197 [0] NCCL INFO Bucket 341822-410186 Count: 58
tcpxo-wb-0:1613:2197 [0] NCCL INFO Bucket 410186-492224 Count: 27
tcpxo-wb-0:1613:2197 [0] NCCL INFO Bucket 492224-590668 Count: 15
tcpxo-wb-0:1613:2197 [0] NCCL INFO Bucket 590668-708802 Count: 21
tcpxo-wb-0:1613:2197 [0] NCCL INFO Bucket 708802-850562 Count: 21
tcpxo-wb-0:1613:2197 [0] NCCL INFO Bucket 850562-1.02067e+06 Count: 26
tcpxo-wb-0:1613:2197 [0] NCCL INFO Bucket 1.02067e+06-1.22481e+06 Count: 21
tcpxo-wb-0:1613:2197 [0] NCCL INFO Bucket 1.22481e+06-1.46977e+06 Count: 5
tcpxo-wb-0:1613:2197 [0] NCCL INFO Bucket 1.46977e+06-1.76373e+06 Count: 5
tcpxo-wb-0:1613:2197 [0] NCCL INFO Bucket 1.76373e+06-2.53977e+06 Count: 0
tcpxo-wb-0:1613:2197 [0] NCCL INFO Bucket 2.53977e+06-3.04772e+06 Count: 1
tcpxo-wb-0:1613:2197 [0] NCCL INFO Bucket 3.04772e+06-3.65726e+06 Count: 1
tcpxo-wb-0:1613:2197 [0] NCCL INFO Bucket 3.65726e+06-4.38871e+06 Count: 1
tcpxo-wb-0:1613:2197 [0] NCCL INFO Bucket 4.38871e+06-5.26646e+06 Count: 1
tcpxo-wb-0:1613:2197 [0] NCCL INFO Bucket 5.26646e+06-6.31975e+06 Count: 1
tcpxo-wb-0:1613:2197 [0] NCCL INFO Bucket 6.31975e+06-7.5837e+06 Count: 1
tcpxo-wb-0:1613:2197 [0] NCCL INFO Bucket 7.5837e+06-9.10044e+06 Count: 0
tcpxo-wb-0:1613:2197 [0] NCCL INFO Bucket 9.10044e+06-1.09205e+07 Count: 1
tcpxo-wb-0:1613:2197 [0] NCCL INFO NET/FasTrak 2026-08-02T13:09:08.987883493+00:00: DeregMr[netdev=0] CUDA memory for comm 0x7d135408f050 with handle:8653318625366213427 data:0x31dae00000 size:524288.
tcpxo-wb-0:1613:2197 [0] NCCL INFO NET/FasTrak 2026-08-02T13:09:08.988648227+00:00: DeregMr[netdev=0] CUDA memory for comm 0x7d135408f050 with handle:8653318625366214258 data:0x31dae80000 size:4915200.
tcpxo-wb-0:1613:2197 [0] NCCL INFO NET/FasTrak 2026-08-02T13:09:08.989775656+00:00: DeregMr[netdev=0] CUDA memory for comm 0x7d135408f050 with handle:8653318625366215089 data:0x31db330000 size:8388608.
tcpxo-wb-0:1613:2197 [0] NCCL INFO NET/FasTrak 2026-08-02T13:09:08.991017641+00:00: Closing Recv comm 0x7d135408f050
tcpxo-wb-0:1613:2197 [0] NCCL INFO NET/FasTrak 2026-08-02T13:09:08.991023525+00:00: COMM STATS:
tcpxo-wb-0:1613:2197 [0] NCCL INFO request/offload_scheduled: 2560
tcpxo-wb-0:1613:2197 [0] NCCL INFO request/offload_completed: 2560
tcpxo-wb-0:1613:2197 [0] NCCL INFO request/offload_backlog_curr: 0
tcpxo-wb-0:1613:2197 [0] NCCL INFO request/offload_backlog_peak: 7
tcpxo-wb-0:1613:2197 [0] NCCL INFO request/offload_size_distribution:
tcpxo-wb-0:1613:2197 [0] NCCL INFO Min: 65536
tcpxo-wb-0:1613:2197 [0] NCCL INFO Max: 131072
tcpxo-wb-0:1613:2197 [0] NCCL INFO Avg: 129024
tcpxo-wb-0:1613:2197 [0] NCCL INFO Bucket 0-63107.2 Count: 0
tcpxo-wb-0:1613:2197 [0] NCCL INFO Bucket 63107.2-75728.6 Count: 80
tcpxo-wb-0:1613:2197 [0] NCCL INFO Bucket 75728.6-130859 Count: 0
tcpxo-wb-0:1613:2197 [0] NCCL INFO Bucket 130859-157031 Count: 2480
tcpxo-wb-0:1613:2197 [0] NCCL INFO Bucket 157031-2.41938e+06 Count: 0
tcpxo-wb-0:1613:2197 [0] NCCL INFO request/offload_duration_distribution:
tcpxo-wb-0:1613:2197 [0] NCCL INFO Min: 64357
tcpxo-wb-0:1613:2197 [0] NCCL INFO Max: 6.84575e+06
tcpxo-wb-0:1613:2197 [0] NCCL INFO Avg: 578528
tcpxo-wb-0:1613:2197 [0] NCCL INFO Bucket 0-61917.4 Count: 0
tcpxo-wb-0:1613:2197 [0] NCCL INFO Bucket 61917.4-74300.8 Count: 1
tcpxo-wb-0:1613:2197 [0] NCCL INFO Bucket 74300.8-89161 Count: 6
tcpxo-wb-0:1613:2197 [0] NCCL INFO Bucket 89161-106993 Count: 2
tcpxo-wb-0:1613:2197 [0] NCCL INFO Bucket 106993-128392 Count: 6
tcpxo-wb-0:1613:2197 [0] NCCL INFO Bucket 128392-154070 Count: 22
tcpxo-wb-0:1613:2197 [0] NCCL INFO Bucket 154070-184884 Count: 49
tcpxo-wb-0:1613:2197 [0] NCCL INFO Bucket 184884-221861 Count: 77
tcpxo-wb-0:1613:2197 [0] NCCL INFO Bucket 221861-266233 Count: 122
tcpxo-wb-0:1613:2197 [0] NCCL INFO Bucket 266233-319480 Count: 227
tcpxo-wb-0:1613:2197 [0] NCCL INFO Bucket 319480-383376 Count: 330
tcpxo-wb-0:1613:2197 [0] NCCL INFO Bucket 383376-460051 Count: 406
tcpxo-wb-0:1613:2197 [0] NCCL INFO Bucket 460051-552061 Count: 443
tcpxo-wb-0:1613:2197 [0] NCCL INFO Bucket 552061-662474 Count: 256
tcpxo-wb-0:1613:2197 [0] NCCL INFO Bucket 662474-794968 Count: 124
tcpxo-wb-0:1613:2197 [0] NCCL INFO Bucket 794968-953962 Count: 102
tcpxo-wb-0:1613:2197 [0] NCCL INFO Bucket 953962-1.14475e+06 Count: 138
tcpxo-wb-0:1613:2197 [0] NCCL INFO Bucket 1.14475e+06-1.37371e+06 Count: 135
tcpxo-wb-0:1613:2197 [0] NCCL INFO Bucket 1.37371e+06-1.64845e+06 Count: 78
tcpxo-wb-0:1613:2197 [0] NCCL INFO Bucket 1.64845e+06-1.97814e+06 Count: 30
tcpxo-wb-0:1613:2197 [0] NCCL INFO Bucket 1.97814e+06-2.37376e+06 Count: 2
tcpxo-wb-0:1613:2197 [0] NCCL INFO Bucket 2.37376e+06-5.90668e+06 Count: 0
tcpxo-wb-0:1613:2197 [0] NCCL INFO Bucket 5.90668e+06-7.08802e+06 Count: 4
tcpxo-wb-0:1613:2197 [0] NCCL INFO Bucket 7.08802e+06-1.02067e+07 Count: 0
tcpxo-wb-0:1613:2197 [0] NCCL INFO request/unpack_duration_distribution:
tcpxo-wb-0:1613:2197 [0] NCCL INFO Bucket 0-1.09205e+07 Count: 0
tcpxo-wb-0:1613:2197 [0] NCCL INFO request/offload_complete_age_distribution:
tcpxo-wb-0:1613:2197 [0] NCCL INFO Min: 92
tcpxo-wb-0:1613:2197 [0] NCCL INFO Max: 387632
tcpxo-wb-0:1613:2197 [0] NCCL INFO Avg: 49252.3
tcpxo-wb-0:1613:2197 [0] NCCL INFO Bucket 0-100 Count: 25
tcpxo-wb-0:1613:2197 [0] NCCL INFO Bucket 100-120 Count: 37
tcpxo-wb-0:1613:2197 [0] NCCL INFO Bucket 120-144 Count: 2
tcpxo-wb-0:1613:2197 [0] NCCL INFO Bucket 144-172.8 Count: 0
tcpxo-wb-0:1613:2197 [0] NCCL INFO Bucket 172.8-207.36 Count: 1
tcpxo-wb-0:1613:2197 [0] NCCL INFO Bucket 207.36-248.832 Count: 9
tcpxo-wb-0:1613:2197 [0] NCCL INFO Bucket 248.832-298.598 Count: 35
tcpxo-wb-0:1613:2197 [0] NCCL INFO Bucket 298.598-358.318 Count: 10
tcpxo-wb-0:1613:2197 [0] NCCL INFO Bucket 358.318-429.982 Count: 23
tcpxo-wb-0:1613:2197 [0] NCCL INFO Bucket 429.982-515.978 Count: 21
tcpxo-wb-0:1613:2197 [0] NCCL INFO Bucket 515.978-619.174 Count: 22
tcpxo-wb-0:1613:2197 [0] NCCL INFO Bucket 619.174-743.008 Count: 26
tcpxo-wb-0:1613:2197 [0] NCCL INFO Bucket 743.008-891.61 Count: 23
tcpxo-wb-0:1613:2197 [0] NCCL INFO Bucket 891.61-1069.93 Count: 55
tcpxo-wb-0:1613:2197 [0] NCCL INFO Bucket 1069.93-1283.92 Count: 65
tcpxo-wb-0:1613:2197 [0] NCCL INFO Bucket 1283.92-1540.7 Count: 50
tcpxo-wb-0:1613:2197 [0] NCCL INFO Bucket 1540.7-1848.84 Count: 84
tcpxo-wb-0:1613:2197 [0] NCCL INFO Bucket 1848.84-2218.61 Count: 98
tcpxo-wb-0:1613:2197 [0] NCCL INFO Bucket 2218.61-2662.33 Count: 115
tcpxo-wb-0:1613:2197 [0] NCCL INFO Bucket 2662.33-3194.8 Count: 130
tcpxo-wb-0:1613:2197 [0] NCCL INFO Bucket 3194.8-3833.76 Count: 151
tcpxo-wb-0:1613:2197 [0] NCCL INFO Bucket 3833.76-4600.51 Count: 174
tcpxo-wb-0:1613:2197 [0] NCCL INFO Bucket 4600.51-5520.61 Count: 210
tcpxo-wb-0:1613:2197 [0] NCCL INFO Bucket 5520.61-6624.74 Count: 157
tcpxo-wb-0:1613:2197 [0] NCCL INFO Bucket 6624.74-7949.68 Count: 108
tcpxo-wb-0:1613:2197 [0] NCCL INFO Bucket 7949.68-9539.62 Count: 57
tcpxo-wb-0:1613:2197 [0] NCCL INFO Bucket 9539.62-11447.5 Count: 24
tcpxo-wb-0:1613:2197 [0] NCCL INFO Bucket 11447.5-13737.1 Count: 28
tcpxo-wb-0:1613:2197 [0] NCCL INFO Bucket 13737.1-16484.5 Count: 25
tcpxo-wb-0:1613:2197 [0] NCCL INFO Bucket 16484.5-19781.4 Count: 16
tcpxo-wb-0:1613:2197 [0] NCCL INFO Bucket 19781.4-23737.6 Count: 15
tcpxo-wb-0:1613:2197 [0] NCCL INFO Bucket 23737.6-28485.2 Count: 9
tcpxo-wb-0:1613:2197 [0] NCCL INFO Bucket 28485.2-34182.2 Count: 16
tcpxo-wb-0:1613:2197 [0] NCCL INFO Bucket 34182.2-41018.6 Count: 17
tcpxo-wb-0:1613:2197 [0] NCCL INFO Bucket 41018.6-49222.4 Count: 28
tcpxo-wb-0:1613:2197 [0] NCCL INFO Bucket 49222.4-59066.8 Count: 694
tcpxo-wb-0:1613:2197 [0] NCCL INFO request/unpack_num_iovs_distribution:
tcpxo-wb-0:1613:2197 [0] NCCL INFO Bucket 0-2116.47 Count: 0
tcpxo-wb-0:1613:2197 [0] NCCL INFO request/offload_interval_distribution:
tcpxo-wb-0:1613:2197 [0] NCCL INFO Min: 2098
tcpxo-wb-0:1613:2197 [0] NCCL INFO Max: 9.75628e+07
tcpxo-wb-0:1613:2197 [0] NCCL INFO Avg: 159535
tcpxo-wb-0:1613:2197 [0] NCCL INFO Bucket 0-2073.6 Count: 0
tcpxo-wb-0:1613:2197 [0] NCCL INFO Bucket 2073.6-2488.32 Count: 9
tcpxo-wb-0:1613:2197 [0] NCCL INFO Bucket 2488.32-2985.98 Count: 15
tcpxo-wb-0:1613:2197 [0] NCCL INFO Bucket 2985.98-3583.18 Count: 37
tcpxo-wb-0:1613:2197 [0] NCCL INFO Bucket 3583.18-4299.82 Count: 57
tcpxo-wb-0:1613:2197 [0] NCCL INFO Bucket 4299.82-5159.78 Count: 97
tcpxo-wb-0:1613:2197 [0] NCCL INFO Bucket 5159.78-6191.74 Count: 133
tcpxo-wb-0:1613:2197 [0] NCCL INFO Bucket 6191.74-7430.08 Count: 117
tcpxo-wb-0:1613:2197 [0] NCCL INFO Bucket 7430.08-8916.1 Count: 79
tcpxo-wb-0:1613:2197 [0] NCCL INFO Bucket 8916.1-10699.3 Count: 60
tcpxo-wb-0:1613:2197 [0] NCCL INFO Bucket 10699.3-12839.2 Count: 60
tcpxo-wb-0:1613:2197 [0] NCCL INFO Bucket 12839.2-15407 Count: 36
tcpxo-wb-0:1613:2197 [0] NCCL INFO Bucket 15407-18488.4 Count: 29
tcpxo-wb-0:1613:2197 [0] NCCL INFO Bucket 18488.4-22186.1 Count: 45
tcpxo-wb-0:1613:2197 [0] NCCL INFO Bucket 22186.1-26623.3 Count: 93
tcpxo-wb-0:1613:2197 [0] NCCL INFO Bucket 26623.3-31948 Count: 112
tcpxo-wb-0:1613:2197 [0] NCCL INFO Bucket 31948-38337.6 Count: 129
tcpxo-wb-0:1613:2197 [0] NCCL INFO Bucket 38337.6-46005.1 Count: 176
tcpxo-wb-0:1613:2197 [0] NCCL INFO Bucket 46005.1-55206.1 Count: 165
tcpxo-wb-0:1613:2197 [0] NCCL INFO Bucket 55206.1-66247.4 Count: 121
tcpxo-wb-0:1613:2197 [0] NCCL INFO Bucket 66247.4-79496.8 Count: 97
tcpxo-wb-0:1613:2197 [0] NCCL INFO Bucket 79496.8-95396.2 Count: 117
tcpxo-wb-0:1613:2197 [0] NCCL INFO Bucket 95396.2-114475 Count: 137
tcpxo-wb-0:1613:2197 [0] NCCL INFO Bucket 114475-137371 Count: 131
tcpxo-wb-0:1613:2197 [0] NCCL INFO Bucket 137371-164845 Count: 115
tcpxo-wb-0:1613:2197 [0] NCCL INFO Bucket 164845-197814 Count: 96
tcpxo-wb-0:1613:2197 [0] NCCL INFO Bucket 197814-237376 Count: 67
tcpxo-wb-0:1613:2197 [0] NCCL INFO Bucket 237376-284852 Count: 40
tcpxo-wb-0:1613:2197 [0] NCCL INFO Bucket 284852-341822 Count: 14
tcpxo-wb-0:1613:2197 [0] NCCL INFO Bucket 341822-410186 Count: 12
tcpxo-wb-0:1613:2197 [0] NCCL INFO Bucket 410186-492224 Count: 18
tcpxo-wb-0:1613:2197 [0] NCCL INFO Bucket 492224-590668 Count: 27
tcpxo-wb-0:1613:2197 [0] NCCL INFO Bucket 590668-708802 Count: 28
tcpxo-wb-0:1613:2197 [0] NCCL INFO Bucket 708802-850562 Count: 28
tcpxo-wb-0:1613:2197 [0] NCCL INFO Bucket 850562-1.02067e+06 Count: 15
tcpxo-wb-0:1613:2197 [0] NCCL INFO Bucket 1.02067e+06-1.22481e+06 Count: 30
tcpxo-wb-0:1613:2197 [0] NCCL INFO Bucket 1.22481e+06-1.46977e+06 Count: 7
tcpxo-wb-0:1613:2197 [0] NCCL INFO Bucket 1.46977e+06-1.76373e+06 Count: 4
tcpxo-wb-0:1613:2197 [0] NCCL INFO Bucket 1.76373e+06-2.53977e+06 Count: 0
tcpxo-wb-0:1613:2197 [0] NCCL INFO Bucket 2.53977e+06-3.04772e+06 Count: 1
tcpxo-wb-0:1613:2197 [0] NCCL INFO Bucket 3.04772e+06-3.65726e+06 Count: 1
tcpxo-wb-0:1613:2197 [0] NCCL INFO Bucket 3.65726e+06-4.38871e+06 Count: 0
tcpxo-wb-0:1613:2197 [0] NCCL INFO Bucket 4.38871e+06-5.26646e+06 Count: 2
tcpxo-wb-0:1613:2197 [0] NCCL INFO Bucket 5.26646e+06-6.31975e+06 Count: 1
tcpxo-wb-0:1613:2197 [0] NCCL INFO Bucket 6.31975e+06-7.5837e+06 Count: 1
tcpxo-wb-0:1613:2197 [0] NCCL INFO Bucket 7.5837e+06-9.10044e+06 Count: 0
tcpxo-wb-0:1613:2197 [0] NCCL INFO Bucket 9.10044e+06-1.09205e+07 Count: 1
tcpxo-wb-0:1613:2197 [0] NCCL INFO NET/FasTrak 2026-08-02T13:09:08.991125754+00:00: DeregMr[netdev=0] CUDA memory for comm 0x7d1354092730 with handle:8653318625366215920 data:0x31dc000000 size:524288.
tcpxo-wb-0:1613:2197 [0] NCCL INFO NET/FasTrak 2026-08-02T13:09:08.991826507+00:00: DeregMr[netdev=0] CUDA memory for comm 0x7d1354092730 with handle:8653318625366212655 data:0x31dc080000 size:4915200.
tcpxo-wb-0:1613:2197 [0] NCCL INFO NET/FasTrak 2026-08-02T13:09:08.992945261+00:00: DeregMr[netdev=0] CUDA memory for comm 0x7d1354092730 with handle:8653318625366213486 data:0x31dc530000 size:8388608.
tcpxo-wb-0:1613:2197 [0] NCCL INFO NET/FasTrak 2026-08-02T13:09:08.994148162+00:00: Closing Recv comm 0x7d1354092730
tcpxo-wb-0:1613:2197 [0] NCCL INFO NET/FasTrak 2026-08-02T13:09:08.994153847+00:00: COMM STATS:
tcpxo-wb-0:1613:2197 [0] NCCL INFO request/offload_scheduled: 2560
tcpxo-wb-0:1613:2197 [0] NCCL INFO request/offload_completed: 2560
tcpxo-wb-0:1613:2197 [0] NCCL INFO request/offload_backlog_curr: 0
tcpxo-wb-0:1613:2197 [0] NCCL INFO request/offload_backlog_peak: 7
tcpxo-wb-0:1613:2197 [0] NCCL INFO request/offload_size_distribution:
tcpxo-wb-0:1613:2197 [0] NCCL INFO Min: 65536
tcpxo-wb-0:1613:2197 [0] NCCL INFO Max: 131072
tcpxo-wb-0:1613:2197 [0] NCCL INFO Avg: 129024
tcpxo-wb-0:1613:2197 [0] NCCL INFO Bucket 0-63107.2 Count: 0
tcpxo-wb-0:1613:2197 [0] NCCL INFO Bucket 63107.2-75728.6 Count: 80
tcpxo-wb-0:1613:2197 [0] NCCL INFO Bucket 75728.6-130859 Count: 0
tcpxo-wb-0:1613:2197 [0] NCCL INFO Bucket 130859-157031 Count: 2480
tcpxo-wb-0:1613:2197 [0] NCCL INFO Bucket 157031-2.41938e+06 Count: 0
tcpxo-wb-0:1613:2197 [0] NCCL INFO request/offload_duration_distribution:
tcpxo-wb-0:1613:2197 [0] NCCL INFO Min: 64041
tcpxo-wb-0:1613:2197 [0] NCCL INFO Max: 7.01803e+06
tcpxo-wb-0:1613:2197 [0] NCCL INFO Avg: 760306
tcpxo-wb-0:1613:2197 [0] NCCL INFO Bucket 0-61917.4 Count: 0
tcpxo-wb-0:1613:2197 [0] NCCL INFO Bucket 61917.4-74300.8 Count: 2
tcpxo-wb-0:1613:2197 [0] NCCL INFO Bucket 74300.8-89161 Count: 0
tcpxo-wb-0:1613:2197 [0] NCCL INFO Bucket 89161-106993 Count: 2
tcpxo-wb-0:1613:2197 [0] NCCL INFO Bucket 106993-128392 Count: 4
tcpxo-wb-0:1613:2197 [0] NCCL INFO Bucket 128392-154070 Count: 10
tcpxo-wb-0:1613:2197 [0] NCCL INFO Bucket 154070-184884 Count: 5
tcpxo-wb-0:1613:2197 [0] NCCL INFO Bucket 184884-221861 Count: 20
tcpxo-wb-0:1613:2197 [0] NCCL INFO Bucket 221861-266233 Count: 51
tcpxo-wb-0:1613:2197 [0] NCCL INFO Bucket 266233-319480 Count: 111
tcpxo-wb-0:1613:2197 [0] NCCL INFO Bucket 319480-383376 Count: 156
tcpxo-wb-0:1613:2197 [0] NCCL INFO Bucket 383376-460051 Count: 139
tcpxo-wb-0:1613:2197 [0] NCCL INFO Bucket 460051-552061 Count: 223
tcpxo-wb-0:1613:2197 [0] NCCL INFO Bucket 552061-662474 Count: 329
tcpxo-wb-0:1613:2197 [0] NCCL INFO Bucket 662474-794968 Count: 405
tcpxo-wb-0:1613:2197 [0] NCCL INFO Bucket 794968-953962 Count: 508
tcpxo-wb-0:1613:2197 [0] NCCL INFO Bucket 953962-1.14475e+06 Count: 349
tcpxo-wb-0:1613:2197 [0] NCCL INFO Bucket 1.14475e+06-1.37371e+06 Count: 144
tcpxo-wb-0:1613:2197 [0] NCCL INFO Bucket 1.37371e+06-1.64845e+06 Count: 65
tcpxo-wb-0:1613:2197 [0] NCCL INFO Bucket 1.64845e+06-1.97814e+06 Count: 25
tcpxo-wb-0:1613:2197 [0] NCCL INFO Bucket 1.97814e+06-2.37376e+06 Count: 8
tcpxo-wb-0:1613:2197 [0] NCCL INFO Bucket 2.37376e+06-5.90668e+06 Count: 0
tcpxo-wb-0:1613:2197 [0] NCCL INFO Bucket 5.90668e+06-7.08802e+06 Count: 4
tcpxo-wb-0:1613:2197 [0] NCCL INFO Bucket 7.08802e+06-1.02067e+07 Count: 0
tcpxo-wb-0:1613:2197 [0] NCCL INFO request/unpack_duration_distribution:
tcpxo-wb-0:1613:2197 [0] NCCL INFO Bucket 0-1.09205e+07 Count: 0
tcpxo-wb-0:1613:2197 [0] NCCL INFO request/offload_complete_age_distribution:
tcpxo-wb-0:1613:2197 [0] NCCL INFO Min: 82
tcpxo-wb-0:1613:2197 [0] NCCL INFO Max: 71437
tcpxo-wb-0:1613:2197 [0] NCCL INFO Avg: 3847.61
tcpxo-wb-0:1613:2197 [0] NCCL INFO Bucket 0-100 Count: 42
tcpxo-wb-0:1613:2197 [0] NCCL INFO Bucket 100-120 Count: 66
tcpxo-wb-0:1613:2197 [0] NCCL INFO Bucket 120-144 Count: 6
tcpxo-wb-0:1613:2197 [0] NCCL INFO Bucket 144-172.8 Count: 4
tcpxo-wb-0:1613:2197 [0] NCCL INFO Bucket 172.8-207.36 Count: 0
tcpxo-wb-0:1613:2197 [0] NCCL INFO Bucket 207.36-248.832 Count: 24
tcpxo-wb-0:1613:2197 [0] NCCL INFO Bucket 248.832-298.598 Count: 45
tcpxo-wb-0:1613:2197 [0] NCCL INFO Bucket 298.598-358.318 Count: 12
tcpxo-wb-0:1613:2197 [0] NCCL INFO Bucket 358.318-429.982 Count: 48
tcpxo-wb-0:1613:2197 [0] NCCL INFO Bucket 429.982-515.978 Count: 23
tcpxo-wb-0:1613:2197 [0] NCCL INFO Bucket 515.978-619.174 Count: 50
tcpxo-wb-0:1613:2197 [0] NCCL INFO Bucket 619.174-743.008 Count: 40
tcpxo-wb-0:1613:2197 [0] NCCL INFO Bucket 743.008-891.61 Count: 62
tcpxo-wb-0:1613:2197 [0] NCCL INFO Bucket 891.61-1069.93 Count: 93
tcpxo-wb-0:1613:2197 [0] NCCL INFO Bucket 1069.93-1283.92 Count: 82
tcpxo-wb-0:1613:2197 [0] NCCL INFO Bucket 1283.92-1540.7 Count: 112
tcpxo-wb-0:1613:2197 [0] NCCL INFO Bucket 1540.7-1848.84 Count: 124
tcpxo-wb-0:1613:2197 [0] NCCL INFO Bucket 1848.84-2218.61 Count: 157
tcpxo-wb-0:1613:2197 [0] NCCL INFO Bucket 2218.61-2662.33 Count: 159
tcpxo-wb-0:1613:2197 [0] NCCL INFO Bucket 2662.33-3194.8 Count: 196
tcpxo-wb-0:1613:2197 [0] NCCL INFO Bucket 3194.8-3833.76 Count: 216
tcpxo-wb-0:1613:2197 [0] NCCL INFO Bucket 3833.76-4600.51 Count: 208
tcpxo-wb-0:1613:2197 [0] NCCL INFO Bucket 4600.51-5520.61 Count: 250
tcpxo-wb-0:1613:2197 [0] NCCL INFO Bucket 5520.61-6624.74 Count: 194
tcpxo-wb-0:1613:2197 [0] NCCL INFO Bucket 6624.74-7949.68 Count: 132
tcpxo-wb-0:1613:2197 [0] NCCL INFO Bucket 7949.68-9539.62 Count: 56
tcpxo-wb-0:1613:2197 [0] NCCL INFO Bucket 9539.62-11447.5 Count: 59
tcpxo-wb-0:1613:2197 [0] NCCL INFO Bucket 11447.5-13737.1 Count: 44
tcpxo-wb-0:1613:2197 [0] NCCL INFO Bucket 13737.1-16484.5 Count: 29
tcpxo-wb-0:1613:2197 [0] NCCL INFO Bucket 16484.5-19781.4 Count: 14
tcpxo-wb-0:1613:2197 [0] NCCL INFO Bucket 19781.4-23737.6 Count: 4
tcpxo-wb-0:1613:2197 [0] NCCL INFO Bucket 23737.6-28485.2 Count: 1
tcpxo-wb-0:1613:2197 [0] NCCL INFO Bucket 28485.2-34182.2 Count: 1
tcpxo-wb-0:1613:2197 [0] NCCL INFO Bucket 34182.2-41018.6 Count: 2
tcpxo-wb-0:1613:2197 [0] NCCL INFO Bucket 41018.6-49222.4 Count: 2
tcpxo-wb-0:1613:2197 [0] NCCL INFO Bucket 49222.4-59066.8 Count: 3
tcpxo-wb-0:1613:2197 [0] NCCL INFO request/unpack_num_iovs_distribution:
tcpxo-wb-0:1613:2197 [0] NCCL INFO Bucket 0-2116.47 Count: 0
tcpxo-wb-0:1613:2197 [0] NCCL INFO request/offload_interval_distribution:
tcpxo-wb-0:1613:2197 [0] NCCL INFO Min: 1662
tcpxo-wb-0:1613:2197 [0] NCCL INFO Max: 9.75329e+07
tcpxo-wb-0:1613:2197 [0] NCCL INFO Avg: 159824
tcpxo-wb-0:1613:2197 [0] NCCL INFO Bucket 0-1440 Count: 0
tcpxo-wb-0:1613:2197 [0] NCCL INFO Bucket 1440-1728 Count: 2
tcpxo-wb-0:1613:2197 [0] NCCL INFO Bucket 1728-2073.6 Count: 6
tcpxo-wb-0:1613:2197 [0] NCCL INFO Bucket 2073.6-2488.32 Count: 20
tcpxo-wb-0:1613:2197 [0] NCCL INFO Bucket 2488.32-2985.98 Count: 145
tcpxo-wb-0:1613:2197 [0] NCCL INFO Bucket 2985.98-3583.18 Count: 161
tcpxo-wb-0:1613:2197 [0] NCCL INFO Bucket 3583.18-4299.82 Count: 119
tcpxo-wb-0:1613:2197 [0] NCCL INFO Bucket 4299.82-5159.78 Count: 73
tcpxo-wb-0:1613:2197 [0] NCCL INFO Bucket 5159.78-6191.74 Count: 45
tcpxo-wb-0:1613:2197 [0] NCCL INFO Bucket 6191.74-7430.08 Count: 30
tcpxo-wb-0:1613:2197 [0] NCCL INFO Bucket 7430.08-8916.1 Count: 8
tcpxo-wb-0:1613:2197 [0] NCCL INFO Bucket 8916.1-10699.3 Count: 29
tcpxo-wb-0:1613:2197 [0] NCCL INFO Bucket 10699.3-12839.2 Count: 74
tcpxo-wb-0:1613:2197 [0] NCCL INFO Bucket 12839.2-15407 Count: 122
tcpxo-wb-0:1613:2197 [0] NCCL INFO Bucket 15407-18488.4 Count: 103
tcpxo-wb-0:1613:2197 [0] NCCL INFO Bucket 18488.4-22186.1 Count: 90
tcpxo-wb-0:1613:2197 [0] NCCL INFO Bucket 22186.1-26623.3 Count: 41
tcpxo-wb-0:1613:2197 [0] NCCL INFO Bucket 26623.3-31948 Count: 28
tcpxo-wb-0:1613:2197 [0] NCCL INFO Bucket 31948-38337.6 Count: 44
tcpxo-wb-0:1613:2197 [0] NCCL INFO Bucket 38337.6-46005.1 Count: 112
tcpxo-wb-0:1613:2197 [0] NCCL INFO Bucket 46005.1-55206.1 Count: 147
tcpxo-wb-0:1613:2197 [0] NCCL INFO Bucket 55206.1-66247.4 Count: 124
tcpxo-wb-0:1613:2197 [0] NCCL INFO Bucket 66247.4-79496.8 Count: 93
tcpxo-wb-0:1613:2197 [0] NCCL INFO Bucket 79496.8-95396.2 Count: 103
tcpxo-wb-0:1613:2197 [0] NCCL INFO Bucket 95396.2-114475 Count: 118
tcpxo-wb-0:1613:2197 [0] NCCL INFO Bucket 114475-137371 Count: 97
tcpxo-wb-0:1613:2197 [0] NCCL INFO Bucket 137371-164845 Count: 92
tcpxo-wb-0:1613:2197 [0] NCCL INFO Bucket 164845-197814 Count: 93
tcpxo-wb-0:1613:2197 [0] NCCL INFO Bucket 197814-237376 Count: 101
tcpxo-wb-0:1613:2197 [0] NCCL INFO Bucket 237376-284852 Count: 94
tcpxo-wb-0:1613:2197 [0] NCCL INFO Bucket 284852-341822 Count: 54
tcpxo-wb-0:1613:2197 [0] NCCL INFO Bucket 341822-410186 Count: 41
tcpxo-wb-0:1613:2197 [0] NCCL INFO Bucket 410186-492224 Count: 38
tcpxo-wb-0:1613:2197 [0] NCCL INFO Bucket 492224-590668 Count: 19
tcpxo-wb-0:1613:2197 [0] NCCL INFO Bucket 590668-708802 Count: 32
tcpxo-wb-0:1613:2197 [0] NCCL INFO Bucket 708802-850562 Count: 14
tcpxo-wb-0:1613:2197 [0] NCCL INFO Bucket 850562-1.02067e+06 Count: 21
tcpxo-wb-0:1613:2197 [0] NCCL INFO Bucket 1.02067e+06-1.22481e+06 Count: 12
tcpxo-wb-0:1613:2197 [0] NCCL INFO Bucket 1.22481e+06-1.46977e+06 Count: 5
tcpxo-wb-0:1613:2197 [0] NCCL INFO Bucket 1.46977e+06-1.76373e+06 Count: 3
tcpxo-wb-0:1613:2197 [0] NCCL INFO Bucket 1.76373e+06-2.53977e+06 Count: 0
tcpxo-wb-0:1613:2197 [0] NCCL INFO Bucket 2.53977e+06-3.04772e+06 Count: 1
tcpxo-wb-0:1613:2197 [0] NCCL INFO Bucket 3.04772e+06-3.65726e+06 Count: 1
tcpxo-wb-0:1613:2197 [0] NCCL INFO Bucket 3.65726e+06-4.38871e+06 Count: 1
tcpxo-wb-0:1613:2197 [0] NCCL INFO Bucket 4.38871e+06-5.26646e+06 Count: 1
tcpxo-wb-0:1613:2197 [0] NCCL INFO Bucket 5.26646e+06-6.31975e+06 Count: 1
tcpxo-wb-0:1613:2197 [0] NCCL INFO Bucket 6.31975e+06-7.5837e+06 Count: 1
tcpxo-wb-0:1613:2197 [0] NCCL INFO Bucket 7.5837e+06-9.10044e+06 Count: 0
tcpxo-wb-0:1613:2197 [0] NCCL INFO Bucket 9.10044e+06-1.09205e+07 Count: 1
tcpxo-wb-0:1613:2197 [0] NCCL INFO NET/FasTrak 2026-08-02T13:09:08.994249707+00:00: DeregMr[netdev=0] CUDA memory for comm 0x7d1354095c80 with handle:8653318625366214317 data:0x31dce00000 size:524288.
tcpxo-wb-0:1613:2197 [0] NCCL INFO NET/FasTrak 2026-08-02T13:09:08.995059487+00:00: DeregMr[netdev=0] CUDA memory for comm 0x7d1354095c80 with handle:8653318625366215148 data:0x31dce80000 size:4915200.
tcpxo-wb-0:1613:2197 [0] NCCL INFO NET/FasTrak 2026-08-02T13:09:08.996172905+00:00: DeregMr[netdev=0] CUDA memory for comm 0x7d1354095c80 with handle:8653318625366215979 data:0x31dd330000 size:8388608.
tcpxo-wb-0:1613:2197 [0] NCCL INFO NET/FasTrak 2026-08-02T13:09:08.997485179+00:00: Closing Recv comm 0x7d1354095c80
tcpxo-wb-0:1613:2197 [0] NCCL INFO NET/FasTrak 2026-08-02T13:09:08.997491435+00:00: COMM STATS:
tcpxo-wb-0:1613:2197 [0] NCCL INFO request/offload_scheduled: 2560
tcpxo-wb-0:1613:2197 [0] NCCL INFO request/offload_completed: 2560
tcpxo-wb-0:1613:2197 [0] NCCL INFO request/offload_backlog_curr: 0
tcpxo-wb-0:1613:2197 [0] NCCL INFO request/offload_backlog_peak: 7
tcpxo-wb-0:1613:2197 [0] NCCL INFO request/offload_size_distribution:
tcpxo-wb-0:1613:2197 [0] NCCL INFO Min: 65536
tcpxo-wb-0:1613:2197 [0] NCCL INFO Max: 131072
tcpxo-wb-0:1613:2197 [0] NCCL INFO Avg: 129024
tcpxo-wb-0:1613:2197 [0] NCCL INFO Bucket 0-63107.2 Count: 0
tcpxo-wb-0:1613:2197 [0] NCCL INFO Bucket 63107.2-75728.6 Count: 80
tcpxo-wb-0:1613:2197 [0] NCCL INFO Bucket 75728.6-130859 Count: 0
tcpxo-wb-0:1613:2197 [0] NCCL INFO Bucket 130859-157031 Count: 2480
tcpxo-wb-0:1613:2197 [0] NCCL INFO Bucket 157031-2.41938e+06 Count: 0
tcpxo-wb-0:1613:2197 [0] NCCL INFO request/offload_duration_distribution:
tcpxo-wb-0:1613:2197 [0] NCCL INFO Min: 50780
tcpxo-wb-0:1613:2197 [0] NCCL INFO Max: 6.82544e+06
tcpxo-wb-0:1613:2197 [0] NCCL INFO Avg: 516481
tcpxo-wb-0:1613:2197 [0] NCCL INFO Bucket 0-42998.2 Count: 0
tcpxo-wb-0:1613:2197 [0] NCCL INFO Bucket 42998.2-51597.8 Count: 1
tcpxo-wb-0:1613:2197 [0] NCCL INFO Bucket 51597.8-61917.4 Count: 3
tcpxo-wb-0:1613:2197 [0] NCCL INFO Bucket 61917.4-74300.8 Count: 7
tcpxo-wb-0:1613:2197 [0] NCCL INFO Bucket 74300.8-89161 Count: 9
tcpxo-wb-0:1613:2197 [0] NCCL INFO Bucket 89161-106993 Count: 15
tcpxo-wb-0:1613:2197 [0] NCCL INFO Bucket 106993-128392 Count: 34
tcpxo-wb-0:1613:2197 [0] NCCL INFO Bucket 128392-154070 Count: 85
tcpxo-wb-0:1613:2197 [0] NCCL INFO Bucket 154070-184884 Count: 200
tcpxo-wb-0:1613:2197 [0] NCCL INFO Bucket 184884-221861 Count: 237
tcpxo-wb-0:1613:2197 [0] NCCL INFO Bucket 221861-266233 Count: 182
tcpxo-wb-0:1613:2197 [0] NCCL INFO Bucket 266233-319480 Count: 165
tcpxo-wb-0:1613:2197 [0] NCCL INFO Bucket 319480-383376 Count: 147
tcpxo-wb-0:1613:2197 [0] NCCL INFO Bucket 383376-460051 Count: 206
tcpxo-wb-0:1613:2197 [0] NCCL INFO Bucket 460051-552061 Count: 391
tcpxo-wb-0:1613:2197 [0] NCCL INFO Bucket 552061-662474 Count: 294
tcpxo-wb-0:1613:2197 [0] NCCL INFO Bucket 662474-794968 Count: 145
tcpxo-wb-0:1613:2197 [0] NCCL INFO Bucket 794968-953962 Count: 122
tcpxo-wb-0:1613:2197 [0] NCCL INFO Bucket 953962-1.14475e+06 Count: 157
tcpxo-wb-0:1613:2197 [0] NCCL INFO Bucket 1.14475e+06-1.37371e+06 Count: 99
tcpxo-wb-0:1613:2197 [0] NCCL INFO Bucket 1.37371e+06-1.64845e+06 Count: 45
tcpxo-wb-0:1613:2197 [0] NCCL INFO Bucket 1.64845e+06-1.97814e+06 Count: 11
tcpxo-wb-0:1613:2197 [0] NCCL INFO Bucket 1.97814e+06-2.37376e+06 Count: 1
tcpxo-wb-0:1613:2197 [0] NCCL INFO Bucket 2.37376e+06-5.90668e+06 Count: 0
tcpxo-wb-0:1613:2197 [0] NCCL INFO Bucket 5.90668e+06-7.08802e+06 Count: 4
tcpxo-wb-0:1613:2197 [0] NCCL INFO Bucket 7.08802e+06-1.02067e+07 Count: 0
tcpxo-wb-0:1613:2197 [0] NCCL INFO request/unpack_duration_distribution:
tcpxo-wb-0:1613:2197 [0] NCCL INFO Bucket 0-1.09205e+07 Count: 0
tcpxo-wb-0:1613:2197 [0] NCCL INFO request/offload_complete_age_distribution:
tcpxo-wb-0:1613:2197 [0] NCCL INFO Min: 92
tcpxo-wb-0:1613:2197 [0] NCCL INFO Max: 367005
tcpxo-wb-0:1613:2197 [0] NCCL INFO Avg: 18563.6
tcpxo-wb-0:1613:2197 [0] NCCL INFO Bucket 0-100 Count: 29
tcpxo-wb-0:1613:2197 [0] NCCL INFO Bucket 100-120 Count: 39
tcpxo-wb-0:1613:2197 [0] NCCL INFO Bucket 120-144 Count: 7
tcpxo-wb-0:1613:2197 [0] NCCL INFO Bucket 144-172.8 Count: 1
tcpxo-wb-0:1613:2197 [0] NCCL INFO Bucket 172.8-207.36 Count: 0
tcpxo-wb-0:1613:2197 [0] NCCL INFO Bucket 207.36-248.832 Count: 5
tcpxo-wb-0:1613:2197 [0] NCCL INFO Bucket 248.832-298.598 Count: 33
tcpxo-wb-0:1613:2197 [0] NCCL INFO Bucket 298.598-358.318 Count: 12
tcpxo-wb-0:1613:2197 [0] NCCL INFO Bucket 358.318-429.982 Count: 32
tcpxo-wb-0:1613:2197 [0] NCCL INFO Bucket 429.982-515.978 Count: 27
tcpxo-wb-0:1613:2197 [0] NCCL INFO Bucket 515.978-619.174 Count: 36
tcpxo-wb-0:1613:2197 [0] NCCL INFO Bucket 619.174-743.008 Count: 26
tcpxo-wb-0:1613:2197 [0] NCCL INFO Bucket 743.008-891.61 Count: 45
tcpxo-wb-0:1613:2197 [0] NCCL INFO Bucket 891.61-1069.93 Count: 49
tcpxo-wb-0:1613:2197 [0] NCCL INFO Bucket 1069.93-1283.92 Count: 78
tcpxo-wb-0:1613:2197 [0] NCCL INFO Bucket 1283.92-1540.7 Count: 74
tcpxo-wb-0:1613:2197 [0] NCCL INFO Bucket 1540.7-1848.84 Count: 112
tcpxo-wb-0:1613:2197 [0] NCCL INFO Bucket 1848.84-2218.61 Count: 128
tcpxo-wb-0:1613:2197 [0] NCCL INFO Bucket 2218.61-2662.33 Count: 118
tcpxo-wb-0:1613:2197 [0] NCCL INFO Bucket 2662.33-3194.8 Count: 166
tcpxo-wb-0:1613:2197 [0] NCCL INFO Bucket 3194.8-3833.76 Count: 202
tcpxo-wb-0:1613:2197 [0] NCCL INFO Bucket 3833.76-4600.51 Count: 238
tcpxo-wb-0:1613:2197 [0] NCCL INFO Bucket 4600.51-5520.61 Count: 218
tcpxo-wb-0:1613:2197 [0] NCCL INFO Bucket 5520.61-6624.74 Count: 195
tcpxo-wb-0:1613:2197 [0] NCCL INFO Bucket 6624.74-7949.68 Count: 122
tcpxo-wb-0:1613:2197 [0] NCCL INFO Bucket 7949.68-9539.62 Count: 81
tcpxo-wb-0:1613:2197 [0] NCCL INFO Bucket 9539.62-11447.5 Count: 39
tcpxo-wb-0:1613:2197 [0] NCCL INFO Bucket 11447.5-13737.1 Count: 33
tcpxo-wb-0:1613:2197 [0] NCCL INFO Bucket 13737.1-16484.5 Count: 30
tcpxo-wb-0:1613:2197 [0] NCCL INFO Bucket 16484.5-19781.4 Count: 21
tcpxo-wb-0:1613:2197 [0] NCCL INFO Bucket 19781.4-23737.6 Count: 14
tcpxo-wb-0:1613:2197 [0] NCCL INFO Bucket 23737.6-28485.2 Count: 14
tcpxo-wb-0:1613:2197 [0] NCCL INFO Bucket 28485.2-34182.2 Count: 22
tcpxo-wb-0:1613:2197 [0] NCCL INFO Bucket 34182.2-41018.6 Count: 21
tcpxo-wb-0:1613:2197 [0] NCCL INFO Bucket 41018.6-49222.4 Count: 33
tcpxo-wb-0:1613:2197 [0] NCCL INFO Bucket 49222.4-59066.8 Count: 260
tcpxo-wb-0:1613:2197 [0] NCCL INFO request/unpack_num_iovs_distribution:
tcpxo-wb-0:1613:2197 [0] NCCL INFO Bucket 0-2116.47 Count: 0
tcpxo-wb-0:1613:2197 [0] NCCL INFO request/offload_interval_distribution:
tcpxo-wb-0:1613:2197 [0] NCCL INFO Min: 2370
tcpxo-wb-0:1613:2197 [0] NCCL INFO Max: 9.74966e+07
tcpxo-wb-0:1613:2197 [0] NCCL INFO Avg: 159516
tcpxo-wb-0:1613:2197 [0] NCCL INFO Bucket 0-2073.6 Count: 0
tcpxo-wb-0:1613:2197 [0] NCCL INFO Bucket 2073.6-2488.32 Count: 4
tcpxo-wb-0:1613:2197 [0] NCCL INFO Bucket 2488.32-2985.98 Count: 26
tcpxo-wb-0:1613:2197 [0] NCCL INFO Bucket 2985.98-3583.18 Count: 66
tcpxo-wb-0:1613:2197 [0] NCCL INFO Bucket 3583.18-4299.82 Count: 60
tcpxo-wb-0:1613:2197 [0] NCCL INFO Bucket 4299.82-5159.78 Count: 76
tcpxo-wb-0:1613:2197 [0] NCCL INFO Bucket 5159.78-6191.74 Count: 132
tcpxo-wb-0:1613:2197 [0] NCCL INFO Bucket 6191.74-7430.08 Count: 110
tcpxo-wb-0:1613:2197 [0] NCCL INFO Bucket 7430.08-8916.1 Count: 78
tcpxo-wb-0:1613:2197 [0] NCCL INFO Bucket 8916.1-10699.3 Count: 65
tcpxo-wb-0:1613:2197 [0] NCCL INFO Bucket 10699.3-12839.2 Count: 48
tcpxo-wb-0:1613:2197 [0] NCCL INFO Bucket 12839.2-15407 Count: 22
tcpxo-wb-0:1613:2197 [0] NCCL INFO Bucket 15407-18488.4 Count: 26
tcpxo-wb-0:1613:2197 [0] NCCL INFO Bucket 18488.4-22186.1 Count: 47
tcpxo-wb-0:1613:2197 [0] NCCL INFO Bucket 22186.1-26623.3 Count: 72
tcpxo-wb-0:1613:2197 [0] NCCL INFO Bucket 26623.3-31948 Count: 83
tcpxo-wb-0:1613:2197 [0] NCCL INFO Bucket 31948-38337.6 Count: 140
tcpxo-wb-0:1613:2197 [0] NCCL INFO Bucket 38337.6-46005.1 Count: 167
tcpxo-wb-0:1613:2197 [0] NCCL INFO Bucket 46005.1-55206.1 Count: 184
tcpxo-wb-0:1613:2197 [0] NCCL INFO Bucket 55206.1-66247.4 Count: 161
tcpxo-wb-0:1613:2197 [0] NCCL INFO Bucket 66247.4-79496.8 Count: 107
tcpxo-wb-0:1613:2197 [0] NCCL INFO Bucket 79496.8-95396.2 Count: 98
tcpxo-wb-0:1613:2197 [0] NCCL INFO Bucket 95396.2-114475 Count: 136
tcpxo-wb-0:1613:2197 [0] NCCL INFO Bucket 114475-137371 Count: 116
tcpxo-wb-0:1613:2197 [0] NCCL INFO Bucket 137371-164845 Count: 106
tcpxo-wb-0:1613:2197 [0] NCCL INFO Bucket 164845-197814 Count: 102
tcpxo-wb-0:1613:2197 [0] NCCL INFO Bucket 197814-237376 Count: 73
tcpxo-wb-0:1613:2197 [0] NCCL INFO Bucket 237376-284852 Count: 48
tcpxo-wb-0:1613:2197 [0] NCCL INFO Bucket 284852-341822 Count: 27
tcpxo-wb-0:1613:2197 [0] NCCL INFO Bucket 341822-410186 Count: 11
tcpxo-wb-0:1613:2197 [0] NCCL INFO Bucket 410186-492224 Count: 30
tcpxo-wb-0:1613:2197 [0] NCCL INFO Bucket 492224-590668 Count: 21
tcpxo-wb-0:1613:2197 [0] NCCL INFO Bucket 590668-708802 Count: 35
tcpxo-wb-0:1613:2197 [0] NCCL INFO Bucket 708802-850562 Count: 28
tcpxo-wb-0:1613:2197 [0] NCCL INFO Bucket 850562-1.02067e+06 Count: 24
tcpxo-wb-0:1613:2197 [0] NCCL INFO Bucket 1.02067e+06-1.22481e+06 Count: 18
tcpxo-wb-0:1613:2197 [0] NCCL INFO Bucket 1.22481e+06-1.46977e+06 Count: 3
tcpxo-wb-0:1613:2197 [0] NCCL INFO Bucket 1.46977e+06-1.76373e+06 Count: 3
tcpxo-wb-0:1613:2197 [0] NCCL INFO Bucket 1.76373e+06-2.53977e+06 Count: 0
tcpxo-wb-0:1613:2197 [0] NCCL INFO Bucket 2.53977e+06-3.04772e+06 Count: 1
tcpxo-wb-0:1613:2197 [0] NCCL INFO Bucket 3.04772e+06-3.65726e+06 Count: 1
tcpxo-wb-0:1613:2197 [0] NCCL INFO Bucket 3.65726e+06-4.38871e+06 Count: 0
tcpxo-wb-0:1613:2197 [0] NCCL INFO Bucket 4.38871e+06-5.26646e+06 Count: 2
tcpxo-wb-0:1613:2197 [0] NCCL INFO Bucket 5.26646e+06-6.31975e+06 Count: 1
tcpxo-wb-0:1613:2197 [0] NCCL INFO Bucket 6.31975e+06-7.5837e+06 Count: 1
tcpxo-wb-0:1613:2197 [0] NCCL INFO Bucket 7.5837e+06-9.10044e+06 Count: 0
tcpxo-wb-0:1613:2197 [0] NCCL INFO Bucket 9.10044e+06-1.09205e+07 Count: 1
tcpxo-wb-0:1613:2197 [0] NCCL INFO NET/FasTrak 2026-08-02T13:09:08.997585167+00:00: DeregMr[netdev=0] CUDA memory for comm 0x7d1354099330 with handle:8653318625366215030 data:0x31da000000 size:524288.
tcpxo-wb-0:1613:2197 [0] NCCL INFO NET/FasTrak 2026-08-02T13:09:08.998285694+00:00: DeregMr[netdev=0] CUDA memory for comm 0x7d1354099330 with handle:8653318625366215861 data:0x31da080000 size:4915200.
tcpxo-wb-0:1613:2197 [0] NCCL INFO NET/FasTrak 2026-08-02T13:09:08.999455622+00:00: DeregMr[netdev=0] CUDA memory for comm 0x7d1354099330 with handle:8653318625366216692 data:0x31da530000 size:8388608.
tcpxo-wb-0:1613:2197 [0] NCCL INFO NET/FasTrak 2026-08-02T13:09:09.000710313+00:00: Closing Recv comm 0x7d1354099330
tcpxo-wb-0:1613:2197 [0] NCCL INFO NET/FasTrak 2026-08-02T13:09:09.000716491+00:00: COMM STATS:
tcpxo-wb-0:1613:2197 [0] NCCL INFO request/offload_scheduled: 2560
tcpxo-wb-0:1613:2197 [0] NCCL INFO request/offload_completed: 2560
tcpxo-wb-0:1613:2197 [0] NCCL INFO request/offload_backlog_curr: 0
tcpxo-wb-0:1613:2197 [0] NCCL INFO request/offload_backlog_peak: 7
tcpxo-wb-0:1613:2197 [0] NCCL INFO request/offload_size_distribution:
tcpxo-wb-0:1613:2197 [0] NCCL INFO Min: 65536
tcpxo-wb-0:1613:2197 [0] NCCL INFO Max: 131072
tcpxo-wb-0:1613:2197 [0] NCCL INFO Avg: 129024
tcpxo-wb-0:1613:2197 [0] NCCL INFO Bucket 0-63107.2 Count: 0
tcpxo-wb-0:1613:2197 [0] NCCL INFO Bucket 63107.2-75728.6 Count: 80
tcpxo-wb-0:1613:2197 [0] NCCL INFO Bucket 75728.6-130859 Count: 0
tcpxo-wb-0:1613:2197 [0] NCCL INFO Bucket 130859-157031 Count: 2480
tcpxo-wb-0:1613:2197 [0] NCCL INFO Bucket 157031-2.41938e+06 Count: 0
tcpxo-wb-0:1613:2197 [0] NCCL INFO request/offload_duration_distribution:
tcpxo-wb-0:1613:2197 [0] NCCL INFO Min: 64710
tcpxo-wb-0:1613:2197 [0] NCCL INFO Max: 6.96829e+06
tcpxo-wb-0:1613:2197 [0] NCCL INFO Avg: 765519
tcpxo-wb-0:1613:2197 [0] NCCL INFO Bucket 0-61917.4 Count: 0
tcpxo-wb-0:1613:2197 [0] NCCL INFO Bucket 61917.4-74300.8 Count: 3
tcpxo-wb-0:1613:2197 [0] NCCL INFO Bucket 74300.8-89161 Count: 13
tcpxo-wb-0:1613:2197 [0] NCCL INFO Bucket 89161-106993 Count: 20
tcpxo-wb-0:1613:2197 [0] NCCL INFO Bucket 106993-128392 Count: 20
tcpxo-wb-0:1613:2197 [0] NCCL INFO Bucket 128392-154070 Count: 24
tcpxo-wb-0:1613:2197 [0] NCCL INFO Bucket 154070-184884 Count: 33
tcpxo-wb-0:1613:2197 [0] NCCL INFO Bucket 184884-221861 Count: 35
tcpxo-wb-0:1613:2197 [0] NCCL INFO Bucket 221861-266233 Count: 59
tcpxo-wb-0:1613:2197 [0] NCCL INFO Bucket 266233-319480 Count: 92
tcpxo-wb-0:1613:2197 [0] NCCL INFO Bucket 319480-383376 Count: 142
tcpxo-wb-0:1613:2197 [0] NCCL INFO Bucket 383376-460051 Count: 163
tcpxo-wb-0:1613:2197 [0] NCCL INFO Bucket 460051-552061 Count: 258
tcpxo-wb-0:1613:2197 [0] NCCL INFO Bucket 552061-662474 Count: 408
tcpxo-wb-0:1613:2197 [0] NCCL INFO Bucket 662474-794968 Count: 355
tcpxo-wb-0:1613:2197 [0] NCCL INFO Bucket 794968-953962 Count: 289
tcpxo-wb-0:1613:2197 [0] NCCL INFO Bucket 953962-1.14475e+06 Count: 257
tcpxo-wb-0:1613:2197 [0] NCCL INFO Bucket 1.14475e+06-1.37371e+06 Count: 134
tcpxo-wb-0:1613:2197 [0] NCCL INFO Bucket 1.37371e+06-1.64845e+06 Count: 131
tcpxo-wb-0:1613:2197 [0] NCCL INFO Bucket 1.64845e+06-1.97814e+06 Count: 83
tcpxo-wb-0:1613:2197 [0] NCCL INFO Bucket 1.97814e+06-2.37376e+06 Count: 33
tcpxo-wb-0:1613:2197 [0] NCCL INFO Bucket 2.37376e+06-2.84852e+06 Count: 4
tcpxo-wb-0:1613:2197 [0] NCCL INFO Bucket 2.84852e+06-5.90668e+06 Count: 0
tcpxo-wb-0:1613:2197 [0] NCCL INFO Bucket 5.90668e+06-7.08802e+06 Count: 4
tcpxo-wb-0:1613:2197 [0] NCCL INFO Bucket 7.08802e+06-1.02067e+07 Count: 0
tcpxo-wb-0:1613:2197 [0] NCCL INFO request/unpack_duration_distribution:
tcpxo-wb-0:1613:2197 [0] NCCL INFO Bucket 0-1.09205e+07 Count: 0
tcpxo-wb-0:1613:2197 [0] NCCL INFO request/offload_complete_age_distribution:
tcpxo-wb-0:1613:2197 [0] NCCL INFO Min: 92
tcpxo-wb-0:1613:2197 [0] NCCL INFO Max: 753489
tcpxo-wb-0:1613:2197 [0] NCCL INFO Avg: 59309.2
tcpxo-wb-0:1613:2197 [0] NCCL INFO Bucket 0-100 Count: 21
tcpxo-wb-0:1613:2197 [0] NCCL INFO Bucket 100-120 Count: 40
tcpxo-wb-0:1613:2197 [0] NCCL INFO Bucket 120-144 Count: 4
tcpxo-wb-0:1613:2197 [0] NCCL INFO Bucket 144-172.8 Count: 3
tcpxo-wb-0:1613:2197 [0] NCCL INFO Bucket 172.8-207.36 Count: 0
tcpxo-wb-0:1613:2197 [0] NCCL INFO Bucket 207.36-248.832 Count: 16
tcpxo-wb-0:1613:2197 [0] NCCL INFO Bucket 248.832-298.598 Count: 32
tcpxo-wb-0:1613:2197 [0] NCCL INFO Bucket 298.598-358.318 Count: 11
tcpxo-wb-0:1613:2197 [0] NCCL INFO Bucket 358.318-429.982 Count: 35
tcpxo-wb-0:1613:2197 [0] NCCL INFO Bucket 429.982-515.978 Count: 20
tcpxo-wb-0:1613:2197 [0] NCCL INFO Bucket 515.978-619.174 Count: 25
tcpxo-wb-0:1613:2197 [0] NCCL INFO Bucket 619.174-743.008 Count: 37
tcpxo-wb-0:1613:2197 [0] NCCL INFO Bucket 743.008-891.61 Count: 35
tcpxo-wb-0:1613:2197 [0] NCCL INFO Bucket 891.61-1069.93 Count: 52
tcpxo-wb-0:1613:2197 [0] NCCL INFO Bucket 1069.93-1283.92 Count: 85
tcpxo-wb-0:1613:2197 [0] NCCL INFO Bucket 1283.92-1540.7 Count: 81
tcpxo-wb-0:1613:2197 [0] NCCL INFO Bucket 1540.7-1848.84 Count: 87
tcpxo-wb-0:1613:2197 [0] NCCL INFO Bucket 1848.84-2218.61 Count: 105
tcpxo-wb-0:1613:2197 [0] NCCL INFO Bucket 2218.61-2662.33 Count: 139
tcpxo-wb-0:1613:2197 [0] NCCL INFO Bucket 2662.33-3194.8 Count: 153
tcpxo-wb-0:1613:2197 [0] NCCL INFO Bucket 3194.8-3833.76 Count: 143
tcpxo-wb-0:1613:2197 [0] NCCL INFO Bucket 3833.76-4600.51 Count: 157
tcpxo-wb-0:1613:2197 [0] NCCL INFO Bucket 4600.51-5520.61 Count: 208
tcpxo-wb-0:1613:2197 [0] NCCL INFO Bucket 5520.61-6624.74 Count: 127
tcpxo-wb-0:1613:2197 [0] NCCL INFO Bucket 6624.74-7949.68 Count: 98
tcpxo-wb-0:1613:2197 [0] NCCL INFO Bucket 7949.68-9539.62 Count: 48
tcpxo-wb-0:1613:2197 [0] NCCL INFO Bucket 9539.62-11447.5 Count: 34
tcpxo-wb-0:1613:2197 [0] NCCL INFO Bucket 11447.5-13737.1 Count: 16
tcpxo-wb-0:1613:2197 [0] NCCL INFO Bucket 13737.1-16484.5 Count: 30
tcpxo-wb-0:1613:2197 [0] NCCL INFO Bucket 16484.5-19781.4 Count: 15
tcpxo-wb-0:1613:2197 [0] NCCL INFO Bucket 19781.4-23737.6 Count: 22
tcpxo-wb-0:1613:2197 [0] NCCL INFO Bucket 23737.6-28485.2 Count: 15
tcpxo-wb-0:1613:2197 [0] NCCL INFO Bucket 28485.2-34182.2 Count: 12
tcpxo-wb-0:1613:2197 [0] NCCL INFO Bucket 34182.2-41018.6 Count: 17
tcpxo-wb-0:1613:2197 [0] NCCL INFO Bucket 41018.6-49222.4 Count: 22
tcpxo-wb-0:1613:2197 [0] NCCL INFO Bucket 49222.4-59066.8 Count: 615
tcpxo-wb-0:1613:2197 [0] NCCL INFO request/unpack_num_iovs_distribution:
tcpxo-wb-0:1613:2197 [0] NCCL INFO Bucket 0-2116.47 Count: 0
tcpxo-wb-0:1613:2197 [0] NCCL INFO request/offload_interval_distribution:
tcpxo-wb-0:1613:2197 [0] NCCL INFO Min: 2149
tcpxo-wb-0:1613:2197 [0] NCCL INFO Max: 9.74619e+07
tcpxo-wb-0:1613:2197 [0] NCCL INFO Avg: 159568
tcpxo-wb-0:1613:2197 [0] NCCL INFO Bucket 0-2073.6 Count: 0
tcpxo-wb-0:1613:2197 [0] NCCL INFO Bucket 2073.6-2488.32 Count: 11
tcpxo-wb-0:1613:2197 [0] NCCL INFO Bucket 2488.32-2985.98 Count: 74
tcpxo-wb-0:1613:2197 [0] NCCL INFO Bucket 2985.98-3583.18 Count: 120
tcpxo-wb-0:1613:2197 [0] NCCL INFO Bucket 3583.18-4299.82 Count: 149
tcpxo-wb-0:1613:2197 [0] NCCL INFO Bucket 4299.82-5159.78 Count: 145
tcpxo-wb-0:1613:2197 [0] NCCL INFO Bucket 5159.78-6191.74 Count: 87
tcpxo-wb-0:1613:2197 [0] NCCL INFO Bucket 6191.74-7430.08 Count: 39
tcpxo-wb-0:1613:2197 [0] NCCL INFO Bucket 7430.08-8916.1 Count: 17
tcpxo-wb-0:1613:2197 [0] NCCL INFO Bucket 8916.1-10699.3 Count: 39
tcpxo-wb-0:1613:2197 [0] NCCL INFO Bucket 10699.3-12839.2 Count: 103
tcpxo-wb-0:1613:2197 [0] NCCL INFO Bucket 12839.2-15407 Count: 174
tcpxo-wb-0:1613:2197 [0] NCCL INFO Bucket 15407-18488.4 Count: 154
tcpxo-wb-0:1613:2197 [0] NCCL INFO Bucket 18488.4-22186.1 Count: 128
tcpxo-wb-0:1613:2197 [0] NCCL INFO Bucket 22186.1-26623.3 Count: 62
tcpxo-wb-0:1613:2197 [0] NCCL INFO Bucket 26623.3-31948 Count: 29
tcpxo-wb-0:1613:2197 [0] NCCL INFO Bucket 31948-38337.6 Count: 13
tcpxo-wb-0:1613:2197 [0] NCCL INFO Bucket 38337.6-46005.1 Count: 36
tcpxo-wb-0:1613:2197 [0] NCCL INFO Bucket 46005.1-55206.1 Count: 66
tcpxo-wb-0:1613:2197 [0] NCCL INFO Bucket 55206.1-66247.4 Count: 67
tcpxo-wb-0:1613:2197 [0] NCCL INFO Bucket 66247.4-79496.8 Count: 76
tcpxo-wb-0:1613:2197 [0] NCCL INFO Bucket 79496.8-95396.2 Count: 83
tcpxo-wb-0:1613:2197 [0] NCCL INFO Bucket 95396.2-114475 Count: 92
tcpxo-wb-0:1613:2197 [0] NCCL INFO Bucket 114475-137371 Count: 107
tcpxo-wb-0:1613:2197 [0] NCCL INFO Bucket 137371-164845 Count: 125
tcpxo-wb-0:1613:2197 [0] NCCL INFO Bucket 164845-197814 Count: 134
tcpxo-wb-0:1613:2197 [0] NCCL INFO Bucket 197814-237376 Count: 98
tcpxo-wb-0:1613:2197 [0] NCCL INFO Bucket 237376-284852 Count: 93
tcpxo-wb-0:1613:2197 [0] NCCL INFO Bucket 284852-341822 Count: 58
tcpxo-wb-0:1613:2197 [0] NCCL INFO Bucket 341822-410186 Count: 52
tcpxo-wb-0:1613:2197 [0] NCCL INFO Bucket 410186-492224 Count: 19
tcpxo-wb-0:1613:2197 [0] NCCL INFO Bucket 492224-590668 Count: 10
tcpxo-wb-0:1613:2197 [0] NCCL INFO Bucket 590668-708802 Count: 27
tcpxo-wb-0:1613:2197 [0] NCCL INFO Bucket 708802-850562 Count: 17
tcpxo-wb-0:1613:2197 [0] NCCL INFO Bucket 850562-1.02067e+06 Count: 18
tcpxo-wb-0:1613:2197 [0] NCCL INFO Bucket 1.02067e+06-1.22481e+06 Count: 24
tcpxo-wb-0:1613:2197 [0] NCCL INFO Bucket 1.22481e+06-1.46977e+06 Count: 3
tcpxo-wb-0:1613:2197 [0] NCCL INFO Bucket 1.46977e+06-1.76373e+06 Count: 4
tcpxo-wb-0:1613:2197 [0] NCCL INFO Bucket 1.76373e+06-2.53977e+06 Count: 0
tcpxo-wb-0:1613:2197 [0] NCCL INFO Bucket 2.53977e+06-3.04772e+06 Count: 1
tcpxo-wb-0:1613:2197 [0] NCCL INFO Bucket 3.04772e+06-3.65726e+06 Count: 1
tcpxo-wb-0:1613:2197 [0] NCCL INFO Bucket 3.65726e+06-4.38871e+06 Count: 1
tcpxo-wb-0:1613:2197 [0] NCCL INFO Bucket 4.38871e+06-5.26646e+06 Count: 1
tcpxo-wb-0:1613:2197 [0] NCCL INFO Bucket 5.26646e+06-6.31975e+06 Count: 1
tcpxo-wb-0:1613:2197 [0] NCCL INFO Bucket 6.31975e+06-7.5837e+06 Count: 1
tcpxo-wb-0:1613:2197 [0] NCCL INFO Bucket 7.5837e+06-9.10044e+06 Count: 0
tcpxo-wb-0:1613:2197 [0] NCCL INFO Bucket 9.10044e+06-1.09205e+07 Count: 1
tcpxo-wb-0:1613:2197 [0] NCCL INFO NET/FasTrak 2026-08-02T13:09:09.000806538+00:00: DeregMr[netdev=0] CUDA memory for comm 0x7d135409c850 with handle:8653318625366212714 data:0x31de000000 size:524288.
tcpxo-wb-0:1613:2197 [0] NCCL INFO NET/FasTrak 2026-08-02T13:09:09.001520933+00:00: DeregMr[netdev=0] CUDA memory for comm 0x7d135409c850 with handle:8653318625366213545 data:0x31de080000 size:4915200.
tcpxo-wb-0:1613:2197 [0] NCCL INFO NET/FasTrak 2026-08-02T13:09:09.002651143+00:00: DeregMr[netdev=0] CUDA memory for comm 0x7d135409c850 with handle:8653318625366214376 data:0x31de530000 size:8388608.
tcpxo-wb-0:1613:2197 [0] NCCL INFO NET/FasTrak 2026-08-02T13:09:09.003887118+00:00: Closing Recv comm 0x7d135409c850
tcpxo-wb-0:1613:2197 [0] NCCL INFO NET/FasTrak 2026-08-02T13:09:09.003892066+00:00: COMM STATS:
tcpxo-wb-0:1613:2197 [0] NCCL INFO request/offload_scheduled: 2560
tcpxo-wb-0:1613:2197 [0] NCCL INFO request/offload_completed: 2560
tcpxo-wb-0:1613:2197 [0] NCCL INFO request/offload_backlog_curr: 0
tcpxo-wb-0:1613:2197 [0] NCCL INFO request/offload_backlog_peak: 7
tcpxo-wb-0:1613:2197 [0] NCCL INFO request/offload_size_distribution:
tcpxo-wb-0:1613:2197 [0] NCCL INFO Min: 65536
tcpxo-wb-0:1613:2197 [0] NCCL INFO Max: 131072
tcpxo-wb-0:1613:2197 [0] NCCL INFO Avg: 129024
tcpxo-wb-0:1613:2197 [0] NCCL INFO Bucket 0-63107.2 Count: 0
tcpxo-wb-0:1613:2197 [0] NCCL INFO Bucket 63107.2-75728.6 Count: 80
tcpxo-wb-0:1613:2197 [0] NCCL INFO Bucket 75728.6-130859 Count: 0
tcpxo-wb-0:1613:2197 [0] NCCL INFO Bucket 130859-157031 Count: 2480
tcpxo-wb-0:1613:2197 [0] NCCL INFO Bucket 157031-2.41938e+06 Count: 0
tcpxo-wb-0:1613:2197 [0] NCCL INFO request/offload_duration_distribution:
tcpxo-wb-0:1613:2197 [0] NCCL INFO Min: 59588
tcpxo-wb-0:1613:2197 [0] NCCL INFO Max: 6.97223e+06
tcpxo-wb-0:1613:2197 [0] NCCL INFO Avg: 631199
tcpxo-wb-0:1613:2197 [0] NCCL INFO Bucket 0-51597.8 Count: 0
tcpxo-wb-0:1613:2197 [0] NCCL INFO Bucket 51597.8-61917.4 Count: 1
tcpxo-wb-0:1613:2197 [0] NCCL INFO Bucket 61917.4-74300.8 Count: 4
tcpxo-wb-0:1613:2197 [0] NCCL INFO Bucket 74300.8-89161 Count: 8
tcpxo-wb-0:1613:2197 [0] NCCL INFO Bucket 89161-106993 Count: 21
tcpxo-wb-0:1613:2197 [0] NCCL INFO Bucket 106993-128392 Count: 40
tcpxo-wb-0:1613:2197 [0] NCCL INFO Bucket 128392-154070 Count: 52
tcpxo-wb-0:1613:2197 [0] NCCL INFO Bucket 154070-184884 Count: 93
tcpxo-wb-0:1613:2197 [0] NCCL INFO Bucket 184884-221861 Count: 107
tcpxo-wb-0:1613:2197 [0] NCCL INFO Bucket 221861-266233 Count: 136
tcpxo-wb-0:1613:2197 [0] NCCL INFO Bucket 266233-319480 Count: 109
tcpxo-wb-0:1613:2197 [0] NCCL INFO Bucket 319480-383376 Count: 139
tcpxo-wb-0:1613:2197 [0] NCCL INFO Bucket 383376-460051 Count: 162
tcpxo-wb-0:1613:2197 [0] NCCL INFO Bucket 460051-552061 Count: 296
tcpxo-wb-0:1613:2197 [0] NCCL INFO Bucket 552061-662474 Count: 417
tcpxo-wb-0:1613:2197 [0] NCCL INFO Bucket 662474-794968 Count: 334
tcpxo-wb-0:1613:2197 [0] NCCL INFO Bucket 794968-953962 Count: 228
tcpxo-wb-0:1613:2197 [0] NCCL INFO Bucket 953962-1.14475e+06 Count: 162
tcpxo-wb-0:1613:2197 [0] NCCL INFO Bucket 1.14475e+06-1.37371e+06 Count: 143
tcpxo-wb-0:1613:2197 [0] NCCL INFO Bucket 1.37371e+06-1.64845e+06 Count: 76
tcpxo-wb-0:1613:2197 [0] NCCL INFO Bucket 1.64845e+06-1.97814e+06 Count: 23
tcpxo-wb-0:1613:2197 [0] NCCL INFO Bucket 1.97814e+06-2.37376e+06 Count: 3
tcpxo-wb-0:1613:2197 [0] NCCL INFO Bucket 2.37376e+06-2.84852e+06 Count: 2
tcpxo-wb-0:1613:2197 [0] NCCL INFO Bucket 2.84852e+06-5.90668e+06 Count: 0
tcpxo-wb-0:1613:2197 [0] NCCL INFO Bucket 5.90668e+06-7.08802e+06 Count: 4
tcpxo-wb-0:1613:2197 [0] NCCL INFO Bucket 7.08802e+06-1.02067e+07 Count: 0
tcpxo-wb-0:1613:2197 [0] NCCL INFO request/unpack_duration_distribution:
tcpxo-wb-0:1613:2197 [0] NCCL INFO Bucket 0-1.09205e+07 Count: 0
tcpxo-wb-0:1613:2197 [0] NCCL INFO request/offload_complete_age_distribution:
tcpxo-wb-0:1613:2197 [0] NCCL INFO Min: 91
tcpxo-wb-0:1613:2197 [0] NCCL INFO Max: 170318
tcpxo-wb-0:1613:2197 [0] NCCL INFO Avg: 5882.64
tcpxo-wb-0:1613:2197 [0] NCCL INFO Bucket 0-100 Count: 38
tcpxo-wb-0:1613:2197 [0] NCCL INFO Bucket 100-120 Count: 37
tcpxo-wb-0:1613:2197 [0] NCCL INFO Bucket 120-144 Count: 2
tcpxo-wb-0:1613:2197 [0] NCCL INFO Bucket 144-172.8 Count: 1
tcpxo-wb-0:1613:2197 [0] NCCL INFO Bucket 172.8-207.36 Count: 1
tcpxo-wb-0:1613:2197 [0] NCCL INFO Bucket 207.36-248.832 Count: 16
tcpxo-wb-0:1613:2197 [0] NCCL INFO Bucket 248.832-298.598 Count: 34
tcpxo-wb-0:1613:2197 [0] NCCL INFO Bucket 298.598-358.318 Count: 7
tcpxo-wb-0:1613:2197 [0] NCCL INFO Bucket 358.318-429.982 Count: 52
tcpxo-wb-0:1613:2197 [0] NCCL INFO Bucket 429.982-515.978 Count: 26
tcpxo-wb-0:1613:2197 [0] NCCL INFO Bucket 515.978-619.174 Count: 31
tcpxo-wb-0:1613:2197 [0] NCCL INFO Bucket 619.174-743.008 Count: 40
tcpxo-wb-0:1613:2197 [0] NCCL INFO Bucket 743.008-891.61 Count: 51
tcpxo-wb-0:1613:2197 [0] NCCL INFO Bucket 891.61-1069.93 Count: 47
tcpxo-wb-0:1613:2197 [0] NCCL INFO Bucket 1069.93-1283.92 Count: 75
tcpxo-wb-0:1613:2197 [0] NCCL INFO Bucket 1283.92-1540.7 Count: 115
tcpxo-wb-0:1613:2197 [0] NCCL INFO Bucket 1540.7-1848.84 Count: 117
tcpxo-wb-0:1613:2197 [0] NCCL INFO Bucket 1848.84-2218.61 Count: 139
tcpxo-wb-0:1613:2197 [0] NCCL INFO Bucket 2218.61-2662.33 Count: 161
tcpxo-wb-0:1613:2197 [0] NCCL INFO Bucket 2662.33-3194.8 Count: 205
tcpxo-wb-0:1613:2197 [0] NCCL INFO Bucket 3194.8-3833.76 Count: 208
tcpxo-wb-0:1613:2197 [0] NCCL INFO Bucket 3833.76-4600.51 Count: 234
tcpxo-wb-0:1613:2197 [0] NCCL INFO Bucket 4600.51-5520.61 Count: 250
tcpxo-wb-0:1613:2197 [0] NCCL INFO Bucket 5520.61-6624.74 Count: 207
tcpxo-wb-0:1613:2197 [0] NCCL INFO Bucket 6624.74-7949.68 Count: 135
tcpxo-wb-0:1613:2197 [0] NCCL INFO Bucket 7949.68-9539.62 Count: 77
tcpxo-wb-0:1613:2197 [0] NCCL INFO Bucket 9539.62-11447.5 Count: 60
tcpxo-wb-0:1613:2197 [0] NCCL INFO Bucket 11447.5-13737.1 Count: 44
tcpxo-wb-0:1613:2197 [0] NCCL INFO Bucket 13737.1-16484.5 Count: 28
tcpxo-wb-0:1613:2197 [0] NCCL INFO Bucket 16484.5-19781.4 Count: 15
tcpxo-wb-0:1613:2197 [0] NCCL INFO Bucket 19781.4-23737.6 Count: 11
tcpxo-wb-0:1613:2197 [0] NCCL INFO Bucket 23737.6-28485.2 Count: 7
tcpxo-wb-0:1613:2197 [0] NCCL INFO Bucket 28485.2-34182.2 Count: 22
tcpxo-wb-0:1613:2197 [0] NCCL INFO Bucket 34182.2-41018.6 Count: 10
tcpxo-wb-0:1613:2197 [0] NCCL INFO Bucket 41018.6-49222.4 Count: 11
tcpxo-wb-0:1613:2197 [0] NCCL INFO Bucket 49222.4-59066.8 Count: 46
tcpxo-wb-0:1613:2197 [0] NCCL INFO request/unpack_num_iovs_distribution:
tcpxo-wb-0:1613:2197 [0] NCCL INFO Bucket 0-2116.47 Count: 0
tcpxo-wb-0:1613:2197 [0] NCCL INFO request/offload_interval_distribution:
tcpxo-wb-0:1613:2197 [0] NCCL INFO Min: 2067
tcpxo-wb-0:1613:2197 [0] NCCL INFO Max: 9.7435e+07
tcpxo-wb-0:1613:2197 [0] NCCL INFO Avg: 159583
tcpxo-wb-0:1613:2197 [0] NCCL INFO Bucket 0-1728 Count: 0
tcpxo-wb-0:1613:2197 [0] NCCL INFO Bucket 1728-2073.6 Count: 1
tcpxo-wb-0:1613:2197 [0] NCCL INFO Bucket 2073.6-2488.32 Count: 4
tcpxo-wb-0:1613:2197 [0] NCCL INFO Bucket 2488.32-2985.98 Count: 81
tcpxo-wb-0:1613:2197 [0] NCCL INFO Bucket 2985.98-3583.18 Count: 145
tcpxo-wb-0:1613:2197 [0] NCCL INFO Bucket 3583.18-4299.82 Count: 134
tcpxo-wb-0:1613:2197 [0] NCCL INFO Bucket 4299.82-5159.78 Count: 116
tcpxo-wb-0:1613:2197 [0] NCCL INFO Bucket 5159.78-6191.74 Count: 73
tcpxo-wb-0:1613:2197 [0] NCCL INFO Bucket 6191.74-7430.08 Count: 40
tcpxo-wb-0:1613:2197 [0] NCCL INFO Bucket 7430.08-8916.1 Count: 17
tcpxo-wb-0:1613:2197 [0] NCCL INFO Bucket 8916.1-10699.3 Count: 23
tcpxo-wb-0:1613:2197 [0] NCCL INFO Bucket 10699.3-12839.2 Count: 46
tcpxo-wb-0:1613:2197 [0] NCCL INFO Bucket 12839.2-15407 Count: 61
tcpxo-wb-0:1613:2197 [0] NCCL INFO Bucket 15407-18488.4 Count: 39
tcpxo-wb-0:1613:2197 [0] NCCL INFO Bucket 18488.4-22186.1 Count: 36
tcpxo-wb-0:1613:2197 [0] NCCL INFO Bucket 22186.1-26623.3 Count: 13
tcpxo-wb-0:1613:2197 [0] NCCL INFO Bucket 26623.3-31948 Count: 23
tcpxo-wb-0:1613:2197 [0] NCCL INFO Bucket 31948-38337.6 Count: 29
tcpxo-wb-0:1613:2197 [0] NCCL INFO Bucket 38337.6-46005.1 Count: 131
tcpxo-wb-0:1613:2197 [0] NCCL INFO Bucket 46005.1-55206.1 Count: 322
tcpxo-wb-0:1613:2197 [0] NCCL INFO Bucket 55206.1-66247.4 Count: 218
tcpxo-wb-0:1613:2197 [0] NCCL INFO Bucket 66247.4-79496.8 Count: 111
tcpxo-wb-0:1613:2197 [0] NCCL INFO Bucket 79496.8-95396.2 Count: 105
tcpxo-wb-0:1613:2197 [0] NCCL INFO Bucket 95396.2-114475 Count: 129
tcpxo-wb-0:1613:2197 [0] NCCL INFO Bucket 114475-137371 Count: 100
tcpxo-wb-0:1613:2197 [0] NCCL INFO Bucket 137371-164845 Count: 101
tcpxo-wb-0:1613:2197 [0] NCCL INFO Bucket 164845-197814 Count: 113
tcpxo-wb-0:1613:2197 [0] NCCL INFO Bucket 197814-237376 Count: 72
tcpxo-wb-0:1613:2197 [0] NCCL INFO Bucket 237376-284852 Count: 49
tcpxo-wb-0:1613:2197 [0] NCCL INFO Bucket 284852-341822 Count: 39
tcpxo-wb-0:1613:2197 [0] NCCL INFO Bucket 341822-410186 Count: 45
tcpxo-wb-0:1613:2197 [0] NCCL INFO Bucket 410186-492224 Count: 24
tcpxo-wb-0:1613:2197 [0] NCCL INFO Bucket 492224-590668 Count: 9
tcpxo-wb-0:1613:2197 [0] NCCL INFO Bucket 590668-708802 Count: 30
tcpxo-wb-0:1613:2197 [0] NCCL INFO Bucket 708802-850562 Count: 36
tcpxo-wb-0:1613:2197 [0] NCCL INFO Bucket 850562-1.02067e+06 Count: 11
tcpxo-wb-0:1613:2197 [0] NCCL INFO Bucket 1.02067e+06-1.22481e+06 Count: 21
tcpxo-wb-0:1613:2197 [0] NCCL INFO Bucket 1.22481e+06-1.46977e+06 Count: 3
tcpxo-wb-0:1613:2197 [0] NCCL INFO Bucket 1.46977e+06-1.76373e+06 Count: 2
tcpxo-wb-0:1613:2197 [0] NCCL INFO Bucket 1.76373e+06-2.11647e+06 Count: 1
tcpxo-wb-0:1613:2197 [0] NCCL INFO Bucket 2.11647e+06-2.53977e+06 Count: 0
tcpxo-wb-0:1613:2197 [0] NCCL INFO Bucket 2.53977e+06-3.04772e+06 Count: 1
tcpxo-wb-0:1613:2197 [0] NCCL INFO Bucket 3.04772e+06-3.65726e+06 Count: 1
tcpxo-wb-0:1613:2197 [0] NCCL INFO Bucket 3.65726e+06-4.38871e+06 Count: 1
tcpxo-wb-0:1613:2197 [0] NCCL INFO Bucket 4.38871e+06-5.26646e+06 Count: 1
tcpxo-wb-0:1613:2197 [0] NCCL INFO Bucket 5.26646e+06-6.31975e+06 Count: 1
tcpxo-wb-0:1613:2197 [0] NCCL INFO Bucket 6.31975e+06-7.5837e+06 Count: 1
tcpxo-wb-0:1613:2197 [0] NCCL INFO Bucket 7.5837e+06-9.10044e+06 Count: 0
tcpxo-wb-0:1613:2197 [0] NCCL INFO Bucket 9.10044e+06-1.09205e+07 Count: 1
tcpxo-wb-0:1613:2197 [0] NCCL INFO NET/FasTrak 2026-08-02T13:09:09.003979818+00:00: DeregMr[netdev=0] CUDA memory for comm 0x7d135409fdd0 with handle:8653318625366215207 data:0x31dee00000 size:524288.
tcpxo-wb-0:1613:2197 [0] NCCL INFO NET/FasTrak 2026-08-02T13:09:09.004751461+00:00: DeregMr[netdev=0] CUDA memory for comm 0x7d135409fdd0 with handle:8653318625366216038 data:0x31dee80000 size:4915200.
tcpxo-wb-0:1613:2197 [0] NCCL INFO NET/FasTrak 2026-08-02T13:09:09.00587325+00:00: DeregMr[netdev=0] CUDA memory for comm 0x7d135409fdd0 with handle:8653318625366212773 data:0x31df330000 size:8388608.
tcpxo-wb-0:1613:2197 [0] NCCL INFO NET/FasTrak 2026-08-02T13:09:09.00704737+00:00: Closing Recv comm 0x7d135409fdd0
tcpxo-wb-0:1613:2197 [0] NCCL INFO NET/FasTrak 2026-08-02T13:09:09.007052464+00:00: COMM STATS:
tcpxo-wb-0:1613:2197 [0] NCCL INFO request/offload_scheduled: 2560
tcpxo-wb-0:1613:2197 [0] NCCL INFO request/offload_completed: 2560
tcpxo-wb-0:1613:2197 [0] NCCL INFO request/offload_backlog_curr: 0
tcpxo-wb-0:1613:2197 [0] NCCL INFO request/offload_backlog_peak: 7
tcpxo-wb-0:1613:2197 [0] NCCL INFO request/offload_size_distribution:
tcpxo-wb-0:1613:2197 [0] NCCL INFO Min: 65536
tcpxo-wb-0:1613:2197 [0] NCCL INFO Max: 131072
tcpxo-wb-0:1613:2197 [0] NCCL INFO Avg: 129024
tcpxo-wb-0:1613:2197 [0] NCCL INFO Bucket 0-63107.2 Count: 0
tcpxo-wb-0:1613:2197 [0] NCCL INFO Bucket 63107.2-75728.6 Count: 80
tcpxo-wb-0:1613:2197 [0] NCCL INFO Bucket 75728.6-130859 Count: 0
tcpxo-wb-0:1613:2197 [0] NCCL INFO Bucket 130859-157031 Count: 2480
tcpxo-wb-0:1613:2197 [0] NCCL INFO Bucket 157031-2.41938e+06 Count: 0
tcpxo-wb-0:1613:2197 [0] NCCL INFO request/offload_duration_distribution:
tcpxo-wb-0:1613:2197 [0] NCCL INFO Min: 52245
tcpxo-wb-0:1613:2197 [0] NCCL INFO Max: 6.83433e+06
tcpxo-wb-0:1613:2197 [0] NCCL INFO Avg: 704992
tcpxo-wb-0:1613:2197 [0] NCCL INFO Bucket 0-51597.8 Count: 0
tcpxo-wb-0:1613:2197 [0] NCCL INFO Bucket 51597.8-61917.4 Count: 1
tcpxo-wb-0:1613:2197 [0] NCCL INFO Bucket 61917.4-74300.8 Count: 5
tcpxo-wb-0:1613:2197 [0] NCCL INFO Bucket 74300.8-89161 Count: 12
tcpxo-wb-0:1613:2197 [0] NCCL INFO Bucket 89161-106993 Count: 7
tcpxo-wb-0:1613:2197 [0] NCCL INFO Bucket 106993-128392 Count: 13
tcpxo-wb-0:1613:2197 [0] NCCL INFO Bucket 128392-154070 Count: 21
tcpxo-wb-0:1613:2197 [0] NCCL INFO Bucket 154070-184884 Count: 43
tcpxo-wb-0:1613:2197 [0] NCCL INFO Bucket 184884-221861 Count: 63
tcpxo-wb-0:1613:2197 [0] NCCL INFO Bucket 221861-266233 Count: 70
tcpxo-wb-0:1613:2197 [0] NCCL INFO Bucket 266233-319480 Count: 97
tcpxo-wb-0:1613:2197 [0] NCCL INFO Bucket 319480-383376 Count: 125
tcpxo-wb-0:1613:2197 [0] NCCL INFO Bucket 383376-460051 Count: 173
tcpxo-wb-0:1613:2197 [0] NCCL INFO Bucket 460051-552061 Count: 286
tcpxo-wb-0:1613:2197 [0] NCCL INFO Bucket 552061-662474 Count: 414
tcpxo-wb-0:1613:2197 [0] NCCL INFO Bucket 662474-794968 Count: 430
tcpxo-wb-0:1613:2197 [0] NCCL INFO Bucket 794968-953962 Count: 352
tcpxo-wb-0:1613:2197 [0] NCCL INFO Bucket 953962-1.14475e+06 Count: 218
tcpxo-wb-0:1613:2197 [0] NCCL INFO Bucket 1.14475e+06-1.37371e+06 Count: 106
tcpxo-wb-0:1613:2197 [0] NCCL INFO Bucket 1.37371e+06-1.64845e+06 Count: 45
tcpxo-wb-0:1613:2197 [0] NCCL INFO Bucket 1.64845e+06-1.97814e+06 Count: 41
tcpxo-wb-0:1613:2197 [0] NCCL INFO Bucket 1.97814e+06-2.37376e+06 Count: 24
tcpxo-wb-0:1613:2197 [0] NCCL INFO Bucket 2.37376e+06-2.84852e+06 Count: 10
tcpxo-wb-0:1613:2197 [0] NCCL INFO Bucket 2.84852e+06-5.90668e+06 Count: 0
tcpxo-wb-0:1613:2197 [0] NCCL INFO Bucket 5.90668e+06-7.08802e+06 Count: 4
tcpxo-wb-0:1613:2197 [0] NCCL INFO Bucket 7.08802e+06-1.02067e+07 Count: 0
tcpxo-wb-0:1613:2197 [0] NCCL INFO request/unpack_duration_distribution:
tcpxo-wb-0:1613:2197 [0] NCCL INFO Bucket 0-1.09205e+07 Count: 0
tcpxo-wb-0:1613:2197 [0] NCCL INFO request/offload_complete_age_distribution:
tcpxo-wb-0:1613:2197 [0] NCCL INFO Min: 82
tcpxo-wb-0:1613:2197 [0] NCCL INFO Max: 1.15218e+06
tcpxo-wb-0:1613:2197 [0] NCCL INFO Avg: 141850
tcpxo-wb-0:1613:2197 [0] NCCL INFO Bucket 0-100 Count: 23
tcpxo-wb-0:1613:2197 [0] NCCL INFO Bucket 100-120 Count: 35
tcpxo-wb-0:1613:2197 [0] NCCL INFO Bucket 120-144 Count: 4
tcpxo-wb-0:1613:2197 [0] NCCL INFO Bucket 144-172.8 Count: 2
tcpxo-wb-0:1613:2197 [0] NCCL INFO Bucket 172.8-207.36 Count: 0
tcpxo-wb-0:1613:2197 [0] NCCL INFO Bucket 207.36-248.832 Count: 12
tcpxo-wb-0:1613:2197 [0] NCCL INFO Bucket 248.832-298.598 Count: 31
tcpxo-wb-0:1613:2197 [0] NCCL INFO Bucket 298.598-358.318 Count: 9
tcpxo-wb-0:1613:2197 [0] NCCL INFO Bucket 358.318-429.982 Count: 26
tcpxo-wb-0:1613:2197 [0] NCCL INFO Bucket 429.982-515.978 Count: 16
tcpxo-wb-0:1613:2197 [0] NCCL INFO Bucket 515.978-619.174 Count: 22
tcpxo-wb-0:1613:2197 [0] NCCL INFO Bucket 619.174-743.008 Count: 26
tcpxo-wb-0:1613:2197 [0] NCCL INFO Bucket 743.008-891.61 Count: 27
tcpxo-wb-0:1613:2197 [0] NCCL INFO Bucket 891.61-1069.93 Count: 31
tcpxo-wb-0:1613:2197 [0] NCCL INFO Bucket 1069.93-1283.92 Count: 40
tcpxo-wb-0:1613:2197 [0] NCCL INFO Bucket 1283.92-1540.7 Count: 58
tcpxo-wb-0:1613:2197 [0] NCCL INFO Bucket 1540.7-1848.84 Count: 77
tcpxo-wb-0:1613:2197 [0] NCCL INFO Bucket 1848.84-2218.61 Count: 115
tcpxo-wb-0:1613:2197 [0] NCCL INFO Bucket 2218.61-2662.33 Count: 114
tcpxo-wb-0:1613:2197 [0] NCCL INFO Bucket 2662.33-3194.8 Count: 134
tcpxo-wb-0:1613:2197 [0] NCCL INFO Bucket 3194.8-3833.76 Count: 142
tcpxo-wb-0:1613:2197 [0] NCCL INFO Bucket 3833.76-4600.51 Count: 158
tcpxo-wb-0:1613:2197 [0] NCCL INFO Bucket 4600.51-5520.61 Count: 152
tcpxo-wb-0:1613:2197 [0] NCCL INFO Bucket 5520.61-6624.74 Count: 148
tcpxo-wb-0:1613:2197 [0] NCCL INFO Bucket 6624.74-7949.68 Count: 91
tcpxo-wb-0:1613:2197 [0] NCCL INFO Bucket 7949.68-9539.62 Count: 52
tcpxo-wb-0:1613:2197 [0] NCCL INFO Bucket 9539.62-11447.5 Count: 39
tcpxo-wb-0:1613:2197 [0] NCCL INFO Bucket 11447.5-13737.1 Count: 19
tcpxo-wb-0:1613:2197 [0] NCCL INFO Bucket 13737.1-16484.5 Count: 19
tcpxo-wb-0:1613:2197 [0] NCCL INFO Bucket 16484.5-19781.4 Count: 11
tcpxo-wb-0:1613:2197 [0] NCCL INFO Bucket 19781.4-23737.6 Count: 12
tcpxo-wb-0:1613:2197 [0] NCCL INFO Bucket 23737.6-28485.2 Count: 10
tcpxo-wb-0:1613:2197 [0] NCCL INFO Bucket 28485.2-34182.2 Count: 9
tcpxo-wb-0:1613:2197 [0] NCCL INFO Bucket 34182.2-41018.6 Count: 9
tcpxo-wb-0:1613:2197 [0] NCCL INFO Bucket 41018.6-49222.4 Count: 9
tcpxo-wb-0:1613:2197 [0] NCCL INFO Bucket 49222.4-59066.8 Count: 878
tcpxo-wb-0:1613:2197 [0] NCCL INFO request/unpack_num_iovs_distribution:
tcpxo-wb-0:1613:2197 [0] NCCL INFO Bucket 0-2116.47 Count: 0
tcpxo-wb-0:1613:2197 [0] NCCL INFO request/offload_interval_distribution:
tcpxo-wb-0:1613:2197 [0] NCCL INFO Min: 2137
tcpxo-wb-0:1613:2197 [0] NCCL INFO Max: 9.73937e+07
tcpxo-wb-0:1613:2197 [0] NCCL INFO Avg: 159125
tcpxo-wb-0:1613:2197 [0] NCCL INFO Bucket 0-2073.6 Count: 0
tcpxo-wb-0:1613:2197 [0] NCCL INFO Bucket 2073.6-2488.32 Count: 5
tcpxo-wb-0:1613:2197 [0] NCCL INFO Bucket 2488.32-2985.98 Count: 32
tcpxo-wb-0:1613:2197 [0] NCCL INFO Bucket 2985.98-3583.18 Count: 51
tcpxo-wb-0:1613:2197 [0] NCCL INFO Bucket 3583.18-4299.82 Count: 77
tcpxo-wb-0:1613:2197 [0] NCCL INFO Bucket 4299.82-5159.78 Count: 95
tcpxo-wb-0:1613:2197 [0] NCCL INFO Bucket 5159.78-6191.74 Count: 117
tcpxo-wb-0:1613:2197 [0] NCCL INFO Bucket 6191.74-7430.08 Count: 111
tcpxo-wb-0:1613:2197 [0] NCCL INFO Bucket 7430.08-8916.1 Count: 75
tcpxo-wb-0:1613:2197 [0] NCCL INFO Bucket 8916.1-10699.3 Count: 50
tcpxo-wb-0:1613:2197 [0] NCCL INFO Bucket 10699.3-12839.2 Count: 46
tcpxo-wb-0:1613:2197 [0] NCCL INFO Bucket 12839.2-15407 Count: 15
tcpxo-wb-0:1613:2197 [0] NCCL INFO Bucket 15407-18488.4 Count: 21
tcpxo-wb-0:1613:2197 [0] NCCL INFO Bucket 18488.4-22186.1 Count: 26
tcpxo-wb-0:1613:2197 [0] NCCL INFO Bucket 22186.1-26623.3 Count: 49
tcpxo-wb-0:1613:2197 [0] NCCL INFO Bucket 26623.3-31948 Count: 68
tcpxo-wb-0:1613:2197 [0] NCCL INFO Bucket 31948-38337.6 Count: 103
tcpxo-wb-0:1613:2197 [0] NCCL INFO Bucket 38337.6-46005.1 Count: 328
tcpxo-wb-0:1613:2197 [0] NCCL INFO Bucket 46005.1-55206.1 Count: 261
tcpxo-wb-0:1613:2197 [0] NCCL INFO Bucket 55206.1-66247.4 Count: 106
tcpxo-wb-0:1613:2197 [0] NCCL INFO Bucket 66247.4-79496.8 Count: 91
tcpxo-wb-0:1613:2197 [0] NCCL INFO Bucket 79496.8-95396.2 Count: 97
tcpxo-wb-0:1613:2197 [0] NCCL INFO Bucket 95396.2-114475 Count: 114
tcpxo-wb-0:1613:2197 [0] NCCL INFO Bucket 114475-137371 Count: 94
tcpxo-wb-0:1613:2197 [0] NCCL INFO Bucket 137371-164845 Count: 84
tcpxo-wb-0:1613:2197 [0] NCCL INFO Bucket 164845-197814 Count: 86
tcpxo-wb-0:1613:2197 [0] NCCL INFO Bucket 197814-237376 Count: 64
tcpxo-wb-0:1613:2197 [0] NCCL INFO Bucket 237376-284852 Count: 79
tcpxo-wb-0:1613:2197 [0] NCCL INFO Bucket 284852-341822 Count: 35
tcpxo-wb-0:1613:2197 [0] NCCL INFO Bucket 341822-410186 Count: 32
tcpxo-wb-0:1613:2197 [0] NCCL INFO Bucket 410186-492224 Count: 24
tcpxo-wb-0:1613:2197 [0] NCCL INFO Bucket 492224-590668 Count: 18
tcpxo-wb-0:1613:2197 [0] NCCL INFO Bucket 590668-708802 Count: 32
tcpxo-wb-0:1613:2197 [0] NCCL INFO Bucket 708802-850562 Count: 20
tcpxo-wb-0:1613:2197 [0] NCCL INFO Bucket 850562-1.02067e+06 Count: 17
tcpxo-wb-0:1613:2197 [0] NCCL INFO Bucket 1.02067e+06-1.22481e+06 Count: 12
tcpxo-wb-0:1613:2197 [0] NCCL INFO Bucket 1.22481e+06-1.46977e+06 Count: 9
tcpxo-wb-0:1613:2197 [0] NCCL INFO Bucket 1.46977e+06-1.76373e+06 Count: 7
tcpxo-wb-0:1613:2197 [0] NCCL INFO Bucket 1.76373e+06-2.11647e+06 Count: 2
tcpxo-wb-0:1613:2197 [0] NCCL INFO Bucket 2.11647e+06-2.53977e+06 Count: 0
tcpxo-wb-0:1613:2197 [0] NCCL INFO Bucket 2.53977e+06-3.04772e+06 Count: 1
tcpxo-wb-0:1613:2197 [0] NCCL INFO Bucket 3.04772e+06-3.65726e+06 Count: 1
tcpxo-wb-0:1613:2197 [0] NCCL INFO Bucket 3.65726e+06-4.38871e+06 Count: 0
tcpxo-wb-0:1613:2197 [0] NCCL INFO Bucket 4.38871e+06-5.26646e+06 Count: 2
tcpxo-wb-0:1613:2197 [0] NCCL INFO Bucket 5.26646e+06-6.31975e+06 Count: 1
tcpxo-wb-0:1613:2197 [0] NCCL INFO Bucket 6.31975e+06-7.5837e+06 Count: 1
tcpxo-wb-0:1613:2197 [0] NCCL INFO Bucket 7.5837e+06-9.10044e+06 Count: 0
tcpxo-wb-0:1613:2197 [0] NCCL INFO Bucket 9.10044e+06-1.09205e+07 Count: 1
tcpxo-wb-0:1613:2197 [0] NCCL INFO NET/FasTrak 2026-08-02T13:09:09.007146173+00:00: DeregMr[netdev=0] CUDA memory for comm 0x7d13540a3450 with handle:8653318625366213604 data:0x3200000000 size:524288.
tcpxo-wb-0:1613:2197 [0] NCCL INFO NET/FasTrak 2026-08-02T13:09:09.007979726+00:00: DeregMr[netdev=0] CUDA memory for comm 0x7d13540a3450 with handle:8653318625366214435 data:0x3200080000 size:4915200.
tcpxo-wb-0:1613:2197 [0] NCCL INFO NET/FasTrak 2026-08-02T13:09:09.009055005+00:00: DeregMr[netdev=0] CUDA memory for comm 0x7d13540a3450 with handle:8653318625366215266 data:0x3200530000 size:8388608.
tcpxo-wb-0:1613:2197 [0] NCCL INFO NET/FasTrak 2026-08-02T13:09:09.010226939+00:00: Closing Recv comm 0x7d13540a3450
tcpxo-wb-0:1613:2197 [0] NCCL INFO NET/FasTrak 2026-08-02T13:09:09.010231863+00:00: COMM STATS:
tcpxo-wb-0:1613:2197 [0] NCCL INFO request/offload_scheduled: 2560
tcpxo-wb-0:1613:2197 [0] NCCL INFO request/offload_completed: 2560
tcpxo-wb-0:1613:2197 [0] NCCL INFO request/offload_backlog_curr: 0
tcpxo-wb-0:1613:2197 [0] NCCL INFO request/offload_backlog_peak: 7
tcpxo-wb-0:1613:2197 [0] NCCL INFO request/offload_size_distribution:
tcpxo-wb-0:1613:2197 [0] NCCL INFO Min: 65536
tcpxo-wb-0:1613:2197 [0] NCCL INFO Max: 131072
tcpxo-wb-0:1613:2197 [0] NCCL INFO Avg: 129024
tcpxo-wb-0:1613:2197 [0] NCCL INFO Bucket 0-63107.2 Count: 0
tcpxo-wb-0:1613:2197 [0] NCCL INFO Bucket 63107.2-75728.6 Count: 80
tcpxo-wb-0:1613:2197 [0] NCCL INFO Bucket 75728.6-130859 Count: 0
tcpxo-wb-0:1613:2197 [0] NCCL INFO Bucket 130859-157031 Count: 2480
tcpxo-wb-0:1613:2197 [0] NCCL INFO Bucket 157031-2.41938e+06 Count: 0
tcpxo-wb-0:1613:2197 [0] NCCL INFO request/offload_duration_distribution:
tcpxo-wb-0:1613:2197 [0] NCCL INFO Min: 60084
tcpxo-wb-0:1613:2197 [0] NCCL INFO Max: 7.00223e+06
tcpxo-wb-0:1613:2197 [0] NCCL INFO Avg: 612834
tcpxo-wb-0:1613:2197 [0] NCCL INFO Bucket 0-51597.8 Count: 0
tcpxo-wb-0:1613:2197 [0] NCCL INFO Bucket 51597.8-61917.4 Count: 2
tcpxo-wb-0:1613:2197 [0] NCCL INFO Bucket 61917.4-74300.8 Count: 3
tcpxo-wb-0:1613:2197 [0] NCCL INFO Bucket 74300.8-89161 Count: 6
tcpxo-wb-0:1613:2197 [0] NCCL INFO Bucket 89161-106993 Count: 7
tcpxo-wb-0:1613:2197 [0] NCCL INFO Bucket 106993-128392 Count: 36
tcpxo-wb-0:1613:2197 [0] NCCL INFO Bucket 128392-154070 Count: 112
tcpxo-wb-0:1613:2197 [0] NCCL INFO Bucket 154070-184884 Count: 177
tcpxo-wb-0:1613:2197 [0] NCCL INFO Bucket 184884-221861 Count: 135
tcpxo-wb-0:1613:2197 [0] NCCL INFO Bucket 221861-266233 Count: 82
tcpxo-wb-0:1613:2197 [0] NCCL INFO Bucket 266233-319480 Count: 114
tcpxo-wb-0:1613:2197 [0] NCCL INFO Bucket 319480-383376 Count: 155
tcpxo-wb-0:1613:2197 [0] NCCL INFO Bucket 383376-460051 Count: 238
tcpxo-wb-0:1613:2197 [0] NCCL INFO Bucket 460051-552061 Count: 302
tcpxo-wb-0:1613:2197 [0] NCCL INFO Bucket 552061-662474 Count: 298
tcpxo-wb-0:1613:2197 [0] NCCL INFO Bucket 662474-794968 Count: 275
tcpxo-wb-0:1613:2197 [0] NCCL INFO Bucket 794968-953962 Count: 205
tcpxo-wb-0:1613:2197 [0] NCCL INFO Bucket 953962-1.14475e+06 Count: 143
tcpxo-wb-0:1613:2197 [0] NCCL INFO Bucket 1.14475e+06-1.37371e+06 Count: 113
tcpxo-wb-0:1613:2197 [0] NCCL INFO Bucket 1.37371e+06-1.64845e+06 Count: 95
tcpxo-wb-0:1613:2197 [0] NCCL INFO Bucket 1.64845e+06-1.97814e+06 Count: 41
tcpxo-wb-0:1613:2197 [0] NCCL INFO Bucket 1.97814e+06-2.37376e+06 Count: 15
tcpxo-wb-0:1613:2197 [0] NCCL INFO Bucket 2.37376e+06-2.84852e+06 Count: 2
tcpxo-wb-0:1613:2197 [0] NCCL INFO Bucket 2.84852e+06-5.90668e+06 Count: 0
tcpxo-wb-0:1613:2197 [0] NCCL INFO Bucket 5.90668e+06-7.08802e+06 Count: 4
tcpxo-wb-0:1613:2197 [0] NCCL INFO Bucket 7.08802e+06-1.02067e+07 Count: 0
tcpxo-wb-0:1613:2197 [0] NCCL INFO request/unpack_duration_distribution:
tcpxo-wb-0:1613:2197 [0] NCCL INFO Bucket 0-1.09205e+07 Count: 0
tcpxo-wb-0:1613:2197 [0] NCCL INFO request/offload_complete_age_distribution:
tcpxo-wb-0:1613:2197 [0] NCCL INFO Min: 91
tcpxo-wb-0:1613:2197 [0] NCCL INFO Max: 495441
tcpxo-wb-0:1613:2197 [0] NCCL INFO Avg: 18986.8
tcpxo-wb-0:1613:2197 [0] NCCL INFO Bucket 0-100 Count: 29
tcpxo-wb-0:1613:2197 [0] NCCL INFO Bucket 100-120 Count: 39
tcpxo-wb-0:1613:2197 [0] NCCL INFO Bucket 120-144 Count: 6
tcpxo-wb-0:1613:2197 [0] NCCL INFO Bucket 144-207.36 Count: 0
tcpxo-wb-0:1613:2197 [0] NCCL INFO Bucket 207.36-248.832 Count: 11
tcpxo-wb-0:1613:2197 [0] NCCL INFO Bucket 248.832-298.598 Count: 38
tcpxo-wb-0:1613:2197 [0] NCCL INFO Bucket 298.598-358.318 Count: 13
tcpxo-wb-0:1613:2197 [0] NCCL INFO Bucket 358.318-429.982 Count: 35
tcpxo-wb-0:1613:2197 [0] NCCL INFO Bucket 429.982-515.978 Count: 29
tcpxo-wb-0:1613:2197 [0] NCCL INFO Bucket 515.978-619.174 Count: 21
tcpxo-wb-0:1613:2197 [0] NCCL INFO Bucket 619.174-743.008 Count: 33
tcpxo-wb-0:1613:2197 [0] NCCL INFO Bucket 743.008-891.61 Count: 38
tcpxo-wb-0:1613:2197 [0] NCCL INFO Bucket 891.61-1069.93 Count: 57
tcpxo-wb-0:1613:2197 [0] NCCL INFO Bucket 1069.93-1283.92 Count: 89
tcpxo-wb-0:1613:2197 [0] NCCL INFO Bucket 1283.92-1540.7 Count: 80
tcpxo-wb-0:1613:2197 [0] NCCL INFO Bucket 1540.7-1848.84 Count: 93
tcpxo-wb-0:1613:2197 [0] NCCL INFO Bucket 1848.84-2218.61 Count: 110
tcpxo-wb-0:1613:2197 [0] NCCL INFO Bucket 2218.61-2662.33 Count: 135
tcpxo-wb-0:1613:2197 [0] NCCL INFO Bucket 2662.33-3194.8 Count: 172
tcpxo-wb-0:1613:2197 [0] NCCL INFO Bucket 3194.8-3833.76 Count: 161
tcpxo-wb-0:1613:2197 [0] NCCL INFO Bucket 3833.76-4600.51 Count: 214
tcpxo-wb-0:1613:2197 [0] NCCL INFO Bucket 4600.51-5520.61 Count: 207
tcpxo-wb-0:1613:2197 [0] NCCL INFO Bucket 5520.61-6624.74 Count: 176
tcpxo-wb-0:1613:2197 [0] NCCL INFO Bucket 6624.74-7949.68 Count: 123
tcpxo-wb-0:1613:2197 [0] NCCL INFO Bucket 7949.68-9539.62 Count: 67
tcpxo-wb-0:1613:2197 [0] NCCL INFO Bucket 9539.62-11447.5 Count: 39
tcpxo-wb-0:1613:2197 [0] NCCL INFO Bucket 11447.5-13737.1 Count: 48
tcpxo-wb-0:1613:2197 [0] NCCL INFO Bucket 13737.1-16484.5 Count: 30
tcpxo-wb-0:1613:2197 [0] NCCL INFO Bucket 16484.5-19781.4 Count: 41
tcpxo-wb-0:1613:2197 [0] NCCL INFO Bucket 19781.4-23737.6 Count: 27
tcpxo-wb-0:1613:2197 [0] NCCL INFO Bucket 23737.6-28485.2 Count: 29
tcpxo-wb-0:1613:2197 [0] NCCL INFO Bucket 28485.2-34182.2 Count: 38
tcpxo-wb-0:1613:2197 [0] NCCL INFO Bucket 34182.2-41018.6 Count: 32
tcpxo-wb-0:1613:2197 [0] NCCL INFO Bucket 41018.6-49222.4 Count: 33
tcpxo-wb-0:1613:2197 [0] NCCL INFO Bucket 49222.4-59066.8 Count: 267
tcpxo-wb-0:1613:2197 [0] NCCL INFO request/unpack_num_iovs_distribution:
tcpxo-wb-0:1613:2197 [0] NCCL INFO Bucket 0-2116.47 Count: 0
tcpxo-wb-0:1613:2197 [0] NCCL INFO request/offload_interval_distribution:
tcpxo-wb-0:1613:2197 [0] NCCL INFO Min: 1952
tcpxo-wb-0:1613:2197 [0] NCCL INFO Max: 9.73561e+07
tcpxo-wb-0:1613:2197 [0] NCCL INFO Avg: 159263
tcpxo-wb-0:1613:2197 [0] NCCL INFO Bucket 0-1728 Count: 0
tcpxo-wb-0:1613:2197 [0] NCCL INFO Bucket 1728-2073.6 Count: 2
tcpxo-wb-0:1613:2197 [0] NCCL INFO Bucket 2073.6-2488.32 Count: 12
tcpxo-wb-0:1613:2197 [0] NCCL INFO Bucket 2488.32-2985.98 Count: 64
tcpxo-wb-0:1613:2197 [0] NCCL INFO Bucket 2985.98-3583.18 Count: 127
tcpxo-wb-0:1613:2197 [0] NCCL INFO Bucket 3583.18-4299.82 Count: 138
tcpxo-wb-0:1613:2197 [0] NCCL INFO Bucket 4299.82-5159.78 Count: 132
tcpxo-wb-0:1613:2197 [0] NCCL INFO Bucket 5159.78-6191.74 Count: 85
tcpxo-wb-0:1613:2197 [0] NCCL INFO Bucket 6191.74-7430.08 Count: 42
tcpxo-wb-0:1613:2197 [0] NCCL INFO Bucket 7430.08-8916.1 Count: 15
tcpxo-wb-0:1613:2197 [0] NCCL INFO Bucket 8916.1-10699.3 Count: 25
tcpxo-wb-0:1613:2197 [0] NCCL INFO Bucket 10699.3-12839.2 Count: 65
tcpxo-wb-0:1613:2197 [0] NCCL INFO Bucket 12839.2-15407 Count: 113
tcpxo-wb-0:1613:2197 [0] NCCL INFO Bucket 15407-18488.4 Count: 125
tcpxo-wb-0:1613:2197 [0] NCCL INFO Bucket 18488.4-22186.1 Count: 84
tcpxo-wb-0:1613:2197 [0] NCCL INFO Bucket 22186.1-26623.3 Count: 43
tcpxo-wb-0:1613:2197 [0] NCCL INFO Bucket 26623.3-31948 Count: 26
tcpxo-wb-0:1613:2197 [0] NCCL INFO Bucket 31948-38337.6 Count: 28
tcpxo-wb-0:1613:2197 [0] NCCL INFO Bucket 38337.6-46005.1 Count: 84
tcpxo-wb-0:1613:2197 [0] NCCL INFO Bucket 46005.1-55206.1 Count: 221
tcpxo-wb-0:1613:2197 [0] NCCL INFO Bucket 55206.1-66247.4 Count: 168
tcpxo-wb-0:1613:2197 [0] NCCL INFO Bucket 66247.4-79496.8 Count: 98
tcpxo-wb-0:1613:2197 [0] NCCL INFO Bucket 79496.8-95396.2 Count: 80
tcpxo-wb-0:1613:2197 [0] NCCL INFO Bucket 95396.2-114475 Count: 89
tcpxo-wb-0:1613:2197 [0] NCCL INFO Bucket 114475-137371 Count: 107
tcpxo-wb-0:1613:2197 [0] NCCL INFO Bucket 137371-164845 Count: 110
tcpxo-wb-0:1613:2197 [0] NCCL INFO Bucket 164845-197814 Count: 112
tcpxo-wb-0:1613:2197 [0] NCCL INFO Bucket 197814-237376 Count: 81
tcpxo-wb-0:1613:2197 [0] NCCL INFO Bucket 237376-284852 Count: 64
tcpxo-wb-0:1613:2197 [0] NCCL INFO Bucket 284852-341822 Count: 33
tcpxo-wb-0:1613:2197 [0] NCCL INFO Bucket 341822-410186 Count: 29
tcpxo-wb-0:1613:2197 [0] NCCL INFO Bucket 410186-492224 Count: 30
tcpxo-wb-0:1613:2197 [0] NCCL INFO Bucket 492224-590668 Count: 20
tcpxo-wb-0:1613:2197 [0] NCCL INFO Bucket 590668-708802 Count: 27
tcpxo-wb-0:1613:2197 [0] NCCL INFO Bucket 708802-850562 Count: 26
tcpxo-wb-0:1613:2197 [0] NCCL INFO Bucket 850562-1.02067e+06 Count: 14
tcpxo-wb-0:1613:2197 [0] NCCL INFO Bucket 1.02067e+06-1.22481e+06 Count: 20
tcpxo-wb-0:1613:2197 [0] NCCL INFO Bucket 1.22481e+06-1.46977e+06 Count: 6
tcpxo-wb-0:1613:2197 [0] NCCL INFO Bucket 1.46977e+06-1.76373e+06 Count: 8
tcpxo-wb-0:1613:2197 [0] NCCL INFO Bucket 1.76373e+06-2.53977e+06 Count: 0
tcpxo-wb-0:1613:2197 [0] NCCL INFO Bucket 2.53977e+06-3.04772e+06 Count: 1
tcpxo-wb-0:1613:2197 [0] NCCL INFO Bucket 3.04772e+06-3.65726e+06 Count: 1
tcpxo-wb-0:1613:2197 [0] NCCL INFO Bucket 3.65726e+06-4.38871e+06 Count: 1
tcpxo-wb-0:1613:2197 [0] NCCL INFO Bucket 4.38871e+06-5.26646e+06 Count: 1
tcpxo-wb-0:1613:2197 [0] NCCL INFO Bucket 5.26646e+06-6.31975e+06 Count: 1
tcpxo-wb-0:1613:2197 [0] NCCL INFO Bucket 6.31975e+06-7.5837e+06 Count: 1
tcpxo-wb-0:1613:2197 [0] NCCL INFO Bucket 7.5837e+06-9.10044e+06 Count: 0
tcpxo-wb-0:1613:2197 [0] NCCL INFO Bucket 9.10044e+06-1.09205e+07 Count: 1
tcpxo-wb-0:1613:2197 [0] NCCL INFO NET/FasTrak 2026-08-02T13:09:09.010317598+00:00: DeregMr[netdev=0] CUDA memory for comm 0x7d13540a6dc0 with handle:8653318625366216097 data:0x3200e00000 size:524288.
tcpxo-wb-0:1613:2197 [0] NCCL INFO NET/FasTrak 2026-08-02T13:09:09.011200343+00:00: DeregMr[netdev=0] CUDA memory for comm 0x7d13540a6dc0 with handle:8653318625366212832 data:0x3200e80000 size:4915200.
tcpxo-wb-0:1613:2197 [0] NCCL INFO NET/FasTrak 2026-08-02T13:09:09.012277333+00:00: DeregMr[netdev=0] CUDA memory for comm 0x7d13540a6dc0 with handle:8653318625366213663 data:0x3201330000 size:8388608.
tcpxo-wb-0:1613:2197 [0] NCCL INFO NET/FasTrak 2026-08-02T13:09:09.01348647+00:00: Closing Recv comm 0x7d13540a6dc0
tcpxo-wb-0:1613:2197 [0] NCCL INFO NET/FasTrak 2026-08-02T13:09:09.013492185+00:00: COMM STATS:
tcpxo-wb-0:1613:2197 [0] NCCL INFO request/offload_scheduled: 2560
tcpxo-wb-0:1613:2197 [0] NCCL INFO request/offload_completed: 2560
tcpxo-wb-0:1613:2197 [0] NCCL INFO request/offload_backlog_curr: 0
tcpxo-wb-0:1613:2197 [0] NCCL INFO request/offload_backlog_peak: 7
tcpxo-wb-0:1613:2197 [0] NCCL INFO request/offload_size_distribution:
tcpxo-wb-0:1613:2197 [0] NCCL INFO Min: 65536
tcpxo-wb-0:1613:2197 [0] NCCL INFO Max: 131072
tcpxo-wb-0:1613:2197 [0] NCCL INFO Avg: 129024
tcpxo-wb-0:1613:2197 [0] NCCL INFO Bucket 0-63107.2 Count: 0
tcpxo-wb-0:1613:2197 [0] NCCL INFO Bucket 63107.2-75728.6 Count: 80
tcpxo-wb-0:1613:2197 [0] NCCL INFO Bucket 75728.6-130859 Count: 0
tcpxo-wb-0:1613:2197 [0] NCCL INFO Bucket 130859-157031 Count: 2480
tcpxo-wb-0:1613:2197 [0] NCCL INFO Bucket 157031-2.41938e+06 Count: 0
tcpxo-wb-0:1613:2197 [0] NCCL INFO request/offload_duration_distribution:
tcpxo-wb-0:1613:2197 [0] NCCL INFO Min: 55661
tcpxo-wb-0:1613:2197 [0] NCCL INFO Max: 6.79248e+06
tcpxo-wb-0:1613:2197 [0] NCCL INFO Avg: 478891
tcpxo-wb-0:1613:2197 [0] NCCL INFO Bucket 0-51597.8 Count: 0
tcpxo-wb-0:1613:2197 [0] NCCL INFO Bucket 51597.8-61917.4 Count: 5
tcpxo-wb-0:1613:2197 [0] NCCL INFO Bucket 61917.4-74300.8 Count: 8
tcpxo-wb-0:1613:2197 [0] NCCL INFO Bucket 74300.8-89161 Count: 8
tcpxo-wb-0:1613:2197 [0] NCCL INFO Bucket 89161-106993 Count: 9
tcpxo-wb-0:1613:2197 [0] NCCL INFO Bucket 106993-128392 Count: 21
tcpxo-wb-0:1613:2197 [0] NCCL INFO Bucket 128392-154070 Count: 83
tcpxo-wb-0:1613:2197 [0] NCCL INFO Bucket 154070-184884 Count: 173
tcpxo-wb-0:1613:2197 [0] NCCL INFO Bucket 184884-221861 Count: 276
tcpxo-wb-0:1613:2197 [0] NCCL INFO Bucket 221861-266233 Count: 307
tcpxo-wb-0:1613:2197 [0] NCCL INFO Bucket 266233-319480 Count: 258
tcpxo-wb-0:1613:2197 [0] NCCL INFO Bucket 319480-383376 Count: 204
tcpxo-wb-0:1613:2197 [0] NCCL INFO Bucket 383376-460051 Count: 227
tcpxo-wb-0:1613:2197 [0] NCCL INFO Bucket 460051-552061 Count: 302
tcpxo-wb-0:1613:2197 [0] NCCL INFO Bucket 552061-662474 Count: 191
tcpxo-wb-0:1613:2197 [0] NCCL INFO Bucket 662474-794968 Count: 110
tcpxo-wb-0:1613:2197 [0] NCCL INFO Bucket 794968-953962 Count: 134
tcpxo-wb-0:1613:2197 [0] NCCL INFO Bucket 953962-1.14475e+06 Count: 107
tcpxo-wb-0:1613:2197 [0] NCCL INFO Bucket 1.14475e+06-1.37371e+06 Count: 62
tcpxo-wb-0:1613:2197 [0] NCCL INFO Bucket 1.37371e+06-1.64845e+06 Count: 31
tcpxo-wb-0:1613:2197 [0] NCCL INFO Bucket 1.64845e+06-1.97814e+06 Count: 21
tcpxo-wb-0:1613:2197 [0] NCCL INFO Bucket 1.97814e+06-2.37376e+06 Count: 16
tcpxo-wb-0:1613:2197 [0] NCCL INFO Bucket 2.37376e+06-2.84852e+06 Count: 3
tcpxo-wb-0:1613:2197 [0] NCCL INFO Bucket 2.84852e+06-5.90668e+06 Count: 0
tcpxo-wb-0:1613:2197 [0] NCCL INFO Bucket 5.90668e+06-7.08802e+06 Count: 4
tcpxo-wb-0:1613:2197 [0] NCCL INFO Bucket 7.08802e+06-1.02067e+07 Count: 0
tcpxo-wb-0:1613:2197 [0] NCCL INFO request/unpack_duration_distribution:
tcpxo-wb-0:1613:2197 [0] NCCL INFO Bucket 0-1.09205e+07 Count: 0
tcpxo-wb-0:1613:2197 [0] NCCL INFO request/offload_complete_age_distribution:
tcpxo-wb-0:1613:2197 [0] NCCL INFO Min: 86
tcpxo-wb-0:1613:2197 [0] NCCL INFO Max: 176072
tcpxo-wb-0:1613:2197 [0] NCCL INFO Avg: 9335.81
tcpxo-wb-0:1613:2197 [0] NCCL INFO Bucket 0-100 Count: 24
tcpxo-wb-0:1613:2197 [0] NCCL INFO Bucket 100-120 Count: 38
tcpxo-wb-0:1613:2197 [0] NCCL INFO Bucket 120-144 Count: 6
tcpxo-wb-0:1613:2197 [0] NCCL INFO Bucket 144-172.8 Count: 0
tcpxo-wb-0:1613:2197 [0] NCCL INFO Bucket 172.8-207.36 Count: 2
tcpxo-wb-0:1613:2197 [0] NCCL INFO Bucket 207.36-248.832 Count: 9
tcpxo-wb-0:1613:2197 [0] NCCL INFO Bucket 248.832-298.598 Count: 26
tcpxo-wb-0:1613:2197 [0] NCCL INFO Bucket 298.598-358.318 Count: 14
tcpxo-wb-0:1613:2197 [0] NCCL INFO Bucket 358.318-429.982 Count: 35
tcpxo-wb-0:1613:2197 [0] NCCL INFO Bucket 429.982-515.978 Count: 26
tcpxo-wb-0:1613:2197 [0] NCCL INFO Bucket 515.978-619.174 Count: 25
tcpxo-wb-0:1613:2197 [0] NCCL INFO Bucket 619.174-743.008 Count: 32
tcpxo-wb-0:1613:2197 [0] NCCL INFO Bucket 743.008-891.61 Count: 45
tcpxo-wb-0:1613:2197 [0] NCCL INFO Bucket 891.61-1069.93 Count: 46
tcpxo-wb-0:1613:2197 [0] NCCL INFO Bucket 1069.93-1283.92 Count: 70
tcpxo-wb-0:1613:2197 [0] NCCL INFO Bucket 1283.92-1540.7 Count: 74
tcpxo-wb-0:1613:2197 [0] NCCL INFO Bucket 1540.7-1848.84 Count: 99
tcpxo-wb-0:1613:2197 [0] NCCL INFO Bucket 1848.84-2218.61 Count: 128
tcpxo-wb-0:1613:2197 [0] NCCL INFO Bucket 2218.61-2662.33 Count: 134
tcpxo-wb-0:1613:2197 [0] NCCL INFO Bucket 2662.33-3194.8 Count: 157
tcpxo-wb-0:1613:2197 [0] NCCL INFO Bucket 3194.8-3833.76 Count: 185
tcpxo-wb-0:1613:2197 [0] NCCL INFO Bucket 3833.76-4600.51 Count: 244
tcpxo-wb-0:1613:2197 [0] NCCL INFO Bucket 4600.51-5520.61 Count: 257
tcpxo-wb-0:1613:2197 [0] NCCL INFO Bucket 5520.61-6624.74 Count: 220
tcpxo-wb-0:1613:2197 [0] NCCL INFO Bucket 6624.74-7949.68 Count: 126
tcpxo-wb-0:1613:2197 [0] NCCL INFO Bucket 7949.68-9539.62 Count: 80
tcpxo-wb-0:1613:2197 [0] NCCL INFO Bucket 9539.62-11447.5 Count: 61
tcpxo-wb-0:1613:2197 [0] NCCL INFO Bucket 11447.5-13737.1 Count: 66
tcpxo-wb-0:1613:2197 [0] NCCL INFO Bucket 13737.1-16484.5 Count: 51
tcpxo-wb-0:1613:2197 [0] NCCL INFO Bucket 16484.5-19781.4 Count: 25
tcpxo-wb-0:1613:2197 [0] NCCL INFO Bucket 19781.4-23737.6 Count: 24
tcpxo-wb-0:1613:2197 [0] NCCL INFO Bucket 23737.6-28485.2 Count: 24
tcpxo-wb-0:1613:2197 [0] NCCL INFO Bucket 28485.2-34182.2 Count: 34
tcpxo-wb-0:1613:2197 [0] NCCL INFO Bucket 34182.2-41018.6 Count: 38
tcpxo-wb-0:1613:2197 [0] NCCL INFO Bucket 41018.6-49222.4 Count: 32
tcpxo-wb-0:1613:2197 [0] NCCL INFO Bucket 49222.4-59066.8 Count: 103
tcpxo-wb-0:1613:2197 [0] NCCL INFO request/unpack_num_iovs_distribution:
tcpxo-wb-0:1613:2197 [0] NCCL INFO Bucket 0-2116.47 Count: 0
tcpxo-wb-0:1613:2197 [0] NCCL INFO request/offload_interval_distribution:
tcpxo-wb-0:1613:2197 [0] NCCL INFO Min: 1890
tcpxo-wb-0:1613:2197 [0] NCCL INFO Max: 9.73181e+07
tcpxo-wb-0:1613:2197 [0] NCCL INFO Avg: 159233
tcpxo-wb-0:1613:2197 [0] NCCL INFO Bucket 0-1728 Count: 0
tcpxo-wb-0:1613:2197 [0] NCCL INFO Bucket 1728-2073.6 Count: 2
tcpxo-wb-0:1613:2197 [0] NCCL INFO Bucket 2073.6-2488.32 Count: 3
tcpxo-wb-0:1613:2197 [0] NCCL INFO Bucket 2488.32-2985.98 Count: 49
tcpxo-wb-0:1613:2197 [0] NCCL INFO Bucket 2985.98-3583.18 Count: 69
tcpxo-wb-0:1613:2197 [0] NCCL INFO Bucket 3583.18-4299.82 Count: 80
tcpxo-wb-0:1613:2197 [0] NCCL INFO Bucket 4299.82-5159.78 Count: 63
tcpxo-wb-0:1613:2197 [0] NCCL INFO Bucket 5159.78-6191.74 Count: 99
tcpxo-wb-0:1613:2197 [0] NCCL INFO Bucket 6191.74-7430.08 Count: 105
tcpxo-wb-0:1613:2197 [0] NCCL INFO Bucket 7430.08-8916.1 Count: 93
tcpxo-wb-0:1613:2197 [0] NCCL INFO Bucket 8916.1-10699.3 Count: 51
tcpxo-wb-0:1613:2197 [0] NCCL INFO Bucket 10699.3-12839.2 Count: 49
tcpxo-wb-0:1613:2197 [0] NCCL INFO Bucket 12839.2-15407 Count: 20
tcpxo-wb-0:1613:2197 [0] NCCL INFO Bucket 15407-18488.4 Count: 18
tcpxo-wb-0:1613:2197 [0] NCCL INFO Bucket 18488.4-22186.1 Count: 31
tcpxo-wb-0:1613:2197 [0] NCCL INFO Bucket 22186.1-26623.3 Count: 45
tcpxo-wb-0:1613:2197 [0] NCCL INFO Bucket 26623.3-31948 Count: 71
tcpxo-wb-0:1613:2197 [0] NCCL INFO Bucket 31948-38337.6 Count: 134
tcpxo-wb-0:1613:2197 [0] NCCL INFO Bucket 38337.6-46005.1 Count: 167
tcpxo-wb-0:1613:2197 [0] NCCL INFO Bucket 46005.1-55206.1 Count: 204
tcpxo-wb-0:1613:2197 [0] NCCL INFO Bucket 55206.1-66247.4 Count: 245
tcpxo-wb-0:1613:2197 [0] NCCL INFO Bucket 66247.4-79496.8 Count: 144
tcpxo-wb-0:1613:2197 [0] NCCL INFO Bucket 79496.8-95396.2 Count: 102
tcpxo-wb-0:1613:2197 [0] NCCL INFO Bucket 95396.2-114475 Count: 109
tcpxo-wb-0:1613:2197 [0] NCCL INFO Bucket 114475-137371 Count: 99
tcpxo-wb-0:1613:2197 [0] NCCL INFO Bucket 137371-164845 Count: 91
tcpxo-wb-0:1613:2197 [0] NCCL INFO Bucket 164845-197814 Count: 70
tcpxo-wb-0:1613:2197 [0] NCCL INFO Bucket 197814-237376 Count: 59
tcpxo-wb-0:1613:2197 [0] NCCL INFO Bucket 237376-284852 Count: 49
tcpxo-wb-0:1613:2197 [0] NCCL INFO Bucket 284852-341822 Count: 38
tcpxo-wb-0:1613:2197 [0] NCCL INFO Bucket 341822-410186 Count: 28
tcpxo-wb-0:1613:2197 [0] NCCL INFO Bucket 410186-492224 Count: 43
tcpxo-wb-0:1613:2197 [0] NCCL INFO Bucket 492224-590668 Count: 31
tcpxo-wb-0:1613:2197 [0] NCCL INFO Bucket 590668-708802 Count: 33
tcpxo-wb-0:1613:2197 [0] NCCL INFO Bucket 708802-850562 Count: 17
tcpxo-wb-0:1613:2197 [0] NCCL INFO Bucket 850562-1.02067e+06 Count: 17
tcpxo-wb-0:1613:2197 [0] NCCL INFO Bucket 1.02067e+06-1.22481e+06 Count: 13
tcpxo-wb-0:1613:2197 [0] NCCL INFO Bucket 1.22481e+06-1.46977e+06 Count: 7
tcpxo-wb-0:1613:2197 [0] NCCL INFO Bucket 1.46977e+06-1.76373e+06 Count: 3
tcpxo-wb-0:1613:2197 [0] NCCL INFO Bucket 1.76373e+06-2.11647e+06 Count: 2
tcpxo-wb-0:1613:2197 [0] NCCL INFO Bucket 2.11647e+06-2.53977e+06 Count: 0
tcpxo-wb-0:1613:2197 [0] NCCL INFO Bucket 2.53977e+06-3.04772e+06 Count: 1
tcpxo-wb-0:1613:2197 [0] NCCL INFO Bucket 3.04772e+06-3.65726e+06 Count: 1
tcpxo-wb-0:1613:2197 [0] NCCL INFO Bucket 3.65726e+06-4.38871e+06 Count: 0
tcpxo-wb-0:1613:2197 [0] NCCL INFO Bucket 4.38871e+06-5.26646e+06 Count: 2
tcpxo-wb-0:1613:2197 [0] NCCL INFO Bucket 5.26646e+06-6.31975e+06 Count: 1
tcpxo-wb-0:1613:2197 [0] NCCL INFO Bucket 6.31975e+06-7.5837e+06 Count: 1
tcpxo-wb-0:1613:2197 [0] NCCL INFO Bucket 7.5837e+06-9.10044e+06 Count: 0
tcpxo-wb-0:1613:2197 [0] NCCL INFO Bucket 9.10044e+06-1.09205e+07 Count: 1
tcpxo-wb-0:1613:2197 [0] NCCL INFO NET/FasTrak 2026-08-02T13:09:09.01358265+00:00: DeregMr[netdev=0] CUDA memory for comm 0x7d13540a9f20 with handle:8653318625366214494 data:0x3202000000 size:524288.
tcpxo-wb-0:1613:2197 [0] NCCL INFO NET/FasTrak 2026-08-02T13:09:09.014475654+00:00: DeregMr[netdev=0] CUDA memory for comm 0x7d13540a9f20 with handle:8653318625366215325 data:0x3202080000 size:4915200.
tcpxo-wb-0:1613:2197 [0] NCCL INFO NET/FasTrak 2026-08-02T13:09:09.015506432+00:00: DeregMr[netdev=0] CUDA memory for comm 0x7d13540a9f20 with handle:8653318625366216156 data:0x3202530000 size:8388608.
tcpxo-wb-0:1613:2197 [0] NCCL INFO NET/FasTrak 2026-08-02T13:09:09.016681816+00:00: Closing Recv comm 0x7d13540a9f20
tcpxo-wb-0:1613:2197 [0] NCCL INFO NET/FasTrak 2026-08-02T13:09:09.01668668+00:00: COMM STATS:
tcpxo-wb-0:1613:2197 [0] NCCL INFO request/offload_scheduled: 2560
tcpxo-wb-0:1613:2197 [0] NCCL INFO request/offload_completed: 2560
tcpxo-wb-0:1613:2197 [0] NCCL INFO request/offload_backlog_curr: 0
tcpxo-wb-0:1613:2197 [0] NCCL INFO request/offload_backlog_peak: 7
tcpxo-wb-0:1613:2197 [0] NCCL INFO request/offload_size_distribution:
tcpxo-wb-0:1613:2197 [0] NCCL INFO Min: 65536
tcpxo-wb-0:1613:2197 [0] NCCL INFO Max: 131072
tcpxo-wb-0:1613:2197 [0] NCCL INFO Avg: 129024
tcpxo-wb-0:1613:2197 [0] NCCL INFO Bucket 0-63107.2 Count: 0
tcpxo-wb-0:1613:2197 [0] NCCL INFO Bucket 63107.2-75728.6 Count: 80
tcpxo-wb-0:1613:2197 [0] NCCL INFO Bucket 75728.6-130859 Count: 0
tcpxo-wb-0:1613:2197 [0] NCCL INFO Bucket 130859-157031 Count: 2480
tcpxo-wb-0:1613:2197 [0] NCCL INFO Bucket 157031-2.41938e+06 Count: 0
tcpxo-wb-0:1613:2197 [0] NCCL INFO request/offload_duration_distribution:
tcpxo-wb-0:1613:2197 [0] NCCL INFO Min: 76244
tcpxo-wb-0:1613:2197 [0] NCCL INFO Max: 6.96474e+06
tcpxo-wb-0:1613:2197 [0] NCCL INFO Avg: 770804
tcpxo-wb-0:1613:2197 [0] NCCL INFO Bucket 0-74300.8 Count: 0
tcpxo-wb-0:1613:2197 [0] NCCL INFO Bucket 74300.8-89161 Count: 4
tcpxo-wb-0:1613:2197 [0] NCCL INFO Bucket 89161-106993 Count: 0
tcpxo-wb-0:1613:2197 [0] NCCL INFO Bucket 106993-128392 Count: 4
tcpxo-wb-0:1613:2197 [0] NCCL INFO Bucket 128392-154070 Count: 9
tcpxo-wb-0:1613:2197 [0] NCCL INFO Bucket 154070-184884 Count: 12
tcpxo-wb-0:1613:2197 [0] NCCL INFO Bucket 184884-221861 Count: 50
tcpxo-wb-0:1613:2197 [0] NCCL INFO Bucket 221861-266233 Count: 106
tcpxo-wb-0:1613:2197 [0] NCCL INFO Bucket 266233-319480 Count: 85
tcpxo-wb-0:1613:2197 [0] NCCL INFO Bucket 319480-383376 Count: 138
tcpxo-wb-0:1613:2197 [0] NCCL INFO Bucket 383376-460051 Count: 148
tcpxo-wb-0:1613:2197 [0] NCCL INFO Bucket 460051-552061 Count: 192
tcpxo-wb-0:1613:2197 [0] NCCL INFO Bucket 552061-662474 Count: 311
tcpxo-wb-0:1613:2197 [0] NCCL INFO Bucket 662474-794968 Count: 383
tcpxo-wb-0:1613:2197 [0] NCCL INFO Bucket 794968-953962 Count: 471
tcpxo-wb-0:1613:2197 [0] NCCL INFO Bucket 953962-1.14475e+06 Count: 352
tcpxo-wb-0:1613:2197 [0] NCCL INFO Bucket 1.14475e+06-1.37371e+06 Count: 138
tcpxo-wb-0:1613:2197 [0] NCCL INFO Bucket 1.37371e+06-1.64845e+06 Count: 92
tcpxo-wb-0:1613:2197 [0] NCCL INFO Bucket 1.64845e+06-1.97814e+06 Count: 39
tcpxo-wb-0:1613:2197 [0] NCCL INFO Bucket 1.97814e+06-2.37376e+06 Count: 18
tcpxo-wb-0:1613:2197 [0] NCCL INFO Bucket 2.37376e+06-2.84852e+06 Count: 4
tcpxo-wb-0:1613:2197 [0] NCCL INFO Bucket 2.84852e+06-5.90668e+06 Count: 0
tcpxo-wb-0:1613:2197 [0] NCCL INFO Bucket 5.90668e+06-7.08802e+06 Count: 4
tcpxo-wb-0:1613:2197 [0] NCCL INFO Bucket 7.08802e+06-1.02067e+07 Count: 0
tcpxo-wb-0:1613:2197 [0] NCCL INFO request/unpack_duration_distribution:
tcpxo-wb-0:1613:2197 [0] NCCL INFO Bucket 0-1.09205e+07 Count: 0
tcpxo-wb-0:1613:2197 [0] NCCL INFO request/offload_complete_age_distribution:
tcpxo-wb-0:1613:2197 [0] NCCL INFO Min: 82
tcpxo-wb-0:1613:2197 [0] NCCL INFO Max: 328225
tcpxo-wb-0:1613:2197 [0] NCCL INFO Avg: 17431
tcpxo-wb-0:1613:2197 [0] NCCL INFO Bucket 0-100 Count: 27
tcpxo-wb-0:1613:2197 [0] NCCL INFO Bucket 100-120 Count: 54
tcpxo-wb-0:1613:2197 [0] NCCL INFO Bucket 120-144 Count: 9
tcpxo-wb-0:1613:2197 [0] NCCL INFO Bucket 144-172.8 Count: 1
tcpxo-wb-0:1613:2197 [0] NCCL INFO Bucket 172.8-207.36 Count: 1
tcpxo-wb-0:1613:2197 [0] NCCL INFO Bucket 207.36-248.832 Count: 21
tcpxo-wb-0:1613:2197 [0] NCCL INFO Bucket 248.832-298.598 Count: 41
tcpxo-wb-0:1613:2197 [0] NCCL INFO Bucket 298.598-358.318 Count: 20
tcpxo-wb-0:1613:2197 [0] NCCL INFO Bucket 358.318-429.982 Count: 54
tcpxo-wb-0:1613:2197 [0] NCCL INFO Bucket 429.982-515.978 Count: 22
tcpxo-wb-0:1613:2197 [0] NCCL INFO Bucket 515.978-619.174 Count: 37
tcpxo-wb-0:1613:2197 [0] NCCL INFO Bucket 619.174-743.008 Count: 44
tcpxo-wb-0:1613:2197 [0] NCCL INFO Bucket 743.008-891.61 Count: 56
tcpxo-wb-0:1613:2197 [0] NCCL INFO Bucket 891.61-1069.93 Count: 66
tcpxo-wb-0:1613:2197 [0] NCCL INFO Bucket 1069.93-1283.92 Count: 87
tcpxo-wb-0:1613:2197 [0] NCCL INFO Bucket 1283.92-1540.7 Count: 117
tcpxo-wb-0:1613:2197 [0] NCCL INFO Bucket 1540.7-1848.84 Count: 102
tcpxo-wb-0:1613:2197 [0] NCCL INFO Bucket 1848.84-2218.61 Count: 144
tcpxo-wb-0:1613:2197 [0] NCCL INFO Bucket 2218.61-2662.33 Count: 149
tcpxo-wb-0:1613:2197 [0] NCCL INFO Bucket 2662.33-3194.8 Count: 170
tcpxo-wb-0:1613:2197 [0] NCCL INFO Bucket 3194.8-3833.76 Count: 178
tcpxo-wb-0:1613:2197 [0] NCCL INFO Bucket 3833.76-4600.51 Count: 175
tcpxo-wb-0:1613:2197 [0] NCCL INFO Bucket 4600.51-5520.61 Count: 191
tcpxo-wb-0:1613:2197 [0] NCCL INFO Bucket 5520.61-6624.74 Count: 150
tcpxo-wb-0:1613:2197 [0] NCCL INFO Bucket 6624.74-7949.68 Count: 95
tcpxo-wb-0:1613:2197 [0] NCCL INFO Bucket 7949.68-9539.62 Count: 48
tcpxo-wb-0:1613:2197 [0] NCCL INFO Bucket 9539.62-11447.5 Count: 38
tcpxo-wb-0:1613:2197 [0] NCCL INFO Bucket 11447.5-13737.1 Count: 33
tcpxo-wb-0:1613:2197 [0] NCCL INFO Bucket 13737.1-16484.5 Count: 35
tcpxo-wb-0:1613:2197 [0] NCCL INFO Bucket 16484.5-19781.4 Count: 15
tcpxo-wb-0:1613:2197 [0] NCCL INFO Bucket 19781.4-23737.6 Count: 14
tcpxo-wb-0:1613:2197 [0] NCCL INFO Bucket 23737.6-28485.2 Count: 20
tcpxo-wb-0:1613:2197 [0] NCCL INFO Bucket 28485.2-34182.2 Count: 22
tcpxo-wb-0:1613:2197 [0] NCCL INFO Bucket 34182.2-41018.6 Count: 19
tcpxo-wb-0:1613:2197 [0] NCCL INFO Bucket 41018.6-49222.4 Count: 31
tcpxo-wb-0:1613:2197 [0] NCCL INFO Bucket 49222.4-59066.8 Count: 274
tcpxo-wb-0:1613:2197 [0] NCCL INFO request/unpack_num_iovs_distribution:
tcpxo-wb-0:1613:2197 [0] NCCL INFO Bucket 0-2116.47 Count: 0
tcpxo-wb-0:1613:2197 [0] NCCL INFO request/offload_interval_distribution:
tcpxo-wb-0:1613:2197 [0] NCCL INFO Min: 2079
tcpxo-wb-0:1613:2197 [0] NCCL INFO Max: 9.72813e+07
tcpxo-wb-0:1613:2197 [0] NCCL INFO Avg: 159703
tcpxo-wb-0:1613:2197 [0] NCCL INFO Bucket 0-2073.6 Count: 0
tcpxo-wb-0:1613:2197 [0] NCCL INFO Bucket 2073.6-2488.32 Count: 25
tcpxo-wb-0:1613:2197 [0] NCCL INFO Bucket 2488.32-2985.98 Count: 144
tcpxo-wb-0:1613:2197 [0] NCCL INFO Bucket 2985.98-3583.18 Count: 149
tcpxo-wb-0:1613:2197 [0] NCCL INFO Bucket 3583.18-4299.82 Count: 90
tcpxo-wb-0:1613:2197 [0] NCCL INFO Bucket 4299.82-5159.78 Count: 79
tcpxo-wb-0:1613:2197 [0] NCCL INFO Bucket 5159.78-6191.74 Count: 76
tcpxo-wb-0:1613:2197 [0] NCCL INFO Bucket 6191.74-7430.08 Count: 40
tcpxo-wb-0:1613:2197 [0] NCCL INFO Bucket 7430.08-8916.1 Count: 25
tcpxo-wb-0:1613:2197 [0] NCCL INFO Bucket 8916.1-10699.3 Count: 30
tcpxo-wb-0:1613:2197 [0] NCCL INFO Bucket 10699.3-12839.2 Count: 90
tcpxo-wb-0:1613:2197 [0] NCCL INFO Bucket 12839.2-15407 Count: 122
tcpxo-wb-0:1613:2197 [0] NCCL INFO Bucket 15407-18488.4 Count: 122
tcpxo-wb-0:1613:2197 [0] NCCL INFO Bucket 18488.4-22186.1 Count: 101
tcpxo-wb-0:1613:2197 [0] NCCL INFO Bucket 22186.1-26623.3 Count: 49
tcpxo-wb-0:1613:2197 [0] NCCL INFO Bucket 26623.3-31948 Count: 24
tcpxo-wb-0:1613:2197 [0] NCCL INFO Bucket 31948-38337.6 Count: 35
tcpxo-wb-0:1613:2197 [0] NCCL INFO Bucket 38337.6-46005.1 Count: 67
tcpxo-wb-0:1613:2197 [0] NCCL INFO Bucket 46005.1-55206.1 Count: 96
tcpxo-wb-0:1613:2197 [0] NCCL INFO Bucket 55206.1-66247.4 Count: 73
tcpxo-wb-0:1613:2197 [0] NCCL INFO Bucket 66247.4-79496.8 Count: 74
tcpxo-wb-0:1613:2197 [0] NCCL INFO Bucket 79496.8-95396.2 Count: 86
tcpxo-wb-0:1613:2197 [0] NCCL INFO Bucket 95396.2-114475 Count: 115
tcpxo-wb-0:1613:2197 [0] NCCL INFO Bucket 114475-137371 Count: 139
tcpxo-wb-0:1613:2197 [0] NCCL INFO Bucket 137371-164845 Count: 166
tcpxo-wb-0:1613:2197 [0] NCCL INFO Bucket 164845-197814 Count: 141
tcpxo-wb-0:1613:2197 [0] NCCL INFO Bucket 197814-237376 Count: 112
tcpxo-wb-0:1613:2197 [0] NCCL INFO Bucket 237376-284852 Count: 84
tcpxo-wb-0:1613:2197 [0] NCCL INFO Bucket 284852-341822 Count: 35
tcpxo-wb-0:1613:2197 [0] NCCL INFO Bucket 341822-410186 Count: 40
tcpxo-wb-0:1613:2197 [0] NCCL INFO Bucket 410186-492224 Count: 21
tcpxo-wb-0:1613:2197 [0] NCCL INFO Bucket 492224-590668 Count: 20
tcpxo-wb-0:1613:2197 [0] NCCL INFO Bucket 590668-708802 Count: 27
tcpxo-wb-0:1613:2197 [0] NCCL INFO Bucket 708802-850562 Count: 19
tcpxo-wb-0:1613:2197 [0] NCCL INFO Bucket 850562-1.02067e+06 Count: 9
tcpxo-wb-0:1613:2197 [0] NCCL INFO Bucket 1.02067e+06-1.22481e+06 Count: 20
tcpxo-wb-0:1613:2197 [0] NCCL INFO Bucket 1.22481e+06-1.46977e+06 Count: 5
tcpxo-wb-0:1613:2197 [0] NCCL INFO Bucket 1.46977e+06-1.76373e+06 Count: 3
tcpxo-wb-0:1613:2197 [0] NCCL INFO Bucket 1.76373e+06-2.53977e+06 Count: 0
tcpxo-wb-0:1613:2197 [0] NCCL INFO Bucket 2.53977e+06-3.04772e+06 Count: 1
tcpxo-wb-0:1613:2197 [0] NCCL INFO Bucket 3.04772e+06-3.65726e+06 Count: 1
tcpxo-wb-0:1613:2197 [0] NCCL INFO Bucket 3.65726e+06-4.38871e+06 Count: 1
tcpxo-wb-0:1613:2197 [0] NCCL INFO Bucket 4.38871e+06-5.26646e+06 Count: 1
tcpxo-wb-0:1613:2197 [0] NCCL INFO Bucket 5.26646e+06-6.31975e+06 Count: 1
tcpxo-wb-0:1613:2197 [0] NCCL INFO Bucket 6.31975e+06-7.5837e+06 Count: 1
tcpxo-wb-0:1613:2197 [0] NCCL INFO Bucket 7.5837e+06-9.10044e+06 Count: 0
tcpxo-wb-0:1613:2197 [0] NCCL INFO Bucket 9.10044e+06-1.09205e+07 Count: 1
tcpxo-wb-0:1613:2197 [0] NCCL INFO NET/FasTrak 2026-08-02T13:09:09.01677154+00:00: DeregMr[netdev=0] CUDA memory for comm 0x7d13540ad9c0 with handle:8653318625366212891 data:0x3202e00000 size:524288.
tcpxo-wb-0:1613:2197 [0] NCCL INFO NET/FasTrak 2026-08-02T13:09:09.017657189+00:00: DeregMr[netdev=0] CUDA memory for comm 0x7d13540ad9c0 with handle:8653318625366213722 data:0x3202e80000 size:4915200.
tcpxo-wb-0:1613:2197 [0] NCCL INFO NET/FasTrak 2026-08-02T13:09:09.018866776+00:00: DeregMr[netdev=0] CUDA memory for comm 0x7d13540ad9c0 with handle:8653318625366214553 data:0x3203330000 size:8388608.
tcpxo-wb-0:1613:2197 [0] NCCL INFO NET/FasTrak 2026-08-02T13:09:09.019932504+00:00: Closing Recv comm 0x7d13540ad9c0
tcpxo-wb-0:1613:2197 [0] NCCL INFO NET/FasTrak 2026-08-02T13:09:09.019937909+00:00: COMM STATS:
tcpxo-wb-0:1613:2197 [0] NCCL INFO request/offload_scheduled: 2560
tcpxo-wb-0:1613:2197 [0] NCCL INFO request/offload_completed: 2560
tcpxo-wb-0:1613:2197 [0] NCCL INFO request/offload_backlog_curr: 0
tcpxo-wb-0:1613:2197 [0] NCCL INFO request/offload_backlog_peak: 7
tcpxo-wb-0:1613:2197 [0] NCCL INFO request/offload_size_distribution:
tcpxo-wb-0:1613:2197 [0] NCCL INFO Min: 65536
tcpxo-wb-0:1613:2197 [0] NCCL INFO Max: 131072
tcpxo-wb-0:1613:2197 [0] NCCL INFO Avg: 129024
tcpxo-wb-0:1613:2197 [0] NCCL INFO Bucket 0-63107.2 Count: 0
tcpxo-wb-0:1613:2197 [0] NCCL INFO Bucket 63107.2-75728.6 Count: 80
tcpxo-wb-0:1613:2197 [0] NCCL INFO Bucket 75728.6-130859 Count: 0
tcpxo-wb-0:1613:2197 [0] NCCL INFO Bucket 130859-157031 Count: 2480
tcpxo-wb-0:1613:2197 [0] NCCL INFO Bucket 157031-2.41938e+06 Count: 0
tcpxo-wb-0:1613:2197 [0] NCCL INFO request/offload_duration_distribution:
tcpxo-wb-0:1613:2197 [0] NCCL INFO Min: 66869
tcpxo-wb-0:1613:2197 [0] NCCL INFO Max: 6.85004e+06
tcpxo-wb-0:1613:2197 [0] NCCL INFO Avg: 600240
tcpxo-wb-0:1613:2197 [0] NCCL INFO Bucket 0-61917.4 Count: 0
tcpxo-wb-0:1613:2197 [0] NCCL INFO Bucket 61917.4-74300.8 Count: 1
tcpxo-wb-0:1613:2197 [0] NCCL INFO Bucket 74300.8-89161 Count: 2
tcpxo-wb-0:1613:2197 [0] NCCL INFO Bucket 89161-106993 Count: 5
tcpxo-wb-0:1613:2197 [0] NCCL INFO Bucket 106993-128392 Count: 17
tcpxo-wb-0:1613:2197 [0] NCCL INFO Bucket 128392-154070 Count: 37
tcpxo-wb-0:1613:2197 [0] NCCL INFO Bucket 154070-184884 Count: 92
tcpxo-wb-0:1613:2197 [0] NCCL INFO Bucket 184884-221861 Count: 122
tcpxo-wb-0:1613:2197 [0] NCCL INFO Bucket 221861-266233 Count: 163
tcpxo-wb-0:1613:2197 [0] NCCL INFO Bucket 266233-319480 Count: 207
tcpxo-wb-0:1613:2197 [0] NCCL INFO Bucket 319480-383376 Count: 218
tcpxo-wb-0:1613:2197 [0] NCCL INFO Bucket 383376-460051 Count: 232
tcpxo-wb-0:1613:2197 [0] NCCL INFO Bucket 460051-552061 Count: 281
tcpxo-wb-0:1613:2197 [0] NCCL INFO Bucket 552061-662474 Count: 339
tcpxo-wb-0:1613:2197 [0] NCCL INFO Bucket 662474-794968 Count: 274
tcpxo-wb-0:1613:2197 [0] NCCL INFO Bucket 794968-953962 Count: 186
tcpxo-wb-0:1613:2197 [0] NCCL INFO Bucket 953962-1.14475e+06 Count: 155
tcpxo-wb-0:1613:2197 [0] NCCL INFO Bucket 1.14475e+06-1.37371e+06 Count: 132
tcpxo-wb-0:1613:2197 [0] NCCL INFO Bucket 1.37371e+06-1.64845e+06 Count: 67
tcpxo-wb-0:1613:2197 [0] NCCL INFO Bucket 1.64845e+06-1.97814e+06 Count: 17
tcpxo-wb-0:1613:2197 [0] NCCL INFO Bucket 1.97814e+06-2.37376e+06 Count: 8
tcpxo-wb-0:1613:2197 [0] NCCL INFO Bucket 2.37376e+06-2.84852e+06 Count: 1
tcpxo-wb-0:1613:2197 [0] NCCL INFO Bucket 2.84852e+06-5.90668e+06 Count: 0
tcpxo-wb-0:1613:2197 [0] NCCL INFO Bucket 5.90668e+06-7.08802e+06 Count: 4
tcpxo-wb-0:1613:2197 [0] NCCL INFO Bucket 7.08802e+06-1.02067e+07 Count: 0
tcpxo-wb-0:1613:2197 [0] NCCL INFO request/unpack_duration_distribution:
tcpxo-wb-0:1613:2197 [0] NCCL INFO Bucket 0-1.09205e+07 Count: 0
tcpxo-wb-0:1613:2197 [0] NCCL INFO request/offload_complete_age_distribution:
tcpxo-wb-0:1613:2197 [0] NCCL INFO Min: 91
tcpxo-wb-0:1613:2197 [0] NCCL INFO Max: 566172
tcpxo-wb-0:1613:2197 [0] NCCL INFO Avg: 31315.1
tcpxo-wb-0:1613:2197 [0] NCCL INFO Bucket 0-100 Count: 21
tcpxo-wb-0:1613:2197 [0] NCCL INFO Bucket 100-120 Count: 46
tcpxo-wb-0:1613:2197 [0] NCCL INFO Bucket 120-144 Count: 7
tcpxo-wb-0:1613:2197 [0] NCCL INFO Bucket 144-172.8 Count: 1
tcpxo-wb-0:1613:2197 [0] NCCL INFO Bucket 172.8-207.36 Count: 0
tcpxo-wb-0:1613:2197 [0] NCCL INFO Bucket 207.36-248.832 Count: 11
tcpxo-wb-0:1613:2197 [0] NCCL INFO Bucket 248.832-298.598 Count: 39
tcpxo-wb-0:1613:2197 [0] NCCL INFO Bucket 298.598-358.318 Count: 17
tcpxo-wb-0:1613:2197 [0] NCCL INFO Bucket 358.318-429.982 Count: 30
tcpxo-wb-0:1613:2197 [0] NCCL INFO Bucket 429.982-515.978 Count: 16
tcpxo-wb-0:1613:2197 [0] NCCL INFO Bucket 515.978-619.174 Count: 31
tcpxo-wb-0:1613:2197 [0] NCCL INFO Bucket 619.174-743.008 Count: 31
tcpxo-wb-0:1613:2197 [0] NCCL INFO Bucket 743.008-891.61 Count: 33
tcpxo-wb-0:1613:2197 [0] NCCL INFO Bucket 891.61-1069.93 Count: 49
tcpxo-wb-0:1613:2197 [0] NCCL INFO Bucket 1069.93-1283.92 Count: 52
tcpxo-wb-0:1613:2197 [0] NCCL INFO Bucket 1283.92-1540.7 Count: 71
tcpxo-wb-0:1613:2197 [0] NCCL INFO Bucket 1540.7-1848.84 Count: 104
tcpxo-wb-0:1613:2197 [0] NCCL INFO Bucket 1848.84-2218.61 Count: 117
tcpxo-wb-0:1613:2197 [0] NCCL INFO Bucket 2218.61-2662.33 Count: 127
tcpxo-wb-0:1613:2197 [0] NCCL INFO Bucket 2662.33-3194.8 Count: 166
tcpxo-wb-0:1613:2197 [0] NCCL INFO Bucket 3194.8-3833.76 Count: 181
tcpxo-wb-0:1613:2197 [0] NCCL INFO Bucket 3833.76-4600.51 Count: 198
tcpxo-wb-0:1613:2197 [0] NCCL INFO Bucket 4600.51-5520.61 Count: 180
tcpxo-wb-0:1613:2197 [0] NCCL INFO Bucket 5520.61-6624.74 Count: 190
tcpxo-wb-0:1613:2197 [0] NCCL INFO Bucket 6624.74-7949.68 Count: 121
tcpxo-wb-0:1613:2197 [0] NCCL INFO Bucket 7949.68-9539.62 Count: 62
tcpxo-wb-0:1613:2197 [0] NCCL INFO Bucket 9539.62-11447.5 Count: 44
tcpxo-wb-0:1613:2197 [0] NCCL INFO Bucket 11447.5-13737.1 Count: 44
tcpxo-wb-0:1613:2197 [0] NCCL INFO Bucket 13737.1-16484.5 Count: 41
tcpxo-wb-0:1613:2197 [0] NCCL INFO Bucket 16484.5-19781.4 Count: 20
tcpxo-wb-0:1613:2197 [0] NCCL INFO Bucket 19781.4-23737.6 Count: 16
tcpxo-wb-0:1613:2197 [0] NCCL INFO Bucket 23737.6-28485.2 Count: 14
tcpxo-wb-0:1613:2197 [0] NCCL INFO Bucket 28485.2-34182.2 Count: 21
tcpxo-wb-0:1613:2197 [0] NCCL INFO Bucket 34182.2-41018.6 Count: 26
tcpxo-wb-0:1613:2197 [0] NCCL INFO Bucket 41018.6-49222.4 Count: 28
tcpxo-wb-0:1613:2197 [0] NCCL INFO Bucket 49222.4-59066.8 Count: 405
tcpxo-wb-0:1613:2197 [0] NCCL INFO request/unpack_num_iovs_distribution:
tcpxo-wb-0:1613:2197 [0] NCCL INFO Bucket 0-2116.47 Count: 0
tcpxo-wb-0:1613:2197 [0] NCCL INFO request/offload_interval_distribution:
tcpxo-wb-0:1613:2197 [0] NCCL INFO Min: 2612
tcpxo-wb-0:1613:2197 [0] NCCL INFO Max: 9.72335e+07
tcpxo-wb-0:1613:2197 [0] NCCL INFO Avg: 159292
tcpxo-wb-0:1613:2197 [0] NCCL INFO Bucket 0-2488.32 Count: 0
tcpxo-wb-0:1613:2197 [0] NCCL INFO Bucket 2488.32-2985.98 Count: 10
tcpxo-wb-0:1613:2197 [0] NCCL INFO Bucket 2985.98-3583.18 Count: 30
tcpxo-wb-0:1613:2197 [0] NCCL INFO Bucket 3583.18-4299.82 Count: 61
tcpxo-wb-0:1613:2197 [0] NCCL INFO Bucket 4299.82-5159.78 Count: 107
tcpxo-wb-0:1613:2197 [0] NCCL INFO Bucket 5159.78-6191.74 Count: 147
tcpxo-wb-0:1613:2197 [0] NCCL INFO Bucket 6191.74-7430.08 Count: 130
tcpxo-wb-0:1613:2197 [0] NCCL INFO Bucket 7430.08-8916.1 Count: 86
tcpxo-wb-0:1613:2197 [0] NCCL INFO Bucket 8916.1-10699.3 Count: 54
tcpxo-wb-0:1613:2197 [0] NCCL INFO Bucket 10699.3-12839.2 Count: 45
tcpxo-wb-0:1613:2197 [0] NCCL INFO Bucket 12839.2-15407 Count: 23
tcpxo-wb-0:1613:2197 [0] NCCL INFO Bucket 15407-18488.4 Count: 27
tcpxo-wb-0:1613:2197 [0] NCCL INFO Bucket 18488.4-22186.1 Count: 46
tcpxo-wb-0:1613:2197 [0] NCCL INFO Bucket 22186.1-26623.3 Count: 61
tcpxo-wb-0:1613:2197 [0] NCCL INFO Bucket 26623.3-31948 Count: 93
tcpxo-wb-0:1613:2197 [0] NCCL INFO Bucket 31948-38337.6 Count: 138
tcpxo-wb-0:1613:2197 [0] NCCL INFO Bucket 38337.6-46005.1 Count: 190
tcpxo-wb-0:1613:2197 [0] NCCL INFO Bucket 46005.1-55206.1 Count: 174
tcpxo-wb-0:1613:2197 [0] NCCL INFO Bucket 55206.1-66247.4 Count: 146
tcpxo-wb-0:1613:2197 [0] NCCL INFO Bucket 66247.4-79496.8 Count: 124
tcpxo-wb-0:1613:2197 [0] NCCL INFO Bucket 79496.8-95396.2 Count: 117
tcpxo-wb-0:1613:2197 [0] NCCL INFO Bucket 95396.2-114475 Count: 107
tcpxo-wb-0:1613:2197 [0] NCCL INFO Bucket 114475-137371 Count: 124
tcpxo-wb-0:1613:2197 [0] NCCL INFO Bucket 137371-164845 Count: 120
tcpxo-wb-0:1613:2197 [0] NCCL INFO Bucket 164845-197814 Count: 95
tcpxo-wb-0:1613:2197 [0] NCCL INFO Bucket 197814-237376 Count: 67
tcpxo-wb-0:1613:2197 [0] NCCL INFO Bucket 237376-284852 Count: 38
tcpxo-wb-0:1613:2197 [0] NCCL INFO Bucket 284852-341822 Count: 16
tcpxo-wb-0:1613:2197 [0] NCCL INFO Bucket 341822-410186 Count: 16
tcpxo-wb-0:1613:2197 [0] NCCL INFO Bucket 410186-492224 Count: 28
tcpxo-wb-0:1613:2197 [0] NCCL INFO Bucket 492224-590668 Count: 21
tcpxo-wb-0:1613:2197 [0] NCCL INFO Bucket 590668-708802 Count: 36
tcpxo-wb-0:1613:2197 [0] NCCL INFO Bucket 708802-850562 Count: 17
tcpxo-wb-0:1613:2197 [0] NCCL INFO Bucket 850562-1.02067e+06 Count: 29
tcpxo-wb-0:1613:2197 [0] NCCL INFO Bucket 1.02067e+06-1.22481e+06 Count: 16
tcpxo-wb-0:1613:2197 [0] NCCL INFO Bucket 1.22481e+06-1.46977e+06 Count: 9
tcpxo-wb-0:1613:2197 [0] NCCL INFO Bucket 1.46977e+06-1.76373e+06 Count: 4
tcpxo-wb-0:1613:2197 [0] NCCL INFO Bucket 1.76373e+06-2.11647e+06 Count: 1
tcpxo-wb-0:1613:2197 [0] NCCL INFO Bucket 2.11647e+06-2.53977e+06 Count: 0
tcpxo-wb-0:1613:2197 [0] NCCL INFO Bucket 2.53977e+06-3.04772e+06 Count: 1
tcpxo-wb-0:1613:2197 [0] NCCL INFO Bucket 3.04772e+06-3.65726e+06 Count: 1
tcpxo-wb-0:1613:2197 [0] NCCL INFO Bucket 3.65726e+06-4.38871e+06 Count: 0
tcpxo-wb-0:1613:2197 [0] NCCL INFO Bucket 4.38871e+06-5.26646e+06 Count: 2
tcpxo-wb-0:1613:2197 [0] NCCL INFO Bucket 5.26646e+06-6.31975e+06 Count: 1
tcpxo-wb-0:1613:2197 [0] NCCL INFO Bucket 6.31975e+06-7.5837e+06 Count: 1
tcpxo-wb-0:1613:2197 [0] NCCL INFO Bucket 7.5837e+06-9.10044e+06 Count: 0
tcpxo-wb-0:1613:2197 [0] NCCL INFO Bucket 9.10044e+06-1.09205e+07 Count: 1
tcpxo-wb-0:1613:2197 [0] NCCL INFO NET/FasTrak 2026-08-02T13:09:09.020022148+00:00: DeregMr[netdev=0] CUDA memory for comm 0x7d13540b0ee0 with handle:8653318625366215384 data:0x3204000000 size:524288.
tcpxo-wb-0:1613:2197 [0] NCCL INFO NET/FasTrak 2026-08-02T13:09:09.020883349+00:00: DeregMr[netdev=0] CUDA memory for comm 0x7d13540b0ee0 with handle:8653318625366216215 data:0x3204080000 size:4915200.
tcpxo-wb-0:1613:2197 [0] NCCL INFO NET/FasTrak 2026-08-02T13:09:09.021958863+00:00: DeregMr[netdev=0] CUDA memory for comm 0x7d13540b0ee0 with handle:8653318625366212950 data:0x3204530000 size:8388608.
tcpxo-wb-0:1613:2197 [0] NCCL INFO NET/FasTrak 2026-08-02T13:09:09.023284926+00:00: Closing Recv comm 0x7d13540b0ee0
tcpxo-wb-0:1613:2197 [0] NCCL INFO NET/FasTrak 2026-08-02T13:09:09.023290241+00:00: COMM STATS:
tcpxo-wb-0:1613:2197 [0] NCCL INFO request/offload_scheduled: 2560
tcpxo-wb-0:1613:2197 [0] NCCL INFO request/offload_completed: 2560
tcpxo-wb-0:1613:2197 [0] NCCL INFO request/offload_backlog_curr: 0
tcpxo-wb-0:1613:2197 [0] NCCL INFO request/offload_backlog_peak: 7
tcpxo-wb-0:1613:2197 [0] NCCL INFO request/offload_size_distribution:
tcpxo-wb-0:1613:2197 [0] NCCL INFO Min: 65536
tcpxo-wb-0:1613:2197 [0] NCCL INFO Max: 131072
tcpxo-wb-0:1613:2197 [0] NCCL INFO Avg: 129024
tcpxo-wb-0:1613:2197 [0] NCCL INFO Bucket 0-63107.2 Count: 0
tcpxo-wb-0:1613:2197 [0] NCCL INFO Bucket 63107.2-75728.6 Count: 80
tcpxo-wb-0:1613:2197 [0] NCCL INFO Bucket 75728.6-130859 Count: 0
tcpxo-wb-0:1613:2197 [0] NCCL INFO Bucket 130859-157031 Count: 2480
tcpxo-wb-0:1613:2197 [0] NCCL INFO Bucket 157031-2.41938e+06 Count: 0
tcpxo-wb-0:1613:2197 [0] NCCL INFO request/offload_duration_distribution:
tcpxo-wb-0:1613:2197 [0] NCCL INFO Min: 61267
tcpxo-wb-0:1613:2197 [0] NCCL INFO Max: 6.96467e+06
tcpxo-wb-0:1613:2197 [0] NCCL INFO Avg: 774296
tcpxo-wb-0:1613:2197 [0] NCCL INFO Bucket 0-51597.8 Count: 0
tcpxo-wb-0:1613:2197 [0] NCCL INFO Bucket 51597.8-61917.4 Count: 2
tcpxo-wb-0:1613:2197 [0] NCCL INFO Bucket 61917.4-74300.8 Count: 4
tcpxo-wb-0:1613:2197 [0] NCCL INFO Bucket 74300.8-89161 Count: 4
tcpxo-wb-0:1613:2197 [0] NCCL INFO Bucket 89161-106993 Count: 13
tcpxo-wb-0:1613:2197 [0] NCCL INFO Bucket 106993-128392 Count: 19
tcpxo-wb-0:1613:2197 [0] NCCL INFO Bucket 128392-154070 Count: 31
tcpxo-wb-0:1613:2197 [0] NCCL INFO Bucket 154070-184884 Count: 22
tcpxo-wb-0:1613:2197 [0] NCCL INFO Bucket 184884-221861 Count: 31
tcpxo-wb-0:1613:2197 [0] NCCL INFO Bucket 221861-266233 Count: 46
tcpxo-wb-0:1613:2197 [0] NCCL INFO Bucket 266233-319480 Count: 82
tcpxo-wb-0:1613:2197 [0] NCCL INFO Bucket 319480-383376 Count: 136
tcpxo-wb-0:1613:2197 [0] NCCL INFO Bucket 383376-460051 Count: 178
tcpxo-wb-0:1613:2197 [0] NCCL INFO Bucket 460051-552061 Count: 214
tcpxo-wb-0:1613:2197 [0] NCCL INFO Bucket 552061-662474 Count: 320
tcpxo-wb-0:1613:2197 [0] NCCL INFO Bucket 662474-794968 Count: 363
tcpxo-wb-0:1613:2197 [0] NCCL INFO Bucket 794968-953962 Count: 429
tcpxo-wb-0:1613:2197 [0] NCCL INFO Bucket 953962-1.14475e+06 Count: 307
tcpxo-wb-0:1613:2197 [0] NCCL INFO Bucket 1.14475e+06-1.37371e+06 Count: 159
tcpxo-wb-0:1613:2197 [0] NCCL INFO Bucket 1.37371e+06-1.64845e+06 Count: 129
tcpxo-wb-0:1613:2197 [0] NCCL INFO Bucket 1.64845e+06-1.97814e+06 Count: 48
tcpxo-wb-0:1613:2197 [0] NCCL INFO Bucket 1.97814e+06-2.37376e+06 Count: 13
tcpxo-wb-0:1613:2197 [0] NCCL INFO Bucket 2.37376e+06-2.84852e+06 Count: 6
tcpxo-wb-0:1613:2197 [0] NCCL INFO Bucket 2.84852e+06-5.90668e+06 Count: 0
tcpxo-wb-0:1613:2197 [0] NCCL INFO Bucket 5.90668e+06-7.08802e+06 Count: 4
tcpxo-wb-0:1613:2197 [0] NCCL INFO Bucket 7.08802e+06-1.02067e+07 Count: 0
tcpxo-wb-0:1613:2197 [0] NCCL INFO request/unpack_duration_distribution:
tcpxo-wb-0:1613:2197 [0] NCCL INFO Bucket 0-1.09205e+07 Count: 0
tcpxo-wb-0:1613:2197 [0] NCCL INFO request/offload_complete_age_distribution:
tcpxo-wb-0:1613:2197 [0] NCCL INFO Min: 82
tcpxo-wb-0:1613:2197 [0] NCCL INFO Max: 877548
tcpxo-wb-0:1613:2197 [0] NCCL INFO Avg: 93310.8
tcpxo-wb-0:1613:2197 [0] NCCL INFO Bucket 0-100 Count: 28
tcpxo-wb-0:1613:2197 [0] NCCL INFO Bucket 100-120 Count: 37
tcpxo-wb-0:1613:2197 [0] NCCL INFO Bucket 120-144 Count: 2
tcpxo-wb-0:1613:2197 [0] NCCL INFO Bucket 144-172.8 Count: 0
tcpxo-wb-0:1613:2197 [0] NCCL INFO Bucket 172.8-207.36 Count: 1
tcpxo-wb-0:1613:2197 [0] NCCL INFO Bucket 207.36-248.832 Count: 13
tcpxo-wb-0:1613:2197 [0] NCCL INFO Bucket 248.832-298.598 Count: 41
tcpxo-wb-0:1613:2197 [0] NCCL INFO Bucket 298.598-358.318 Count: 6
tcpxo-wb-0:1613:2197 [0] NCCL INFO Bucket 358.318-429.982 Count: 36
tcpxo-wb-0:1613:2197 [0] NCCL INFO Bucket 429.982-515.978 Count: 24
tcpxo-wb-0:1613:2197 [0] NCCL INFO Bucket 515.978-619.174 Count: 26
tcpxo-wb-0:1613:2197 [0] NCCL INFO Bucket 619.174-743.008 Count: 44
tcpxo-wb-0:1613:2197 [0] NCCL INFO Bucket 743.008-891.61 Count: 30
tcpxo-wb-0:1613:2197 [0] NCCL INFO Bucket 891.61-1069.93 Count: 53
tcpxo-wb-0:1613:2197 [0] NCCL INFO Bucket 1069.93-1283.92 Count: 59
tcpxo-wb-0:1613:2197 [0] NCCL INFO Bucket 1283.92-1540.7 Count: 82
tcpxo-wb-0:1613:2197 [0] NCCL INFO Bucket 1540.7-1848.84 Count: 85
tcpxo-wb-0:1613:2197 [0] NCCL INFO Bucket 1848.84-2218.61 Count: 119
tcpxo-wb-0:1613:2197 [0] NCCL INFO Bucket 2218.61-2662.33 Count: 95
tcpxo-wb-0:1613:2197 [0] NCCL INFO Bucket 2662.33-3194.8 Count: 141
tcpxo-wb-0:1613:2197 [0] NCCL INFO Bucket 3194.8-3833.76 Count: 128
tcpxo-wb-0:1613:2197 [0] NCCL INFO Bucket 3833.76-4600.51 Count: 162
tcpxo-wb-0:1613:2197 [0] NCCL INFO Bucket 4600.51-5520.61 Count: 157
tcpxo-wb-0:1613:2197 [0] NCCL INFO Bucket 5520.61-6624.74 Count: 147
tcpxo-wb-0:1613:2197 [0] NCCL INFO Bucket 6624.74-7949.68 Count: 100
tcpxo-wb-0:1613:2197 [0] NCCL INFO Bucket 7949.68-9539.62 Count: 37
tcpxo-wb-0:1613:2197 [0] NCCL INFO Bucket 9539.62-11447.5 Count: 28
tcpxo-wb-0:1613:2197 [0] NCCL INFO Bucket 11447.5-13737.1 Count: 17
tcpxo-wb-0:1613:2197 [0] NCCL INFO Bucket 13737.1-16484.5 Count: 17
tcpxo-wb-0:1613:2197 [0] NCCL INFO Bucket 16484.5-19781.4 Count: 14
tcpxo-wb-0:1613:2197 [0] NCCL INFO Bucket 19781.4-23737.6 Count: 11
tcpxo-wb-0:1613:2197 [0] NCCL INFO Bucket 23737.6-28485.2 Count: 10
tcpxo-wb-0:1613:2197 [0] NCCL INFO Bucket 28485.2-34182.2 Count: 10
tcpxo-wb-0:1613:2197 [0] NCCL INFO Bucket 34182.2-41018.6 Count: 18
tcpxo-wb-0:1613:2197 [0] NCCL INFO Bucket 41018.6-49222.4 Count: 11
tcpxo-wb-0:1613:2197 [0] NCCL INFO Bucket 49222.4-59066.8 Count: 771
tcpxo-wb-0:1613:2197 [0] NCCL INFO request/unpack_num_iovs_distribution:
tcpxo-wb-0:1613:2197 [0] NCCL INFO Bucket 0-2116.47 Count: 0
tcpxo-wb-0:1613:2197 [0] NCCL INFO request/offload_interval_distribution:
tcpxo-wb-0:1613:2197 [0] NCCL INFO Min: 2268
tcpxo-wb-0:1613:2197 [0] NCCL INFO Max: 9.71844e+07
tcpxo-wb-0:1613:2197 [0] NCCL INFO Avg: 159664
tcpxo-wb-0:1613:2197 [0] NCCL INFO Bucket 0-2073.6 Count: 0
tcpxo-wb-0:1613:2197 [0] NCCL INFO Bucket 2073.6-2488.32 Count: 10
tcpxo-wb-0:1613:2197 [0] NCCL INFO Bucket 2488.32-2985.98 Count: 109
tcpxo-wb-0:1613:2197 [0] NCCL INFO Bucket 2985.98-3583.18 Count: 127
tcpxo-wb-0:1613:2197 [0] NCCL INFO Bucket 3583.18-4299.82 Count: 129
tcpxo-wb-0:1613:2197 [0] NCCL INFO Bucket 4299.82-5159.78 Count: 117
tcpxo-wb-0:1613:2197 [0] NCCL INFO Bucket 5159.78-6191.74 Count: 72
tcpxo-wb-0:1613:2197 [0] NCCL INFO Bucket 6191.74-7430.08 Count: 46
tcpxo-wb-0:1613:2197 [0] NCCL INFO Bucket 7430.08-8916.1 Count: 26
tcpxo-wb-0:1613:2197 [0] NCCL INFO Bucket 8916.1-10699.3 Count: 35
tcpxo-wb-0:1613:2197 [0] NCCL INFO Bucket 10699.3-12839.2 Count: 102
tcpxo-wb-0:1613:2197 [0] NCCL INFO Bucket 12839.2-15407 Count: 222
tcpxo-wb-0:1613:2197 [0] NCCL INFO Bucket 15407-18488.4 Count: 204
tcpxo-wb-0:1613:2197 [0] NCCL INFO Bucket 18488.4-22186.1 Count: 142
tcpxo-wb-0:1613:2197 [0] NCCL INFO Bucket 22186.1-26623.3 Count: 64
tcpxo-wb-0:1613:2197 [0] NCCL INFO Bucket 26623.3-31948 Count: 24
tcpxo-wb-0:1613:2197 [0] NCCL INFO Bucket 31948-38337.6 Count: 17
tcpxo-wb-0:1613:2197 [0] NCCL INFO Bucket 38337.6-46005.1 Count: 36
tcpxo-wb-0:1613:2197 [0] NCCL INFO Bucket 46005.1-55206.1 Count: 51
tcpxo-wb-0:1613:2197 [0] NCCL INFO Bucket 55206.1-66247.4 Count: 53
tcpxo-wb-0:1613:2197 [0] NCCL INFO Bucket 66247.4-79496.8 Count: 56
tcpxo-wb-0:1613:2197 [0] NCCL INFO Bucket 79496.8-95396.2 Count: 61
tcpxo-wb-0:1613:2197 [0] NCCL INFO Bucket 95396.2-114475 Count: 80
tcpxo-wb-0:1613:2197 [0] NCCL INFO Bucket 114475-137371 Count: 87
tcpxo-wb-0:1613:2197 [0] NCCL INFO Bucket 137371-164845 Count: 106
tcpxo-wb-0:1613:2197 [0] NCCL INFO Bucket 164845-197814 Count: 106
tcpxo-wb-0:1613:2197 [0] NCCL INFO Bucket 197814-237376 Count: 96
tcpxo-wb-0:1613:2197 [0] NCCL INFO Bucket 237376-284852 Count: 100
tcpxo-wb-0:1613:2197 [0] NCCL INFO Bucket 284852-341822 Count: 72
tcpxo-wb-0:1613:2197 [0] NCCL INFO Bucket 341822-410186 Count: 64
tcpxo-wb-0:1613:2197 [0] NCCL INFO Bucket 410186-492224 Count: 31
tcpxo-wb-0:1613:2197 [0] NCCL INFO Bucket 492224-590668 Count: 11
tcpxo-wb-0:1613:2197 [0] NCCL INFO Bucket 590668-708802 Count: 34
tcpxo-wb-0:1613:2197 [0] NCCL INFO Bucket 708802-850562 Count: 21
tcpxo-wb-0:1613:2197 [0] NCCL INFO Bucket 850562-1.02067e+06 Count: 17
tcpxo-wb-0:1613:2197 [0] NCCL INFO Bucket 1.02067e+06-1.22481e+06 Count: 19
tcpxo-wb-0:1613:2197 [0] NCCL INFO Bucket 1.22481e+06-1.46977e+06 Count: 3
tcpxo-wb-0:1613:2197 [0] NCCL INFO Bucket 1.46977e+06-1.76373e+06 Count: 3
tcpxo-wb-0:1613:2197 [0] NCCL INFO Bucket 1.76373e+06-2.53977e+06 Count: 0
tcpxo-wb-0:1613:2197 [0] NCCL INFO Bucket 2.53977e+06-3.04772e+06 Count: 1
tcpxo-wb-0:1613:2197 [0] NCCL INFO Bucket 3.04772e+06-3.65726e+06 Count: 1
tcpxo-wb-0:1613:2197 [0] NCCL INFO Bucket 3.65726e+06-4.38871e+06 Count: 1
tcpxo-wb-0:1613:2197 [0] NCCL INFO Bucket 4.38871e+06-5.26646e+06 Count: 2
tcpxo-wb-0:1613:2197 [0] NCCL INFO Bucket 5.26646e+06-6.31975e+06 Count: 0
tcpxo-wb-0:1613:2197 [0] NCCL INFO Bucket 6.31975e+06-7.5837e+06 Count: 1
tcpxo-wb-0:1613:2197 [0] NCCL INFO Bucket 7.5837e+06-9.10044e+06 Count: 0
tcpxo-wb-0:1613:2197 [0] NCCL INFO Bucket 9.10044e+06-1.09205e+07 Count: 1
tcpxo-wb-0:1613:2197 [0] NCCL INFO NET/FasTrak 2026-08-02T13:09:09.023383126+00:00: DeregMr host memory for 0x7d1354083710 data:0x31d7e82000 size:524288.
tcpxo-wb-0:1613:2197 [0] NCCL INFO NET/FasTrak 2026-08-02T13:09:09.023386728+00:00: DeregMr[netdev=0] CUDA memory for comm 0x7d1354083710 with handle:8653318625366212955 data:0x7d1384000000 size:4915200.
tcpxo-wb-0:1613:2197 [0] NCCL INFO NET/FasTrak 2026-08-02T13:09:09.024109498+00:00: DeregMr[netdev=0] CUDA memory for comm 0x7d1354083710 with handle:8653318625366213786 data:0x7d13844b0000 size:8388608.
tcpxo-wb-0:1613:2197 [0] NCCL INFO NET/FasTrak 2026-08-02T13:09:09.02535742+00:00: Closing Send comm 0x7d1354083710
tcpxo-wb-0:1613:2197 [0] NCCL INFO NET/FasTrak 2026-08-02T13:09:09.025362764+00:00: COMM STATS:
tcpxo-wb-0:1613:2197 [0] NCCL INFO request/offload_scheduled: 2560
tcpxo-wb-0:1613:2197 [0] NCCL INFO request/offload_completed: 2560
tcpxo-wb-0:1613:2197 [0] NCCL INFO request/offload_backlog_curr: 0
tcpxo-wb-0:1613:2197 [0] NCCL INFO request/offload_backlog_peak: 7
tcpxo-wb-0:1613:2197 [0] NCCL INFO request/offload_size_distribution:
tcpxo-wb-0:1613:2197 [0] NCCL INFO Min: 65536
tcpxo-wb-0:1613:2197 [0] NCCL INFO Max: 131072
tcpxo-wb-0:1613:2197 [0] NCCL INFO Avg: 129024
tcpxo-wb-0:1613:2197 [0] NCCL INFO Bucket 0-63107.2 Count: 0
tcpxo-wb-0:1613:2197 [0] NCCL INFO Bucket 63107.2-75728.6 Count: 80
tcpxo-wb-0:1613:2197 [0] NCCL INFO Bucket 75728.6-130859 Count: 0
tcpxo-wb-0:1613:2197 [0] NCCL INFO Bucket 130859-157031 Count: 2480
tcpxo-wb-0:1613:2197 [0] NCCL INFO Bucket 157031-2.41938e+06 Count: 0
tcpxo-wb-0:1613:2197 [0] NCCL INFO request/offload_duration_distribution:
tcpxo-wb-0:1613:2197 [0] NCCL INFO Min: 38680
tcpxo-wb-0:1613:2197 [0] NCCL INFO Max: 999770
tcpxo-wb-0:1613:2197 [0] NCCL INFO Avg: 425812
tcpxo-wb-0:1613:2197 [0] NCCL INFO Bucket 0-35831.8 Count: 0
tcpxo-wb-0:1613:2197 [0] NCCL INFO Bucket 35831.8-42998.2 Count: 8
tcpxo-wb-0:1613:2197 [0] NCCL INFO Bucket 42998.2-51597.8 Count: 26
tcpxo-wb-0:1613:2197 [0] NCCL INFO Bucket 51597.8-61917.4 Count: 54
tcpxo-wb-0:1613:2197 [0] NCCL INFO Bucket 61917.4-74300.8 Count: 83
tcpxo-wb-0:1613:2197 [0] NCCL INFO Bucket 74300.8-89161 Count: 123
tcpxo-wb-0:1613:2197 [0] NCCL INFO Bucket 89161-106993 Count: 69
tcpxo-wb-0:1613:2197 [0] NCCL INFO Bucket 106993-128392 Count: 65
tcpxo-wb-0:1613:2197 [0] NCCL INFO Bucket 128392-154070 Count: 33
tcpxo-wb-0:1613:2197 [0] NCCL INFO Bucket 154070-184884 Count: 42
tcpxo-wb-0:1613:2197 [0] NCCL INFO Bucket 184884-221861 Count: 40
tcpxo-wb-0:1613:2197 [0] NCCL INFO Bucket 221861-266233 Count: 78
tcpxo-wb-0:1613:2197 [0] NCCL INFO Bucket 266233-319480 Count: 113
tcpxo-wb-0:1613:2197 [0] NCCL INFO Bucket 319480-383376 Count: 229
tcpxo-wb-0:1613:2197 [0] NCCL INFO Bucket 383376-460051 Count: 319
tcpxo-wb-0:1613:2197 [0] NCCL INFO Bucket 460051-552061 Count: 509
tcpxo-wb-0:1613:2197 [0] NCCL INFO Bucket 552061-662474 Count: 427
tcpxo-wb-0:1613:2197 [0] NCCL INFO Bucket 662474-794968 Count: 284
tcpxo-wb-0:1613:2197 [0] NCCL INFO Bucket 794968-953962 Count: 55
tcpxo-wb-0:1613:2197 [0] NCCL INFO Bucket 953962-1.14475e+06 Count: 3
tcpxo-wb-0:1613:2197 [0] NCCL INFO Bucket 1.14475e+06-1.02067e+07 Count: 0
tcpxo-wb-0:1613:2197 [0] NCCL INFO request/unpack_duration_distribution:
tcpxo-wb-0:1613:2197 [0] NCCL INFO Bucket 0-1.09205e+07 Count: 0
tcpxo-wb-0:1613:2197 [0] NCCL INFO request/offload_complete_age_distribution:
tcpxo-wb-0:1613:2197 [0] NCCL INFO Min: 77
tcpxo-wb-0:1613:2197 [0] NCCL INFO Max: 489980
tcpxo-wb-0:1613:2197 [0] NCCL INFO Avg: 41001.2
tcpxo-wb-0:1613:2197 [0] NCCL INFO Bucket 0-100 Count: 33
tcpxo-wb-0:1613:2197 [0] NCCL INFO Bucket 100-120 Count: 19
tcpxo-wb-0:1613:2197 [0] NCCL INFO Bucket 120-144 Count: 2
tcpxo-wb-0:1613:2197 [0] NCCL INFO Bucket 144-207.36 Count: 0
tcpxo-wb-0:1613:2197 [0] NCCL INFO Bucket 207.36-248.832 Count: 22
tcpxo-wb-0:1613:2197 [0] NCCL INFO Bucket 248.832-298.598 Count: 25
tcpxo-wb-0:1613:2197 [0] NCCL INFO Bucket 298.598-358.318 Count: 7
tcpxo-wb-0:1613:2197 [0] NCCL INFO Bucket 358.318-429.982 Count: 27
tcpxo-wb-0:1613:2197 [0] NCCL INFO Bucket 429.982-515.978 Count: 20
tcpxo-wb-0:1613:2197 [0] NCCL INFO Bucket 515.978-619.174 Count: 25
tcpxo-wb-0:1613:2197 [0] NCCL INFO Bucket 619.174-743.008 Count: 23
tcpxo-wb-0:1613:2197 [0] NCCL INFO Bucket 743.008-891.61 Count: 22
tcpxo-wb-0:1613:2197 [0] NCCL INFO Bucket 891.61-1069.93 Count: 44
tcpxo-wb-0:1613:2197 [0] NCCL INFO Bucket 1069.93-1283.92 Count: 56
tcpxo-wb-0:1613:2197 [0] NCCL INFO Bucket 1283.92-1540.7 Count: 67
tcpxo-wb-0:1613:2197 [0] NCCL INFO Bucket 1540.7-1848.84 Count: 75
tcpxo-wb-0:1613:2197 [0] NCCL INFO Bucket 1848.84-2218.61 Count: 89
tcpxo-wb-0:1613:2197 [0] NCCL INFO Bucket 2218.61-2662.33 Count: 103
tcpxo-wb-0:1613:2197 [0] NCCL INFO Bucket 2662.33-3194.8 Count: 125
tcpxo-wb-0:1613:2197 [0] NCCL INFO Bucket 3194.8-3833.76 Count: 161
tcpxo-wb-0:1613:2197 [0] NCCL INFO Bucket 3833.76-4600.51 Count: 161
tcpxo-wb-0:1613:2197 [0] NCCL INFO Bucket 4600.51-5520.61 Count: 176
tcpxo-wb-0:1613:2197 [0] NCCL INFO Bucket 5520.61-6624.74 Count: 158
tcpxo-wb-0:1613:2197 [0] NCCL INFO Bucket 6624.74-7949.68 Count: 107
tcpxo-wb-0:1613:2197 [0] NCCL INFO Bucket 7949.68-9539.62 Count: 78
tcpxo-wb-0:1613:2197 [0] NCCL INFO Bucket 9539.62-11447.5 Count: 52
tcpxo-wb-0:1613:2197 [0] NCCL INFO Bucket 11447.5-13737.1 Count: 59
tcpxo-wb-0:1613:2197 [0] NCCL INFO Bucket 13737.1-16484.5 Count: 42
tcpxo-wb-0:1613:2197 [0] NCCL INFO Bucket 16484.5-19781.4 Count: 42
tcpxo-wb-0:1613:2197 [0] NCCL INFO Bucket 19781.4-23737.6 Count: 34
tcpxo-wb-0:1613:2197 [0] NCCL INFO Bucket 23737.6-28485.2 Count: 32
tcpxo-wb-0:1613:2197 [0] NCCL INFO Bucket 28485.2-34182.2 Count: 27
tcpxo-wb-0:1613:2197 [0] NCCL INFO Bucket 34182.2-41018.6 Count: 33
tcpxo-wb-0:1613:2197 [0] NCCL INFO Bucket 41018.6-49222.4 Count: 38
tcpxo-wb-0:1613:2197 [0] NCCL INFO Bucket 49222.4-59066.8 Count: 576
tcpxo-wb-0:1613:2197 [0] NCCL INFO request/unpack_num_iovs_distribution:
tcpxo-wb-0:1613:2197 [0] NCCL INFO Bucket 0-2116.47 Count: 0
tcpxo-wb-0:1613:2197 [0] NCCL INFO request/offload_interval_distribution:
tcpxo-wb-0:1613:2197 [0] NCCL INFO Min: 6688
tcpxo-wb-0:1613:2197 [0] NCCL INFO Max: 1.04444e+08
tcpxo-wb-0:1613:2197 [0] NCCL INFO Avg: 159372
tcpxo-wb-0:1613:2197 [0] NCCL INFO Bucket 0-6191.74 Count: 0
tcpxo-wb-0:1613:2197 [0] NCCL INFO Bucket 6191.74-7430.08 Count: 1
tcpxo-wb-0:1613:2197 [0] NCCL INFO Bucket 7430.08-8916.1 Count: 4
tcpxo-wb-0:1613:2197 [0] NCCL INFO Bucket 8916.1-10699.3 Count: 4
tcpxo-wb-0:1613:2197 [0] NCCL INFO Bucket 10699.3-12839.2 Count: 3
tcpxo-wb-0:1613:2197 [0] NCCL INFO Bucket 12839.2-15407 Count: 15
tcpxo-wb-0:1613:2197 [0] NCCL INFO Bucket 15407-18488.4 Count: 41
tcpxo-wb-0:1613:2197 [0] NCCL INFO Bucket 18488.4-22186.1 Count: 134
tcpxo-wb-0:1613:2197 [0] NCCL INFO Bucket 22186.1-26623.3 Count: 236
tcpxo-wb-0:1613:2197 [0] NCCL INFO Bucket 26623.3-31948 Count: 187
tcpxo-wb-0:1613:2197 [0] NCCL INFO Bucket 31948-38337.6 Count: 114
tcpxo-wb-0:1613:2197 [0] NCCL INFO Bucket 38337.6-46005.1 Count: 241
tcpxo-wb-0:1613:2197 [0] NCCL INFO Bucket 46005.1-55206.1 Count: 472
tcpxo-wb-0:1613:2197 [0] NCCL INFO Bucket 55206.1-66247.4 Count: 370
tcpxo-wb-0:1613:2197 [0] NCCL INFO Bucket 66247.4-79496.8 Count: 125
tcpxo-wb-0:1613:2197 [0] NCCL INFO Bucket 79496.8-95396.2 Count: 84
tcpxo-wb-0:1613:2197 [0] NCCL INFO Bucket 95396.2-114475 Count: 86
tcpxo-wb-0:1613:2197 [0] NCCL INFO Bucket 114475-137371 Count: 85
tcpxo-wb-0:1613:2197 [0] NCCL INFO Bucket 137371-164845 Count: 76
tcpxo-wb-0:1613:2197 [0] NCCL INFO Bucket 164845-197814 Count: 70
tcpxo-wb-0:1613:2197 [0] NCCL INFO Bucket 197814-237376 Count: 52
tcpxo-wb-0:1613:2197 [0] NCCL INFO Bucket 237376-284852 Count: 26
tcpxo-wb-0:1613:2197 [0] NCCL INFO Bucket 284852-341822 Count: 18
tcpxo-wb-0:1613:2197 [0] NCCL INFO Bucket 341822-410186 Count: 11
tcpxo-wb-0:1613:2197 [0] NCCL INFO Bucket 410186-492224 Count: 7
tcpxo-wb-0:1613:2197 [0] NCCL INFO Bucket 492224-590668 Count: 12
tcpxo-wb-0:1613:2197 [0] NCCL INFO Bucket 590668-708802 Count: 6
tcpxo-wb-0:1613:2197 [0] NCCL INFO Bucket 708802-850562 Count: 15
tcpxo-wb-0:1613:2197 [0] NCCL INFO Bucket 850562-1.02067e+06 Count: 7
tcpxo-wb-0:1613:2197 [0] NCCL INFO Bucket 1.02067e+06-1.22481e+06 Count: 13
tcpxo-wb-0:1613:2197 [0] NCCL INFO Bucket 1.22481e+06-1.46977e+06 Count: 12
tcpxo-wb-0:1613:2197 [0] NCCL INFO Bucket 1.46977e+06-1.76373e+06 Count: 7
tcpxo-wb-0:1613:2197 [0] NCCL INFO Bucket 1.76373e+06-2.11647e+06 Count: 10
tcpxo-wb-0:1613:2197 [0] NCCL INFO Bucket 2.11647e+06-2.53977e+06 Count: 6
tcpxo-wb-0:1613:2197 [0] NCCL INFO Bucket 2.53977e+06-3.04772e+06 Count: 4
tcpxo-wb-0:1613:2197 [0] NCCL INFO Bucket 3.04772e+06-3.65726e+06 Count: 2
tcpxo-wb-0:1613:2197 [0] NCCL INFO Bucket 3.65726e+06-4.38871e+06 Count: 1
tcpxo-wb-0:1613:2197 [0] NCCL INFO Bucket 4.38871e+06-5.26646e+06 Count: 1
tcpxo-wb-0:1613:2197 [0] NCCL INFO Bucket 5.26646e+06-6.31975e+06 Count: 0
tcpxo-wb-0:1613:2197 [0] NCCL INFO Bucket 6.31975e+06-7.5837e+06 Count: 1
tcpxo-wb-0:1613:2197 [0] NCCL INFO Bucket 7.5837e+06-9.10044e+06 Count: 0
tcpxo-wb-0:1613:2197 [0] NCCL INFO Bucket 9.10044e+06-1.09205e+07 Count: 1
tcpxo-wb-0:1613:2197 [0] NCCL INFO NET/FasTrak 2026-08-02T13:09:09.025459535+00:00: DeregMr host memory for 0x7d1354086680 data:0x31d7f04000 size:524288.
tcpxo-wb-0:1613:2197 [0] NCCL INFO NET/FasTrak 2026-08-02T13:09:09.025462769+00:00: DeregMr[netdev=0] CUDA memory for comm 0x7d1354086680 with handle:8653318625366213014 data:0x7d1385c00000 size:4915200.
tcpxo-wb-0:1613:2197 [0] NCCL INFO NET/FasTrak 2026-08-02T13:09:09.026270395+00:00: DeregMr[netdev=0] CUDA memory for comm 0x7d1354086680 with handle:8653318625366213845 data:0x7d13860b0000 size:8388608.
tcpxo-wb-0:1613:2197 [0] NCCL INFO NET/FasTrak 2026-08-02T13:09:09.027770249+00:00: Closing Send comm 0x7d1354086680
tcpxo-wb-0:1613:2197 [0] NCCL INFO NET/FasTrak 2026-08-02T13:09:09.027779557+00:00: COMM STATS:
tcpxo-wb-0:1613:2197 [0] NCCL INFO request/offload_scheduled: 2560
tcpxo-wb-0:1613:2197 [0] NCCL INFO request/offload_completed: 2560
tcpxo-wb-0:1613:2197 [0] NCCL INFO request/offload_backlog_curr: 0
tcpxo-wb-0:1613:2197 [0] NCCL INFO request/offload_backlog_peak: 5
tcpxo-wb-0:1613:2197 [0] NCCL INFO request/offload_size_distribution:
tcpxo-wb-0:1613:2197 [0] NCCL INFO Min: 65536
tcpxo-wb-0:1613:2197 [0] NCCL INFO Max: 131072
tcpxo-wb-0:1613:2197 [0] NCCL INFO Avg: 129024
tcpxo-wb-0:1613:2197 [0] NCCL INFO Bucket 0-63107.2 Count: 0
tcpxo-wb-0:1613:2197 [0] NCCL INFO Bucket 63107.2-75728.6 Count: 80
tcpxo-wb-0:1613:2197 [0] NCCL INFO Bucket 75728.6-130859 Count: 0
tcpxo-wb-0:1613:2197 [0] NCCL INFO Bucket 130859-157031 Count: 2480
tcpxo-wb-0:1613:2197 [0] NCCL INFO Bucket 157031-2.41938e+06 Count: 0
tcpxo-wb-0:1613:2197 [0] NCCL INFO request/offload_duration_distribution:
tcpxo-wb-0:1613:2197 [0] NCCL INFO Min: 37850
tcpxo-wb-0:1613:2197 [0] NCCL INFO Max: 342844
tcpxo-wb-0:1613:2197 [0] NCCL INFO Avg: 117674
tcpxo-wb-0:1613:2197 [0] NCCL INFO Bucket 0-35831.8 Count: 0
tcpxo-wb-0:1613:2197 [0] NCCL INFO Bucket 35831.8-42998.2 Count: 41
tcpxo-wb-0:1613:2197 [0] NCCL INFO Bucket 42998.2-51597.8 Count: 120
tcpxo-wb-0:1613:2197 [0] NCCL INFO Bucket 51597.8-61917.4 Count: 128
tcpxo-wb-0:1613:2197 [0] NCCL INFO Bucket 61917.4-74300.8 Count: 178
tcpxo-wb-0:1613:2197 [0] NCCL INFO Bucket 74300.8-89161 Count: 325
tcpxo-wb-0:1613:2197 [0] NCCL INFO Bucket 89161-106993 Count: 410
tcpxo-wb-0:1613:2197 [0] NCCL INFO Bucket 106993-128392 Count: 447
tcpxo-wb-0:1613:2197 [0] NCCL INFO Bucket 128392-154070 Count: 371
tcpxo-wb-0:1613:2197 [0] NCCL INFO Bucket 154070-184884 Count: 292
tcpxo-wb-0:1613:2197 [0] NCCL INFO Bucket 184884-221861 Count: 166
tcpxo-wb-0:1613:2197 [0] NCCL INFO Bucket 221861-266233 Count: 69
tcpxo-wb-0:1613:2197 [0] NCCL INFO Bucket 266233-319480 Count: 11
tcpxo-wb-0:1613:2197 [0] NCCL INFO Bucket 319480-383376 Count: 2
tcpxo-wb-0:1613:2197 [0] NCCL INFO Bucket 383376-1.02067e+07 Count: 0
tcpxo-wb-0:1613:2197 [0] NCCL INFO request/unpack_duration_distribution:
tcpxo-wb-0:1613:2197 [0] NCCL INFO Bucket 0-1.09205e+07 Count: 0
tcpxo-wb-0:1613:2197 [0] NCCL INFO request/offload_complete_age_distribution:
tcpxo-wb-0:1613:2197 [0] NCCL INFO Min: 84
tcpxo-wb-0:1613:2197 [0] NCCL INFO Max: 198642
tcpxo-wb-0:1613:2197 [0] NCCL INFO Avg: 10922.4
tcpxo-wb-0:1613:2197 [0] NCCL INFO Bucket 0-100 Count: 53
tcpxo-wb-0:1613:2197 [0] NCCL INFO Bucket 100-120 Count: 33
tcpxo-wb-0:1613:2197 [0] NCCL INFO Bucket 120-144 Count: 1
tcpxo-wb-0:1613:2197 [0] NCCL INFO Bucket 144-207.36 Count: 0
tcpxo-wb-0:1613:2197 [0] NCCL INFO Bucket 207.36-248.832 Count: 23
tcpxo-wb-0:1613:2197 [0] NCCL INFO Bucket 248.832-298.598 Count: 40
tcpxo-wb-0:1613:2197 [0] NCCL INFO Bucket 298.598-358.318 Count: 10
tcpxo-wb-0:1613:2197 [0] NCCL INFO Bucket 358.318-429.982 Count: 28
tcpxo-wb-0:1613:2197 [0] NCCL INFO Bucket 429.982-515.978 Count: 27
tcpxo-wb-0:1613:2197 [0] NCCL INFO Bucket 515.978-619.174 Count: 27
tcpxo-wb-0:1613:2197 [0] NCCL INFO Bucket 619.174-743.008 Count: 37
tcpxo-wb-0:1613:2197 [0] NCCL INFO Bucket 743.008-891.61 Count: 51
tcpxo-wb-0:1613:2197 [0] NCCL INFO Bucket 891.61-1069.93 Count: 57
tcpxo-wb-0:1613:2197 [0] NCCL INFO Bucket 1069.93-1283.92 Count: 69
tcpxo-wb-0:1613:2197 [0] NCCL INFO Bucket 1283.92-1540.7 Count: 86
tcpxo-wb-0:1613:2197 [0] NCCL INFO Bucket 1540.7-1848.84 Count: 101
tcpxo-wb-0:1613:2197 [0] NCCL INFO Bucket 1848.84-2218.61 Count: 126
tcpxo-wb-0:1613:2197 [0] NCCL INFO Bucket 2218.61-2662.33 Count: 147
tcpxo-wb-0:1613:2197 [0] NCCL INFO Bucket 2662.33-3194.8 Count: 179
tcpxo-wb-0:1613:2197 [0] NCCL INFO Bucket 3194.8-3833.76 Count: 175
tcpxo-wb-0:1613:2197 [0] NCCL INFO Bucket 3833.76-4600.51 Count: 219
tcpxo-wb-0:1613:2197 [0] NCCL INFO Bucket 4600.51-5520.61 Count: 205
tcpxo-wb-0:1613:2197 [0] NCCL INFO Bucket 5520.61-6624.74 Count: 182
tcpxo-wb-0:1613:2197 [0] NCCL INFO Bucket 6624.74-7949.68 Count: 113
tcpxo-wb-0:1613:2197 [0] NCCL INFO Bucket 7949.68-9539.62 Count: 63
tcpxo-wb-0:1613:2197 [0] NCCL INFO Bucket 9539.62-11447.5 Count: 57
tcpxo-wb-0:1613:2197 [0] NCCL INFO Bucket 11447.5-13737.1 Count: 39
tcpxo-wb-0:1613:2197 [0] NCCL INFO Bucket 13737.1-16484.5 Count: 51
tcpxo-wb-0:1613:2197 [0] NCCL INFO Bucket 16484.5-19781.4 Count: 22
tcpxo-wb-0:1613:2197 [0] NCCL INFO Bucket 19781.4-23737.6 Count: 26
tcpxo-wb-0:1613:2197 [0] NCCL INFO Bucket 23737.6-28485.2 Count: 39
tcpxo-wb-0:1613:2197 [0] NCCL INFO Bucket 28485.2-34182.2 Count: 37
tcpxo-wb-0:1613:2197 [0] NCCL INFO Bucket 34182.2-41018.6 Count: 35
tcpxo-wb-0:1613:2197 [0] NCCL INFO Bucket 41018.6-49222.4 Count: 40
tcpxo-wb-0:1613:2197 [0] NCCL INFO Bucket 49222.4-59066.8 Count: 162
tcpxo-wb-0:1613:2197 [0] NCCL INFO request/unpack_num_iovs_distribution:
tcpxo-wb-0:1613:2197 [0] NCCL INFO Bucket 0-2116.47 Count: 0
tcpxo-wb-0:1613:2197 [0] NCCL INFO request/offload_interval_distribution:
tcpxo-wb-0:1613:2197 [0] NCCL INFO Min: 10558
tcpxo-wb-0:1613:2197 [0] NCCL INFO Max: 1.04475e+08
tcpxo-wb-0:1613:2197 [0] NCCL INFO Avg: 159438
tcpxo-wb-0:1613:2197 [0] NCCL INFO Bucket 0-8916.1 Count: 0
tcpxo-wb-0:1613:2197 [0] NCCL INFO Bucket 8916.1-10699.3 Count: 1
tcpxo-wb-0:1613:2197 [0] NCCL INFO Bucket 10699.3-12839.2 Count: 2
tcpxo-wb-0:1613:2197 [0] NCCL INFO Bucket 12839.2-15407 Count: 5
tcpxo-wb-0:1613:2197 [0] NCCL INFO Bucket 15407-18488.4 Count: 10
tcpxo-wb-0:1613:2197 [0] NCCL INFO Bucket 18488.4-22186.1 Count: 46
tcpxo-wb-0:1613:2197 [0] NCCL INFO Bucket 22186.1-26623.3 Count: 138
tcpxo-wb-0:1613:2197 [0] NCCL INFO Bucket 26623.3-31948 Count: 197
tcpxo-wb-0:1613:2197 [0] NCCL INFO Bucket 31948-38337.6 Count: 222
tcpxo-wb-0:1613:2197 [0] NCCL INFO Bucket 38337.6-46005.1 Count: 389
tcpxo-wb-0:1613:2197 [0] NCCL INFO Bucket 46005.1-55206.1 Count: 307
tcpxo-wb-0:1613:2197 [0] NCCL INFO Bucket 55206.1-66247.4 Count: 164
tcpxo-wb-0:1613:2197 [0] NCCL INFO Bucket 66247.4-79496.8 Count: 117
tcpxo-wb-0:1613:2197 [0] NCCL INFO Bucket 79496.8-95396.2 Count: 114
tcpxo-wb-0:1613:2197 [0] NCCL INFO Bucket 95396.2-114475 Count: 143
tcpxo-wb-0:1613:2197 [0] NCCL INFO Bucket 114475-137371 Count: 129
tcpxo-wb-0:1613:2197 [0] NCCL INFO Bucket 137371-164845 Count: 113
tcpxo-wb-0:1613:2197 [0] NCCL INFO Bucket 164845-197814 Count: 106
tcpxo-wb-0:1613:2197 [0] NCCL INFO Bucket 197814-237376 Count: 105
tcpxo-wb-0:1613:2197 [0] NCCL INFO Bucket 237376-284852 Count: 78
tcpxo-wb-0:1613:2197 [0] NCCL INFO Bucket 284852-341822 Count: 51
tcpxo-wb-0:1613:2197 [0] NCCL INFO Bucket 341822-410186 Count: 27
tcpxo-wb-0:1613:2197 [0] NCCL INFO Bucket 410186-492224 Count: 25
tcpxo-wb-0:1613:2197 [0] NCCL INFO Bucket 492224-590668 Count: 15
tcpxo-wb-0:1613:2197 [0] NCCL INFO Bucket 590668-708802 Count: 15
tcpxo-wb-0:1613:2197 [0] NCCL INFO Bucket 708802-850562 Count: 11
tcpxo-wb-0:1613:2197 [0] NCCL INFO Bucket 850562-1.02067e+06 Count: 10
tcpxo-wb-0:1613:2197 [0] NCCL INFO Bucket 1.02067e+06-1.22481e+06 Count: 7
tcpxo-wb-0:1613:2197 [0] NCCL INFO Bucket 1.22481e+06-1.46977e+06 Count: 2
tcpxo-wb-0:1613:2197 [0] NCCL INFO Bucket 1.46977e+06-1.76373e+06 Count: 4
tcpxo-wb-0:1613:2197 [0] NCCL INFO Bucket 1.76373e+06-2.11647e+06 Count: 1
tcpxo-wb-0:1613:2197 [0] NCCL INFO Bucket 2.11647e+06-3.04772e+06 Count: 0
tcpxo-wb-0:1613:2197 [0] NCCL INFO Bucket 3.04772e+06-3.65726e+06 Count: 2
tcpxo-wb-0:1613:2197 [0] NCCL INFO Bucket 3.65726e+06-4.38871e+06 Count: 1
tcpxo-wb-0:1613:2197 [0] NCCL INFO Bucket 4.38871e+06-5.26646e+06 Count: 0
tcpxo-wb-0:1613:2197 [0] NCCL INFO Bucket 5.26646e+06-6.31975e+06 Count: 1
tcpxo-wb-0:1613:2197 [0] NCCL INFO Bucket 6.31975e+06-7.5837e+06 Count: 1
tcpxo-wb-0:1613:2197 [0] NCCL INFO Bucket 7.5837e+06-9.10044e+06 Count: 0
tcpxo-wb-0:1613:2197 [0] NCCL INFO Bucket 9.10044e+06-1.09205e+07 Count: 1
tcpxo-wb-0:1613:2197 [0] NCCL INFO NET/FasTrak 2026-08-02T13:09:09.027853845+00:00: DeregMr host memory for 0x7d1354089c40 data:0x7d1343a00000 size:524288.
tcpxo-wb-0:1613:2197 [0] NCCL INFO NET/FasTrak 2026-08-02T13:09:09.027856904+00:00: DeregMr[netdev=0] CUDA memory for comm 0x7d1354089c40 with handle:8653318625366213073 data:0x7d1387800000 size:4915200.
tcpxo-wb-0:1613:2197 [0] NCCL INFO NET/FasTrak 2026-08-02T13:09:09.028417663+00:00: DeregMr[netdev=0] CUDA memory for comm 0x7d1354089c40 with handle:8653318625366213904 data:0x7d1387cb0000 size:8388608.
tcpxo-wb-0:1613:2197 [0] NCCL INFO NET/FasTrak 2026-08-02T13:09:09.02976484+00:00: Closing Send comm 0x7d1354089c40
tcpxo-wb-0:1613:2197 [0] NCCL INFO NET/FasTrak 2026-08-02T13:09:09.029770172+00:00: COMM STATS:
tcpxo-wb-0:1613:2197 [0] NCCL INFO request/offload_scheduled: 2560
tcpxo-wb-0:1613:2197 [0] NCCL INFO request/offload_completed: 2560
tcpxo-wb-0:1613:2197 [0] NCCL INFO request/offload_backlog_curr: 0
tcpxo-wb-0:1613:2197 [0] NCCL INFO request/offload_backlog_peak: 7
tcpxo-wb-0:1613:2197 [0] NCCL INFO request/offload_size_distribution:
tcpxo-wb-0:1613:2197 [0] NCCL INFO Min: 65536
tcpxo-wb-0:1613:2197 [0] NCCL INFO Max: 131072
tcpxo-wb-0:1613:2197 [0] NCCL INFO Avg: 129024
tcpxo-wb-0:1613:2197 [0] NCCL INFO Bucket 0-63107.2 Count: 0
tcpxo-wb-0:1613:2197 [0] NCCL INFO Bucket 63107.2-75728.6 Count: 80
tcpxo-wb-0:1613:2197 [0] NCCL INFO Bucket 75728.6-130859 Count: 0
tcpxo-wb-0:1613:2197 [0] NCCL INFO Bucket 130859-157031 Count: 2480
tcpxo-wb-0:1613:2197 [0] NCCL INFO Bucket 157031-2.41938e+06 Count: 0
tcpxo-wb-0:1613:2197 [0] NCCL INFO request/offload_duration_distribution:
tcpxo-wb-0:1613:2197 [0] NCCL INFO Min: 37444
tcpxo-wb-0:1613:2197 [0] NCCL INFO Max: 948925
tcpxo-wb-0:1613:2197 [0] NCCL INFO Avg: 290441
tcpxo-wb-0:1613:2197 [0] NCCL INFO Bucket 0-35831.8 Count: 0
tcpxo-wb-0:1613:2197 [0] NCCL INFO Bucket 35831.8-42998.2 Count: 5
tcpxo-wb-0:1613:2197 [0] NCCL INFO Bucket 42998.2-51597.8 Count: 18
tcpxo-wb-0:1613:2197 [0] NCCL INFO Bucket 51597.8-61917.4 Count: 42
tcpxo-wb-0:1613:2197 [0] NCCL INFO Bucket 61917.4-74300.8 Count: 55
tcpxo-wb-0:1613:2197 [0] NCCL INFO Bucket 74300.8-89161 Count: 107
tcpxo-wb-0:1613:2197 [0] NCCL INFO Bucket 89161-106993 Count: 62
tcpxo-wb-0:1613:2197 [0] NCCL INFO Bucket 106993-128392 Count: 75
tcpxo-wb-0:1613:2197 [0] NCCL INFO Bucket 128392-154070 Count: 66
tcpxo-wb-0:1613:2197 [0] NCCL INFO Bucket 154070-184884 Count: 98
tcpxo-wb-0:1613:2197 [0] NCCL INFO Bucket 184884-221861 Count: 157
tcpxo-wb-0:1613:2197 [0] NCCL INFO Bucket 221861-266233 Count: 296
tcpxo-wb-0:1613:2197 [0] NCCL INFO Bucket 266233-319480 Count: 422
tcpxo-wb-0:1613:2197 [0] NCCL INFO Bucket 319480-383376 Count: 659
tcpxo-wb-0:1613:2197 [0] NCCL INFO Bucket 383376-460051 Count: 353
tcpxo-wb-0:1613:2197 [0] NCCL INFO Bucket 460051-552061 Count: 89
tcpxo-wb-0:1613:2197 [0] NCCL INFO Bucket 552061-662474 Count: 32
tcpxo-wb-0:1613:2197 [0] NCCL INFO Bucket 662474-794968 Count: 14
tcpxo-wb-0:1613:2197 [0] NCCL INFO Bucket 794968-953962 Count: 10
tcpxo-wb-0:1613:2197 [0] NCCL INFO Bucket 953962-1.02067e+07 Count: 0
tcpxo-wb-0:1613:2197 [0] NCCL INFO request/unpack_duration_distribution:
tcpxo-wb-0:1613:2197 [0] NCCL INFO Bucket 0-1.09205e+07 Count: 0
tcpxo-wb-0:1613:2197 [0] NCCL INFO request/offload_complete_age_distribution:
tcpxo-wb-0:1613:2197 [0] NCCL INFO Min: 75
tcpxo-wb-0:1613:2197 [0] NCCL INFO Max: 278443
tcpxo-wb-0:1613:2197 [0] NCCL INFO Avg: 14077.3
tcpxo-wb-0:1613:2197 [0] NCCL INFO Bucket 0-100 Count: 32
tcpxo-wb-0:1613:2197 [0] NCCL INFO Bucket 100-120 Count: 20
tcpxo-wb-0:1613:2197 [0] NCCL INFO Bucket 120-144 Count: 1
tcpxo-wb-0:1613:2197 [0] NCCL INFO Bucket 144-172.8 Count: 1
tcpxo-wb-0:1613:2197 [0] NCCL INFO Bucket 172.8-207.36 Count: 0
tcpxo-wb-0:1613:2197 [0] NCCL INFO Bucket 207.36-248.832 Count: 20
tcpxo-wb-0:1613:2197 [0] NCCL INFO Bucket 248.832-298.598 Count: 19
tcpxo-wb-0:1613:2197 [0] NCCL INFO Bucket 298.598-358.318 Count: 2
tcpxo-wb-0:1613:2197 [0] NCCL INFO Bucket 358.318-429.982 Count: 37
tcpxo-wb-0:1613:2197 [0] NCCL INFO Bucket 429.982-515.978 Count: 28
tcpxo-wb-0:1613:2197 [0] NCCL INFO Bucket 515.978-619.174 Count: 25
tcpxo-wb-0:1613:2197 [0] NCCL INFO Bucket 619.174-743.008 Count: 33
tcpxo-wb-0:1613:2197 [0] NCCL INFO Bucket 743.008-891.61 Count: 37
tcpxo-wb-0:1613:2197 [0] NCCL INFO Bucket 891.61-1069.93 Count: 52
tcpxo-wb-0:1613:2197 [0] NCCL INFO Bucket 1069.93-1283.92 Count: 74
tcpxo-wb-0:1613:2197 [0] NCCL INFO Bucket 1283.92-1540.7 Count: 78
tcpxo-wb-0:1613:2197 [0] NCCL INFO Bucket 1540.7-1848.84 Count: 79
tcpxo-wb-0:1613:2197 [0] NCCL INFO Bucket 1848.84-2218.61 Count: 104
tcpxo-wb-0:1613:2197 [0] NCCL INFO Bucket 2218.61-2662.33 Count: 138
tcpxo-wb-0:1613:2197 [0] NCCL INFO Bucket 2662.33-3194.8 Count: 139
tcpxo-wb-0:1613:2197 [0] NCCL INFO Bucket 3194.8-3833.76 Count: 164
tcpxo-wb-0:1613:2197 [0] NCCL INFO Bucket 3833.76-4600.51 Count: 185
tcpxo-wb-0:1613:2197 [0] NCCL INFO Bucket 4600.51-5520.61 Count: 212
tcpxo-wb-0:1613:2197 [0] NCCL INFO Bucket 5520.61-6624.74 Count: 186
tcpxo-wb-0:1613:2197 [0] NCCL INFO Bucket 6624.74-7949.68 Count: 135
tcpxo-wb-0:1613:2197 [0] NCCL INFO Bucket 7949.68-9539.62 Count: 67
tcpxo-wb-0:1613:2197 [0] NCCL INFO Bucket 9539.62-11447.5 Count: 67
tcpxo-wb-0:1613:2197 [0] NCCL INFO Bucket 11447.5-13737.1 Count: 75
tcpxo-wb-0:1613:2197 [0] NCCL INFO Bucket 13737.1-16484.5 Count: 61
tcpxo-wb-0:1613:2197 [0] NCCL INFO Bucket 16484.5-19781.4 Count: 45
tcpxo-wb-0:1613:2197 [0] NCCL INFO Bucket 19781.4-23737.6 Count: 46
tcpxo-wb-0:1613:2197 [0] NCCL INFO Bucket 23737.6-28485.2 Count: 35
tcpxo-wb-0:1613:2197 [0] NCCL INFO Bucket 28485.2-34182.2 Count: 45
tcpxo-wb-0:1613:2197 [0] NCCL INFO Bucket 34182.2-41018.6 Count: 51
tcpxo-wb-0:1613:2197 [0] NCCL INFO Bucket 41018.6-49222.4 Count: 47
tcpxo-wb-0:1613:2197 [0] NCCL INFO Bucket 49222.4-59066.8 Count: 220
tcpxo-wb-0:1613:2197 [0] NCCL INFO request/unpack_num_iovs_distribution:
tcpxo-wb-0:1613:2197 [0] NCCL INFO Bucket 0-2116.47 Count: 0
tcpxo-wb-0:1613:2197 [0] NCCL INFO request/offload_interval_distribution:
tcpxo-wb-0:1613:2197 [0] NCCL INFO Min: 7302
tcpxo-wb-0:1613:2197 [0] NCCL INFO Max: 1.04307e+08
tcpxo-wb-0:1613:2197 [0] NCCL INFO Avg: 159544
tcpxo-wb-0:1613:2197 [0] NCCL INFO Bucket 0-6191.74 Count: 0
tcpxo-wb-0:1613:2197 [0] NCCL INFO Bucket 6191.74-7430.08 Count: 1
tcpxo-wb-0:1613:2197 [0] NCCL INFO Bucket 7430.08-8916.1 Count: 0
tcpxo-wb-0:1613:2197 [0] NCCL INFO Bucket 8916.1-10699.3 Count: 2
tcpxo-wb-0:1613:2197 [0] NCCL INFO Bucket 10699.3-12839.2 Count: 2
tcpxo-wb-0:1613:2197 [0] NCCL INFO Bucket 12839.2-15407 Count: 2
tcpxo-wb-0:1613:2197 [0] NCCL INFO Bucket 15407-18488.4 Count: 10
tcpxo-wb-0:1613:2197 [0] NCCL INFO Bucket 18488.4-22186.1 Count: 27
tcpxo-wb-0:1613:2197 [0] NCCL INFO Bucket 22186.1-26623.3 Count: 43
tcpxo-wb-0:1613:2197 [0] NCCL INFO Bucket 26623.3-31948 Count: 43
tcpxo-wb-0:1613:2197 [0] NCCL INFO Bucket 31948-38337.6 Count: 67
tcpxo-wb-0:1613:2197 [0] NCCL INFO Bucket 38337.6-46005.1 Count: 360
tcpxo-wb-0:1613:2197 [0] NCCL INFO Bucket 46005.1-55206.1 Count: 756
tcpxo-wb-0:1613:2197 [0] NCCL INFO Bucket 55206.1-66247.4 Count: 642
tcpxo-wb-0:1613:2197 [0] NCCL INFO Bucket 66247.4-79496.8 Count: 144
tcpxo-wb-0:1613:2197 [0] NCCL INFO Bucket 79496.8-95396.2 Count: 57
tcpxo-wb-0:1613:2197 [0] NCCL INFO Bucket 95396.2-114475 Count: 32
tcpxo-wb-0:1613:2197 [0] NCCL INFO Bucket 114475-137371 Count: 46
tcpxo-wb-0:1613:2197 [0] NCCL INFO Bucket 137371-164845 Count: 58
tcpxo-wb-0:1613:2197 [0] NCCL INFO Bucket 164845-197814 Count: 59
tcpxo-wb-0:1613:2197 [0] NCCL INFO Bucket 197814-237376 Count: 39
tcpxo-wb-0:1613:2197 [0] NCCL INFO Bucket 237376-284852 Count: 27
tcpxo-wb-0:1613:2197 [0] NCCL INFO Bucket 284852-341822 Count: 26
tcpxo-wb-0:1613:2197 [0] NCCL INFO Bucket 341822-410186 Count: 11
tcpxo-wb-0:1613:2197 [0] NCCL INFO Bucket 410186-492224 Count: 8
tcpxo-wb-0:1613:2197 [0] NCCL INFO Bucket 492224-590668 Count: 12
tcpxo-wb-0:1613:2197 [0] NCCL INFO Bucket 590668-708802 Count: 6
tcpxo-wb-0:1613:2197 [0] NCCL INFO Bucket 708802-850562 Count: 14
tcpxo-wb-0:1613:2197 [0] NCCL INFO Bucket 850562-1.02067e+06 Count: 1
tcpxo-wb-0:1613:2197 [0] NCCL INFO Bucket 1.02067e+06-1.22481e+06 Count: 18
tcpxo-wb-0:1613:2197 [0] NCCL INFO Bucket 1.22481e+06-1.46977e+06 Count: 17
tcpxo-wb-0:1613:2197 [0] NCCL INFO Bucket 1.46977e+06-1.76373e+06 Count: 12
tcpxo-wb-0:1613:2197 [0] NCCL INFO Bucket 1.76373e+06-2.11647e+06 Count: 8
tcpxo-wb-0:1613:2197 [0] NCCL INFO Bucket 2.11647e+06-2.53977e+06 Count: 4
tcpxo-wb-0:1613:2197 [0] NCCL INFO Bucket 2.53977e+06-3.04772e+06 Count: 0
tcpxo-wb-0:1613:2197 [0] NCCL INFO Bucket 3.04772e+06-3.65726e+06 Count: 2
tcpxo-wb-0:1613:2197 [0] NCCL INFO Bucket 3.65726e+06-4.38871e+06 Count: 1
tcpxo-wb-0:1613:2197 [0] NCCL INFO Bucket 4.38871e+06-5.26646e+06 Count: 1
tcpxo-wb-0:1613:2197 [0] NCCL INFO Bucket 5.26646e+06-6.31975e+06 Count: 0
tcpxo-wb-0:1613:2197 [0] NCCL INFO Bucket 6.31975e+06-7.5837e+06 Count: 1
tcpxo-wb-0:1613:2197 [0] NCCL INFO Bucket 7.5837e+06-9.10044e+06 Count: 0
tcpxo-wb-0:1613:2197 [0] NCCL INFO Bucket 9.10044e+06-1.09205e+07 Count: 1
tcpxo-wb-0:1613:2197 [0] NCCL INFO NET/FasTrak 2026-08-02T13:09:09.029849982+00:00: DeregMr host memory for 0x7d135408d0c0 data:0x7d1343a82000 size:524288.
tcpxo-wb-0:1613:2197 [0] NCCL INFO NET/FasTrak 2026-08-02T13:09:09.029853139+00:00: DeregMr[netdev=0] CUDA memory for comm 0x7d135408d0c0 with handle:8653318625366214735 data:0x7d1388600000 size:4915200.
tcpxo-wb-0:1613:2197 [0] NCCL INFO NET/FasTrak 2026-08-02T13:09:09.03056201+00:00: DeregMr[netdev=0] CUDA memory for comm 0x7d135408d0c0 with handle:8653318625366215566 data:0x7d1388ab0000 size:8388608.
tcpxo-wb-0:1613:2197 [0] NCCL INFO NET/FasTrak 2026-08-02T13:09:09.03176297+00:00: Closing Send comm 0x7d135408d0c0
tcpxo-wb-0:1613:2197 [0] NCCL INFO NET/FasTrak 2026-08-02T13:09:09.031767675+00:00: COMM STATS:
tcpxo-wb-0:1613:2197 [0] NCCL INFO request/offload_scheduled: 2560
tcpxo-wb-0:1613:2197 [0] NCCL INFO request/offload_completed: 2560
tcpxo-wb-0:1613:2197 [0] NCCL INFO request/offload_backlog_curr: 0
tcpxo-wb-0:1613:2197 [0] NCCL INFO request/offload_backlog_peak: 5
tcpxo-wb-0:1613:2197 [0] NCCL INFO request/offload_size_distribution:
tcpxo-wb-0:1613:2197 [0] NCCL INFO Min: 65536
tcpxo-wb-0:1613:2197 [0] NCCL INFO Max: 131072
tcpxo-wb-0:1613:2197 [0] NCCL INFO Avg: 129024
tcpxo-wb-0:1613:2197 [0] NCCL INFO Bucket 0-63107.2 Count: 0
tcpxo-wb-0:1613:2197 [0] NCCL INFO Bucket 63107.2-75728.6 Count: 80
tcpxo-wb-0:1613:2197 [0] NCCL INFO Bucket 75728.6-130859 Count: 0
tcpxo-wb-0:1613:2197 [0] NCCL INFO Bucket 130859-157031 Count: 2480
tcpxo-wb-0:1613:2197 [0] NCCL INFO Bucket 157031-2.41938e+06 Count: 0
tcpxo-wb-0:1613:2197 [0] NCCL INFO request/offload_duration_distribution:
tcpxo-wb-0:1613:2197 [0] NCCL INFO Min: 38511
tcpxo-wb-0:1613:2197 [0] NCCL INFO Max: 359374
tcpxo-wb-0:1613:2197 [0] NCCL INFO Avg: 132558
tcpxo-wb-0:1613:2197 [0] NCCL INFO Bucket 0-35831.8 Count: 0
tcpxo-wb-0:1613:2197 [0] NCCL INFO Bucket 35831.8-42998.2 Count: 12
tcpxo-wb-0:1613:2197 [0] NCCL INFO Bucket 42998.2-51597.8 Count: 43
tcpxo-wb-0:1613:2197 [0] NCCL INFO Bucket 51597.8-61917.4 Count: 106
tcpxo-wb-0:1613:2197 [0] NCCL INFO Bucket 61917.4-74300.8 Count: 161
tcpxo-wb-0:1613:2197 [0] NCCL INFO Bucket 74300.8-89161 Count: 270
tcpxo-wb-0:1613:2197 [0] NCCL INFO Bucket 89161-106993 Count: 392
tcpxo-wb-0:1613:2197 [0] NCCL INFO Bucket 106993-128392 Count: 429
tcpxo-wb-0:1613:2197 [0] NCCL INFO Bucket 128392-154070 Count: 367
tcpxo-wb-0:1613:2197 [0] NCCL INFO Bucket 154070-184884 Count: 335
tcpxo-wb-0:1613:2197 [0] NCCL INFO Bucket 184884-221861 Count: 250
tcpxo-wb-0:1613:2197 [0] NCCL INFO Bucket 221861-266233 Count: 140
tcpxo-wb-0:1613:2197 [0] NCCL INFO Bucket 266233-319480 Count: 44
tcpxo-wb-0:1613:2197 [0] NCCL INFO Bucket 319480-383376 Count: 11
tcpxo-wb-0:1613:2197 [0] NCCL INFO Bucket 383376-1.02067e+07 Count: 0
tcpxo-wb-0:1613:2197 [0] NCCL INFO request/unpack_duration_distribution:
tcpxo-wb-0:1613:2197 [0] NCCL INFO Bucket 0-1.09205e+07 Count: 0
tcpxo-wb-0:1613:2197 [0] NCCL INFO request/offload_complete_age_distribution:
tcpxo-wb-0:1613:2197 [0] NCCL INFO Min: 76
tcpxo-wb-0:1613:2197 [0] NCCL INFO Max: 220748
tcpxo-wb-0:1613:2197 [0] NCCL INFO Avg: 9565.02
tcpxo-wb-0:1613:2197 [0] NCCL INFO Bucket 0-100 Count: 34
tcpxo-wb-0:1613:2197 [0] NCCL INFO Bucket 100-120 Count: 32
tcpxo-wb-0:1613:2197 [0] NCCL INFO Bucket 120-144 Count: 3
tcpxo-wb-0:1613:2197 [0] NCCL INFO Bucket 144-207.36 Count: 0
tcpxo-wb-0:1613:2197 [0] NCCL INFO Bucket 207.36-248.832 Count: 30
tcpxo-wb-0:1613:2197 [0] NCCL INFO Bucket 248.832-298.598 Count: 30
tcpxo-wb-0:1613:2197 [0] NCCL INFO Bucket 298.598-358.318 Count: 7
tcpxo-wb-0:1613:2197 [0] NCCL INFO Bucket 358.318-429.982 Count: 36
tcpxo-wb-0:1613:2197 [0] NCCL INFO Bucket 429.982-515.978 Count: 29
tcpxo-wb-0:1613:2197 [0] NCCL INFO Bucket 515.978-619.174 Count: 29
tcpxo-wb-0:1613:2197 [0] NCCL INFO Bucket 619.174-743.008 Count: 46
tcpxo-wb-0:1613:2197 [0] NCCL INFO Bucket 743.008-891.61 Count: 38
tcpxo-wb-0:1613:2197 [0] NCCL INFO Bucket 891.61-1069.93 Count: 54
tcpxo-wb-0:1613:2197 [0] NCCL INFO Bucket 1069.93-1283.92 Count: 65
tcpxo-wb-0:1613:2197 [0] NCCL INFO Bucket 1283.92-1540.7 Count: 80
tcpxo-wb-0:1613:2197 [0] NCCL INFO Bucket 1540.7-1848.84 Count: 87
tcpxo-wb-0:1613:2197 [0] NCCL INFO Bucket 1848.84-2218.61 Count: 125
tcpxo-wb-0:1613:2197 [0] NCCL INFO Bucket 2218.61-2662.33 Count: 136
tcpxo-wb-0:1613:2197 [0] NCCL INFO Bucket 2662.33-3194.8 Count: 149
tcpxo-wb-0:1613:2197 [0] NCCL INFO Bucket 3194.8-3833.76 Count: 172
tcpxo-wb-0:1613:2197 [0] NCCL INFO Bucket 3833.76-4600.51 Count: 206
tcpxo-wb-0:1613:2197 [0] NCCL INFO Bucket 4600.51-5520.61 Count: 231
tcpxo-wb-0:1613:2197 [0] NCCL INFO Bucket 5520.61-6624.74 Count: 218
tcpxo-wb-0:1613:2197 [0] NCCL INFO Bucket 6624.74-7949.68 Count: 124
tcpxo-wb-0:1613:2197 [0] NCCL INFO Bucket 7949.68-9539.62 Count: 91
tcpxo-wb-0:1613:2197 [0] NCCL INFO Bucket 9539.62-11447.5 Count: 69
tcpxo-wb-0:1613:2197 [0] NCCL INFO Bucket 11447.5-13737.1 Count: 64
tcpxo-wb-0:1613:2197 [0] NCCL INFO Bucket 13737.1-16484.5 Count: 72
tcpxo-wb-0:1613:2197 [0] NCCL INFO Bucket 16484.5-19781.4 Count: 54
tcpxo-wb-0:1613:2197 [0] NCCL INFO Bucket 19781.4-23737.6 Count: 40
tcpxo-wb-0:1613:2197 [0] NCCL INFO Bucket 23737.6-28485.2 Count: 35
tcpxo-wb-0:1613:2197 [0] NCCL INFO Bucket 28485.2-34182.2 Count: 28
tcpxo-wb-0:1613:2197 [0] NCCL INFO Bucket 34182.2-41018.6 Count: 19
tcpxo-wb-0:1613:2197 [0] NCCL INFO Bucket 41018.6-49222.4 Count: 16
tcpxo-wb-0:1613:2197 [0] NCCL INFO Bucket 49222.4-59066.8 Count: 111
tcpxo-wb-0:1613:2197 [0] NCCL INFO request/unpack_num_iovs_distribution:
tcpxo-wb-0:1613:2197 [0] NCCL INFO Bucket 0-2116.47 Count: 0
tcpxo-wb-0:1613:2197 [0] NCCL INFO request/offload_interval_distribution:
tcpxo-wb-0:1613:2197 [0] NCCL INFO Min: 7634
tcpxo-wb-0:1613:2197 [0] NCCL INFO Max: 1.04369e+08
tcpxo-wb-0:1613:2197 [0] NCCL INFO Avg: 159768
tcpxo-wb-0:1613:2197 [0] NCCL INFO Bucket 0-7430.08 Count: 0
tcpxo-wb-0:1613:2197 [0] NCCL INFO Bucket 7430.08-8916.1 Count: 2
tcpxo-wb-0:1613:2197 [0] NCCL INFO Bucket 8916.1-10699.3 Count: 0
tcpxo-wb-0:1613:2197 [0] NCCL INFO Bucket 10699.3-12839.2 Count: 2
tcpxo-wb-0:1613:2197 [0] NCCL INFO Bucket 12839.2-15407 Count: 10
tcpxo-wb-0:1613:2197 [0] NCCL INFO Bucket 15407-18488.4 Count: 18
tcpxo-wb-0:1613:2197 [0] NCCL INFO Bucket 18488.4-22186.1 Count: 55
tcpxo-wb-0:1613:2197 [0] NCCL INFO Bucket 22186.1-26623.3 Count: 132
tcpxo-wb-0:1613:2197 [0] NCCL INFO Bucket 26623.3-31948 Count: 155
tcpxo-wb-0:1613:2197 [0] NCCL INFO Bucket 31948-38337.6 Count: 230
tcpxo-wb-0:1613:2197 [0] NCCL INFO Bucket 38337.6-46005.1 Count: 255
tcpxo-wb-0:1613:2197 [0] NCCL INFO Bucket 46005.1-55206.1 Count: 264
tcpxo-wb-0:1613:2197 [0] NCCL INFO Bucket 55206.1-66247.4 Count: 251
tcpxo-wb-0:1613:2197 [0] NCCL INFO Bucket 66247.4-79496.8 Count: 147
tcpxo-wb-0:1613:2197 [0] NCCL INFO Bucket 79496.8-95396.2 Count: 150
tcpxo-wb-0:1613:2197 [0] NCCL INFO Bucket 95396.2-114475 Count: 180
tcpxo-wb-0:1613:2197 [0] NCCL INFO Bucket 114475-137371 Count: 180
tcpxo-wb-0:1613:2197 [0] NCCL INFO Bucket 137371-164845 Count: 161
tcpxo-wb-0:1613:2197 [0] NCCL INFO Bucket 164845-197814 Count: 104
tcpxo-wb-0:1613:2197 [0] NCCL INFO Bucket 197814-237376 Count: 80
tcpxo-wb-0:1613:2197 [0] NCCL INFO Bucket 237376-284852 Count: 46
tcpxo-wb-0:1613:2197 [0] NCCL INFO Bucket 284852-341822 Count: 29
tcpxo-wb-0:1613:2197 [0] NCCL INFO Bucket 341822-410186 Count: 13
tcpxo-wb-0:1613:2197 [0] NCCL INFO Bucket 410186-492224 Count: 11
tcpxo-wb-0:1613:2197 [0] NCCL INFO Bucket 492224-590668 Count: 16
tcpxo-wb-0:1613:2197 [0] NCCL INFO Bucket 590668-708802 Count: 8
tcpxo-wb-0:1613:2197 [0] NCCL INFO Bucket 708802-850562 Count: 16
tcpxo-wb-0:1613:2197 [0] NCCL INFO Bucket 850562-1.02067e+06 Count: 14
tcpxo-wb-0:1613:2197 [0] NCCL INFO Bucket 1.02067e+06-1.22481e+06 Count: 18
tcpxo-wb-0:1613:2197 [0] NCCL INFO Bucket 1.22481e+06-1.46977e+06 Count: 7
tcpxo-wb-0:1613:2197 [0] NCCL INFO Bucket 1.46977e+06-3.04772e+06 Count: 0
tcpxo-wb-0:1613:2197 [0] NCCL INFO Bucket 3.04772e+06-3.65726e+06 Count: 1
tcpxo-wb-0:1613:2197 [0] NCCL INFO Bucket 3.65726e+06-4.38871e+06 Count: 2
tcpxo-wb-0:1613:2197 [0] NCCL INFO Bucket 4.38871e+06-5.26646e+06 Count: 0
tcpxo-wb-0:1613:2197 [0] NCCL INFO Bucket 5.26646e+06-6.31975e+06 Count: 1
tcpxo-wb-0:1613:2197 [0] NCCL INFO Bucket 6.31975e+06-7.5837e+06 Count: 1
tcpxo-wb-0:1613:2197 [0] NCCL INFO Bucket 7.5837e+06-9.10044e+06 Count: 0
tcpxo-wb-0:1613:2197 [0] NCCL INFO Bucket 9.10044e+06-1.09205e+07 Count: 1
tcpxo-wb-0:1613:2197 [0] NCCL INFO NET/FasTrak 2026-08-02T13:09:09.031839005+00:00: DeregMr host memory for 0x7d1354090810 data:0x7d1343b04000 size:524288.
tcpxo-wb-0:1613:2197 [0] NCCL INFO NET/FasTrak 2026-08-02T13:09:09.031841547+00:00: DeregMr[netdev=0] CUDA memory for comm 0x7d1354090810 with handle:8653318625366216397 data:0x7d1389400000 size:4915200.
tcpxo-wb-0:1613:2197 [0] NCCL INFO NET/FasTrak 2026-08-02T13:09:09.03272802+00:00: DeregMr[netdev=0] CUDA memory for comm 0x7d1354090810 with handle:8653318625366213132 data:0x7d13898b0000 size:8388608.
tcpxo-wb-0:1613:2197 [0] NCCL INFO NET/FasTrak 2026-08-02T13:09:09.034171382+00:00: Closing Send comm 0x7d1354090810
tcpxo-wb-0:1613:2197 [0] NCCL INFO NET/FasTrak 2026-08-02T13:09:09.034178998+00:00: COMM STATS:
tcpxo-wb-0:1613:2197 [0] NCCL INFO request/offload_scheduled: 2560
tcpxo-wb-0:1613:2197 [0] NCCL INFO request/offload_completed: 2560
tcpxo-wb-0:1613:2197 [0] NCCL INFO request/offload_backlog_curr: 0
tcpxo-wb-0:1613:2197 [0] NCCL INFO request/offload_backlog_peak: 7
tcpxo-wb-0:1613:2197 [0] NCCL INFO request/offload_size_distribution:
tcpxo-wb-0:1613:2197 [0] NCCL INFO Min: 65536
tcpxo-wb-0:1613:2197 [0] NCCL INFO Max: 131072
tcpxo-wb-0:1613:2197 [0] NCCL INFO Avg: 129024
tcpxo-wb-0:1613:2197 [0] NCCL INFO Bucket 0-63107.2 Count: 0
tcpxo-wb-0:1613:2197 [0] NCCL INFO Bucket 63107.2-75728.6 Count: 80
tcpxo-wb-0:1613:2197 [0] NCCL INFO Bucket 75728.6-130859 Count: 0
tcpxo-wb-0:1613:2197 [0] NCCL INFO Bucket 130859-157031 Count: 2480
tcpxo-wb-0:1613:2197 [0] NCCL INFO Bucket 157031-2.41938e+06 Count: 0
tcpxo-wb-0:1613:2197 [0] NCCL INFO request/offload_duration_distribution:
tcpxo-wb-0:1613:2197 [0] NCCL INFO Min: 39855
tcpxo-wb-0:1613:2197 [0] NCCL INFO Max: 1.35998e+06
tcpxo-wb-0:1613:2197 [0] NCCL INFO Avg: 483105
tcpxo-wb-0:1613:2197 [0] NCCL INFO Bucket 0-35831.8 Count: 0
tcpxo-wb-0:1613:2197 [0] NCCL INFO Bucket 35831.8-42998.2 Count: 2
tcpxo-wb-0:1613:2197 [0] NCCL INFO Bucket 42998.2-51597.8 Count: 16
tcpxo-wb-0:1613:2197 [0] NCCL INFO Bucket 51597.8-61917.4 Count: 38
tcpxo-wb-0:1613:2197 [0] NCCL INFO Bucket 61917.4-74300.8 Count: 87
tcpxo-wb-0:1613:2197 [0] NCCL INFO Bucket 74300.8-89161 Count: 120
tcpxo-wb-0:1613:2197 [0] NCCL INFO Bucket 89161-106993 Count: 67
tcpxo-wb-0:1613:2197 [0] NCCL INFO Bucket 106993-128392 Count: 72
tcpxo-wb-0:1613:2197 [0] NCCL INFO Bucket 128392-154070 Count: 99
tcpxo-wb-0:1613:2197 [0] NCCL INFO Bucket 154070-184884 Count: 108
tcpxo-wb-0:1613:2197 [0] NCCL INFO Bucket 184884-221861 Count: 133
tcpxo-wb-0:1613:2197 [0] NCCL INFO Bucket 221861-266233 Count: 129
tcpxo-wb-0:1613:2197 [0] NCCL INFO Bucket 266233-319480 Count: 115
tcpxo-wb-0:1613:2197 [0] NCCL INFO Bucket 319480-383376 Count: 114
tcpxo-wb-0:1613:2197 [0] NCCL INFO Bucket 383376-460051 Count: 163
tcpxo-wb-0:1613:2197 [0] NCCL INFO Bucket 460051-552061 Count: 209
tcpxo-wb-0:1613:2197 [0] NCCL INFO Bucket 552061-662474 Count: 252
tcpxo-wb-0:1613:2197 [0] NCCL INFO Bucket 662474-794968 Count: 331
tcpxo-wb-0:1613:2197 [0] NCCL INFO Bucket 794968-953962 Count: 329
tcpxo-wb-0:1613:2197 [0] NCCL INFO Bucket 953962-1.14475e+06 Count: 157
tcpxo-wb-0:1613:2197 [0] NCCL INFO Bucket 1.14475e+06-1.37371e+06 Count: 19
tcpxo-wb-0:1613:2197 [0] NCCL INFO Bucket 1.37371e+06-1.02067e+07 Count: 0
tcpxo-wb-0:1613:2197 [0] NCCL INFO request/unpack_duration_distribution:
tcpxo-wb-0:1613:2197 [0] NCCL INFO Bucket 0-1.09205e+07 Count: 0
tcpxo-wb-0:1613:2197 [0] NCCL INFO request/offload_complete_age_distribution:
tcpxo-wb-0:1613:2197 [0] NCCL INFO Min: 78
tcpxo-wb-0:1613:2197 [0] NCCL INFO Max: 941420
tcpxo-wb-0:1613:2197 [0] NCCL INFO Avg: 120322
tcpxo-wb-0:1613:2197 [0] NCCL INFO Bucket 0-100 Count: 26
tcpxo-wb-0:1613:2197 [0] NCCL INFO Bucket 100-120 Count: 17
tcpxo-wb-0:1613:2197 [0] NCCL INFO Bucket 120-172.8 Count: 0
tcpxo-wb-0:1613:2197 [0] NCCL INFO Bucket 172.8-207.36 Count: 2
tcpxo-wb-0:1613:2197 [0] NCCL INFO Bucket 207.36-248.832 Count: 23
tcpxo-wb-0:1613:2197 [0] NCCL INFO Bucket 248.832-298.598 Count: 21
tcpxo-wb-0:1613:2197 [0] NCCL INFO Bucket 298.598-358.318 Count: 11
tcpxo-wb-0:1613:2197 [0] NCCL INFO Bucket 358.318-429.982 Count: 29
tcpxo-wb-0:1613:2197 [0] NCCL INFO Bucket 429.982-515.978 Count: 14
tcpxo-wb-0:1613:2197 [0] NCCL INFO Bucket 515.978-619.174 Count: 24
tcpxo-wb-0:1613:2197 [0] NCCL INFO Bucket 619.174-743.008 Count: 40
tcpxo-wb-0:1613:2197 [0] NCCL INFO Bucket 743.008-891.61 Count: 32
tcpxo-wb-0:1613:2197 [0] NCCL INFO Bucket 891.61-1069.93 Count: 37
tcpxo-wb-0:1613:2197 [0] NCCL INFO Bucket 1069.93-1283.92 Count: 57
tcpxo-wb-0:1613:2197 [0] NCCL INFO Bucket 1283.92-1540.7 Count: 73
tcpxo-wb-0:1613:2197 [0] NCCL INFO Bucket 1540.7-1848.84 Count: 89
tcpxo-wb-0:1613:2197 [0] NCCL INFO Bucket 1848.84-2218.61 Count: 108
tcpxo-wb-0:1613:2197 [0] NCCL INFO Bucket 2218.61-2662.33 Count: 113
tcpxo-wb-0:1613:2197 [0] NCCL INFO Bucket 2662.33-3194.8 Count: 134
tcpxo-wb-0:1613:2197 [0] NCCL INFO Bucket 3194.8-3833.76 Count: 144
tcpxo-wb-0:1613:2197 [0] NCCL INFO Bucket 3833.76-4600.51 Count: 180
tcpxo-wb-0:1613:2197 [0] NCCL INFO Bucket 4600.51-5520.61 Count: 159
tcpxo-wb-0:1613:2197 [0] NCCL INFO Bucket 5520.61-6624.74 Count: 111
tcpxo-wb-0:1613:2197 [0] NCCL INFO Bucket 6624.74-7949.68 Count: 94
tcpxo-wb-0:1613:2197 [0] NCCL INFO Bucket 7949.68-9539.62 Count: 52
tcpxo-wb-0:1613:2197 [0] NCCL INFO Bucket 9539.62-11447.5 Count: 33
tcpxo-wb-0:1613:2197 [0] NCCL INFO Bucket 11447.5-13737.1 Count: 24
tcpxo-wb-0:1613:2197 [0] NCCL INFO Bucket 13737.1-16484.5 Count: 20
tcpxo-wb-0:1613:2197 [0] NCCL INFO Bucket 16484.5-19781.4 Count: 21
tcpxo-wb-0:1613:2197 [0] NCCL INFO Bucket 19781.4-23737.6 Count: 15
tcpxo-wb-0:1613:2197 [0] NCCL INFO Bucket 23737.6-28485.2 Count: 10
tcpxo-wb-0:1613:2197 [0] NCCL INFO Bucket 28485.2-34182.2 Count: 7
tcpxo-wb-0:1613:2197 [0] NCCL INFO Bucket 34182.2-41018.6 Count: 17
tcpxo-wb-0:1613:2197 [0] NCCL INFO Bucket 41018.6-49222.4 Count: 9
tcpxo-wb-0:1613:2197 [0] NCCL INFO Bucket 49222.4-59066.8 Count: 814
tcpxo-wb-0:1613:2197 [0] NCCL INFO request/unpack_num_iovs_distribution:
tcpxo-wb-0:1613:2197 [0] NCCL INFO Bucket 0-2116.47 Count: 0
tcpxo-wb-0:1613:2197 [0] NCCL INFO request/offload_interval_distribution:
tcpxo-wb-0:1613:2197 [0] NCCL INFO Min: 9107
tcpxo-wb-0:1613:2197 [0] NCCL INFO Max: 1.04224e+08
tcpxo-wb-0:1613:2197 [0] NCCL INFO Avg: 159764
tcpxo-wb-0:1613:2197 [0] NCCL INFO Bucket 0-8916.1 Count: 0
tcpxo-wb-0:1613:2197 [0] NCCL INFO Bucket 8916.1-10699.3 Count: 3
tcpxo-wb-0:1613:2197 [0] NCCL INFO Bucket 10699.3-12839.2 Count: 5
tcpxo-wb-0:1613:2197 [0] NCCL INFO Bucket 12839.2-15407 Count: 12
tcpxo-wb-0:1613:2197 [0] NCCL INFO Bucket 15407-18488.4 Count: 37
tcpxo-wb-0:1613:2197 [0] NCCL INFO Bucket 18488.4-22186.1 Count: 160
tcpxo-wb-0:1613:2197 [0] NCCL INFO Bucket 22186.1-26623.3 Count: 217
tcpxo-wb-0:1613:2197 [0] NCCL INFO Bucket 26623.3-31948 Count: 181
tcpxo-wb-0:1613:2197 [0] NCCL INFO Bucket 31948-38337.6 Count: 78
tcpxo-wb-0:1613:2197 [0] NCCL INFO Bucket 38337.6-46005.1 Count: 196
tcpxo-wb-0:1613:2197 [0] NCCL INFO Bucket 46005.1-55206.1 Count: 539
tcpxo-wb-0:1613:2197 [0] NCCL INFO Bucket 55206.1-66247.4 Count: 389
tcpxo-wb-0:1613:2197 [0] NCCL INFO Bucket 66247.4-79496.8 Count: 88
tcpxo-wb-0:1613:2197 [0] NCCL INFO Bucket 79496.8-95396.2 Count: 29
tcpxo-wb-0:1613:2197 [0] NCCL INFO Bucket 95396.2-114475 Count: 35
tcpxo-wb-0:1613:2197 [0] NCCL INFO Bucket 114475-137371 Count: 61
tcpxo-wb-0:1613:2197 [0] NCCL INFO Bucket 137371-164845 Count: 96
tcpxo-wb-0:1613:2197 [0] NCCL INFO Bucket 164845-197814 Count: 91
tcpxo-wb-0:1613:2197 [0] NCCL INFO Bucket 197814-237376 Count: 88
tcpxo-wb-0:1613:2197 [0] NCCL INFO Bucket 237376-284852 Count: 70
tcpxo-wb-0:1613:2197 [0] NCCL INFO Bucket 284852-341822 Count: 55
tcpxo-wb-0:1613:2197 [0] NCCL INFO Bucket 341822-410186 Count: 19
tcpxo-wb-0:1613:2197 [0] NCCL INFO Bucket 410186-492224 Count: 12
tcpxo-wb-0:1613:2197 [0] NCCL INFO Bucket 492224-590668 Count: 15
tcpxo-wb-0:1613:2197 [0] NCCL INFO Bucket 590668-708802 Count: 10
tcpxo-wb-0:1613:2197 [0] NCCL INFO Bucket 708802-850562 Count: 25
tcpxo-wb-0:1613:2197 [0] NCCL INFO Bucket 850562-1.02067e+06 Count: 14
tcpxo-wb-0:1613:2197 [0] NCCL INFO Bucket 1.02067e+06-1.22481e+06 Count: 14
tcpxo-wb-0:1613:2197 [0] NCCL INFO Bucket 1.22481e+06-1.46977e+06 Count: 7
tcpxo-wb-0:1613:2197 [0] NCCL INFO Bucket 1.46977e+06-1.76373e+06 Count: 3
tcpxo-wb-0:1613:2197 [0] NCCL INFO Bucket 1.76373e+06-2.11647e+06 Count: 4
tcpxo-wb-0:1613:2197 [0] NCCL INFO Bucket 2.11647e+06-2.53977e+06 Count: 1
tcpxo-wb-0:1613:2197 [0] NCCL INFO Bucket 2.53977e+06-3.04772e+06 Count: 0
tcpxo-wb-0:1613:2197 [0] NCCL INFO Bucket 3.04772e+06-3.65726e+06 Count: 2
tcpxo-wb-0:1613:2197 [0] NCCL INFO Bucket 3.65726e+06-4.38871e+06 Count: 1
tcpxo-wb-0:1613:2197 [0] NCCL INFO Bucket 4.38871e+06-5.26646e+06 Count: 1
tcpxo-wb-0:1613:2197 [0] NCCL INFO Bucket 5.26646e+06-6.31975e+06 Count: 0
tcpxo-wb-0:1613:2197 [0] NCCL INFO Bucket 6.31975e+06-7.5837e+06 Count: 1
tcpxo-wb-0:1613:2197 [0] NCCL INFO Bucket 7.5837e+06-9.10044e+06 Count: 0
tcpxo-wb-0:1613:2197 [0] NCCL INFO Bucket 9.10044e+06-1.09205e+07 Count: 1
tcpxo-wb-0:1613:2197 [0] NCCL INFO NET/FasTrak 2026-08-02T13:09:09.034254228+00:00: DeregMr host memory for 0x7d13540941f0 data:0x7d1343c00000 size:524288.
tcpxo-wb-0:1613:2197 [0] NCCL INFO NET/FasTrak 2026-08-02T13:09:09.034257045+00:00: DeregMr[netdev=0] CUDA memory for comm 0x7d13540941f0 with handle:8653318625366213963 data:0x7d138a200000 size:4915200.
tcpxo-wb-0:1613:2197 [0] NCCL INFO NET/FasTrak 2026-08-02T13:09:09.034867262+00:00: DeregMr[netdev=0] CUDA memory for comm 0x7d13540941f0 with handle:8653318625366214794 data:0x7d138a6b0000 size:8388608.
tcpxo-wb-0:1613:2197 [0] NCCL INFO NET/FasTrak 2026-08-02T13:09:09.036170048+00:00: Closing Send comm 0x7d13540941f0
tcpxo-wb-0:1613:2197 [0] NCCL INFO NET/FasTrak 2026-08-02T13:09:09.036175067+00:00: COMM STATS:
tcpxo-wb-0:1613:2197 [0] NCCL INFO request/offload_scheduled: 2560
tcpxo-wb-0:1613:2197 [0] NCCL INFO request/offload_completed: 2560
tcpxo-wb-0:1613:2197 [0] NCCL INFO request/offload_backlog_curr: 0
tcpxo-wb-0:1613:2197 [0] NCCL INFO request/offload_backlog_peak: 7
tcpxo-wb-0:1613:2197 [0] NCCL INFO request/offload_size_distribution:
tcpxo-wb-0:1613:2197 [0] NCCL INFO Min: 65536
tcpxo-wb-0:1613:2197 [0] NCCL INFO Max: 131072
tcpxo-wb-0:1613:2197 [0] NCCL INFO Avg: 129024
tcpxo-wb-0:1613:2197 [0] NCCL INFO Bucket 0-63107.2 Count: 0
tcpxo-wb-0:1613:2197 [0] NCCL INFO Bucket 63107.2-75728.6 Count: 80
tcpxo-wb-0:1613:2197 [0] NCCL INFO Bucket 75728.6-130859 Count: 0
tcpxo-wb-0:1613:2197 [0] NCCL INFO Bucket 130859-157031 Count: 2480
tcpxo-wb-0:1613:2197 [0] NCCL INFO Bucket 157031-2.41938e+06 Count: 0
tcpxo-wb-0:1613:2197 [0] NCCL INFO request/offload_duration_distribution:
tcpxo-wb-0:1613:2197 [0] NCCL INFO Min: 36716
tcpxo-wb-0:1613:2197 [0] NCCL INFO Max: 529516
tcpxo-wb-0:1613:2197 [0] NCCL INFO Avg: 206156
tcpxo-wb-0:1613:2197 [0] NCCL INFO Bucket 0-35831.8 Count: 0
tcpxo-wb-0:1613:2197 [0] NCCL INFO Bucket 35831.8-42998.2 Count: 50
tcpxo-wb-0:1613:2197 [0] NCCL INFO Bucket 42998.2-51597.8 Count: 71
tcpxo-wb-0:1613:2197 [0] NCCL INFO Bucket 51597.8-61917.4 Count: 97
tcpxo-wb-0:1613:2197 [0] NCCL INFO Bucket 61917.4-74300.8 Count: 82
tcpxo-wb-0:1613:2197 [0] NCCL INFO Bucket 74300.8-89161 Count: 106
tcpxo-wb-0:1613:2197 [0] NCCL INFO Bucket 89161-106993 Count: 102
tcpxo-wb-0:1613:2197 [0] NCCL INFO Bucket 106993-128392 Count: 140
tcpxo-wb-0:1613:2197 [0] NCCL INFO Bucket 128392-154070 Count: 199
tcpxo-wb-0:1613:2197 [0] NCCL INFO Bucket 154070-184884 Count: 293
tcpxo-wb-0:1613:2197 [0] NCCL INFO Bucket 184884-221861 Count: 308
tcpxo-wb-0:1613:2197 [0] NCCL INFO Bucket 221861-266233 Count: 365
tcpxo-wb-0:1613:2197 [0] NCCL INFO Bucket 266233-319480 Count: 372
tcpxo-wb-0:1613:2197 [0] NCCL INFO Bucket 319480-383376 Count: 278
tcpxo-wb-0:1613:2197 [0] NCCL INFO Bucket 383376-460051 Count: 87
tcpxo-wb-0:1613:2197 [0] NCCL INFO Bucket 460051-552061 Count: 10
tcpxo-wb-0:1613:2197 [0] NCCL INFO Bucket 552061-1.02067e+07 Count: 0
tcpxo-wb-0:1613:2197 [0] NCCL INFO request/unpack_duration_distribution:
tcpxo-wb-0:1613:2197 [0] NCCL INFO Bucket 0-1.09205e+07 Count: 0
tcpxo-wb-0:1613:2197 [0] NCCL INFO request/offload_complete_age_distribution:
tcpxo-wb-0:1613:2197 [0] NCCL INFO Min: 84
tcpxo-wb-0:1613:2197 [0] NCCL INFO Max: 226995
tcpxo-wb-0:1613:2197 [0] NCCL INFO Avg: 13966.8
tcpxo-wb-0:1613:2197 [0] NCCL INFO Bucket 0-100 Count: 36
tcpxo-wb-0:1613:2197 [0] NCCL INFO Bucket 100-120 Count: 27
tcpxo-wb-0:1613:2197 [0] NCCL INFO Bucket 120-172.8 Count: 0
tcpxo-wb-0:1613:2197 [0] NCCL INFO Bucket 172.8-207.36 Count: 2
tcpxo-wb-0:1613:2197 [0] NCCL INFO Bucket 207.36-248.832 Count: 16
tcpxo-wb-0:1613:2197 [0] NCCL INFO Bucket 248.832-298.598 Count: 37
tcpxo-wb-0:1613:2197 [0] NCCL INFO Bucket 298.598-358.318 Count: 13
tcpxo-wb-0:1613:2197 [0] NCCL INFO Bucket 358.318-429.982 Count: 45
tcpxo-wb-0:1613:2197 [0] NCCL INFO Bucket 429.982-515.978 Count: 33
tcpxo-wb-0:1613:2197 [0] NCCL INFO Bucket 515.978-619.174 Count: 37
tcpxo-wb-0:1613:2197 [0] NCCL INFO Bucket 619.174-743.008 Count: 34
tcpxo-wb-0:1613:2197 [0] NCCL INFO Bucket 743.008-891.61 Count: 46
tcpxo-wb-0:1613:2197 [0] NCCL INFO Bucket 891.61-1069.93 Count: 49
tcpxo-wb-0:1613:2197 [0] NCCL INFO Bucket 1069.93-1283.92 Count: 62
tcpxo-wb-0:1613:2197 [0] NCCL INFO Bucket 1283.92-1540.7 Count: 100
tcpxo-wb-0:1613:2197 [0] NCCL INFO Bucket 1540.7-1848.84 Count: 101
tcpxo-wb-0:1613:2197 [0] NCCL INFO Bucket 1848.84-2218.61 Count: 115
tcpxo-wb-0:1613:2197 [0] NCCL INFO Bucket 2218.61-2662.33 Count: 113
tcpxo-wb-0:1613:2197 [0] NCCL INFO Bucket 2662.33-3194.8 Count: 160
tcpxo-wb-0:1613:2197 [0] NCCL INFO Bucket 3194.8-3833.76 Count: 168
tcpxo-wb-0:1613:2197 [0] NCCL INFO Bucket 3833.76-4600.51 Count: 176
tcpxo-wb-0:1613:2197 [0] NCCL INFO Bucket 4600.51-5520.61 Count: 197
tcpxo-wb-0:1613:2197 [0] NCCL INFO Bucket 5520.61-6624.74 Count: 166
tcpxo-wb-0:1613:2197 [0] NCCL INFO Bucket 6624.74-7949.68 Count: 109
tcpxo-wb-0:1613:2197 [0] NCCL INFO Bucket 7949.68-9539.62 Count: 73
tcpxo-wb-0:1613:2197 [0] NCCL INFO Bucket 9539.62-11447.5 Count: 61
tcpxo-wb-0:1613:2197 [0] NCCL INFO Bucket 11447.5-13737.1 Count: 58
tcpxo-wb-0:1613:2197 [0] NCCL INFO Bucket 13737.1-16484.5 Count: 53
tcpxo-wb-0:1613:2197 [0] NCCL INFO Bucket 16484.5-19781.4 Count: 40
tcpxo-wb-0:1613:2197 [0] NCCL INFO Bucket 19781.4-23737.6 Count: 33
tcpxo-wb-0:1613:2197 [0] NCCL INFO Bucket 23737.6-28485.2 Count: 25
tcpxo-wb-0:1613:2197 [0] NCCL INFO Bucket 28485.2-34182.2 Count: 49
tcpxo-wb-0:1613:2197 [0] NCCL INFO Bucket 34182.2-41018.6 Count: 51
tcpxo-wb-0:1613:2197 [0] NCCL INFO Bucket 41018.6-49222.4 Count: 47
tcpxo-wb-0:1613:2197 [0] NCCL INFO Bucket 49222.4-59066.8 Count: 228
tcpxo-wb-0:1613:2197 [0] NCCL INFO request/unpack_num_iovs_distribution:
tcpxo-wb-0:1613:2197 [0] NCCL INFO Bucket 0-2116.47 Count: 0
tcpxo-wb-0:1613:2197 [0] NCCL INFO request/offload_interval_distribution:
tcpxo-wb-0:1613:2197 [0] NCCL INFO Min: 8194
tcpxo-wb-0:1613:2197 [0] NCCL INFO Max: 1.04354e+08
tcpxo-wb-0:1613:2197 [0] NCCL INFO Avg: 159762
tcpxo-wb-0:1613:2197 [0] NCCL INFO Bucket 0-7430.08 Count: 0
tcpxo-wb-0:1613:2197 [0] NCCL INFO Bucket 7430.08-8916.1 Count: 1
tcpxo-wb-0:1613:2197 [0] NCCL INFO Bucket 8916.1-10699.3 Count: 0
tcpxo-wb-0:1613:2197 [0] NCCL INFO Bucket 10699.3-12839.2 Count: 2
tcpxo-wb-0:1613:2197 [0] NCCL INFO Bucket 12839.2-15407 Count: 2
tcpxo-wb-0:1613:2197 [0] NCCL INFO Bucket 15407-18488.4 Count: 18
tcpxo-wb-0:1613:2197 [0] NCCL INFO Bucket 18488.4-22186.1 Count: 43
tcpxo-wb-0:1613:2197 [0] NCCL INFO Bucket 22186.1-26623.3 Count: 96
tcpxo-wb-0:1613:2197 [0] NCCL INFO Bucket 26623.3-31948 Count: 122
tcpxo-wb-0:1613:2197 [0] NCCL INFO Bucket 31948-38337.6 Count: 243
tcpxo-wb-0:1613:2197 [0] NCCL INFO Bucket 38337.6-46005.1 Count: 276
tcpxo-wb-0:1613:2197 [0] NCCL INFO Bucket 46005.1-55206.1 Count: 288
tcpxo-wb-0:1613:2197 [0] NCCL INFO Bucket 55206.1-66247.4 Count: 300
tcpxo-wb-0:1613:2197 [0] NCCL INFO Bucket 66247.4-79496.8 Count: 137
tcpxo-wb-0:1613:2197 [0] NCCL INFO Bucket 79496.8-95396.2 Count: 151
tcpxo-wb-0:1613:2197 [0] NCCL INFO Bucket 95396.2-114475 Count: 185
tcpxo-wb-0:1613:2197 [0] NCCL INFO Bucket 114475-137371 Count: 152
tcpxo-wb-0:1613:2197 [0] NCCL INFO Bucket 137371-164845 Count: 133
tcpxo-wb-0:1613:2197 [0] NCCL INFO Bucket 164845-197814 Count: 117
tcpxo-wb-0:1613:2197 [0] NCCL INFO Bucket 197814-237376 Count: 85
tcpxo-wb-0:1613:2197 [0] NCCL INFO Bucket 237376-284852 Count: 59
tcpxo-wb-0:1613:2197 [0] NCCL INFO Bucket 284852-341822 Count: 35
tcpxo-wb-0:1613:2197 [0] NCCL INFO Bucket 341822-410186 Count: 17
tcpxo-wb-0:1613:2197 [0] NCCL INFO Bucket 410186-492224 Count: 6
tcpxo-wb-0:1613:2197 [0] NCCL INFO Bucket 492224-590668 Count: 21
tcpxo-wb-0:1613:2197 [0] NCCL INFO Bucket 590668-708802 Count: 20
tcpxo-wb-0:1613:2197 [0] NCCL INFO Bucket 708802-850562 Count: 20
tcpxo-wb-0:1613:2197 [0] NCCL INFO Bucket 850562-1.02067e+06 Count: 15
tcpxo-wb-0:1613:2197 [0] NCCL INFO Bucket 1.02067e+06-1.22481e+06 Count: 9
tcpxo-wb-0:1613:2197 [0] NCCL INFO Bucket 1.22481e+06-1.46977e+06 Count: 1
tcpxo-wb-0:1613:2197 [0] NCCL INFO Bucket 1.46977e+06-3.04772e+06 Count: 0
tcpxo-wb-0:1613:2197 [0] NCCL INFO Bucket 3.04772e+06-3.65726e+06 Count: 1
tcpxo-wb-0:1613:2197 [0] NCCL INFO Bucket 3.65726e+06-4.38871e+06 Count: 2
tcpxo-wb-0:1613:2197 [0] NCCL INFO Bucket 4.38871e+06-5.26646e+06 Count: 0
tcpxo-wb-0:1613:2197 [0] NCCL INFO Bucket 5.26646e+06-6.31975e+06 Count: 1
tcpxo-wb-0:1613:2197 [0] NCCL INFO Bucket 6.31975e+06-7.5837e+06 Count: 1
tcpxo-wb-0:1613:2197 [0] NCCL INFO Bucket 7.5837e+06-9.10044e+06 Count: 0
tcpxo-wb-0:1613:2197 [0] NCCL INFO Bucket 9.10044e+06-1.09205e+07 Count: 1
tcpxo-wb-0:1613:2197 [0] NCCL INFO NET/FasTrak 2026-08-02T13:09:09.036244205+00:00: DeregMr host memory for 0x7d1354097410 data:0x7d1343c82000 size:524288.
tcpxo-wb-0:1613:2197 [0] NCCL INFO NET/FasTrak 2026-08-02T13:09:09.036246834+00:00: DeregMr[netdev=0] CUDA memory for comm 0x7d1354097410 with handle:8653318625366215625 data:0x7d138b000000 size:4915200.
tcpxo-wb-0:1613:2197 [0] NCCL INFO NET/FasTrak 2026-08-02T13:09:09.037015182+00:00: DeregMr[netdev=0] CUDA memory for comm 0x7d1354097410 with handle:8653318625366216456 data:0x7d138b4b0000 size:8388608.
tcpxo-wb-0:1613:2197 [0] NCCL INFO NET/FasTrak 2026-08-02T13:09:09.038229182+00:00: Closing Send comm 0x7d1354097410
tcpxo-wb-0:1613:2197 [0] NCCL INFO NET/FasTrak 2026-08-02T13:09:09.038234098+00:00: COMM STATS:
tcpxo-wb-0:1613:2197 [0] NCCL INFO request/offload_scheduled: 2560
tcpxo-wb-0:1613:2197 [0] NCCL INFO request/offload_completed: 2560
tcpxo-wb-0:1613:2197 [0] NCCL INFO request/offload_backlog_curr: 0
tcpxo-wb-0:1613:2197 [0] NCCL INFO request/offload_backlog_peak: 7
tcpxo-wb-0:1613:2197 [0] NCCL INFO request/offload_size_distribution:
tcpxo-wb-0:1613:2197 [0] NCCL INFO Min: 65536
tcpxo-wb-0:1613:2197 [0] NCCL INFO Max: 131072
tcpxo-wb-0:1613:2197 [0] NCCL INFO Avg: 129024
tcpxo-wb-0:1613:2197 [0] NCCL INFO Bucket 0-63107.2 Count: 0
tcpxo-wb-0:1613:2197 [0] NCCL INFO Bucket 63107.2-75728.6 Count: 80
tcpxo-wb-0:1613:2197 [0] NCCL INFO Bucket 75728.6-130859 Count: 0
tcpxo-wb-0:1613:2197 [0] NCCL INFO Bucket 130859-157031 Count: 2480
tcpxo-wb-0:1613:2197 [0] NCCL INFO Bucket 157031-2.41938e+06 Count: 0
tcpxo-wb-0:1613:2197 [0] NCCL INFO request/offload_duration_distribution:
tcpxo-wb-0:1613:2197 [0] NCCL INFO Min: 41911
tcpxo-wb-0:1613:2197 [0] NCCL INFO Max: 1.1777e+06
tcpxo-wb-0:1613:2197 [0] NCCL INFO Avg: 430591
tcpxo-wb-0:1613:2197 [0] NCCL INFO Bucket 0-35831.8 Count: 0
tcpxo-wb-0:1613:2197 [0] NCCL INFO Bucket 35831.8-42998.2 Count: 1
tcpxo-wb-0:1613:2197 [0] NCCL INFO Bucket 42998.2-51597.8 Count: 11
tcpxo-wb-0:1613:2197 [0] NCCL INFO Bucket 51597.8-61917.4 Count: 26
tcpxo-wb-0:1613:2197 [0] NCCL INFO Bucket 61917.4-74300.8 Count: 121
tcpxo-wb-0:1613:2197 [0] NCCL INFO Bucket 74300.8-89161 Count: 120
tcpxo-wb-0:1613:2197 [0] NCCL INFO Bucket 89161-106993 Count: 56
tcpxo-wb-0:1613:2197 [0] NCCL INFO Bucket 106993-128392 Count: 71
tcpxo-wb-0:1613:2197 [0] NCCL INFO Bucket 128392-154070 Count: 46
tcpxo-wb-0:1613:2197 [0] NCCL INFO Bucket 154070-184884 Count: 60
tcpxo-wb-0:1613:2197 [0] NCCL INFO Bucket 184884-221861 Count: 66
tcpxo-wb-0:1613:2197 [0] NCCL INFO Bucket 221861-266233 Count: 74
tcpxo-wb-0:1613:2197 [0] NCCL INFO Bucket 266233-319480 Count: 90
tcpxo-wb-0:1613:2197 [0] NCCL INFO Bucket 319480-383376 Count: 169
tcpxo-wb-0:1613:2197 [0] NCCL INFO Bucket 383376-460051 Count: 291
tcpxo-wb-0:1613:2197 [0] NCCL INFO Bucket 460051-552061 Count: 555
tcpxo-wb-0:1613:2197 [0] NCCL INFO Bucket 552061-662474 Count: 488
tcpxo-wb-0:1613:2197 [0] NCCL INFO Bucket 662474-794968 Count: 253
tcpxo-wb-0:1613:2197 [0] NCCL INFO Bucket 794968-953962 Count: 54
tcpxo-wb-0:1613:2197 [0] NCCL INFO Bucket 953962-1.14475e+06 Count: 6
tcpxo-wb-0:1613:2197 [0] NCCL INFO Bucket 1.14475e+06-1.37371e+06 Count: 2
tcpxo-wb-0:1613:2197 [0] NCCL INFO Bucket 1.37371e+06-1.02067e+07 Count: 0
tcpxo-wb-0:1613:2197 [0] NCCL INFO request/unpack_duration_distribution:
tcpxo-wb-0:1613:2197 [0] NCCL INFO Bucket 0-1.09205e+07 Count: 0
tcpxo-wb-0:1613:2197 [0] NCCL INFO request/offload_complete_age_distribution:
tcpxo-wb-0:1613:2197 [0] NCCL INFO Min: 82
tcpxo-wb-0:1613:2197 [0] NCCL INFO Max: 638213
tcpxo-wb-0:1613:2197 [0] NCCL INFO Avg: 96937.8
tcpxo-wb-0:1613:2197 [0] NCCL INFO Bucket 0-100 Count: 39
tcpxo-wb-0:1613:2197 [0] NCCL INFO Bucket 100-120 Count: 22
tcpxo-wb-0:1613:2197 [0] NCCL INFO Bucket 120-172.8 Count: 0
tcpxo-wb-0:1613:2197 [0] NCCL INFO Bucket 172.8-207.36 Count: 1
tcpxo-wb-0:1613:2197 [0] NCCL INFO Bucket 207.36-248.832 Count: 32
tcpxo-wb-0:1613:2197 [0] NCCL INFO Bucket 248.832-298.598 Count: 19
tcpxo-wb-0:1613:2197 [0] NCCL INFO Bucket 298.598-358.318 Count: 4
tcpxo-wb-0:1613:2197 [0] NCCL INFO Bucket 358.318-429.982 Count: 25
tcpxo-wb-0:1613:2197 [0] NCCL INFO Bucket 429.982-515.978 Count: 10
tcpxo-wb-0:1613:2197 [0] NCCL INFO Bucket 515.978-619.174 Count: 26
tcpxo-wb-0:1613:2197 [0] NCCL INFO Bucket 619.174-743.008 Count: 30
tcpxo-wb-0:1613:2197 [0] NCCL INFO Bucket 743.008-891.61 Count: 28
tcpxo-wb-0:1613:2197 [0] NCCL INFO Bucket 891.61-1069.93 Count: 44
tcpxo-wb-0:1613:2197 [0] NCCL INFO Bucket 1069.93-1283.92 Count: 40
tcpxo-wb-0:1613:2197 [0] NCCL INFO Bucket 1283.92-1540.7 Count: 59
tcpxo-wb-0:1613:2197 [0] NCCL INFO Bucket 1540.7-1848.84 Count: 83
tcpxo-wb-0:1613:2197 [0] NCCL INFO Bucket 1848.84-2218.61 Count: 98
tcpxo-wb-0:1613:2197 [0] NCCL INFO Bucket 2218.61-2662.33 Count: 115
tcpxo-wb-0:1613:2197 [0] NCCL INFO Bucket 2662.33-3194.8 Count: 115
tcpxo-wb-0:1613:2197 [0] NCCL INFO Bucket 3194.8-3833.76 Count: 146
tcpxo-wb-0:1613:2197 [0] NCCL INFO Bucket 3833.76-4600.51 Count: 140
tcpxo-wb-0:1613:2197 [0] NCCL INFO Bucket 4600.51-5520.61 Count: 133
tcpxo-wb-0:1613:2197 [0] NCCL INFO Bucket 5520.61-6624.74 Count: 123
tcpxo-wb-0:1613:2197 [0] NCCL INFO Bucket 6624.74-7949.68 Count: 105
tcpxo-wb-0:1613:2197 [0] NCCL INFO Bucket 7949.68-9539.62 Count: 58
tcpxo-wb-0:1613:2197 [0] NCCL INFO Bucket 9539.62-11447.5 Count: 29
tcpxo-wb-0:1613:2197 [0] NCCL INFO Bucket 11447.5-13737.1 Count: 30
tcpxo-wb-0:1613:2197 [0] NCCL INFO Bucket 13737.1-16484.5 Count: 39
tcpxo-wb-0:1613:2197 [0] NCCL INFO Bucket 16484.5-19781.4 Count: 21
tcpxo-wb-0:1613:2197 [0] NCCL INFO Bucket 19781.4-23737.6 Count: 13
tcpxo-wb-0:1613:2197 [0] NCCL INFO Bucket 23737.6-28485.2 Count: 17
tcpxo-wb-0:1613:2197 [0] NCCL INFO Bucket 28485.2-34182.2 Count: 16
tcpxo-wb-0:1613:2197 [0] NCCL INFO Bucket 34182.2-41018.6 Count: 7
tcpxo-wb-0:1613:2197 [0] NCCL INFO Bucket 41018.6-49222.4 Count: 9
tcpxo-wb-0:1613:2197 [0] NCCL INFO Bucket 49222.4-59066.8 Count: 884
tcpxo-wb-0:1613:2197 [0] NCCL INFO request/unpack_num_iovs_distribution:
tcpxo-wb-0:1613:2197 [0] NCCL INFO Bucket 0-2116.47 Count: 0
tcpxo-wb-0:1613:2197 [0] NCCL INFO request/offload_interval_distribution:
tcpxo-wb-0:1613:2197 [0] NCCL INFO Min: 7681
tcpxo-wb-0:1613:2197 [0] NCCL INFO Max: 1.04153e+08
tcpxo-wb-0:1613:2197 [0] NCCL INFO Avg: 159445
tcpxo-wb-0:1613:2197 [0] NCCL INFO Bucket 0-7430.08 Count: 0
tcpxo-wb-0:1613:2197 [0] NCCL INFO Bucket 7430.08-8916.1 Count: 2
tcpxo-wb-0:1613:2197 [0] NCCL INFO Bucket 8916.1-10699.3 Count: 3
tcpxo-wb-0:1613:2197 [0] NCCL INFO Bucket 10699.3-12839.2 Count: 4
tcpxo-wb-0:1613:2197 [0] NCCL INFO Bucket 12839.2-15407 Count: 14
tcpxo-wb-0:1613:2197 [0] NCCL INFO Bucket 15407-18488.4 Count: 31
tcpxo-wb-0:1613:2197 [0] NCCL INFO Bucket 18488.4-22186.1 Count: 115
tcpxo-wb-0:1613:2197 [0] NCCL INFO Bucket 22186.1-26623.3 Count: 158
tcpxo-wb-0:1613:2197 [0] NCCL INFO Bucket 26623.3-31948 Count: 143
tcpxo-wb-0:1613:2197 [0] NCCL INFO Bucket 31948-38337.6 Count: 64
tcpxo-wb-0:1613:2197 [0] NCCL INFO Bucket 38337.6-46005.1 Count: 229
tcpxo-wb-0:1613:2197 [0] NCCL INFO Bucket 46005.1-55206.1 Count: 570
tcpxo-wb-0:1613:2197 [0] NCCL INFO Bucket 55206.1-66247.4 Count: 446
tcpxo-wb-0:1613:2197 [0] NCCL INFO Bucket 66247.4-79496.8 Count: 125
tcpxo-wb-0:1613:2197 [0] NCCL INFO Bucket 79496.8-95396.2 Count: 87
tcpxo-wb-0:1613:2197 [0] NCCL INFO Bucket 95396.2-114475 Count: 80
tcpxo-wb-0:1613:2197 [0] NCCL INFO Bucket 114475-137371 Count: 70
tcpxo-wb-0:1613:2197 [0] NCCL INFO Bucket 137371-164845 Count: 99
tcpxo-wb-0:1613:2197 [0] NCCL INFO Bucket 164845-197814 Count: 96
tcpxo-wb-0:1613:2197 [0] NCCL INFO Bucket 197814-237376 Count: 65
tcpxo-wb-0:1613:2197 [0] NCCL INFO Bucket 237376-284852 Count: 26
tcpxo-wb-0:1613:2197 [0] NCCL INFO Bucket 284852-341822 Count: 18
tcpxo-wb-0:1613:2197 [0] NCCL INFO Bucket 341822-410186 Count: 10
tcpxo-wb-0:1613:2197 [0] NCCL INFO Bucket 410186-492224 Count: 7
tcpxo-wb-0:1613:2197 [0] NCCL INFO Bucket 492224-590668 Count: 12
tcpxo-wb-0:1613:2197 [0] NCCL INFO Bucket 590668-708802 Count: 8
tcpxo-wb-0:1613:2197 [0] NCCL INFO Bucket 708802-850562 Count: 14
tcpxo-wb-0:1613:2197 [0] NCCL INFO Bucket 850562-1.02067e+06 Count: 8
tcpxo-wb-0:1613:2197 [0] NCCL INFO Bucket 1.02067e+06-1.22481e+06 Count: 12
tcpxo-wb-0:1613:2197 [0] NCCL INFO Bucket 1.22481e+06-1.46977e+06 Count: 19
tcpxo-wb-0:1613:2197 [0] NCCL INFO Bucket 1.46977e+06-1.76373e+06 Count: 11
tcpxo-wb-0:1613:2197 [0] NCCL INFO Bucket 1.76373e+06-2.11647e+06 Count: 6
tcpxo-wb-0:1613:2197 [0] NCCL INFO Bucket 2.11647e+06-2.53977e+06 Count: 2
tcpxo-wb-0:1613:2197 [0] NCCL INFO Bucket 2.53977e+06-3.04772e+06 Count: 0
tcpxo-wb-0:1613:2197 [0] NCCL INFO Bucket 3.04772e+06-3.65726e+06 Count: 2
tcpxo-wb-0:1613:2197 [0] NCCL INFO Bucket 3.65726e+06-4.38871e+06 Count: 1
tcpxo-wb-0:1613:2197 [0] NCCL INFO Bucket 4.38871e+06-5.26646e+06 Count: 1
tcpxo-wb-0:1613:2197 [0] NCCL INFO Bucket 5.26646e+06-6.31975e+06 Count: 0
tcpxo-wb-0:1613:2197 [0] NCCL INFO Bucket 6.31975e+06-7.5837e+06 Count: 1
tcpxo-wb-0:1613:2197 [0] NCCL INFO Bucket 7.5837e+06-9.10044e+06 Count: 0
tcpxo-wb-0:1613:2197 [0] NCCL INFO Bucket 9.10044e+06-1.09205e+07 Count: 1
tcpxo-wb-0:1613:2197 [0] NCCL INFO NET/FasTrak 2026-08-02T13:09:09.038308492+00:00: DeregMr host memory for 0x7d135409aaf0 data:0x7d1343d04000 size:524288.
tcpxo-wb-0:1613:2197 [0] NCCL INFO NET/FasTrak 2026-08-02T13:09:09.038311098+00:00: DeregMr[netdev=0] CUDA memory for comm 0x7d135409aaf0 with handle:8653318625366213191 data:0x7d138be00000 size:4915200.
tcpxo-wb-0:1613:2197 [0] NCCL INFO NET/FasTrak 2026-08-02T13:09:09.039202496+00:00: DeregMr[netdev=0] CUDA memory for comm 0x7d135409aaf0 with handle:8653318625366214022 data:0x7d138c2b0000 size:8388608.
tcpxo-wb-0:1613:2197 [0] NCCL INFO NET/FasTrak 2026-08-02T13:09:09.040621805+00:00: Closing Send comm 0x7d135409aaf0
tcpxo-wb-0:1613:2197 [0] NCCL INFO NET/FasTrak 2026-08-02T13:09:09.040629004+00:00: COMM STATS:
tcpxo-wb-0:1613:2197 [0] NCCL INFO request/offload_scheduled: 2560
tcpxo-wb-0:1613:2197 [0] NCCL INFO request/offload_completed: 2560
tcpxo-wb-0:1613:2197 [0] NCCL INFO request/offload_backlog_curr: 0
tcpxo-wb-0:1613:2197 [0] NCCL INFO request/offload_backlog_peak: 7
tcpxo-wb-0:1613:2197 [0] NCCL INFO request/offload_size_distribution:
tcpxo-wb-0:1613:2197 [0] NCCL INFO Min: 65536
tcpxo-wb-0:1613:2197 [0] NCCL INFO Max: 131072
tcpxo-wb-0:1613:2197 [0] NCCL INFO Avg: 129024
tcpxo-wb-0:1613:2197 [0] NCCL INFO Bucket 0-63107.2 Count: 0
tcpxo-wb-0:1613:2197 [0] NCCL INFO Bucket 63107.2-75728.6 Count: 80
tcpxo-wb-0:1613:2197 [0] NCCL INFO Bucket 75728.6-130859 Count: 0
tcpxo-wb-0:1613:2197 [0] NCCL INFO Bucket 130859-157031 Count: 2480
tcpxo-wb-0:1613:2197 [0] NCCL INFO Bucket 157031-2.41938e+06 Count: 0
tcpxo-wb-0:1613:2197 [0] NCCL INFO request/offload_duration_distribution:
tcpxo-wb-0:1613:2197 [0] NCCL INFO Min: 35850
tcpxo-wb-0:1613:2197 [0] NCCL INFO Max: 1.12741e+06
tcpxo-wb-0:1613:2197 [0] NCCL INFO Avg: 386926
tcpxo-wb-0:1613:2197 [0] NCCL INFO Bucket 0-35831.8 Count: 0
tcpxo-wb-0:1613:2197 [0] NCCL INFO Bucket 35831.8-42998.2 Count: 8
tcpxo-wb-0:1613:2197 [0] NCCL INFO Bucket 42998.2-51597.8 Count: 10
tcpxo-wb-0:1613:2197 [0] NCCL INFO Bucket 51597.8-61917.4 Count: 48
tcpxo-wb-0:1613:2197 [0] NCCL INFO Bucket 61917.4-74300.8 Count: 105
tcpxo-wb-0:1613:2197 [0] NCCL INFO Bucket 74300.8-89161 Count: 102
tcpxo-wb-0:1613:2197 [0] NCCL INFO Bucket 89161-106993 Count: 55
tcpxo-wb-0:1613:2197 [0] NCCL INFO Bucket 106993-128392 Count: 69
tcpxo-wb-0:1613:2197 [0] NCCL INFO Bucket 128392-154070 Count: 87
tcpxo-wb-0:1613:2197 [0] NCCL INFO Bucket 154070-184884 Count: 67
tcpxo-wb-0:1613:2197 [0] NCCL INFO Bucket 184884-221861 Count: 82
tcpxo-wb-0:1613:2197 [0] NCCL INFO Bucket 221861-266233 Count: 159
tcpxo-wb-0:1613:2197 [0] NCCL INFO Bucket 266233-319480 Count: 200
tcpxo-wb-0:1613:2197 [0] NCCL INFO Bucket 319480-383376 Count: 291
tcpxo-wb-0:1613:2197 [0] NCCL INFO Bucket 383376-460051 Count: 352
tcpxo-wb-0:1613:2197 [0] NCCL INFO Bucket 460051-552061 Count: 354
tcpxo-wb-0:1613:2197 [0] NCCL INFO Bucket 552061-662474 Count: 319
tcpxo-wb-0:1613:2197 [0] NCCL INFO Bucket 662474-794968 Count: 155
tcpxo-wb-0:1613:2197 [0] NCCL INFO Bucket 794968-953962 Count: 80
tcpxo-wb-0:1613:2197 [0] NCCL INFO Bucket 953962-1.14475e+06 Count: 17
tcpxo-wb-0:1613:2197 [0] NCCL INFO Bucket 1.14475e+06-1.02067e+07 Count: 0
tcpxo-wb-0:1613:2197 [0] NCCL INFO request/unpack_duration_distribution:
tcpxo-wb-0:1613:2197 [0] NCCL INFO Bucket 0-1.09205e+07 Count: 0
tcpxo-wb-0:1613:2197 [0] NCCL INFO request/offload_complete_age_distribution:
tcpxo-wb-0:1613:2197 [0] NCCL INFO Min: 77
tcpxo-wb-0:1613:2197 [0] NCCL INFO Max: 626488
tcpxo-wb-0:1613:2197 [0] NCCL INFO Avg: 76243.1
tcpxo-wb-0:1613:2197 [0] NCCL INFO Bucket 0-100 Count: 28
tcpxo-wb-0:1613:2197 [0] NCCL INFO Bucket 100-120 Count: 29
tcpxo-wb-0:1613:2197 [0] NCCL INFO Bucket 120-207.36 Count: 0
tcpxo-wb-0:1613:2197 [0] NCCL INFO Bucket 207.36-248.832 Count: 20
tcpxo-wb-0:1613:2197 [0] NCCL INFO Bucket 248.832-298.598 Count: 13
tcpxo-wb-0:1613:2197 [0] NCCL INFO Bucket 298.598-358.318 Count: 10
tcpxo-wb-0:1613:2197 [0] NCCL INFO Bucket 358.318-429.982 Count: 24
tcpxo-wb-0:1613:2197 [0] NCCL INFO Bucket 429.982-515.978 Count: 20
tcpxo-wb-0:1613:2197 [0] NCCL INFO Bucket 515.978-619.174 Count: 26
tcpxo-wb-0:1613:2197 [0] NCCL INFO Bucket 619.174-743.008 Count: 20
tcpxo-wb-0:1613:2197 [0] NCCL INFO Bucket 743.008-891.61 Count: 20
tcpxo-wb-0:1613:2197 [0] NCCL INFO Bucket 891.61-1069.93 Count: 33
tcpxo-wb-0:1613:2197 [0] NCCL INFO Bucket 1069.93-1283.92 Count: 57
tcpxo-wb-0:1613:2197 [0] NCCL INFO Bucket 1283.92-1540.7 Count: 62
tcpxo-wb-0:1613:2197 [0] NCCL INFO Bucket 1540.7-1848.84 Count: 78
tcpxo-wb-0:1613:2197 [0] NCCL INFO Bucket 1848.84-2218.61 Count: 89
tcpxo-wb-0:1613:2197 [0] NCCL INFO Bucket 2218.61-2662.33 Count: 85
tcpxo-wb-0:1613:2197 [0] NCCL INFO Bucket 2662.33-3194.8 Count: 131
tcpxo-wb-0:1613:2197 [0] NCCL INFO Bucket 3194.8-3833.76 Count: 145
tcpxo-wb-0:1613:2197 [0] NCCL INFO Bucket 3833.76-4600.51 Count: 166
tcpxo-wb-0:1613:2197 [0] NCCL INFO Bucket 4600.51-5520.61 Count: 161
tcpxo-wb-0:1613:2197 [0] NCCL INFO Bucket 5520.61-6624.74 Count: 123
tcpxo-wb-0:1613:2197 [0] NCCL INFO Bucket 6624.74-7949.68 Count: 96
tcpxo-wb-0:1613:2197 [0] NCCL INFO Bucket 7949.68-9539.62 Count: 64
tcpxo-wb-0:1613:2197 [0] NCCL INFO Bucket 9539.62-11447.5 Count: 46
tcpxo-wb-0:1613:2197 [0] NCCL INFO Bucket 11447.5-13737.1 Count: 38
tcpxo-wb-0:1613:2197 [0] NCCL INFO Bucket 13737.1-16484.5 Count: 43
tcpxo-wb-0:1613:2197 [0] NCCL INFO Bucket 16484.5-19781.4 Count: 28
tcpxo-wb-0:1613:2197 [0] NCCL INFO Bucket 19781.4-23737.6 Count: 20
tcpxo-wb-0:1613:2197 [0] NCCL INFO Bucket 23737.6-28485.2 Count: 24
tcpxo-wb-0:1613:2197 [0] NCCL INFO Bucket 28485.2-34182.2 Count: 23
tcpxo-wb-0:1613:2197 [0] NCCL INFO Bucket 34182.2-41018.6 Count: 24
tcpxo-wb-0:1613:2197 [0] NCCL INFO Bucket 41018.6-49222.4 Count: 24
tcpxo-wb-0:1613:2197 [0] NCCL INFO Bucket 49222.4-59066.8 Count: 790
tcpxo-wb-0:1613:2197 [0] NCCL INFO request/unpack_num_iovs_distribution:
tcpxo-wb-0:1613:2197 [0] NCCL INFO Bucket 0-2116.47 Count: 0
tcpxo-wb-0:1613:2197 [0] NCCL INFO request/offload_interval_distribution:
tcpxo-wb-0:1613:2197 [0] NCCL INFO Min: 6260
tcpxo-wb-0:1613:2197 [0] NCCL INFO Max: 1.04123e+08
tcpxo-wb-0:1613:2197 [0] NCCL INFO Avg: 159491
tcpxo-wb-0:1613:2197 [0] NCCL INFO Bucket 0-6191.74 Count: 0
tcpxo-wb-0:1613:2197 [0] NCCL INFO Bucket 6191.74-7430.08 Count: 2
tcpxo-wb-0:1613:2197 [0] NCCL INFO Bucket 7430.08-8916.1 Count: 4
tcpxo-wb-0:1613:2197 [0] NCCL INFO Bucket 8916.1-10699.3 Count: 4
tcpxo-wb-0:1613:2197 [0] NCCL INFO Bucket 10699.3-12839.2 Count: 4
tcpxo-wb-0:1613:2197 [0] NCCL INFO Bucket 12839.2-15407 Count: 11
tcpxo-wb-0:1613:2197 [0] NCCL INFO Bucket 15407-18488.4 Count: 30
tcpxo-wb-0:1613:2197 [0] NCCL INFO Bucket 18488.4-22186.1 Count: 105
tcpxo-wb-0:1613:2197 [0] NCCL INFO Bucket 22186.1-26623.3 Count: 144
tcpxo-wb-0:1613:2197 [0] NCCL INFO Bucket 26623.3-31948 Count: 84
tcpxo-wb-0:1613:2197 [0] NCCL INFO Bucket 31948-38337.6 Count: 58
tcpxo-wb-0:1613:2197 [0] NCCL INFO Bucket 38337.6-46005.1 Count: 258
tcpxo-wb-0:1613:2197 [0] NCCL INFO Bucket 46005.1-55206.1 Count: 620
tcpxo-wb-0:1613:2197 [0] NCCL INFO Bucket 55206.1-66247.4 Count: 513
tcpxo-wb-0:1613:2197 [0] NCCL INFO Bucket 66247.4-79496.8 Count: 130
tcpxo-wb-0:1613:2197 [0] NCCL INFO Bucket 79496.8-95396.2 Count: 66
tcpxo-wb-0:1613:2197 [0] NCCL INFO Bucket 95396.2-114475 Count: 60
tcpxo-wb-0:1613:2197 [0] NCCL INFO Bucket 114475-137371 Count: 99
tcpxo-wb-0:1613:2197 [0] NCCL INFO Bucket 137371-164845 Count: 63
tcpxo-wb-0:1613:2197 [0] NCCL INFO Bucket 164845-197814 Count: 88
tcpxo-wb-0:1613:2197 [0] NCCL INFO Bucket 197814-237376 Count: 47
tcpxo-wb-0:1613:2197 [0] NCCL INFO Bucket 237376-284852 Count: 34
tcpxo-wb-0:1613:2197 [0] NCCL INFO Bucket 284852-341822 Count: 18
tcpxo-wb-0:1613:2197 [0] NCCL INFO Bucket 341822-410186 Count: 13
tcpxo-wb-0:1613:2197 [0] NCCL INFO Bucket 410186-492224 Count: 7
tcpxo-wb-0:1613:2197 [0] NCCL INFO Bucket 492224-590668 Count: 12
tcpxo-wb-0:1613:2197 [0] NCCL INFO Bucket 590668-708802 Count: 8
tcpxo-wb-0:1613:2197 [0] NCCL INFO Bucket 708802-850562 Count: 12
tcpxo-wb-0:1613:2197 [0] NCCL INFO Bucket 850562-1.02067e+06 Count: 3
tcpxo-wb-0:1613:2197 [0] NCCL INFO Bucket 1.02067e+06-1.22481e+06 Count: 15
tcpxo-wb-0:1613:2197 [0] NCCL INFO Bucket 1.22481e+06-1.46977e+06 Count: 22
tcpxo-wb-0:1613:2197 [0] NCCL INFO Bucket 1.46977e+06-1.76373e+06 Count: 14
tcpxo-wb-0:1613:2197 [0] NCCL INFO Bucket 1.76373e+06-2.11647e+06 Count: 4
tcpxo-wb-0:1613:2197 [0] NCCL INFO Bucket 2.11647e+06-2.53977e+06 Count: 2
tcpxo-wb-0:1613:2197 [0] NCCL INFO Bucket 2.53977e+06-3.04772e+06 Count: 0
tcpxo-wb-0:1613:2197 [0] NCCL INFO Bucket 3.04772e+06-3.65726e+06 Count: 2
tcpxo-wb-0:1613:2197 [0] NCCL INFO Bucket 3.65726e+06-4.38871e+06 Count: 1
tcpxo-wb-0:1613:2197 [0] NCCL INFO Bucket 4.38871e+06-5.26646e+06 Count: 1
tcpxo-wb-0:1613:2197 [0] NCCL INFO Bucket 5.26646e+06-6.31975e+06 Count: 0
tcpxo-wb-0:1613:2197 [0] NCCL INFO Bucket 6.31975e+06-7.5837e+06 Count: 1
tcpxo-wb-0:1613:2197 [0] NCCL INFO Bucket 7.5837e+06-9.10044e+06 Count: 0
tcpxo-wb-0:1613:2197 [0] NCCL INFO Bucket 9.10044e+06-1.09205e+07 Count: 1
tcpxo-wb-0:1613:2197 [0] NCCL INFO NET/FasTrak 2026-08-02T13:09:09.040702192+00:00: DeregMr host memory for 0x7d135409e010 data:0x7d1343e00000 size:524288.
tcpxo-wb-0:1613:2197 [0] NCCL INFO NET/FasTrak 2026-08-02T13:09:09.04070499+00:00: DeregMr[netdev=0] CUDA memory for comm 0x7d135409e010 with handle:8653318625366214853 data:0x7d138cc00000 size:4915200.
tcpxo-wb-0:1613:2197 [0] NCCL INFO NET/FasTrak 2026-08-02T13:09:09.041316485+00:00: DeregMr[netdev=0] CUDA memory for comm 0x7d135409e010 with handle:8653318625366215684 data:0x7d138d0b0000 size:8388608.
tcpxo-wb-0:1613:2197 [0] NCCL INFO NET/FasTrak 2026-08-02T13:09:09.042646654+00:00: Closing Send comm 0x7d135409e010
tcpxo-wb-0:1613:2197 [0] NCCL INFO NET/FasTrak 2026-08-02T13:09:09.042651315+00:00: COMM STATS:
tcpxo-wb-0:1613:2197 [0] NCCL INFO request/offload_scheduled: 2560
tcpxo-wb-0:1613:2197 [0] NCCL INFO request/offload_completed: 2560
tcpxo-wb-0:1613:2197 [0] NCCL INFO request/offload_backlog_curr: 0
tcpxo-wb-0:1613:2197 [0] NCCL INFO request/offload_backlog_peak: 7
tcpxo-wb-0:1613:2197 [0] NCCL INFO request/offload_size_distribution:
tcpxo-wb-0:1613:2197 [0] NCCL INFO Min: 65536
tcpxo-wb-0:1613:2197 [0] NCCL INFO Max: 131072
tcpxo-wb-0:1613:2197 [0] NCCL INFO Avg: 129024
tcpxo-wb-0:1613:2197 [0] NCCL INFO Bucket 0-63107.2 Count: 0
tcpxo-wb-0:1613:2197 [0] NCCL INFO Bucket 63107.2-75728.6 Count: 80
tcpxo-wb-0:1613:2197 [0] NCCL INFO Bucket 75728.6-130859 Count: 0
tcpxo-wb-0:1613:2197 [0] NCCL INFO Bucket 130859-157031 Count: 2480
tcpxo-wb-0:1613:2197 [0] NCCL INFO Bucket 157031-2.41938e+06 Count: 0
tcpxo-wb-0:1613:2197 [0] NCCL INFO request/offload_duration_distribution:
tcpxo-wb-0:1613:2197 [0] NCCL INFO Min: 36990
tcpxo-wb-0:1613:2197 [0] NCCL INFO Max: 905538
tcpxo-wb-0:1613:2197 [0] NCCL INFO Avg: 268479
tcpxo-wb-0:1613:2197 [0] NCCL INFO Bucket 0-35831.8 Count: 0
tcpxo-wb-0:1613:2197 [0] NCCL INFO Bucket 35831.8-42998.2 Count: 80
tcpxo-wb-0:1613:2197 [0] NCCL INFO Bucket 42998.2-51597.8 Count: 128
tcpxo-wb-0:1613:2197 [0] NCCL INFO Bucket 51597.8-61917.4 Count: 102
tcpxo-wb-0:1613:2197 [0] NCCL INFO Bucket 61917.4-74300.8 Count: 77
tcpxo-wb-0:1613:2197 [0] NCCL INFO Bucket 74300.8-89161 Count: 101
tcpxo-wb-0:1613:2197 [0] NCCL INFO Bucket 89161-106993 Count: 121
tcpxo-wb-0:1613:2197 [0] NCCL INFO Bucket 106993-128392 Count: 130
tcpxo-wb-0:1613:2197 [0] NCCL INFO Bucket 128392-154070 Count: 134
tcpxo-wb-0:1613:2197 [0] NCCL INFO Bucket 154070-184884 Count: 164
tcpxo-wb-0:1613:2197 [0] NCCL INFO Bucket 184884-221861 Count: 164
tcpxo-wb-0:1613:2197 [0] NCCL INFO Bucket 221861-266233 Count: 236
tcpxo-wb-0:1613:2197 [0] NCCL INFO Bucket 266233-319480 Count: 230
tcpxo-wb-0:1613:2197 [0] NCCL INFO Bucket 319480-383376 Count: 243
tcpxo-wb-0:1613:2197 [0] NCCL INFO Bucket 383376-460051 Count: 201
tcpxo-wb-0:1613:2197 [0] NCCL INFO Bucket 460051-552061 Count: 220
tcpxo-wb-0:1613:2197 [0] NCCL INFO Bucket 552061-662474 Count: 161
tcpxo-wb-0:1613:2197 [0] NCCL INFO Bucket 662474-794968 Count: 55
tcpxo-wb-0:1613:2197 [0] NCCL INFO Bucket 794968-953962 Count: 13
tcpxo-wb-0:1613:2197 [0] NCCL INFO Bucket 953962-1.02067e+07 Count: 0
tcpxo-wb-0:1613:2197 [0] NCCL INFO request/unpack_duration_distribution:
tcpxo-wb-0:1613:2197 [0] NCCL INFO Bucket 0-1.09205e+07 Count: 0
tcpxo-wb-0:1613:2197 [0] NCCL INFO request/offload_complete_age_distribution:
tcpxo-wb-0:1613:2197 [0] NCCL INFO Min: 79
tcpxo-wb-0:1613:2197 [0] NCCL INFO Max: 551492
tcpxo-wb-0:1613:2197 [0] NCCL INFO Avg: 47987.3
tcpxo-wb-0:1613:2197 [0] NCCL INFO Bucket 0-100 Count: 51
tcpxo-wb-0:1613:2197 [0] NCCL INFO Bucket 100-120 Count: 22
tcpxo-wb-0:1613:2197 [0] NCCL INFO Bucket 120-144 Count: 3
tcpxo-wb-0:1613:2197 [0] NCCL INFO Bucket 144-172.8 Count: 0
tcpxo-wb-0:1613:2197 [0] NCCL INFO Bucket 172.8-207.36 Count: 1
tcpxo-wb-0:1613:2197 [0] NCCL INFO Bucket 207.36-248.832 Count: 22
tcpxo-wb-0:1613:2197 [0] NCCL INFO Bucket 248.832-298.598 Count: 28
tcpxo-wb-0:1613:2197 [0] NCCL INFO Bucket 298.598-358.318 Count: 11
tcpxo-wb-0:1613:2197 [0] NCCL INFO Bucket 358.318-429.982 Count: 26
tcpxo-wb-0:1613:2197 [0] NCCL INFO Bucket 429.982-515.978 Count: 21
tcpxo-wb-0:1613:2197 [0] NCCL INFO Bucket 515.978-619.174 Count: 32
tcpxo-wb-0:1613:2197 [0] NCCL INFO Bucket 619.174-743.008 Count: 37
tcpxo-wb-0:1613:2197 [0] NCCL INFO Bucket 743.008-891.61 Count: 33
tcpxo-wb-0:1613:2197 [0] NCCL INFO Bucket 891.61-1069.93 Count: 37
tcpxo-wb-0:1613:2197 [0] NCCL INFO Bucket 1069.93-1283.92 Count: 83
tcpxo-wb-0:1613:2197 [0] NCCL INFO Bucket 1283.92-1540.7 Count: 73
tcpxo-wb-0:1613:2197 [0] NCCL INFO Bucket 1540.7-1848.84 Count: 81
tcpxo-wb-0:1613:2197 [0] NCCL INFO Bucket 1848.84-2218.61 Count: 92
tcpxo-wb-0:1613:2197 [0] NCCL INFO Bucket 2218.61-2662.33 Count: 110
tcpxo-wb-0:1613:2197 [0] NCCL INFO Bucket 2662.33-3194.8 Count: 134
tcpxo-wb-0:1613:2197 [0] NCCL INFO Bucket 3194.8-3833.76 Count: 160
tcpxo-wb-0:1613:2197 [0] NCCL INFO Bucket 3833.76-4600.51 Count: 138
tcpxo-wb-0:1613:2197 [0] NCCL INFO Bucket 4600.51-5520.61 Count: 171
tcpxo-wb-0:1613:2197 [0] NCCL INFO Bucket 5520.61-6624.74 Count: 129
tcpxo-wb-0:1613:2197 [0] NCCL INFO Bucket 6624.74-7949.68 Count: 74
tcpxo-wb-0:1613:2197 [0] NCCL INFO Bucket 7949.68-9539.62 Count: 64
tcpxo-wb-0:1613:2197 [0] NCCL INFO Bucket 9539.62-11447.5 Count: 35
tcpxo-wb-0:1613:2197 [0] NCCL INFO Bucket 11447.5-13737.1 Count: 50
tcpxo-wb-0:1613:2197 [0] NCCL INFO Bucket 13737.1-16484.5 Count: 42
tcpxo-wb-0:1613:2197 [0] NCCL INFO Bucket 16484.5-19781.4 Count: 23
tcpxo-wb-0:1613:2197 [0] NCCL INFO Bucket 19781.4-23737.6 Count: 28
tcpxo-wb-0:1613:2197 [0] NCCL INFO Bucket 23737.6-28485.2 Count: 24
tcpxo-wb-0:1613:2197 [0] NCCL INFO Bucket 28485.2-34182.2 Count: 31
tcpxo-wb-0:1613:2197 [0] NCCL INFO Bucket 34182.2-41018.6 Count: 41
tcpxo-wb-0:1613:2197 [0] NCCL INFO Bucket 41018.6-49222.4 Count: 46
tcpxo-wb-0:1613:2197 [0] NCCL INFO Bucket 49222.4-59066.8 Count: 607
tcpxo-wb-0:1613:2197 [0] NCCL INFO request/unpack_num_iovs_distribution:
tcpxo-wb-0:1613:2197 [0] NCCL INFO Bucket 0-2116.47 Count: 0
tcpxo-wb-0:1613:2197 [0] NCCL INFO request/offload_interval_distribution:
tcpxo-wb-0:1613:2197 [0] NCCL INFO Min: 12117
tcpxo-wb-0:1613:2197 [0] NCCL INFO Max: 1.04223e+08
tcpxo-wb-0:1613:2197 [0] NCCL INFO Avg: 159316
tcpxo-wb-0:1613:2197 [0] NCCL INFO Bucket 0-10699.3 Count: 0
tcpxo-wb-0:1613:2197 [0] NCCL INFO Bucket 10699.3-12839.2 Count: 3
tcpxo-wb-0:1613:2197 [0] NCCL INFO Bucket 12839.2-15407 Count: 0
tcpxo-wb-0:1613:2197 [0] NCCL INFO Bucket 15407-18488.4 Count: 15
tcpxo-wb-0:1613:2197 [0] NCCL INFO Bucket 18488.4-22186.1 Count: 25
tcpxo-wb-0:1613:2197 [0] NCCL INFO Bucket 22186.1-26623.3 Count: 110
tcpxo-wb-0:1613:2197 [0] NCCL INFO Bucket 26623.3-31948 Count: 188
tcpxo-wb-0:1613:2197 [0] NCCL INFO Bucket 31948-38337.6 Count: 242
tcpxo-wb-0:1613:2197 [0] NCCL INFO Bucket 38337.6-46005.1 Count: 445
tcpxo-wb-0:1613:2197 [0] NCCL INFO Bucket 46005.1-55206.1 Count: 323
tcpxo-wb-0:1613:2197 [0] NCCL INFO Bucket 55206.1-66247.4 Count: 158
tcpxo-wb-0:1613:2197 [0] NCCL INFO Bucket 66247.4-79496.8 Count: 113
tcpxo-wb-0:1613:2197 [0] NCCL INFO Bucket 79496.8-95396.2 Count: 125
tcpxo-wb-0:1613:2197 [0] NCCL INFO Bucket 95396.2-114475 Count: 155
tcpxo-wb-0:1613:2197 [0] NCCL INFO Bucket 114475-137371 Count: 111
tcpxo-wb-0:1613:2197 [0] NCCL INFO Bucket 137371-164845 Count: 104
tcpxo-wb-0:1613:2197 [0] NCCL INFO Bucket 164845-197814 Count: 97
tcpxo-wb-0:1613:2197 [0] NCCL INFO Bucket 197814-237376 Count: 80
tcpxo-wb-0:1613:2197 [0] NCCL INFO Bucket 237376-284852 Count: 91
tcpxo-wb-0:1613:2197 [0] NCCL INFO Bucket 284852-341822 Count: 39
tcpxo-wb-0:1613:2197 [0] NCCL INFO Bucket 341822-410186 Count: 33
tcpxo-wb-0:1613:2197 [0] NCCL INFO Bucket 410186-492224 Count: 29
tcpxo-wb-0:1613:2197 [0] NCCL INFO Bucket 492224-590668 Count: 20
tcpxo-wb-0:1613:2197 [0] NCCL INFO Bucket 590668-708802 Count: 14
tcpxo-wb-0:1613:2197 [0] NCCL INFO Bucket 708802-850562 Count: 9
tcpxo-wb-0:1613:2197 [0] NCCL INFO Bucket 850562-1.02067e+06 Count: 9
tcpxo-wb-0:1613:2197 [0] NCCL INFO Bucket 1.02067e+06-1.22481e+06 Count: 7
tcpxo-wb-0:1613:2197 [0] NCCL INFO Bucket 1.22481e+06-1.46977e+06 Count: 2
tcpxo-wb-0:1613:2197 [0] NCCL INFO Bucket 1.46977e+06-1.76373e+06 Count: 2
tcpxo-wb-0:1613:2197 [0] NCCL INFO Bucket 1.76373e+06-2.11647e+06 Count: 5
tcpxo-wb-0:1613:2197 [0] NCCL INFO Bucket 2.11647e+06-3.04772e+06 Count: 0
tcpxo-wb-0:1613:2197 [0] NCCL INFO Bucket 3.04772e+06-3.65726e+06 Count: 1
tcpxo-wb-0:1613:2197 [0] NCCL INFO Bucket 3.65726e+06-4.38871e+06 Count: 2
tcpxo-wb-0:1613:2197 [0] NCCL INFO Bucket 4.38871e+06-5.26646e+06 Count: 0
tcpxo-wb-0:1613:2197 [0] NCCL INFO Bucket 5.26646e+06-6.31975e+06 Count: 1
tcpxo-wb-0:1613:2197 [0] NCCL INFO Bucket 6.31975e+06-7.5837e+06 Count: 1
tcpxo-wb-0:1613:2197 [0] NCCL INFO Bucket 7.5837e+06-9.10044e+06 Count: 0
tcpxo-wb-0:1613:2197 [0] NCCL INFO Bucket 9.10044e+06-1.09205e+07 Count: 1
tcpxo-wb-0:1613:2197 [0] NCCL INFO NET/FasTrak 2026-08-02T13:09:09.042716177+00:00: DeregMr host memory for 0x7d13540a1560 data:0x7d1343e82000 size:524288.
tcpxo-wb-0:1613:2197 [0] NCCL INFO NET/FasTrak 2026-08-02T13:09:09.042718598+00:00: DeregMr[netdev=0] CUDA memory for comm 0x7d13540a1560 with handle:8653318625366216515 data:0x7d138da00000 size:4915200.
tcpxo-wb-0:1613:2197 [0] NCCL INFO NET/FasTrak 2026-08-02T13:09:09.043465285+00:00: DeregMr[netdev=0] CUDA memory for comm 0x7d13540a1560 with handle:8653318625366213250 data:0x7d138deb0000 size:8388608.
tcpxo-wb-0:1613:2197 [0] NCCL INFO NET/FasTrak 2026-08-02T13:09:09.044660217+00:00: Closing Send comm 0x7d13540a1560
tcpxo-wb-0:1613:2197 [0] NCCL INFO NET/FasTrak 2026-08-02T13:09:09.044664454+00:00: COMM STATS:
tcpxo-wb-0:1613:2197 [0] NCCL INFO request/offload_scheduled: 2560
tcpxo-wb-0:1613:2197 [0] NCCL INFO request/offload_completed: 2560
tcpxo-wb-0:1613:2197 [0] NCCL INFO request/offload_backlog_curr: 0
tcpxo-wb-0:1613:2197 [0] NCCL INFO request/offload_backlog_peak: 7
tcpxo-wb-0:1613:2197 [0] NCCL INFO request/offload_size_distribution:
tcpxo-wb-0:1613:2197 [0] NCCL INFO Min: 65536
tcpxo-wb-0:1613:2197 [0] NCCL INFO Max: 131072
tcpxo-wb-0:1613:2197 [0] NCCL INFO Avg: 129024
tcpxo-wb-0:1613:2197 [0] NCCL INFO Bucket 0-63107.2 Count: 0
tcpxo-wb-0:1613:2197 [0] NCCL INFO Bucket 63107.2-75728.6 Count: 80
tcpxo-wb-0:1613:2197 [0] NCCL INFO Bucket 75728.6-130859 Count: 0
tcpxo-wb-0:1613:2197 [0] NCCL INFO Bucket 130859-157031 Count: 2480
tcpxo-wb-0:1613:2197 [0] NCCL INFO Bucket 157031-2.41938e+06 Count: 0
tcpxo-wb-0:1613:2197 [0] NCCL INFO request/offload_duration_distribution:
tcpxo-wb-0:1613:2197 [0] NCCL INFO Min: 39831
tcpxo-wb-0:1613:2197 [0] NCCL INFO Max: 1.06614e+06
tcpxo-wb-0:1613:2197 [0] NCCL INFO Avg: 416113
tcpxo-wb-0:1613:2197 [0] NCCL INFO Bucket 0-35831.8 Count: 0
tcpxo-wb-0:1613:2197 [0] NCCL INFO Bucket 35831.8-42998.2 Count: 7
tcpxo-wb-0:1613:2197 [0] NCCL INFO Bucket 42998.2-51597.8 Count: 8
tcpxo-wb-0:1613:2197 [0] NCCL INFO Bucket 51597.8-61917.4 Count: 31
tcpxo-wb-0:1613:2197 [0] NCCL INFO Bucket 61917.4-74300.8 Count: 63
tcpxo-wb-0:1613:2197 [0] NCCL INFO Bucket 74300.8-89161 Count: 89
tcpxo-wb-0:1613:2197 [0] NCCL INFO Bucket 89161-106993 Count: 67
tcpxo-wb-0:1613:2197 [0] NCCL INFO Bucket 106993-128392 Count: 89
tcpxo-wb-0:1613:2197 [0] NCCL INFO Bucket 128392-154070 Count: 64
tcpxo-wb-0:1613:2197 [0] NCCL INFO Bucket 154070-184884 Count: 55
tcpxo-wb-0:1613:2197 [0] NCCL INFO Bucket 184884-221861 Count: 55
tcpxo-wb-0:1613:2197 [0] NCCL INFO Bucket 221861-266233 Count: 99
tcpxo-wb-0:1613:2197 [0] NCCL INFO Bucket 266233-319480 Count: 172
tcpxo-wb-0:1613:2197 [0] NCCL INFO Bucket 319480-383376 Count: 273
tcpxo-wb-0:1613:2197 [0] NCCL INFO Bucket 383376-460051 Count: 379
tcpxo-wb-0:1613:2197 [0] NCCL INFO Bucket 460051-552061 Count: 464
tcpxo-wb-0:1613:2197 [0] NCCL INFO Bucket 552061-662474 Count: 356
tcpxo-wb-0:1613:2197 [0] NCCL INFO Bucket 662474-794968 Count: 187
tcpxo-wb-0:1613:2197 [0] NCCL INFO Bucket 794968-953962 Count: 89
tcpxo-wb-0:1613:2197 [0] NCCL INFO Bucket 953962-1.14475e+06 Count: 13
tcpxo-wb-0:1613:2197 [0] NCCL INFO Bucket 1.14475e+06-1.02067e+07 Count: 0
tcpxo-wb-0:1613:2197 [0] NCCL INFO request/unpack_duration_distribution:
tcpxo-wb-0:1613:2197 [0] NCCL INFO Bucket 0-1.09205e+07 Count: 0
tcpxo-wb-0:1613:2197 [0] NCCL INFO request/offload_complete_age_distribution:
tcpxo-wb-0:1613:2197 [0] NCCL INFO Min: 79
tcpxo-wb-0:1613:2197 [0] NCCL INFO Max: 887344
tcpxo-wb-0:1613:2197 [0] NCCL INFO Avg: 106210
tcpxo-wb-0:1613:2197 [0] NCCL INFO Bucket 0-100 Count: 19
tcpxo-wb-0:1613:2197 [0] NCCL INFO Bucket 100-120 Count: 20
tcpxo-wb-0:1613:2197 [0] NCCL INFO Bucket 120-144 Count: 1
tcpxo-wb-0:1613:2197 [0] NCCL INFO Bucket 144-207.36 Count: 0
tcpxo-wb-0:1613:2197 [0] NCCL INFO Bucket 207.36-248.832 Count: 17
tcpxo-wb-0:1613:2197 [0] NCCL INFO Bucket 248.832-298.598 Count: 23
tcpxo-wb-0:1613:2197 [0] NCCL INFO Bucket 298.598-358.318 Count: 3
tcpxo-wb-0:1613:2197 [0] NCCL INFO Bucket 358.318-429.982 Count: 21
tcpxo-wb-0:1613:2197 [0] NCCL INFO Bucket 429.982-515.978 Count: 14
tcpxo-wb-0:1613:2197 [0] NCCL INFO Bucket 515.978-619.174 Count: 21
tcpxo-wb-0:1613:2197 [0] NCCL INFO Bucket 619.174-743.008 Count: 16
tcpxo-wb-0:1613:2197 [0] NCCL INFO Bucket 743.008-891.61 Count: 36
tcpxo-wb-0:1613:2197 [0] NCCL INFO Bucket 891.61-1069.93 Count: 25
tcpxo-wb-0:1613:2197 [0] NCCL INFO Bucket 1069.93-1283.92 Count: 50
tcpxo-wb-0:1613:2197 [0] NCCL INFO Bucket 1283.92-1540.7 Count: 48
tcpxo-wb-0:1613:2197 [0] NCCL INFO Bucket 1540.7-1848.84 Count: 64
tcpxo-wb-0:1613:2197 [0] NCCL INFO Bucket 1848.84-2218.61 Count: 72
tcpxo-wb-0:1613:2197 [0] NCCL INFO Bucket 2218.61-2662.33 Count: 97
tcpxo-wb-0:1613:2197 [0] NCCL INFO Bucket 2662.33-3194.8 Count: 95
tcpxo-wb-0:1613:2197 [0] NCCL INFO Bucket 3194.8-3833.76 Count: 127
tcpxo-wb-0:1613:2197 [0] NCCL INFO Bucket 3833.76-4600.51 Count: 147
tcpxo-wb-0:1613:2197 [0] NCCL INFO Bucket 4600.51-5520.61 Count: 140
tcpxo-wb-0:1613:2197 [0] NCCL INFO Bucket 5520.61-6624.74 Count: 151
tcpxo-wb-0:1613:2197 [0] NCCL INFO Bucket 6624.74-7949.68 Count: 86
tcpxo-wb-0:1613:2197 [0] NCCL INFO Bucket 7949.68-9539.62 Count: 54
tcpxo-wb-0:1613:2197 [0] NCCL INFO Bucket 9539.62-11447.5 Count: 34
tcpxo-wb-0:1613:2197 [0] NCCL INFO Bucket 11447.5-13737.1 Count: 52
tcpxo-wb-0:1613:2197 [0] NCCL INFO Bucket 13737.1-16484.5 Count: 35
tcpxo-wb-0:1613:2197 [0] NCCL INFO Bucket 16484.5-19781.4 Count: 26
tcpxo-wb-0:1613:2197 [0] NCCL INFO Bucket 19781.4-23737.6 Count: 17
tcpxo-wb-0:1613:2197 [0] NCCL INFO Bucket 23737.6-28485.2 Count: 30
tcpxo-wb-0:1613:2197 [0] NCCL INFO Bucket 28485.2-34182.2 Count: 32
tcpxo-wb-0:1613:2197 [0] NCCL INFO Bucket 34182.2-41018.6 Count: 26
tcpxo-wb-0:1613:2197 [0] NCCL INFO Bucket 41018.6-49222.4 Count: 23
tcpxo-wb-0:1613:2197 [0] NCCL INFO Bucket 49222.4-59066.8 Count: 938
tcpxo-wb-0:1613:2197 [0] NCCL INFO request/unpack_num_iovs_distribution:
tcpxo-wb-0:1613:2197 [0] NCCL INFO Bucket 0-2116.47 Count: 0
tcpxo-wb-0:1613:2197 [0] NCCL INFO request/offload_interval_distribution:
tcpxo-wb-0:1613:2197 [0] NCCL INFO Min: 5523
tcpxo-wb-0:1613:2197 [0] NCCL INFO Max: 1.04045e+08
tcpxo-wb-0:1613:2197 [0] NCCL INFO Avg: 159197
tcpxo-wb-0:1613:2197 [0] NCCL INFO Bucket 0-5159.78 Count: 0
tcpxo-wb-0:1613:2197 [0] NCCL INFO Bucket 5159.78-6191.74 Count: 1
tcpxo-wb-0:1613:2197 [0] NCCL INFO Bucket 6191.74-7430.08 Count: 2
tcpxo-wb-0:1613:2197 [0] NCCL INFO Bucket 7430.08-8916.1 Count: 7
tcpxo-wb-0:1613:2197 [0] NCCL INFO Bucket 8916.1-10699.3 Count: 7
tcpxo-wb-0:1613:2197 [0] NCCL INFO Bucket 10699.3-12839.2 Count: 7
tcpxo-wb-0:1613:2197 [0] NCCL INFO Bucket 12839.2-15407 Count: 25
tcpxo-wb-0:1613:2197 [0] NCCL INFO Bucket 15407-18488.4 Count: 44
tcpxo-wb-0:1613:2197 [0] NCCL INFO Bucket 18488.4-22186.1 Count: 145
tcpxo-wb-0:1613:2197 [0] NCCL INFO Bucket 22186.1-26623.3 Count: 197
tcpxo-wb-0:1613:2197 [0] NCCL INFO Bucket 26623.3-31948 Count: 143
tcpxo-wb-0:1613:2197 [0] NCCL INFO Bucket 31948-38337.6 Count: 62
tcpxo-wb-0:1613:2197 [0] NCCL INFO Bucket 38337.6-46005.1 Count: 206
tcpxo-wb-0:1613:2197 [0] NCCL INFO Bucket 46005.1-55206.1 Count: 600
tcpxo-wb-0:1613:2197 [0] NCCL INFO Bucket 55206.1-66247.4 Count: 445
tcpxo-wb-0:1613:2197 [0] NCCL INFO Bucket 66247.4-79496.8 Count: 103
tcpxo-wb-0:1613:2197 [0] NCCL INFO Bucket 79496.8-95396.2 Count: 40
tcpxo-wb-0:1613:2197 [0] NCCL INFO Bucket 95396.2-114475 Count: 84
tcpxo-wb-0:1613:2197 [0] NCCL INFO Bucket 114475-137371 Count: 82
tcpxo-wb-0:1613:2197 [0] NCCL INFO Bucket 137371-164845 Count: 80
tcpxo-wb-0:1613:2197 [0] NCCL INFO Bucket 164845-197814 Count: 50
tcpxo-wb-0:1613:2197 [0] NCCL INFO Bucket 197814-237376 Count: 49
tcpxo-wb-0:1613:2197 [0] NCCL INFO Bucket 237376-284852 Count: 41
tcpxo-wb-0:1613:2197 [0] NCCL INFO Bucket 284852-341822 Count: 24
tcpxo-wb-0:1613:2197 [0] NCCL INFO Bucket 341822-410186 Count: 11
tcpxo-wb-0:1613:2197 [0] NCCL INFO Bucket 410186-492224 Count: 6
tcpxo-wb-0:1613:2197 [0] NCCL INFO Bucket 492224-590668 Count: 13
tcpxo-wb-0:1613:2197 [0] NCCL INFO Bucket 590668-708802 Count: 8
tcpxo-wb-0:1613:2197 [0] NCCL INFO Bucket 708802-850562 Count: 12
tcpxo-wb-0:1613:2197 [0] NCCL INFO Bucket 850562-1.02067e+06 Count: 6
tcpxo-wb-0:1613:2197 [0] NCCL INFO Bucket 1.02067e+06-1.22481e+06 Count: 13
tcpxo-wb-0:1613:2197 [0] NCCL INFO Bucket 1.22481e+06-1.46977e+06 Count: 11
tcpxo-wb-0:1613:2197 [0] NCCL INFO Bucket 1.46977e+06-1.76373e+06 Count: 9
tcpxo-wb-0:1613:2197 [0] NCCL INFO Bucket 1.76373e+06-2.11647e+06 Count: 16
tcpxo-wb-0:1613:2197 [0] NCCL INFO Bucket 2.11647e+06-2.53977e+06 Count: 5
tcpxo-wb-0:1613:2197 [0] NCCL INFO Bucket 2.53977e+06-3.04772e+06 Count: 0
tcpxo-wb-0:1613:2197 [0] NCCL INFO Bucket 3.04772e+06-3.65726e+06 Count: 2
tcpxo-wb-0:1613:2197 [0] NCCL INFO Bucket 3.65726e+06-4.38871e+06 Count: 1
tcpxo-wb-0:1613:2197 [0] NCCL INFO Bucket 4.38871e+06-5.26646e+06 Count: 1
tcpxo-wb-0:1613:2197 [0] NCCL INFO Bucket 5.26646e+06-6.31975e+06 Count: 0
tcpxo-wb-0:1613:2197 [0] NCCL INFO Bucket 6.31975e+06-7.5837e+06 Count: 1
tcpxo-wb-0:1613:2197 [0] NCCL INFO Bucket 7.5837e+06-9.10044e+06 Count: 0
tcpxo-wb-0:1613:2197 [0] NCCL INFO Bucket 9.10044e+06-1.09205e+07 Count: 1
tcpxo-wb-0:1613:2197 [0] NCCL INFO NET/FasTrak 2026-08-02T13:09:09.044729572+00:00: DeregMr host memory for 0x7d13540a4c10 data:0x7d1343f04000 size:524288.
tcpxo-wb-0:1613:2197 [0] NCCL INFO NET/FasTrak 2026-08-02T13:09:09.04473192+00:00: DeregMr[netdev=0] CUDA memory for comm 0x7d13540a4c10 with handle:8653318625366214081 data:0x7d138e800000 size:4915200.
tcpxo-wb-0:1613:2197 [0] NCCL INFO NET/FasTrak 2026-08-02T13:09:09.045610712+00:00: DeregMr[netdev=0] CUDA memory for comm 0x7d13540a4c10 with handle:8653318625366214912 data:0x7d138ecb0000 size:8388608.
tcpxo-wb-0:1613:2197 [0] NCCL INFO NET/FasTrak 2026-08-02T13:09:09.04709822+00:00: Closing Send comm 0x7d13540a4c10
tcpxo-wb-0:1613:2197 [0] NCCL INFO NET/FasTrak 2026-08-02T13:09:09.04710524+00:00: COMM STATS:
tcpxo-wb-0:1613:2197 [0] NCCL INFO request/offload_scheduled: 2560
tcpxo-wb-0:1613:2197 [0] NCCL INFO request/offload_completed: 2560
tcpxo-wb-0:1613:2197 [0] NCCL INFO request/offload_backlog_curr: 0
tcpxo-wb-0:1613:2197 [0] NCCL INFO request/offload_backlog_peak: 7
tcpxo-wb-0:1613:2197 [0] NCCL INFO request/offload_size_distribution:
tcpxo-wb-0:1613:2197 [0] NCCL INFO Min: 65536
tcpxo-wb-0:1613:2197 [0] NCCL INFO Max: 131072
tcpxo-wb-0:1613:2197 [0] NCCL INFO Avg: 129024
tcpxo-wb-0:1613:2197 [0] NCCL INFO Bucket 0-63107.2 Count: 0
tcpxo-wb-0:1613:2197 [0] NCCL INFO Bucket 63107.2-75728.6 Count: 80
tcpxo-wb-0:1613:2197 [0] NCCL INFO Bucket 75728.6-130859 Count: 0
tcpxo-wb-0:1613:2197 [0] NCCL INFO Bucket 130859-157031 Count: 2480
tcpxo-wb-0:1613:2197 [0] NCCL INFO Bucket 157031-2.41938e+06 Count: 0
tcpxo-wb-0:1613:2197 [0] NCCL INFO request/offload_duration_distribution:
tcpxo-wb-0:1613:2197 [0] NCCL INFO Min: 36578
tcpxo-wb-0:1613:2197 [0] NCCL INFO Max: 961135
tcpxo-wb-0:1613:2197 [0] NCCL INFO Avg: 287671
tcpxo-wb-0:1613:2197 [0] NCCL INFO Bucket 0-35831.8 Count: 0
tcpxo-wb-0:1613:2197 [0] NCCL INFO Bucket 35831.8-42998.2 Count: 81
tcpxo-wb-0:1613:2197 [0] NCCL INFO Bucket 42998.2-51597.8 Count: 91
tcpxo-wb-0:1613:2197 [0] NCCL INFO Bucket 51597.8-61917.4 Count: 79
tcpxo-wb-0:1613:2197 [0] NCCL INFO Bucket 61917.4-74300.8 Count: 90
tcpxo-wb-0:1613:2197 [0] NCCL INFO Bucket 74300.8-89161 Count: 80
tcpxo-wb-0:1613:2197 [0] NCCL INFO Bucket 89161-106993 Count: 55
tcpxo-wb-0:1613:2197 [0] NCCL INFO Bucket 106993-128392 Count: 71
tcpxo-wb-0:1613:2197 [0] NCCL INFO Bucket 128392-154070 Count: 95
tcpxo-wb-0:1613:2197 [0] NCCL INFO Bucket 154070-184884 Count: 153
tcpxo-wb-0:1613:2197 [0] NCCL INFO Bucket 184884-221861 Count: 201
tcpxo-wb-0:1613:2197 [0] NCCL INFO Bucket 221861-266233 Count: 279
tcpxo-wb-0:1613:2197 [0] NCCL INFO Bucket 266233-319480 Count: 303
tcpxo-wb-0:1613:2197 [0] NCCL INFO Bucket 319480-383376 Count: 290
tcpxo-wb-0:1613:2197 [0] NCCL INFO Bucket 383376-460051 Count: 252
tcpxo-wb-0:1613:2197 [0] NCCL INFO Bucket 460051-552061 Count: 220
tcpxo-wb-0:1613:2197 [0] NCCL INFO Bucket 552061-662474 Count: 137
tcpxo-wb-0:1613:2197 [0] NCCL INFO Bucket 662474-794968 Count: 72
tcpxo-wb-0:1613:2197 [0] NCCL INFO Bucket 794968-953962 Count: 10
tcpxo-wb-0:1613:2197 [0] NCCL INFO Bucket 953962-1.14475e+06 Count: 1
tcpxo-wb-0:1613:2197 [0] NCCL INFO Bucket 1.14475e+06-1.02067e+07 Count: 0
tcpxo-wb-0:1613:2197 [0] NCCL INFO request/unpack_duration_distribution:
tcpxo-wb-0:1613:2197 [0] NCCL INFO Bucket 0-1.09205e+07 Count: 0
tcpxo-wb-0:1613:2197 [0] NCCL INFO request/offload_complete_age_distribution:
tcpxo-wb-0:1613:2197 [0] NCCL INFO Min: 84
tcpxo-wb-0:1613:2197 [0] NCCL INFO Max: 537171
tcpxo-wb-0:1613:2197 [0] NCCL INFO Avg: 30206.2
tcpxo-wb-0:1613:2197 [0] NCCL INFO Bucket 0-100 Count: 55
tcpxo-wb-0:1613:2197 [0] NCCL INFO Bucket 100-120 Count: 33
tcpxo-wb-0:1613:2197 [0] NCCL INFO Bucket 120-144 Count: 2
tcpxo-wb-0:1613:2197 [0] NCCL INFO Bucket 144-207.36 Count: 0
tcpxo-wb-0:1613:2197 [0] NCCL INFO Bucket 207.36-248.832 Count: 19
tcpxo-wb-0:1613:2197 [0] NCCL INFO Bucket 248.832-298.598 Count: 21
tcpxo-wb-0:1613:2197 [0] NCCL INFO Bucket 298.598-358.318 Count: 2
tcpxo-wb-0:1613:2197 [0] NCCL INFO Bucket 358.318-429.982 Count: 33
tcpxo-wb-0:1613:2197 [0] NCCL INFO Bucket 429.982-515.978 Count: 20
tcpxo-wb-0:1613:2197 [0] NCCL INFO Bucket 515.978-619.174 Count: 31
tcpxo-wb-0:1613:2197 [0] NCCL INFO Bucket 619.174-743.008 Count: 42
tcpxo-wb-0:1613:2197 [0] NCCL INFO Bucket 743.008-891.61 Count: 38
tcpxo-wb-0:1613:2197 [0] NCCL INFO Bucket 891.61-1069.93 Count: 57
tcpxo-wb-0:1613:2197 [0] NCCL INFO Bucket 1069.93-1283.92 Count: 61
tcpxo-wb-0:1613:2197 [0] NCCL INFO Bucket 1283.92-1540.7 Count: 74
tcpxo-wb-0:1613:2197 [0] NCCL INFO Bucket 1540.7-1848.84 Count: 94
tcpxo-wb-0:1613:2197 [0] NCCL INFO Bucket 1848.84-2218.61 Count: 121
tcpxo-wb-0:1613:2197 [0] NCCL INFO Bucket 2218.61-2662.33 Count: 111
tcpxo-wb-0:1613:2197 [0] NCCL INFO Bucket 2662.33-3194.8 Count: 137
tcpxo-wb-0:1613:2197 [0] NCCL INFO Bucket 3194.8-3833.76 Count: 163
tcpxo-wb-0:1613:2197 [0] NCCL INFO Bucket 3833.76-4600.51 Count: 160
tcpxo-wb-0:1613:2197 [0] NCCL INFO Bucket 4600.51-5520.61 Count: 168
tcpxo-wb-0:1613:2197 [0] NCCL INFO Bucket 5520.61-6624.74 Count: 165
tcpxo-wb-0:1613:2197 [0] NCCL INFO Bucket 6624.74-7949.68 Count: 109
tcpxo-wb-0:1613:2197 [0] NCCL INFO Bucket 7949.68-9539.62 Count: 75
tcpxo-wb-0:1613:2197 [0] NCCL INFO Bucket 9539.62-11447.5 Count: 46
tcpxo-wb-0:1613:2197 [0] NCCL INFO Bucket 11447.5-13737.1 Count: 54
tcpxo-wb-0:1613:2197 [0] NCCL INFO Bucket 13737.1-16484.5 Count: 54
tcpxo-wb-0:1613:2197 [0] NCCL INFO Bucket 16484.5-19781.4 Count: 37
tcpxo-wb-0:1613:2197 [0] NCCL INFO Bucket 19781.4-23737.6 Count: 24
tcpxo-wb-0:1613:2197 [0] NCCL INFO Bucket 23737.6-28485.2 Count: 28
tcpxo-wb-0:1613:2197 [0] NCCL INFO Bucket 28485.2-34182.2 Count: 36
tcpxo-wb-0:1613:2197 [0] NCCL INFO Bucket 34182.2-41018.6 Count: 29
tcpxo-wb-0:1613:2197 [0] NCCL INFO Bucket 41018.6-49222.4 Count: 46
tcpxo-wb-0:1613:2197 [0] NCCL INFO Bucket 49222.4-59066.8 Count: 415
tcpxo-wb-0:1613:2197 [0] NCCL INFO request/unpack_num_iovs_distribution:
tcpxo-wb-0:1613:2197 [0] NCCL INFO Bucket 0-2116.47 Count: 0
tcpxo-wb-0:1613:2197 [0] NCCL INFO request/offload_interval_distribution:
tcpxo-wb-0:1613:2197 [0] NCCL INFO Min: 8490
tcpxo-wb-0:1613:2197 [0] NCCL INFO Max: 1.04147e+08
tcpxo-wb-0:1613:2197 [0] NCCL INFO Avg: 159410
tcpxo-wb-0:1613:2197 [0] NCCL INFO Bucket 0-7430.08 Count: 0
tcpxo-wb-0:1613:2197 [0] NCCL INFO Bucket 7430.08-8916.1 Count: 1
tcpxo-wb-0:1613:2197 [0] NCCL INFO Bucket 8916.1-10699.3 Count: 0
tcpxo-wb-0:1613:2197 [0] NCCL INFO Bucket 10699.3-12839.2 Count: 1
tcpxo-wb-0:1613:2197 [0] NCCL INFO Bucket 12839.2-15407 Count: 6
tcpxo-wb-0:1613:2197 [0] NCCL INFO Bucket 15407-18488.4 Count: 23
tcpxo-wb-0:1613:2197 [0] NCCL INFO Bucket 18488.4-22186.1 Count: 40
tcpxo-wb-0:1613:2197 [0] NCCL INFO Bucket 22186.1-26623.3 Count: 71
tcpxo-wb-0:1613:2197 [0] NCCL INFO Bucket 26623.3-31948 Count: 97
tcpxo-wb-0:1613:2197 [0] NCCL INFO Bucket 31948-38337.6 Count: 199
tcpxo-wb-0:1613:2197 [0] NCCL INFO Bucket 38337.6-46005.1 Count: 216
tcpxo-wb-0:1613:2197 [0] NCCL INFO Bucket 46005.1-55206.1 Count: 354
tcpxo-wb-0:1613:2197 [0] NCCL INFO Bucket 55206.1-66247.4 Count: 446
tcpxo-wb-0:1613:2197 [0] NCCL INFO Bucket 66247.4-79496.8 Count: 186
tcpxo-wb-0:1613:2197 [0] NCCL INFO Bucket 79496.8-95396.2 Count: 150
tcpxo-wb-0:1613:2197 [0] NCCL INFO Bucket 95396.2-114475 Count: 139
tcpxo-wb-0:1613:2197 [0] NCCL INFO Bucket 114475-137371 Count: 134
tcpxo-wb-0:1613:2197 [0] NCCL INFO Bucket 137371-164845 Count: 108
tcpxo-wb-0:1613:2197 [0] NCCL INFO Bucket 164845-197814 Count: 86
tcpxo-wb-0:1613:2197 [0] NCCL INFO Bucket 197814-237376 Count: 61
tcpxo-wb-0:1613:2197 [0] NCCL INFO Bucket 237376-284852 Count: 59
tcpxo-wb-0:1613:2197 [0] NCCL INFO Bucket 284852-341822 Count: 44
tcpxo-wb-0:1613:2197 [0] NCCL INFO Bucket 341822-410186 Count: 30
tcpxo-wb-0:1613:2197 [0] NCCL INFO Bucket 410186-492224 Count: 24
tcpxo-wb-0:1613:2197 [0] NCCL INFO Bucket 492224-590668 Count: 26
tcpxo-wb-0:1613:2197 [0] NCCL INFO Bucket 590668-708802 Count: 20
tcpxo-wb-0:1613:2197 [0] NCCL INFO Bucket 708802-850562 Count: 15
tcpxo-wb-0:1613:2197 [0] NCCL INFO Bucket 850562-1.02067e+06 Count: 8
tcpxo-wb-0:1613:2197 [0] NCCL INFO Bucket 1.02067e+06-1.22481e+06 Count: 5
tcpxo-wb-0:1613:2197 [0] NCCL INFO Bucket 1.22481e+06-1.46977e+06 Count: 1
tcpxo-wb-0:1613:2197 [0] NCCL INFO Bucket 1.46977e+06-1.76373e+06 Count: 1
tcpxo-wb-0:1613:2197 [0] NCCL INFO Bucket 1.76373e+06-2.11647e+06 Count: 2
tcpxo-wb-0:1613:2197 [0] NCCL INFO Bucket 2.11647e+06-2.53977e+06 Count: 1
tcpxo-wb-0:1613:2197 [0] NCCL INFO Bucket 2.53977e+06-3.04772e+06 Count: 0
tcpxo-wb-0:1613:2197 [0] NCCL INFO Bucket 3.04772e+06-3.65726e+06 Count: 1
tcpxo-wb-0:1613:2197 [0] NCCL INFO Bucket 3.65726e+06-4.38871e+06 Count: 2
tcpxo-wb-0:1613:2197 [0] NCCL INFO Bucket 4.38871e+06-5.26646e+06 Count: 0
tcpxo-wb-0:1613:2197 [0] NCCL INFO Bucket 5.26646e+06-6.31975e+06 Count: 1
tcpxo-wb-0:1613:2197 [0] NCCL INFO Bucket 6.31975e+06-7.5837e+06 Count: 1
tcpxo-wb-0:1613:2197 [0] NCCL INFO Bucket 7.5837e+06-9.10044e+06 Count: 0
tcpxo-wb-0:1613:2197 [0] NCCL INFO Bucket 9.10044e+06-1.09205e+07 Count: 1
tcpxo-wb-0:1613:2197 [0] NCCL INFO NET/FasTrak 2026-08-02T13:09:09.047176963+00:00: DeregMr host memory for 0x7d13540a8580 data:0xa1be00000 size:524288.
tcpxo-wb-0:1613:2197 [0] NCCL INFO NET/FasTrak 2026-08-02T13:09:09.047179669+00:00: DeregMr[netdev=0] CUDA memory for comm 0x7d13540a8580 with handle:8653318625366215743 data:0x7d138f600000 size:4915200.
tcpxo-wb-0:1613:2197 [0] NCCL INFO NET/FasTrak 2026-08-02T13:09:09.047761823+00:00: DeregMr[netdev=0] CUDA memory for comm 0x7d13540a8580 with handle:8653318625366216574 data:0x7d138fab0000 size:8388608.
tcpxo-wb-0:1613:2197 [0] NCCL INFO NET/FasTrak 2026-08-02T13:09:09.049143504+00:00: Closing Send comm 0x7d13540a8580
tcpxo-wb-0:1613:2197 [0] NCCL INFO NET/FasTrak 2026-08-02T13:09:09.049148307+00:00: COMM STATS:
tcpxo-wb-0:1613:2197 [0] NCCL INFO request/offload_scheduled: 2560
tcpxo-wb-0:1613:2197 [0] NCCL INFO request/offload_completed: 2560
tcpxo-wb-0:1613:2197 [0] NCCL INFO request/offload_backlog_curr: 0
tcpxo-wb-0:1613:2197 [0] NCCL INFO request/offload_backlog_peak: 7
tcpxo-wb-0:1613:2197 [0] NCCL INFO request/offload_size_distribution:
tcpxo-wb-0:1613:2197 [0] NCCL INFO Min: 65536
tcpxo-wb-0:1613:2197 [0] NCCL INFO Max: 131072
tcpxo-wb-0:1613:2197 [0] NCCL INFO Avg: 129024
tcpxo-wb-0:1613:2197 [0] NCCL INFO Bucket 0-63107.2 Count: 0
tcpxo-wb-0:1613:2197 [0] NCCL INFO Bucket 63107.2-75728.6 Count: 80
tcpxo-wb-0:1613:2197 [0] NCCL INFO Bucket 75728.6-130859 Count: 0
tcpxo-wb-0:1613:2197 [0] NCCL INFO Bucket 130859-157031 Count: 2480
tcpxo-wb-0:1613:2197 [0] NCCL INFO Bucket 157031-2.41938e+06 Count: 0
tcpxo-wb-0:1613:2197 [0] NCCL INFO request/offload_duration_distribution:
tcpxo-wb-0:1613:2197 [0] NCCL INFO Min: 42688
tcpxo-wb-0:1613:2197 [0] NCCL INFO Max: 1.30011e+06
tcpxo-wb-0:1613:2197 [0] NCCL INFO Avg: 479538
tcpxo-wb-0:1613:2197 [0] NCCL INFO Bucket 0-35831.8 Count: 0
tcpxo-wb-0:1613:2197 [0] NCCL INFO Bucket 35831.8-42998.2 Count: 3
tcpxo-wb-0:1613:2197 [0] NCCL INFO Bucket 42998.2-51597.8 Count: 25
tcpxo-wb-0:1613:2197 [0] NCCL INFO Bucket 51597.8-61917.4 Count: 54
tcpxo-wb-0:1613:2197 [0] NCCL INFO Bucket 61917.4-74300.8 Count: 130
tcpxo-wb-0:1613:2197 [0] NCCL INFO Bucket 74300.8-89161 Count: 127
tcpxo-wb-0:1613:2197 [0] NCCL INFO Bucket 89161-106993 Count: 58
tcpxo-wb-0:1613:2197 [0] NCCL INFO Bucket 106993-128392 Count: 78
tcpxo-wb-0:1613:2197 [0] NCCL INFO Bucket 128392-154070 Count: 81
tcpxo-wb-0:1613:2197 [0] NCCL INFO Bucket 154070-184884 Count: 75
tcpxo-wb-0:1613:2197 [0] NCCL INFO Bucket 184884-221861 Count: 108
tcpxo-wb-0:1613:2197 [0] NCCL INFO Bucket 221861-266233 Count: 141
tcpxo-wb-0:1613:2197 [0] NCCL INFO Bucket 266233-319480 Count: 119
tcpxo-wb-0:1613:2197 [0] NCCL INFO Bucket 319480-383376 Count: 140
tcpxo-wb-0:1613:2197 [0] NCCL INFO Bucket 383376-460051 Count: 138
tcpxo-wb-0:1613:2197 [0] NCCL INFO Bucket 460051-552061 Count: 184
tcpxo-wb-0:1613:2197 [0] NCCL INFO Bucket 552061-662474 Count: 255
tcpxo-wb-0:1613:2197 [0] NCCL INFO Bucket 662474-794968 Count: 337
tcpxo-wb-0:1613:2197 [0] NCCL INFO Bucket 794968-953962 Count: 314
tcpxo-wb-0:1613:2197 [0] NCCL INFO Bucket 953962-1.14475e+06 Count: 174
tcpxo-wb-0:1613:2197 [0] NCCL INFO Bucket 1.14475e+06-1.37371e+06 Count: 19
tcpxo-wb-0:1613:2197 [0] NCCL INFO Bucket 1.37371e+06-1.02067e+07 Count: 0
tcpxo-wb-0:1613:2197 [0] NCCL INFO request/unpack_duration_distribution:
tcpxo-wb-0:1613:2197 [0] NCCL INFO Bucket 0-1.09205e+07 Count: 0
tcpxo-wb-0:1613:2197 [0] NCCL INFO request/offload_complete_age_distribution:
tcpxo-wb-0:1613:2197 [0] NCCL INFO Min: 85
tcpxo-wb-0:1613:2197 [0] NCCL INFO Max: 1.05157e+06
tcpxo-wb-0:1613:2197 [0] NCCL INFO Avg: 138118
tcpxo-wb-0:1613:2197 [0] NCCL INFO Bucket 0-100 Count: 37
tcpxo-wb-0:1613:2197 [0] NCCL INFO Bucket 100-120 Count: 18
tcpxo-wb-0:1613:2197 [0] NCCL INFO Bucket 120-144 Count: 1
tcpxo-wb-0:1613:2197 [0] NCCL INFO Bucket 144-172.8 Count: 0
tcpxo-wb-0:1613:2197 [0] NCCL INFO Bucket 172.8-207.36 Count: 1
tcpxo-wb-0:1613:2197 [0] NCCL INFO Bucket 207.36-248.832 Count: 25
tcpxo-wb-0:1613:2197 [0] NCCL INFO Bucket 248.832-298.598 Count: 23
tcpxo-wb-0:1613:2197 [0] NCCL INFO Bucket 298.598-358.318 Count: 13
tcpxo-wb-0:1613:2197 [0] NCCL INFO Bucket 358.318-429.982 Count: 34
tcpxo-wb-0:1613:2197 [0] NCCL INFO Bucket 429.982-515.978 Count: 20
tcpxo-wb-0:1613:2197 [0] NCCL INFO Bucket 515.978-619.174 Count: 26
tcpxo-wb-0:1613:2197 [0] NCCL INFO Bucket 619.174-743.008 Count: 33
tcpxo-wb-0:1613:2197 [0] NCCL INFO Bucket 743.008-891.61 Count: 35
tcpxo-wb-0:1613:2197 [0] NCCL INFO Bucket 891.61-1069.93 Count: 45
tcpxo-wb-0:1613:2197 [0] NCCL INFO Bucket 1069.93-1283.92 Count: 55
tcpxo-wb-0:1613:2197 [0] NCCL INFO Bucket 1283.92-1540.7 Count: 56
tcpxo-wb-0:1613:2197 [0] NCCL INFO Bucket 1540.7-1848.84 Count: 78
tcpxo-wb-0:1613:2197 [0] NCCL INFO Bucket 1848.84-2218.61 Count: 91
tcpxo-wb-0:1613:2197 [0] NCCL INFO Bucket 2218.61-2662.33 Count: 120
tcpxo-wb-0:1613:2197 [0] NCCL INFO Bucket 2662.33-3194.8 Count: 126
tcpxo-wb-0:1613:2197 [0] NCCL INFO Bucket 3194.8-3833.76 Count: 151
tcpxo-wb-0:1613:2197 [0] NCCL INFO Bucket 3833.76-4600.51 Count: 178
tcpxo-wb-0:1613:2197 [0] NCCL INFO Bucket 4600.51-5520.61 Count: 151
tcpxo-wb-0:1613:2197 [0] NCCL INFO Bucket 5520.61-6624.74 Count: 139
tcpxo-wb-0:1613:2197 [0] NCCL INFO Bucket 6624.74-7949.68 Count: 74
tcpxo-wb-0:1613:2197 [0] NCCL INFO Bucket 7949.68-9539.62 Count: 45
tcpxo-wb-0:1613:2197 [0] NCCL INFO Bucket 9539.62-11447.5 Count: 27
tcpxo-wb-0:1613:2197 [0] NCCL INFO Bucket 11447.5-13737.1 Count: 32
tcpxo-wb-0:1613:2197 [0] NCCL INFO Bucket 13737.1-16484.5 Count: 24
tcpxo-wb-0:1613:2197 [0] NCCL INFO Bucket 16484.5-19781.4 Count: 19
tcpxo-wb-0:1613:2197 [0] NCCL INFO Bucket 19781.4-23737.6 Count: 15
tcpxo-wb-0:1613:2197 [0] NCCL INFO Bucket 23737.6-28485.2 Count: 9
tcpxo-wb-0:1613:2197 [0] NCCL INFO Bucket 28485.2-34182.2 Count: 7
tcpxo-wb-0:1613:2197 [0] NCCL INFO Bucket 34182.2-41018.6 Count: 10
tcpxo-wb-0:1613:2197 [0] NCCL INFO Bucket 41018.6-49222.4 Count: 11
tcpxo-wb-0:1613:2197 [0] NCCL INFO Bucket 49222.4-59066.8 Count: 831
tcpxo-wb-0:1613:2197 [0] NCCL INFO request/unpack_num_iovs_distribution:
tcpxo-wb-0:1613:2197 [0] NCCL INFO Bucket 0-2116.47 Count: 0
tcpxo-wb-0:1613:2197 [0] NCCL INFO request/offload_interval_distribution:
tcpxo-wb-0:1613:2197 [0] NCCL INFO Min: 7814
tcpxo-wb-0:1613:2197 [0] NCCL INFO Max: 1.0397e+08
tcpxo-wb-0:1613:2197 [0] NCCL INFO Avg: 159601
tcpxo-wb-0:1613:2197 [0] NCCL INFO Bucket 0-7430.08 Count: 0
tcpxo-wb-0:1613:2197 [0] NCCL INFO Bucket 7430.08-8916.1 Count: 2
tcpxo-wb-0:1613:2197 [0] NCCL INFO Bucket 8916.1-10699.3 Count: 5
tcpxo-wb-0:1613:2197 [0] NCCL INFO Bucket 10699.3-12839.2 Count: 4
tcpxo-wb-0:1613:2197 [0] NCCL INFO Bucket 12839.2-15407 Count: 17
tcpxo-wb-0:1613:2197 [0] NCCL INFO Bucket 15407-18488.4 Count: 46
tcpxo-wb-0:1613:2197 [0] NCCL INFO Bucket 18488.4-22186.1 Count: 139
tcpxo-wb-0:1613:2197 [0] NCCL INFO Bucket 22186.1-26623.3 Count: 248
tcpxo-wb-0:1613:2197 [0] NCCL INFO Bucket 26623.3-31948 Count: 182
tcpxo-wb-0:1613:2197 [0] NCCL INFO Bucket 31948-38337.6 Count: 98
tcpxo-wb-0:1613:2197 [0] NCCL INFO Bucket 38337.6-46005.1 Count: 246
tcpxo-wb-0:1613:2197 [0] NCCL INFO Bucket 46005.1-55206.1 Count: 487
tcpxo-wb-0:1613:2197 [0] NCCL INFO Bucket 55206.1-66247.4 Count: 376
tcpxo-wb-0:1613:2197 [0] NCCL INFO Bucket 66247.4-79496.8 Count: 75
tcpxo-wb-0:1613:2197 [0] NCCL INFO Bucket 79496.8-95396.2 Count: 47
tcpxo-wb-0:1613:2197 [0] NCCL INFO Bucket 95396.2-114475 Count: 45
tcpxo-wb-0:1613:2197 [0] NCCL INFO Bucket 114475-137371 Count: 62
tcpxo-wb-0:1613:2197 [0] NCCL INFO Bucket 137371-164845 Count: 53
tcpxo-wb-0:1613:2197 [0] NCCL INFO Bucket 164845-197814 Count: 77
tcpxo-wb-0:1613:2197 [0] NCCL INFO Bucket 197814-237376 Count: 79
tcpxo-wb-0:1613:2197 [0] NCCL INFO Bucket 237376-284852 Count: 81
tcpxo-wb-0:1613:2197 [0] NCCL INFO Bucket 284852-341822 Count: 52
tcpxo-wb-0:1613:2197 [0] NCCL INFO Bucket 341822-410186 Count: 28
tcpxo-wb-0:1613:2197 [0] NCCL INFO Bucket 410186-492224 Count: 12
tcpxo-wb-0:1613:2197 [0] NCCL INFO Bucket 492224-590668 Count: 13
tcpxo-wb-0:1613:2197 [0] NCCL INFO Bucket 590668-708802 Count: 10
tcpxo-wb-0:1613:2197 [0] NCCL INFO Bucket 708802-850562 Count: 21
tcpxo-wb-0:1613:2197 [0] NCCL INFO Bucket 850562-1.02067e+06 Count: 12
tcpxo-wb-0:1613:2197 [0] NCCL INFO Bucket 1.02067e+06-1.22481e+06 Count: 19
tcpxo-wb-0:1613:2197 [0] NCCL INFO Bucket 1.22481e+06-1.46977e+06 Count: 9
tcpxo-wb-0:1613:2197 [0] NCCL INFO Bucket 1.46977e+06-1.76373e+06 Count: 4
tcpxo-wb-0:1613:2197 [0] NCCL INFO Bucket 1.76373e+06-2.11647e+06 Count: 3
tcpxo-wb-0:1613:2197 [0] NCCL INFO Bucket 2.11647e+06-2.53977e+06 Count: 2
tcpxo-wb-0:1613:2197 [0] NCCL INFO Bucket 2.53977e+06-3.04772e+06 Count: 0
tcpxo-wb-0:1613:2197 [0] NCCL INFO Bucket 3.04772e+06-3.65726e+06 Count: 2
tcpxo-wb-0:1613:2197 [0] NCCL INFO Bucket 3.65726e+06-4.38871e+06 Count: 1
tcpxo-wb-0:1613:2197 [0] NCCL INFO Bucket 4.38871e+06-5.26646e+06 Count: 1
tcpxo-wb-0:1613:2197 [0] NCCL INFO Bucket 5.26646e+06-6.31975e+06 Count: 0
tcpxo-wb-0:1613:2197 [0] NCCL INFO Bucket 6.31975e+06-7.5837e+06 Count: 1
tcpxo-wb-0:1613:2197 [0] NCCL INFO Bucket 7.5837e+06-9.10044e+06 Count: 0
tcpxo-wb-0:1613:2197 [0] NCCL INFO Bucket 9.10044e+06-1.09205e+07 Count: 1
tcpxo-wb-0:1613:2197 [0] NCCL INFO NET/FasTrak 2026-08-02T13:09:09.049216902+00:00: DeregMr host memory for 0x7d13540abc80 data:0xa1be82000 size:524288.
tcpxo-wb-0:1613:2197 [0] NCCL INFO NET/FasTrak 2026-08-02T13:09:09.049219315+00:00: DeregMr[netdev=0] CUDA memory for comm 0x7d13540abc80 with handle:8653318625366213309 data:0x7d1390400000 size:4915200.
tcpxo-wb-0:1613:2197 [0] NCCL INFO NET/FasTrak 2026-08-02T13:09:09.049912052+00:00: DeregMr[netdev=0] CUDA memory for comm 0x7d13540abc80 with handle:8653318625366214140 data:0x7d13908b0000 size:8388608.
tcpxo-wb-0:1613:2197 [0] NCCL INFO NET/FasTrak 2026-08-02T13:09:09.051117202+00:00: Closing Send comm 0x7d13540abc80
tcpxo-wb-0:1613:2197 [0] NCCL INFO NET/FasTrak 2026-08-02T13:09:09.051121321+00:00: COMM STATS:
tcpxo-wb-0:1613:2197 [0] NCCL INFO request/offload_scheduled: 2560
tcpxo-wb-0:1613:2197 [0] NCCL INFO request/offload_completed: 2560
tcpxo-wb-0:1613:2197 [0] NCCL INFO request/offload_backlog_curr: 0
tcpxo-wb-0:1613:2197 [0] NCCL INFO request/offload_backlog_peak: 7
tcpxo-wb-0:1613:2197 [0] NCCL INFO request/offload_size_distribution:
tcpxo-wb-0:1613:2197 [0] NCCL INFO Min: 65536
tcpxo-wb-0:1613:2197 [0] NCCL INFO Max: 131072
tcpxo-wb-0:1613:2197 [0] NCCL INFO Avg: 129024
tcpxo-wb-0:1613:2197 [0] NCCL INFO Bucket 0-63107.2 Count: 0
tcpxo-wb-0:1613:2197 [0] NCCL INFO Bucket 63107.2-75728.6 Count: 80
tcpxo-wb-0:1613:2197 [0] NCCL INFO Bucket 75728.6-130859 Count: 0
tcpxo-wb-0:1613:2197 [0] NCCL INFO Bucket 130859-157031 Count: 2480
tcpxo-wb-0:1613:2197 [0] NCCL INFO Bucket 157031-2.41938e+06 Count: 0
tcpxo-wb-0:1613:2197 [0] NCCL INFO request/offload_duration_distribution:
tcpxo-wb-0:1613:2197 [0] NCCL INFO Min: 38829
tcpxo-wb-0:1613:2197 [0] NCCL INFO Max: 1.04364e+06
tcpxo-wb-0:1613:2197 [0] NCCL INFO Avg: 305640
tcpxo-wb-0:1613:2197 [0] NCCL INFO Bucket 0-35831.8 Count: 0
tcpxo-wb-0:1613:2197 [0] NCCL INFO Bucket 35831.8-42998.2 Count: 17
tcpxo-wb-0:1613:2197 [0] NCCL INFO Bucket 42998.2-51597.8 Count: 58
tcpxo-wb-0:1613:2197 [0] NCCL INFO Bucket 51597.8-61917.4 Count: 120
tcpxo-wb-0:1613:2197 [0] NCCL INFO Bucket 61917.4-74300.8 Count: 93
tcpxo-wb-0:1613:2197 [0] NCCL INFO Bucket 74300.8-89161 Count: 76
tcpxo-wb-0:1613:2197 [0] NCCL INFO Bucket 89161-106993 Count: 69
tcpxo-wb-0:1613:2197 [0] NCCL INFO Bucket 106993-128392 Count: 89
tcpxo-wb-0:1613:2197 [0] NCCL INFO Bucket 128392-154070 Count: 117
tcpxo-wb-0:1613:2197 [0] NCCL INFO Bucket 154070-184884 Count: 135
tcpxo-wb-0:1613:2197 [0] NCCL INFO Bucket 184884-221861 Count: 155
tcpxo-wb-0:1613:2197 [0] NCCL INFO Bucket 221861-266233 Count: 191
tcpxo-wb-0:1613:2197 [0] NCCL INFO Bucket 266233-319480 Count: 264
tcpxo-wb-0:1613:2197 [0] NCCL INFO Bucket 319480-383376 Count: 297
tcpxo-wb-0:1613:2197 [0] NCCL INFO Bucket 383376-460051 Count: 343
tcpxo-wb-0:1613:2197 [0] NCCL INFO Bucket 460051-552061 Count: 320
tcpxo-wb-0:1613:2197 [0] NCCL INFO Bucket 552061-662474 Count: 157
tcpxo-wb-0:1613:2197 [0] NCCL INFO Bucket 662474-794968 Count: 51
tcpxo-wb-0:1613:2197 [0] NCCL INFO Bucket 794968-953962 Count: 5
tcpxo-wb-0:1613:2197 [0] NCCL INFO Bucket 953962-1.14475e+06 Count: 3
tcpxo-wb-0:1613:2197 [0] NCCL INFO Bucket 1.14475e+06-1.02067e+07 Count: 0
tcpxo-wb-0:1613:2197 [0] NCCL INFO request/unpack_duration_distribution:
tcpxo-wb-0:1613:2197 [0] NCCL INFO Bucket 0-1.09205e+07 Count: 0
tcpxo-wb-0:1613:2197 [0] NCCL INFO request/offload_complete_age_distribution:
tcpxo-wb-0:1613:2197 [0] NCCL INFO Min: 79
tcpxo-wb-0:1613:2197 [0] NCCL INFO Max: 420401
tcpxo-wb-0:1613:2197 [0] NCCL INFO Avg: 23262.9
tcpxo-wb-0:1613:2197 [0] NCCL INFO Bucket 0-100 Count: 37
tcpxo-wb-0:1613:2197 [0] NCCL INFO Bucket 100-120 Count: 24
tcpxo-wb-0:1613:2197 [0] NCCL INFO Bucket 120-144 Count: 4
tcpxo-wb-0:1613:2197 [0] NCCL INFO Bucket 144-207.36 Count: 0
tcpxo-wb-0:1613:2197 [0] NCCL INFO Bucket 207.36-248.832 Count: 29
tcpxo-wb-0:1613:2197 [0] NCCL INFO Bucket 248.832-298.598 Count: 22
tcpxo-wb-0:1613:2197 [0] NCCL INFO Bucket 298.598-358.318 Count: 6
tcpxo-wb-0:1613:2197 [0] NCCL INFO Bucket 358.318-429.982 Count: 33
tcpxo-wb-0:1613:2197 [0] NCCL INFO Bucket 429.982-515.978 Count: 25
tcpxo-wb-0:1613:2197 [0] NCCL INFO Bucket 515.978-619.174 Count: 29
tcpxo-wb-0:1613:2197 [0] NCCL INFO Bucket 619.174-743.008 Count: 41
tcpxo-wb-0:1613:2197 [0] NCCL INFO Bucket 743.008-891.61 Count: 27
tcpxo-wb-0:1613:2197 [0] NCCL INFO Bucket 891.61-1069.93 Count: 50
tcpxo-wb-0:1613:2197 [0] NCCL INFO Bucket 1069.93-1283.92 Count: 49
tcpxo-wb-0:1613:2197 [0] NCCL INFO Bucket 1283.92-1540.7 Count: 79
tcpxo-wb-0:1613:2197 [0] NCCL INFO Bucket 1540.7-1848.84 Count: 98
tcpxo-wb-0:1613:2197 [0] NCCL INFO Bucket 1848.84-2218.61 Count: 139
tcpxo-wb-0:1613:2197 [0] NCCL INFO Bucket 2218.61-2662.33 Count: 136
tcpxo-wb-0:1613:2197 [0] NCCL INFO Bucket 2662.33-3194.8 Count: 145
tcpxo-wb-0:1613:2197 [0] NCCL INFO Bucket 3194.8-3833.76 Count: 170
tcpxo-wb-0:1613:2197 [0] NCCL INFO Bucket 3833.76-4600.51 Count: 200
tcpxo-wb-0:1613:2197 [0] NCCL INFO Bucket 4600.51-5520.61 Count: 154
tcpxo-wb-0:1613:2197 [0] NCCL INFO Bucket 5520.61-6624.74 Count: 154
tcpxo-wb-0:1613:2197 [0] NCCL INFO Bucket 6624.74-7949.68 Count: 99
tcpxo-wb-0:1613:2197 [0] NCCL INFO Bucket 7949.68-9539.62 Count: 87
tcpxo-wb-0:1613:2197 [0] NCCL INFO Bucket 9539.62-11447.5 Count: 55
tcpxo-wb-0:1613:2197 [0] NCCL INFO Bucket 11447.5-13737.1 Count: 51
tcpxo-wb-0:1613:2197 [0] NCCL INFO Bucket 13737.1-16484.5 Count: 39
tcpxo-wb-0:1613:2197 [0] NCCL INFO Bucket 16484.5-19781.4 Count: 28
tcpxo-wb-0:1613:2197 [0] NCCL INFO Bucket 19781.4-23737.6 Count: 32
tcpxo-wb-0:1613:2197 [0] NCCL INFO Bucket 23737.6-28485.2 Count: 30
tcpxo-wb-0:1613:2197 [0] NCCL INFO Bucket 28485.2-34182.2 Count: 41
tcpxo-wb-0:1613:2197 [0] NCCL INFO Bucket 34182.2-41018.6 Count: 37
tcpxo-wb-0:1613:2197 [0] NCCL INFO Bucket 41018.6-49222.4 Count: 49
tcpxo-wb-0:1613:2197 [0] NCCL INFO Bucket 49222.4-59066.8 Count: 361
tcpxo-wb-0:1613:2197 [0] NCCL INFO request/unpack_num_iovs_distribution:
tcpxo-wb-0:1613:2197 [0] NCCL INFO Bucket 0-2116.47 Count: 0
tcpxo-wb-0:1613:2197 [0] NCCL INFO request/offload_interval_distribution:
tcpxo-wb-0:1613:2197 [0] NCCL INFO Min: 6834
tcpxo-wb-0:1613:2197 [0] NCCL INFO Max: 1.04174e+08
tcpxo-wb-0:1613:2197 [0] NCCL INFO Avg: 159596
tcpxo-wb-0:1613:2197 [0] NCCL INFO Bucket 0-6191.74 Count: 0
tcpxo-wb-0:1613:2197 [0] NCCL INFO Bucket 6191.74-7430.08 Count: 1
tcpxo-wb-0:1613:2197 [0] NCCL INFO Bucket 7430.08-8916.1 Count: 1
tcpxo-wb-0:1613:2197 [0] NCCL INFO Bucket 8916.1-10699.3 Count: 3
tcpxo-wb-0:1613:2197 [0] NCCL INFO Bucket 10699.3-12839.2 Count: 3
tcpxo-wb-0:1613:2197 [0] NCCL INFO Bucket 12839.2-15407 Count: 8
tcpxo-wb-0:1613:2197 [0] NCCL INFO Bucket 15407-18488.4 Count: 16
tcpxo-wb-0:1613:2197 [0] NCCL INFO Bucket 18488.4-22186.1 Count: 54
tcpxo-wb-0:1613:2197 [0] NCCL INFO Bucket 22186.1-26623.3 Count: 116
tcpxo-wb-0:1613:2197 [0] NCCL INFO Bucket 26623.3-31948 Count: 160
tcpxo-wb-0:1613:2197 [0] NCCL INFO Bucket 31948-38337.6 Count: 212
tcpxo-wb-0:1613:2197 [0] NCCL INFO Bucket 38337.6-46005.1 Count: 267
tcpxo-wb-0:1613:2197 [0] NCCL INFO Bucket 46005.1-55206.1 Count: 306
tcpxo-wb-0:1613:2197 [0] NCCL INFO Bucket 55206.1-66247.4 Count: 267
tcpxo-wb-0:1613:2197 [0] NCCL INFO Bucket 66247.4-79496.8 Count: 149
tcpxo-wb-0:1613:2197 [0] NCCL INFO Bucket 79496.8-95396.2 Count: 148
tcpxo-wb-0:1613:2197 [0] NCCL INFO Bucket 95396.2-114475 Count: 161
tcpxo-wb-0:1613:2197 [0] NCCL INFO Bucket 114475-137371 Count: 162
tcpxo-wb-0:1613:2197 [0] NCCL INFO Bucket 137371-164845 Count: 144
tcpxo-wb-0:1613:2197 [0] NCCL INFO Bucket 164845-197814 Count: 109
tcpxo-wb-0:1613:2197 [0] NCCL INFO Bucket 197814-237376 Count: 80
tcpxo-wb-0:1613:2197 [0] NCCL INFO Bucket 237376-284852 Count: 45
tcpxo-wb-0:1613:2197 [0] NCCL INFO Bucket 284852-341822 Count: 27
tcpxo-wb-0:1613:2197 [0] NCCL INFO Bucket 341822-410186 Count: 15
tcpxo-wb-0:1613:2197 [0] NCCL INFO Bucket 410186-492224 Count: 19
tcpxo-wb-0:1613:2197 [0] NCCL INFO Bucket 492224-590668 Count: 18
tcpxo-wb-0:1613:2197 [0] NCCL INFO Bucket 590668-708802 Count: 11
tcpxo-wb-0:1613:2197 [0] NCCL INFO Bucket 708802-850562 Count: 12
tcpxo-wb-0:1613:2197 [0] NCCL INFO Bucket 850562-1.02067e+06 Count: 22
tcpxo-wb-0:1613:2197 [0] NCCL INFO Bucket 1.02067e+06-1.22481e+06 Count: 13
tcpxo-wb-0:1613:2197 [0] NCCL INFO Bucket 1.22481e+06-1.46977e+06 Count: 3
tcpxo-wb-0:1613:2197 [0] NCCL INFO Bucket 1.46977e+06-1.76373e+06 Count: 2
tcpxo-wb-0:1613:2197 [0] NCCL INFO Bucket 1.76373e+06-3.04772e+06 Count: 0
tcpxo-wb-0:1613:2197 [0] NCCL INFO Bucket 3.04772e+06-3.65726e+06 Count: 1
tcpxo-wb-0:1613:2197 [0] NCCL INFO Bucket 3.65726e+06-4.38871e+06 Count: 2
tcpxo-wb-0:1613:2197 [0] NCCL INFO Bucket 4.38871e+06-5.26646e+06 Count: 0
tcpxo-wb-0:1613:2197 [0] NCCL INFO Bucket 5.26646e+06-6.31975e+06 Count: 1
tcpxo-wb-0:1613:2197 [0] NCCL INFO Bucket 6.31975e+06-7.5837e+06 Count: 1
tcpxo-wb-0:1613:2197 [0] NCCL INFO Bucket 7.5837e+06-9.10044e+06 Count: 0
tcpxo-wb-0:1613:2197 [0] NCCL INFO Bucket 9.10044e+06-1.09205e+07 Count: 1
tcpxo-wb-0:1613:2197 [0] NCCL INFO NET/FasTrak 2026-08-02T13:09:09.051185327+00:00: DeregMr host memory for 0x7d13540af180 data:0xa1bf04000 size:524288.
tcpxo-wb-0:1613:2197 [0] NCCL INFO NET/FasTrak 2026-08-02T13:09:09.051190022+00:00: DeregMr[netdev=0] CUDA memory for comm 0x7d13540af180 with handle:8653318625366214971 data:0x31d8000000 size:4915200.
tcpxo-wb-0:1613:2197 [0] NCCL INFO NET/FasTrak 2026-08-02T13:09:09.05211701+00:00: DeregMr[netdev=0] CUDA memory for comm 0x7d13540af180 with handle:8653318625366215802 data:0x31d84b0000 size:8388608.
tcpxo-wb-0:1613:2197 [0] NCCL INFO NET/FasTrak 2026-08-02T13:09:09.053779076+00:00: Closing Send comm 0x7d13540af180
tcpxo-wb-0:1613:2197 [0] NCCL INFO NET/FasTrak 2026-08-02T13:09:09.053786685+00:00: COMM STATS:
tcpxo-wb-0:1613:2197 [0] NCCL INFO request/offload_scheduled: 2560
tcpxo-wb-0:1613:2197 [0] NCCL INFO request/offload_completed: 2560
tcpxo-wb-0:1613:2197 [0] NCCL INFO request/offload_backlog_curr: 0
tcpxo-wb-0:1613:2197 [0] NCCL INFO request/offload_backlog_peak: 7
tcpxo-wb-0:1613:2197 [0] NCCL INFO request/offload_size_distribution:
tcpxo-wb-0:1613:2197 [0] NCCL INFO Min: 65536
tcpxo-wb-0:1613:2197 [0] NCCL INFO Max: 131072
tcpxo-wb-0:1613:2197 [0] NCCL INFO Avg: 129024
tcpxo-wb-0:1613:2197 [0] NCCL INFO Bucket 0-63107.2 Count: 0
tcpxo-wb-0:1613:2197 [0] NCCL INFO Bucket 63107.2-75728.6 Count: 80
tcpxo-wb-0:1613:2197 [0] NCCL INFO Bucket 75728.6-130859 Count: 0
tcpxo-wb-0:1613:2197 [0] NCCL INFO Bucket 130859-157031 Count: 2480
tcpxo-wb-0:1613:2197 [0] NCCL INFO Bucket 157031-2.41938e+06 Count: 0
tcpxo-wb-0:1613:2197 [0] NCCL INFO request/offload_duration_distribution:
tcpxo-wb-0:1613:2197 [0] NCCL INFO Min: 38337
tcpxo-wb-0:1613:2197 [0] NCCL INFO Max: 1.14902e+06
tcpxo-wb-0:1613:2197 [0] NCCL INFO Avg: 227224
tcpxo-wb-0:1613:2197 [0] NCCL INFO Bucket 0-35831.8 Count: 0
tcpxo-wb-0:1613:2197 [0] NCCL INFO Bucket 35831.8-42998.2 Count: 5
tcpxo-wb-0:1613:2197 [0] NCCL INFO Bucket 42998.2-51597.8 Count: 20
tcpxo-wb-0:1613:2197 [0] NCCL INFO Bucket 51597.8-61917.4 Count: 51
tcpxo-wb-0:1613:2197 [0] NCCL INFO Bucket 61917.4-74300.8 Count: 122
tcpxo-wb-0:1613:2197 [0] NCCL INFO Bucket 74300.8-89161 Count: 165
tcpxo-wb-0:1613:2197 [0] NCCL INFO Bucket 89161-106993 Count: 84
tcpxo-wb-0:1613:2197 [0] NCCL INFO Bucket 106993-128392 Count: 116
tcpxo-wb-0:1613:2197 [0] NCCL INFO Bucket 128392-154070 Count: 256
tcpxo-wb-0:1613:2197 [0] NCCL INFO Bucket 154070-184884 Count: 337
tcpxo-wb-0:1613:2197 [0] NCCL INFO Bucket 184884-221861 Count: 391
tcpxo-wb-0:1613:2197 [0] NCCL INFO Bucket 221861-266233 Count: 338
tcpxo-wb-0:1613:2197 [0] NCCL INFO Bucket 266233-319480 Count: 245
tcpxo-wb-0:1613:2197 [0] NCCL INFO Bucket 319480-383376 Count: 157
tcpxo-wb-0:1613:2197 [0] NCCL INFO Bucket 383376-460051 Count: 95
tcpxo-wb-0:1613:2197 [0] NCCL INFO Bucket 460051-552061 Count: 59
tcpxo-wb-0:1613:2197 [0] NCCL INFO Bucket 552061-662474 Count: 56
tcpxo-wb-0:1613:2197 [0] NCCL INFO Bucket 662474-794968 Count: 34
tcpxo-wb-0:1613:2197 [0] NCCL INFO Bucket 794968-953962 Count: 25
tcpxo-wb-0:1613:2197 [0] NCCL INFO Bucket 953962-1.14475e+06 Count: 3
tcpxo-wb-0:1613:2197 [0] NCCL INFO Bucket 1.14475e+06-1.37371e+06 Count: 1
tcpxo-wb-0:1613:2197 [0] NCCL INFO Bucket 1.37371e+06-1.02067e+07 Count: 0
tcpxo-wb-0:1613:2197 [0] NCCL INFO request/unpack_duration_distribution:
tcpxo-wb-0:1613:2197 [0] NCCL INFO Bucket 0-1.09205e+07 Count: 0
tcpxo-wb-0:1613:2197 [0] NCCL INFO request/offload_complete_age_distribution:
tcpxo-wb-0:1613:2197 [0] NCCL INFO Min: 76
tcpxo-wb-0:1613:2197 [0] NCCL INFO Max: 267058
tcpxo-wb-0:1613:2197 [0] NCCL INFO Avg: 12030.7
tcpxo-wb-0:1613:2197 [0] NCCL INFO Bucket 0-100 Count: 46
tcpxo-wb-0:1613:2197 [0] NCCL INFO Bucket 100-120 Count: 28
tcpxo-wb-0:1613:2197 [0] NCCL INFO Bucket 120-144 Count: 2
tcpxo-wb-0:1613:2197 [0] NCCL INFO Bucket 144-207.36 Count: 0
tcpxo-wb-0:1613:2197 [0] NCCL INFO Bucket 207.36-248.832 Count: 22
tcpxo-wb-0:1613:2197 [0] NCCL INFO Bucket 248.832-298.598 Count: 25
tcpxo-wb-0:1613:2197 [0] NCCL INFO Bucket 298.598-358.318 Count: 10
tcpxo-wb-0:1613:2197 [0] NCCL INFO Bucket 358.318-429.982 Count: 20
tcpxo-wb-0:1613:2197 [0] NCCL INFO Bucket 429.982-515.978 Count: 17
tcpxo-wb-0:1613:2197 [0] NCCL INFO Bucket 515.978-619.174 Count: 27
tcpxo-wb-0:1613:2197 [0] NCCL INFO Bucket 619.174-743.008 Count: 32
tcpxo-wb-0:1613:2197 [0] NCCL INFO Bucket 743.008-891.61 Count: 49
tcpxo-wb-0:1613:2197 [0] NCCL INFO Bucket 891.61-1069.93 Count: 48
tcpxo-wb-0:1613:2197 [0] NCCL INFO Bucket 1069.93-1283.92 Count: 66
tcpxo-wb-0:1613:2197 [0] NCCL INFO Bucket 1283.92-1540.7 Count: 69
tcpxo-wb-0:1613:2197 [0] NCCL INFO Bucket 1540.7-1848.84 Count: 98
tcpxo-wb-0:1613:2197 [0] NCCL INFO Bucket 1848.84-2218.61 Count: 108
tcpxo-wb-0:1613:2197 [0] NCCL INFO Bucket 2218.61-2662.33 Count: 127
tcpxo-wb-0:1613:2197 [0] NCCL INFO Bucket 2662.33-3194.8 Count: 171
tcpxo-wb-0:1613:2197 [0] NCCL INFO Bucket 3194.8-3833.76 Count: 197
tcpxo-wb-0:1613:2197 [0] NCCL INFO Bucket 3833.76-4600.51 Count: 244
tcpxo-wb-0:1613:2197 [0] NCCL INFO Bucket 4600.51-5520.61 Count: 230
tcpxo-wb-0:1613:2197 [0] NCCL INFO Bucket 5520.61-6624.74 Count: 222
tcpxo-wb-0:1613:2197 [0] NCCL INFO Bucket 6624.74-7949.68 Count: 128
tcpxo-wb-0:1613:2197 [0] NCCL INFO Bucket 7949.68-9539.62 Count: 73
tcpxo-wb-0:1613:2197 [0] NCCL INFO Bucket 9539.62-11447.5 Count: 65
tcpxo-wb-0:1613:2197 [0] NCCL INFO Bucket 11447.5-13737.1 Count: 70
tcpxo-wb-0:1613:2197 [0] NCCL INFO Bucket 13737.1-16484.5 Count: 59
tcpxo-wb-0:1613:2197 [0] NCCL INFO Bucket 16484.5-19781.4 Count: 42
tcpxo-wb-0:1613:2197 [0] NCCL INFO Bucket 19781.4-23737.6 Count: 31
tcpxo-wb-0:1613:2197 [0] NCCL INFO Bucket 23737.6-28485.2 Count: 20
tcpxo-wb-0:1613:2197 [0] NCCL INFO Bucket 28485.2-34182.2 Count: 27
tcpxo-wb-0:1613:2197 [0] NCCL INFO Bucket 34182.2-41018.6 Count: 19
tcpxo-wb-0:1613:2197 [0] NCCL INFO Bucket 41018.6-49222.4 Count: 20
tcpxo-wb-0:1613:2197 [0] NCCL INFO Bucket 49222.4-59066.8 Count: 148
tcpxo-wb-0:1613:2197 [0] NCCL INFO request/unpack_num_iovs_distribution:
tcpxo-wb-0:1613:2197 [0] NCCL INFO Bucket 0-2116.47 Count: 0
tcpxo-wb-0:1613:2197 [0] NCCL INFO request/offload_interval_distribution:
tcpxo-wb-0:1613:2197 [0] NCCL INFO Min: 5441
tcpxo-wb-0:1613:2197 [0] NCCL INFO Max: 1.0388e+08
tcpxo-wb-0:1613:2197 [0] NCCL INFO Avg: 159624
tcpxo-wb-0:1613:2197 [0] NCCL INFO Bucket 0-5159.78 Count: 0
tcpxo-wb-0:1613:2197 [0] NCCL INFO Bucket 5159.78-6191.74 Count: 1
tcpxo-wb-0:1613:2197 [0] NCCL INFO Bucket 6191.74-7430.08 Count: 1
tcpxo-wb-0:1613:2197 [0] NCCL INFO Bucket 7430.08-8916.1 Count: 1
tcpxo-wb-0:1613:2197 [0] NCCL INFO Bucket 8916.1-10699.3 Count: 2
tcpxo-wb-0:1613:2197 [0] NCCL INFO Bucket 10699.3-12839.2 Count: 0
tcpxo-wb-0:1613:2197 [0] NCCL INFO Bucket 12839.2-15407 Count: 4
tcpxo-wb-0:1613:2197 [0] NCCL INFO Bucket 15407-18488.4 Count: 11
tcpxo-wb-0:1613:2197 [0] NCCL INFO Bucket 18488.4-22186.1 Count: 12
tcpxo-wb-0:1613:2197 [0] NCCL INFO Bucket 22186.1-26623.3 Count: 21
tcpxo-wb-0:1613:2197 [0] NCCL INFO Bucket 26623.3-31948 Count: 25
tcpxo-wb-0:1613:2197 [0] NCCL INFO Bucket 31948-38337.6 Count: 53
tcpxo-wb-0:1613:2197 [0] NCCL INFO Bucket 38337.6-46005.1 Count: 330
tcpxo-wb-0:1613:2197 [0] NCCL INFO Bucket 46005.1-55206.1 Count: 835
tcpxo-wb-0:1613:2197 [0] NCCL INFO Bucket 55206.1-66247.4 Count: 618
tcpxo-wb-0:1613:2197 [0] NCCL INFO Bucket 66247.4-79496.8 Count: 144
tcpxo-wb-0:1613:2197 [0] NCCL INFO Bucket 79496.8-95396.2 Count: 37
tcpxo-wb-0:1613:2197 [0] NCCL INFO Bucket 95396.2-114475 Count: 40
tcpxo-wb-0:1613:2197 [0] NCCL INFO Bucket 114475-137371 Count: 56
tcpxo-wb-0:1613:2197 [0] NCCL INFO Bucket 137371-164845 Count: 57
tcpxo-wb-0:1613:2197 [0] NCCL INFO Bucket 164845-197814 Count: 64
tcpxo-wb-0:1613:2197 [0] NCCL INFO Bucket 197814-237376 Count: 58
tcpxo-wb-0:1613:2197 [0] NCCL INFO Bucket 237376-284852 Count: 40
tcpxo-wb-0:1613:2197 [0] NCCL INFO Bucket 284852-341822 Count: 27
tcpxo-wb-0:1613:2197 [0] NCCL INFO Bucket 341822-410186 Count: 16
tcpxo-wb-0:1613:2197 [0] NCCL INFO Bucket 410186-492224 Count: 9
tcpxo-wb-0:1613:2197 [0] NCCL INFO Bucket 492224-590668 Count: 12
tcpxo-wb-0:1613:2197 [0] NCCL INFO Bucket 590668-708802 Count: 7
tcpxo-wb-0:1613:2197 [0] NCCL INFO Bucket 708802-850562 Count: 20
tcpxo-wb-0:1613:2197 [0] NCCL INFO Bucket 850562-1.02067e+06 Count: 5
tcpxo-wb-0:1613:2197 [0] NCCL INFO Bucket 1.02067e+06-1.22481e+06 Count: 22
tcpxo-wb-0:1613:2197 [0] NCCL INFO Bucket 1.22481e+06-1.46977e+06 Count: 8
tcpxo-wb-0:1613:2197 [0] NCCL INFO Bucket 1.46977e+06-1.76373e+06 Count: 12
tcpxo-wb-0:1613:2197 [0] NCCL INFO Bucket 1.76373e+06-2.11647e+06 Count: 3
tcpxo-wb-0:1613:2197 [0] NCCL INFO Bucket 2.11647e+06-2.53977e+06 Count: 3
tcpxo-wb-0:1613:2197 [0] NCCL INFO Bucket 2.53977e+06-3.04772e+06 Count: 0
tcpxo-wb-0:1613:2197 [0] NCCL INFO Bucket 3.04772e+06-3.65726e+06 Count: 2
tcpxo-wb-0:1613:2197 [0] NCCL INFO Bucket 3.65726e+06-4.38871e+06 Count: 1
tcpxo-wb-0:1613:2197 [0] NCCL INFO Bucket 4.38871e+06-5.26646e+06 Count: 1
tcpxo-wb-0:1613:2197 [0] NCCL INFO Bucket 5.26646e+06-6.31975e+06 Count: 0
tcpxo-wb-0:1613:2197 [0] NCCL INFO Bucket 6.31975e+06-7.5837e+06 Count: 1
tcpxo-wb-0:1613:2197 [0] NCCL INFO Bucket 7.5837e+06-9.10044e+06 Count: 0
tcpxo-wb-0:1613:2197 [0] NCCL INFO Bucket 9.10044e+06-1.09205e+07 Count: 1
tcpxo-wb-0:1613:2207 [0] NCCL INFO comm 0x5cff228b8290 rank 0 nranks 16 cudaDev 0 busId 4000 - Abort COMPLETE
tcpxo-wb-0:1613:2207 [0] NCCL INFO Unloading plugin libnccl-net.so
# world_size=16  backend=nccl  warmup=5 iters=15
#       size        count    time_ms   algbw_GBps   busbw_GBps
          8B            2      0.123         0.00         0.00
         16B            4      0.074         0.00         0.00
         32B            8      0.074         0.00         0.00
         64B           16      0.073         0.00         0.00
        128B           32      0.072         0.00         0.00
        256B           64      0.069         0.00         0.01
        512B          128      0.069         0.01         0.01
         1KB          256      0.068         0.01         0.03
         2KB          512      0.070         0.03         0.06
         4KB         1024      0.127         0.03         0.06
         8KB         2048      0.077         0.11         0.20
        16KB         4096      0.109         0.15         0.28
        32KB         8192      0.081         0.41         0.76
        64KB        16384      0.127         0.52         0.97
       128KB        32768      0.123         1.06         1.99
       256KB        65536      0.170         1.54         2.89
       512KB       131072      0.093         5.62        10.53
         1MB       262144      0.101        10.35        19.40
         2MB       524288      0.122        17.16        32.17
         4MB      1048576      0.139        30.15        56.54
         8MB      2097152      0.197        42.68        80.02
        16MB      4194304      0.331        50.74        95.15
        32MB      8388608      0.445        75.47       141.50
        64MB     16777216      0.662       101.34       190.01
       128MB     33554432      1.111       120.83       226.55
       256MB     67108864      1.948       137.82       258.42
       512MB    134217728      3.531       152.05       285.09
         1GB    268435456      6.499       165.22       309.79
         2GB    536870912     12.705       169.03       316.93
# done
tcpxo-wb-0:1613:1613 [0] NCCL INFO ENV/Plugin: Closing env plugin ncclEnvDefault
tcpxo-wb-0:1613:2170 [0] NCCL INFO NET/FasTrak 2026-08-02T13:09:09.40030333+00:00: SCTP handler shutdown signal received
tcpxo-wb-0:1613:2170 [0] NCCL INFO NET/FasTrak 2026-08-02T13:09:09.401420467+00:00: SCTP Closed
tcpxo-wb-0:1613:2170 [0] NCCL INFO NET/FasTrak 2026-08-02T13:09:09.4014276+00:00: Socket closed, handler exiting.
